/* Generated from Alibaba PuHuiTi 3 - free for commercial use */
/* Copyright 2023 Alibaba (China) Co., Ltd. */

#include "font/moui_font.h"

static const uint8_t moui_font_cn_12_bitmaps[] = {
    0x20,0x20,0x20,0x20,0x20,0x20,0x00,0x60,0x00,0x00,0x50,0x50,0x50,0x00,0x00,0x00,
    0x00,0x00,0x00,0x00,0x34,0x24,0xFE,0x24,0x28,0xFE,0x48,0x48,0x00,0x10,0x7C,0x50,
    0x50,0x30,0x1C,0x14,0x14,0x78,0x10,0x10,0x00,0x73,0x00,0x52,0x00,0x54,0x00,0x75,
    0x00,0x0A,0x80,0x12,0x80,0x12,0x80,0x23,0x80,0x00,0x00,0x00,0x00,0x38,0x24,0x28,
    0x30,0x5A,0xCA,0x44,0x7B,0x00,0x00,0x40,0x40,0x40,0x00,0x00,0x00,0x00,0x00,0x00,
    0x00,0x30,0x20,0x40,0x40,0x40,0x40,0x40,0x40,0x40,0x20,0x30,0x00,0x00,0x40,0x20,
    0x20,0x20,0x20,0x30,0x20,0x20,0x20,0x20,0x40,0x00,0x00,0x20,0xF8,0x20,0x50,0x00,
    0x00,0x00,0x00,0x00,0x00,0x10,0x10,0xFC,0x10,0x10,0x00,0x00,0x20,0x40,0x40,0x80,
    0x70,0x00,0x00,0x00,0x00,0x60,0x00,0x00,0x08,0x08,0x10,0x10,0x10,0x20,0x20,0x20,
    0x40,0x00,0x7C,0x44,0x44,0x44,0x44,0x44,0x44,0x38,0x00,0x00,0x70,0x10,0x10,0x10,
    0x10,0x10,0x10,0x10,0x00,0x78,0x04,0x04,0x08,0x18,0x30,0x40,0x7C,0x00,0x78,0x04,
    0x04,0x38,0x0C,0x04,0x04,0x78,0x00,0x00,0x18,0x18,0x28,0x48,0x48,0xFC,0x08,0x08,
    0x00,0x3C,0x40,0x40,0x78,0x04,0x04,0x04,0x78,0x00,0x00,0x38,0x60,0x40,0x7C,0x44,
    0x44,0x44,0x38,0x00,0x00,0x7C,0x04,0x08,0x08,0x10,0x10,0x20,0x20,0x00,0x7C,0x44,
    0x44,0x38,0x44,0x44,0x44,0x7C,0x00,0x00,0x7C,0x44,0x44,0x44,0x7C,0x04,0x08,0x30,
    0x00,0x00,0x20,0x60,0x00,0x00,0x00,0x00,0x60,0x00,0x20,0x60,0x00,0x00,0x00,0x20,
    0x20,0x40,0x40,0x04,0x1C,0x60,0x80,0x70,0x0C,0x00,0xFC,0x00,0x00,0xFC,0x00,0x00,
    0x80,0x60,0x1C,0x04,0x18,0xE0,0x00,0xF8,0x08,0x08,0x10,0x20,0x20,0x00,0x20,0x00,
    0x00,0x1F,0x80,0x20,0xC0,0x4F,0x40,0x52,0x40,0x52,0x40,0x52,0x40,0x4D,0x80,0x60,
    0x00,0x3F,0x00,0x00,0x00,0x00,0x00,0x18,0x18,0x24,0x24,0x66,0x7E,0x42,0x81,0x00,
    0x7C,0x44,0x44,0x78,0x44,0x46,0x44,0x7C,0x00,0x3E,0x40,0x40,0x40,0x40,0x40,0x60,
    0x3E,0x00,0x00,0x7C,0x42,0x42,0x43,0x43,0x42,0x46,0x7C,0x00,0x7C,0x40,0x40,0x7C,
    0x40,0x40,0x40,0x7C,0x00,0x7C,0x40,0x40,0x7C,0x40,0x40,0x40,0x40,0x00,0x3E,0x40,
    0x40,0x44,0x42,0x42,0x62,0x3E,0x00,0x00,0x42,0x00,0x42,0x00,0x42,0x00,0x7E,0x00,
    0x42,0x00,0x42,0x00,0x42,0x00,0x42,0x00,0x00,0x00,0x40,0x40,0x40,0x40,0x40,0x40,
    0x40,0x40,0x00,0x20,0x20,0x20,0x20,0x20,0x20,0x20,0x20,0x20,0xE0,0x00,0x00,0x46,
    0x48,0x58,0x70,0x50,0x48,0x44,0x46,0x00,0x40,0x40,0x40,0x40,0x40,0x40,0x40,0x7C,
    0x00,0x61,0x80,0x52,0x80,0x52,0x80,0x52,0x80,0x4C,0x80,0x4C,0x80,0x40,0x80,0x40,
    0x80,0x00,0x00,0x61,0x00,0x51,0x00,0x51,0x00,0x49,0x00,0x49,0x00,0x45,0x00,0x47,
    0x00,0x43,0x00,0x00,0x00,0x3E,0x00,0x41,0x00,0x41,0x00,0x41,0x00,0x41,0x00,0x41,
    0x00,0x63,0x00,0x3E,0x00,0x00,0x00,0x00,0x00,0x7C,0x44,0x44,0x44,0x7C,0x40,0x40,
    0x40,0x00,0x3E,0x00,0x41,0x00,0x41,0x00,0x41,0x00,0x41,0x00,0x41,0x00,0x63,0x00,
    0x3E,0x00,0x04,0x00,0x02,0x00,0x00,0x00,0x7C,0x44,0x44,0x44,0x78,0x48,0x44,0x42,
    0x00,0x7C,0x40,0x40,0x38,0x0C,0x04,0x04,0x78,0x00,0x00,0xFC,0x10,0x10,0x10,0x10,
    0x10,0x10,0x10,0x00,0x42,0x42,0x42,0x42,0x42,0x42,0x42,0x3E,0x00,0x00,0xC2,0x42,
    0x44,0x64,0x24,0x28,0x18,0x18,0x00,0xC0,0x40,0x44,0x40,0x4A,0x40,0x4A,0x40,0x6A,
    0x80,0x32,0x80,0x31,0x80,0x31,0x80,0x00,0x00,0xC6,0x24,0x28,0x18,0x18,0x2C,0x44,
    0xC2,0x00,0xC6,0x44,0x28,0x38,0x10,0x10,0x10,0x10,0x00,0x7E,0x04,0x08,0x18,0x10,
    0x20,0x40,0x7E,0x00,0x60,0x40,0x40,0x40,0x40,0x40,0x40,0x40,0x40,0x40,0x60,0x00,
    0x00,0xE0,0x20,0x20,0x20,0x20,0x20,0x20,0x20,0x20,0x20,0xE0,0x00,0x00,0x30,0x28,
    0x48,0x44,0x00,0x00,0x00,0x00,0x00,0x00,0x00,0xFC,0x40,0x20,0x00,0x00,0x00,0x00,
    0x00,0x00,0x00,0x00,0x38,0x04,0x04,0x7C,0x44,0x44,0x7C,0x00,0x40,0x40,0x58,0x64,
    0x42,0x42,0x42,0x42,0x7C,0x00,0x00,0x18,0x68,0x40,0x40,0x40,0x40,0x38,0x00,0x02,
    0x02,0x12,0x6E,0x46,0x42,0x42,0x46,0x3A,0x00,0x00,0x18,0x64,0x44,0x7C,0x40,0x40,
    0x3C,0x00,0x30,0x40,0xF0,0x40,0x40,0x40,0x40,0x40,0x40,0x00,0x10,0x6E,0x46,0x42,
    0x46,0x46,0x3A,0x04,0x3C,0x00,0x40,0x40,0x58,0x64,0x44,0x44,0x44,0x44,0x44,0x00,
    0x40,0x00,0x00,0x40,0x40,0x40,0x40,0x40,0x40,0x20,0x00,0x00,0x20,0x20,0x20,0x20,
    0x20,0x20,0x20,0xE0,0x00,0x40,0x40,0x44,0x48,0x50,0x60,0x50,0x48,0x4C,0x00,0x40,
    0x40,0x40,0x40,0x40,0x40,0x40,0x40,0x60,0x00,0x00,0x19,0x80,0x66,0xC0,0x44,0x40,
    0x44,0x40,0x44,0x40,0x44,0x40,0x44,0x40,0x18,0x64,0x44,0x44,0x44,0x44,0x44,0x18,
    0x64,0x46,0x42,0x42,0x44,0x3C,0x00,0x18,0x64,0x42,0x42,0x42,0x42,0x7C,0x40,0x40,
    0x00,0x10,0x6E,0x46,0x42,0x42,0x46,0x3A,0x02,0x02,0x00,0x10,0x60,0x40,0x40,0x40,
    0x40,0x40,0x38,0x40,0x40,0x70,0x08,0x08,0x78,0x00,0x40,0xF0,0x40,0x40,0x40,0x40,
    0x40,0x70,0x00,0x00,0x44,0x44,0x44,0x44,0x44,0x7C,0x00,0x00,0xC4,0x48,0x48,0x28,
    0x30,0x30,0x00,0xCC,0xC0,0x4C,0x80,0x54,0x80,0x52,0x80,0x33,0x00,0x23,0x00,0x00,
    0x00,0xCC,0x28,0x30,0x30,0x48,0xC4,0x00,0xC4,0x48,0x48,0x28,0x30,0x10,0x10,0x60,
    0x00,0x00,0x78,0x18,0x10,0x20,0x40,0x7C,0x00,0x20,0x40,0x40,0x40,0x40,0x40,0x40,
    0x40,0x40,0x40,0x20,0x00,0x00,0x40,0x40,0x40,0x40,0x40,0x40,0x40,0x40,0x40,0x40,
    0x40,0x00,0x00,0xC0,0x40,0x40,0x40,0x40,0x20,0x40,0x40,0x40,0x40,0xC0,0x00,0x00,
    0x64,0xDC,0x00,0x00,0x00,0x3C,0x20,0x20,0x78,0x20,0x20,0x20,0x7C,0x00,0xC6,0x68,
    0x28,0x7C,0x10,0x7C,0x10,0x10,0x00,0x70,0x90,0x70,0x00,0x00,0x00,0x00,0x00,0x00,
    0x10,0x10,0xFC,0x10,0x10,0xFC,0x00,0x40,0x60,0x00,0x00,0x00,0x4C,0x38,0x10,0x28,
    0xC4,0x00,0x00,0x10,0x10,0x00,0xFC,0x00,0x10,0x10,0x7E,0x00,0x00,0x00,0x00,0x62,
    0x30,0x00,0x00,0x00,0x00,0x73,0x00,0x52,0x00,0x54,0x00,0x75,0x10,0x0A,0xA8,0x12,
    0xA8,0x12,0xA8,0x23,0xB8,0x00,0x00,0x00,0x00,0x3C,0x60,0xF8,0x40,0xF8,0x40,0x20,
    0x3C,0x00,0x00,0x73,0xC0,0x94,0x00,0x74,0x00,0x04,0x00,0x04,0x00,0x04,0x00,0x04,
    0x00,0x03,0xC0,0x00,0x00,0x00,0x00,0xF6,0xC0,0x26,0xC0,0x25,0x40,0x25,0x40,0x24,
    0x40,0x00,0x00,0x00,0x00,0x00,0x00,0x00,0x00,0x18,0x00,0x20,0x00,0x7F,0xE0,0x20,
    0x00,0x10,0x00,0x08,0x00,0x00,0x00,0x00,0x00,0x06,0x00,0x0F,0x00,0x15,0x80,0x14,
    0x80,0x04,0x00,0x04,0x00,0x04,0x00,0x04,0x00,0x04,0x00,0x04,0x00,0x00,0x00,0x03,
    0x80,0x00,0xC0,0x7F,0xE0,0x00,0x40,0x00,0x80,0x03,0x00,0x00,0x00,0x00,0x00,0x04,
    0x00,0x04,0x00,0x04,0x00,0x04,0x00,0x04,0x00,0x14,0x80,0x14,0x80,0x0D,0x00,0x06,
    0x00,0x04,0x00,0x00,0x00,0x04,0x04,0x04,0x04,0x08,0xC8,0x48,0x28,0x28,0x10,0x00,
    0x00,0x67,0x99,0x99,0x66,0x00,0x00,0x64,0x9C,0x00,0x74,0x9C,0x00,0x00,0x04,0xFC,
    0x18,0x10,0xFC,0x60,0x00,0x0C,0x70,0x80,0xE0,0x1C,0x04,0xFC,0x00,0x00,0xC0,0x38,
    0x04,0x1C,0x60,0x80,0xFC,0x00,0x00,0x1F,0x80,0x20,0x40,0x4E,0x20,0x42,0x20,0x82,
    0x20,0x82,0x20,0x82,0x20,0x42,0x20,0x40,0x40,0x31,0x80,0x0E,0x00,0x00,0x00,0x40,
    0x60,0x4E,0x20,0x82,0x20,0x82,0x10,0x82,0x10,0x82,0x10,0x82,0x10,0x82,0x20,0x42,
    0x20,0x40,0x60,0x00,0x00,0x3F,0xC0,0x3F,0xC0,0x3F,0xC0,0x3F,0xC0,0x3F,0xC0,0x3F,
    0xC0,0x3F,0xC0,0x3F,0xC0,0x00,0x00,0x3F,0xC0,0x20,0x40,0x20,0x40,0x20,0x40,0x20,
    0x40,0x20,0x40,0x20,0x40,0x3F,0xC0,0x00,0x00,0x04,0x00,0x06,0x00,0x0F,0x00,0x0F,
    0x00,0x1F,0x80,0x1F,0x80,0x3F,0xC0,0x00,0x00,0x00,0x00,0x04,0x00,0x06,0x00,0x09,
    0x00,0x09,0x00,0x10,0x80,0x20,0x40,0x3F,0xC0,0x00,0x00,0x00,0x00,0x3F,0xC0,0x20,
    0x40,0x10,0x80,0x10,0x80,0x09,0x00,0x09,0x00,0x06,0x00,0x04,0x00,0x04,0x00,0x06,
    0x00,0x0F,0x00,0x1F,0x80,0x7F,0xE0,0x3F,0xC0,0x1F,0x80,0x0F,0x00,0x06,0x00,0x00,
    0x00,0x04,0x00,0x06,0x00,0x09,0x00,0x10,0x80,0x60,0x60,0x20,0x40,0x10,0x80,0x09,
    0x00,0x06,0x00,0x00,0x00,0x0F,0x00,0x10,0x80,0x20,0x40,0x20,0x40,0x20,0x40,0x20,
    0x40,0x20,0x40,0x20,0x40,0x1F,0x80,0x00,0x00,0x06,0x00,0x1F,0x80,0x3F,0xC0,0x3F,
    0xC0,0x3F,0xC0,0x3F,0xC0,0x3F,0xC0,0x1F,0x80,0x0F,0x00,0x00,0x00,0x04,0x00,0x06,
    0x00,0x06,0x00,0x7F,0xE0,0x1F,0x80,0x0F,0x00,0x0F,0x00,0x09,0x00,0x10,0x80,0x04,
    0x00,0x06,0x00,0x06,0x00,0x79,0xE0,0x30,0xC0,0x09,0x00,0x09,0x00,0x1F,0x00,0x10,
    0x80,0x60,0x00,0x20,0x00,0x10,0x00,0x00,0x00,0x30,0x00,0x50,0x00,0x70,0x00,0x00,
    0x00,0x01,0x40,0x02,0x40,0x02,0x80,0x04,0x80,0x05,0x00,0x05,0x00,0x04,0x80,0x02,
    0x80,0x02,0x40,0x01,0x40,0x00,0x00,0x00,0x00,0x68,0x00,0x24,0x00,0x14,0x00,0x14,
    0x00,0x12,0x00,0x1A,0x00,0x14,0x00,0x14,0x00,0x24,0x00,0x68,0x00,0x00,0x00,0x00,
    0x00,0x01,0xC0,0x01,0x00,0x01,0x00,0x01,0x00,0x01,0x00,0x01,0x00,0x00,0x00,0x00,
    0x00,0x00,0x00,0x00,0x00,0x08,0x00,0x08,0x00,0x08,0x00,0x08,0x00,0x08,0x00,0x38,
    0x00,0x00,0x00,0x01,0xC0,0x01,0x80,0x01,0x80,0x01,0x80,0x01,0x80,0x01,0x80,0x00,
    0x00,0x00,0x00,0x00,0x00,0x00,0x00,0x18,0x00,0x18,0x00,0x18,0x00,0x18,0x00,0x18,
    0x00,0x38,0x00,0x38,0x00,0x00,0x00,0x01,0xC0,0x01,0x80,0x01,0x80,0x01,0x00,0x01,
    0x00,0x01,0x00,0x01,0x00,0x01,0x80,0x01,0x80,0x01,0xC0,0x00,0x00,0x00,0x00,0x38,
    0x00,0x18,0x00,0x18,0x00,0x18,0x00,0x18,0x00,0x18,0x00,0x18,0x00,0x18,0x00,0x18,
    0x00,0x38,0x00,0x00,0x00,0x00,0x00,0x7F,0xE0,0x00,0x00,0x00,0x00,0x00,0x00,0x00,
    0x00,0x00,0x00,0x7F,0xE0,0x02,0x00,0x02,0x00,0x02,0x00,0x02,0x00,0x02,0x00,0x02,
    0x00,0x02,0x00,0x02,0x00,0x1C,0x00,0x08,0x00,0x08,0x00,0x08,0x00,0x08,0x60,0x1F,
    0x80,0x68,0x00,0x08,0x00,0x08,0x00,0x08,0x20,0x08,0x40,0x07,0xC0,0x7F,0xE0,0x08,
    0x00,0x08,0x00,0x0F,0xC0,0x08,0x40,0x10,0x80,0x10,0x80,0x30,0x80,0x20,0x80,0xC3,
    0x00,0x00,0x00,0x01,0x00,0x01,0x00,0x7F,0xE0,0x01,0x00,0x12,0x00,0x12,0x00,0x0A,
    0x00,0x0E,0x00,0x0E,0x00,0x31,0x80,0x60,0x60,0x00,0x00,0x3F,0xC0,0x00,0x00,0x00,
    0x00,0x00,0x00,0x3F,0xC0,0x00,0x00,0x00,0x00,0x00,0x00,0x7F,0xE0,0x00,0x00,0x04,
    0x00,0x04,0x00,0x04,0x00,0x04,0x00,0x07,0xC0,0x04,0x00,0x04,0x00,0x04,0x00,0x04,
    0x00,0x04,0x00,0x7F,0xE0,0x7F,0xE0,0x04,0x00,0x04,0x00,0x07,0x00,0x04,0x80,0x04,
    0x40,0x04,0x00,0x04,0x00,0x04,0x00,0x04,0x00,0x00,0x00,0x7F,0xE0,0x02,0x00,0x04,
    0x00,0x0D,0x00,0x1D,0x80,0x34,0xC0,0x64,0x60,0x44,0x20,0x04,0x00,0x04,0x00,0x00,
    0x00,0x10,0x00,0x10,0x00,0x1F,0xE0,0x10,0x00,0x20,0x00,0x3F,0xC0,0x00,0x40,0x7F,
    0x40,0x00,0x40,0x00,0x40,0x03,0x80,0x00,0x00,0x3F,0xC0,0x08,0x40,0x08,0x40,0x08,
    0x40,0x7F,0x80,0x08,0x80,0x08,0x80,0x10,0x80,0x10,0x80,0x7F,0xE0,0x04,0x00,0x04,
    0x00,0x3F,0xC0,0x08,0x00,0x7F,0xE0,0x10,0x00,0x1F,0xC0,0x00,0x80,0x39,0x00,0x06,
    0x00,0x01,0x80,0x00,0x00,0x3F,0x80,0x20,0x80,0x20,0x80,0x3F,0x80,0x20,0x80,0x20,
    0x80,0x3F,0x80,0x20,0x80,0x20,0x80,0xFF,0xE0,0x00,0x00,0x04,0x80,0x24,0x80,0x24,
    0x80,0xFF,0xE0,0x24,0x80,0x24,0x80,0x24,0x80,0x27,0x80,0x20,0x00,0x20,0x00,0x3F,
    0xE0,0x1F,0xC0,0x20,0x00,0x20,0x00,0x20,0x00,0x1F,0xE0,0x21,0x00,0x21,0x00,0x21,
    0x00,0x7F,0xE0,0x00,0x00,0x00,0x00,0x7F,0xE0,0x04,0x00,0x04,0x00,0x3F,0xC0,0x24,
    0x40,0x27,0x40,0x39,0xC0,0x30,0xC0,0x20,0x40,0x21,0xC0,0x00,0x00,0x09,0x00,0x09,
    0x00,0x49,0x40,0x49,0x60,0x29,0x40,0x29,0x40,0x39,0x80,0x19,0x80,0x09,0x00,0x09,
    0x00,0x7F,0xE0,0x11,0x00,0x11,0x00,0x11,0x00,0x11,0x00,0x19,0x00,0x16,0x80,0x22,
    0x80,0x44,0x40,0xCC,0x20,0x00,0x00,0x7F,0xE0,0x04,0x00,0x08,0x00,0x7F,0xE0,0x14,
    0x00,0x12,0x00,0x3F,0xC0,0x02,0x00,0x12,0x80,0x22,0x40,0x42,0x20,0x8C,0x20,0x00,
    0x00,0x10,0x80,0x10,0x80,0x25,0x60,0x2A,0x40,0x7B,0x80,0x10,0x80,0x21,0x00,0x7B,
    0xE0,0x00,0x00,0x00,0x00,0x7F,0xE0,0x5F,0xC0,0x24,0x00,0x04,0x00,0x3F,0xC0,0x04,
    0x00,0x7F,0xE0,0x08,0x00,0x19,0x80,0x70,0x80,0x3F,0x40,0x00,0x00,0x00,0x00,0x7F,
    0xE0,0x09,0x00,0x7F,0xC0,0x49,0x40,0x4A,0x40,0x57,0x40,0x56,0xC0,0x64,0x40,0x44,
    0x40,0x40,0xC0,0x00,0x00,0x7F,0xE0,0x49,0x20,0x29,0x40,0x19,0x80,0x3F,0xE0,0x20,
    0x00,0x20,0x00,0x20,0x00,0x40,0x00,0xC0,0x00,0x00,0x00,0x04,0x00,0x04,0x00,0x7F,
    0xE0,0x34,0xC0,0x15,0x80,0x7F,0xE0,0x24,0x40,0x26,0x80,0x23,0x00,0x2C,0xC0,0x30,
    0x20,0x00,0x00,0x04,0x00,0x06,0x00,0x09,0x00,0x10,0x80,0x64,0x40,0xC4,0x20,0x04,
    0x00,0x04,0x00,0x04,0x00,0x04,0x00,0x04,0x00,0x00,0x00,0x40,0x40,0x20,0x40,0x10,
    0x80,0x0B,0x00,0x04,0x00,0x04,0x00,0x04,0x00,0x04,0x00,0x04,0x00,0x04,0x00,0x04,
    0x00,0x00,0x00,0x04,0x00,0x04,0x00,0x04,0x00,0x7F,0xC0,0x44,0x40,0x44,0x40,0x44,
    0x40,0x7F,0xC0,0x04,0x00,0x04,0x00,0x04,0x00,0x00,0x00,0x04,0x00,0x04,0x00,0x7F,
    0xE0,0x04,0x00,0x04,0x00,0x3F,0xC0,0x04,0x00,0x04,0x00,0x7F,0xE0,0x04,0x00,0x04,
    0x00,0x00,0x00,0x04,0x00,0x04,0x00,0x3F,0xC0,0x24,0x40,0x3F,0xC0,0x04,0x00,0x7F,
    0xC0,0x44,0x40,0x44,0x40,0x3F,0x80,0x04,0x00,0x00,0x00,0x12,0x00,0x52,0x00,0x53,
    0xE0,0x55,0x80,0x5C,0x80,0x57,0xE0,0x55,0x20,0x55,0x20,0x55,0x20,0x57,0xE0,0x14,
    0x20,0x00,0x00,0x08,0x00,0x08,0x00,0x08,0x00,0x7F,0x00,0x09,0x00,0x69,0x00,0x19,
    0x00,0x17,0x00,0x11,0x20,0x21,0x20,0x40,0xE0,0x00,0x00,0x1F,0x80,0x14,0x80,0x14,
    0x80,0x12,0x80,0x10,0x80,0x7F,0xE0,0x10,0x80,0x20,0x80,0x20,0x80,0x43,0x80,0x00,
    0x00,0x00,0x00,0x24,0x00,0x34,0x00,0x14,0x00,0x7F,0xC0,0x04,0x40,0x06,0x40,0x09,
    0x40,0x09,0x40,0x10,0x40,0x20,0x40,0x43,0x80,0x00,0x00,0x04,0x00,0x04,0x00,0x7F,
    0xE0,0x04,0x00,0x04,0x00,0x04,0x00,0x3F,0xC0,0x04,0x00,0x04,0x00,0x04,0x00,0x7F,
    0xE0,0x7F,0xE0,0x00,0x00,0x7B,0xC0,0x4A,0x40,0x6B,0x40,0x5A,0xC0,0x5A,0xC0,0x4A,
    0x40,0x4A,0x40,0x5A,0xC0,0x00,0x00,0x24,0x40,0x24,0x80,0x12,0x80,0x7F,0xE0,0x15,
    0x00,0x24,0xC0,0xDF,0xA0,0x04,0x00,0x7F,0xE0,0x04,0x00,0x04,0x00,0x00,0x00,0x7F,
    0x80,0x10,0x80,0x10,0x80,0x11,0x00,0x11,0xC0,0x10,0x40,0x10,0x40,0x20,0x40,0x60,
    0x40,0xC3,0x80,0x00,0x00,0x08,0x00,0x08,0x00,0x1F,0x00,0x31,0x00,0x23,0x00,0x42,
    0x00,0x06,0x00,0x0D,0x00,0x18,0x80,0x20,0x40,0xC0,0x20,0x00,0x00,0x04,0x00,0x04,
    0x00,0x08,0x80,0x11,0x00,0x33,0x00,0x62,0x00,0x45,0x00,0x08,0x80,0x10,0x40,0x3F,
    0xC0,0x00,0x20,0x00,0x00,0x04,0x00,0x24,0x40,0x22,0x80,0x12,0x80,0x10,0x80,0x09,
    0x00,0x0F,0x00,0x06,0x00,0x0F,0x00,0x30,0xC0,0xE0,0x60,0x00,0x00,0x04,0x00,0x04,
    0x00,0x3F,0xC0,0x00,0x40,0x00,0x80,0x03,0x00,0x06,0x00,0x18,0x00,0x70,0x00,0xD8,
    0x00,0x07,0xE0,0x04,0x00,0x3F,0x80,0x20,0x80,0x20,0x80,0x23,0x80,0x20,0x00,0x3F,
    0xC0,0x00,0x40,0x7F,0xC0,0x00,0x40,0x01,0xC0,0x18,0x00,0x10,0x00,0x1F,0xE0,0x28,
    0x00,0x48,0x00,0x4F,0xC0,0x08,0x00,0x08,0x00,0x0F,0xE0,0x08,0x00,0x08,0x00,0x00,
    0x00,0x7F,0xC0,0x04,0x00,0x24,0x40,0x15,0x80,0x14,0x00,0x7F,0xE0,0x04,0x00,0x04,
    0x00,0x04,0x00,0x1C,0x00,0x00,0x00,0x00,0x00,0x0F,0xC0,0x70,0x00,0x04,0x00,0x3F,
    0xC0,0x00,0xC0,0x01,0x00,0x06,0x00,0x38,0x00,0x50,0x00,0xCF,0xE0,0x00,0x00,0x3F,
    0xC0,0x20,0x00,0x22,0x00,0x22,0x00,0x3F,0xE0,0x02,0x00,0x12,0x80,0x22,0x40,0x42,
    0x20,0xCC,0x20,0x00,0x00,0x00,0x00,0x1F,0xC0,0x10,0x00,0x10,0x00,0x1F,0xE0,0x11,
    0x00,0x11,0x00,0x7F,0xE0,0x08,0x00,0x10,0x00,0x60,0x00,0x00,0x00,0x00,0x00,0x1F,
    0xC0,0x10,0x00,0x10,0x00,0x1F,0xE0,0x11,0x00,0x11,0x00,0x7F,0xE0,0x03,0x00,0x00,
    0x80,0x00,0x60,0x00,0x00,0x00,0x00,0x3F,0xC0,0x04,0x00,0x04,0x00,0x7B,0xE0,0x19,
    0x00,0x39,0xC0,0xC9,0x20,0x09,0x00,0x11,0x00,0x21,0x00,0x00,0x00,0x00,0x00,0x3F,
    0xC0,0x04,0x00,0x7F,0xE0,0x15,0x00,0x15,0x60,0x74,0x80,0x15,0x20,0x74,0xE0,0x04,
    0x00,0x04,0x00,0x00,0x00,0x00,0x00,0x3F,0xC0,0x04,0x00,0x7F,0xE0,0x15,0x20,0x74,
    0xC0,0x35,0x20,0x56,0xC0,0x1D,0x00,0x24,0xC0,0xC4,0x20,0x00,0x00,0x00,0x00,0x3F,
    0xC0,0x01,0x80,0x03,0x00,0x06,0x00,0x08,0x00,0x10,0x00,0x20,0x20,0x40,0x20,0x40,
    0x60,0x3F,0x80,0x08,0x00,0x08,0x00,0x08,0x00,0x7F,0x00,0x09,0x00,0x09,0x00,0x11,
    0x00,0x11,0x00,0x31,0x20,0x21,0x20,0xC0,0xE0,0x00,0x00,0x08,0x00,0x10,0x00,0x3F,
    0xE0,0x60,0x00,0x5F,0x80,0x03,0x00,0x04,0x00,0x08,0x00,0x30,0x20,0x20,0x40,0x3F,
    0xC0,0x04,0x00,0x04,0x00,0x24,0x40,0x27,0xC0,0xFC,0x40,0x24,0x40,0x25,0x40,0x24,
    0x80,0x24,0x20,0x20,0x20,0x1F,0xC0,0x7F,0xC0,0x00,0x40,0x30,0x40,0x08,0x40,0x04,
    0xC0,0x03,0x40,0x1C,0x40,0x70,0x40,0x00,0x40,0x03,0x80,0x04,0x00,0x0C,0xC0,0x10,
    0x80,0x3F,0x00,0x06,0x40,0x08,0x40,0x3F,0x80,0x20,0x80,0x03,0x00,0x0E,0x00,0x70,
    0x00,0x00,0x00,0x08,0x80,0x08,0x40,0x7F,0xA0,0x08,0x80,0x08,0x80,0x08,0x80,0x7F,
    0x60,0x08,0x20,0x08,0x40,0x09,0xC0,0x08,0x00,0x00,0x00,0x7F,0xC0,0x22,0x40,0x1A,
    0x40,0x66,0x00,0x12,0x00,0x0A,0x00,0x7F,0xE0,0x06,0x00,0x0D,0x80,0x70,0x60,0x00,
    0x00,0x02,0x00,0x7D,0x00,0x11,0x00,0x11,0x00,0x7D,0x00,0x11,0x00,0x7D,0x00,0x45,
    0x00,0x45,0x20,0x45,0x20,0x7D,0xE0,0x01,0x00,0x7F,0x00,0x55,0x00,0x55,0x00,0x79,
    0x00,0x05,0x00,0x19,0x00,0xFD,0x00,0x11,0x20,0x11,0x20,0x30,0xE0,0x11,0x00,0x7D,
    0x00,0x13,0xE0,0x7A,0x00,0x4B,0xC0,0x78,0x40,0x68,0x80,0x11,0x00,0xFE,0x20,0x12,
    0x20,0x13,0xE0,0x00,0x00,0x7F,0xC0,0x00,0xC0,0x01,0x00,0x06,0x00,0x04,0x00,0x04,
    0x00,0x04,0x00,0x04,0x00,0x04,0x00,0x1C,0x00,0x3F,0xC0,0x11,0x80,0x0F,0x00,0x06,
    0x00,0x7F,0xE0,0x04,0x40,0x04,0xC0,0x04,0x00,0x04,0x00,0x0C,0x00,0x00,0x00,0x00,
    0x00,0x08,0x00,0x1F,0x80,0x21,0x00,0x7F,0xC0,0x04,0x40,0xFF,0xE0,0x04,0x40,0x04,
    0x40,0x7F,0x80,0x04,0x00,0x0C,0x00,0x04,0x00,0x7F,0xE0,0x04,0x00,0x3F,0xC0,0x3F,
    0xC0,0x7F,0x80,0x04,0x40,0x7F,0xE0,0x7F,0xC0,0x04,0x00,0x0C,0x00,0x00,0x00,0x3F,
    0xC0,0x00,0x00,0x00,0x00,0x00,0x00,0x00,0x00,0x00,0x00,0x00,0x00,0x7F,0xE0,0x00,
    0x00,0x00,0x00,0x3F,0xC0,0x04,0x00,0x04,0x00,0x04,0x00,0x7F,0xE0,0x04,0x00,0x04,
    0x00,0x04,0x00,0x04,0x00,0x1C,0x00,0x3F,0xC0,0x00,0x00,0x00,0x00,0x7F,0xE0,0x10,
    0x00,0x1F,0x80,0x20,0x80,0x00,0x80,0x00,0x80,0x07,0x00,0x3F,0xC0,0x00,0x00,0x00,
    0x00,0x7F,0xE0,0x04,0x00,0x09,0x00,0x19,0x80,0x10,0x80,0x7F,0xC0,0x00,0x40,0x7F,
    0xE0,0x10,0x00,0x10,0x00,0x1F,0x80,0x10,0x80,0x10,0x80,0x3F,0x80,0x00,0x80,0x00,
    0x80,0xFF,0xE0,0x7F,0xE0,0x08,0x00,0x08,0x00,0x08,0x00,0x7F,0x80,0x08,0x80,0x10,
    0x80,0x10,0x80,0x7F,0xE0,0x00,0x00,0x10,0x80,0x10,0x80,0x10,0x80,0x7F,0xE0,0x10,
    0x80,0x10,0x80,0x7F,0xE0,0x10,0x80,0x10,0x80,0x30,0x80,0x60,0x80,0x00,0x00,0x7F,
    0xE0,0x09,0x00,0x49,0x20,0x29,0x40,0x29,0x40,0x29,0x80,0x19,0x80,0x09,0x00,0x09,
    0x00,0x7F,0xE0,0x00,0x00,0x09,0x00,0x29,0x20,0x2D,0xC0,0x29,0x00,0x29,0x20,0x3D,
    0x20,0x61,0xC0,0x3F,0xC0,0x00,0x00,0x00,0x00,0x7F,0xE0,0x04,0x00,0x04,0x00,0x7F,
    0xE0,0x20,0x00,0x20,0x00,0x20,0x00,0x20,0x00,0x20,0x00,0x20,0x00,0x20,0x00,0x3F,
    0xC0,0x04,0x00,0x04,0x00,0x7F,0xE0,0x00,0x00,0x1F,0x00,0x11,0x00,0x11,0x00,0x11,
    0x00,0x11,0x20,0x21,0x20,0x41,0xE0,0x00,0x00,0x04,0x00,0x04,0x00,0x7F,0xE0,0x09,
    0x00,0x10,0x80,0x31,0x40,0x49,0x20,0x06,0x00,0x06,0x00,0x19,0x80,0xE0,0x60,0x00,
    0x00,0x04,0x00,0x04,0x00,0x7F,0xE0,0x08,0x80,0x11,0x00,0x3E,0x40,0x04,0x80,0x19,
    0x00,0x62,0x00,0x0D,0x80,0x70,0x60,0x00,0x00,0x04,0x00,0x04,0x00,0x7F,0xE0,0x09,
    0x00,0x29,0x80,0x29,0x40,0x49,0x40,0x49,0x20,0x91,0x20,0x11,0x00,0x67,0x00,0x00,
    0x00,0x04,0x00,0x02,0x00,0x7F,0xE0,0x08,0x80,0x09,0x00,0x3F,0xE0,0x20,0x00,0x20,
    0x00,0x20,0x00,0x40,0x00,0xC0,0x00,0x00,0x00,0x04,0x00,0x7F,0xE0,0x00,0x00,0x3F,
    0xC0,0x20,0x40,0x3F,0xC0,0x7F,0xC0,0x01,0x80,0x02,0x00,0x02,0x00,0x0C,0x00,0x00,
    0x00,0x04,0x00,0x04,0x00,0x7F,0xE0,0x00,0x00,0x3F,0xC0,0x24,0x40,0x24,0x40,0x3F,
    0xC0,0x24,0x40,0x3F,0xC0,0x20,0x40,0x00,0x00,0x04,0x00,0x7F,0xE0,0x00,0x00,0x3F,
    0x80,0x3F,0xC0,0x00,0x00,0x3F,0xC0,0x03,0x00,0x7F,0xE0,0x04,0x00,0x0C,0x00,0x00,
    0x00,0x04,0x00,0x04,0x00,0x7F,0xE0,0x00,0x00,0x3F,0xC0,0x20,0x40,0x3F,0xC0,0x02,
    0x00,0x32,0x80,0x62,0x60,0xCC,0x20,0x00,0x00,0x04,0x00,0x7F,0xE0,0x00,0x00,0x3F,
    0x80,0x3F,0x80,0x00,0x00,0x7F,0xE0,0x7F,0xA0,0x02,0x00,0x02,0x00,0x0C,0x00,0x00,
    0x00,0x04,0x00,0x7F,0xE0,0x00,0x00,0x3F,0x80,0x3F,0x80,0x00,0x00,0x7F,0xE0,0x4E,
    0x20,0x11,0x00,0x11,0x20,0x61,0xE0,0x00,0x00,0x04,0x00,0x02,0x00,0x7D,0xC0,0x09,
    0x00,0x7F,0xE0,0x02,0x00,0x02,0x00,0x7F,0xE0,0x13,0x80,0x22,0x40,0x4C,0x20,0x00,
    0x00,0x04,0x00,0x04,0x00,0x04,0x00,0x04,0x00,0x06,0x00,0x06,0x00,0x0A,0x00,0x09,
    0x00,0x10,0x80,0x20,0x40,0x40,0x20,0x00,0x00,0x10,0x00,0x17,0xC0,0x20,0x40,0x20,
    0x80,0x61,0x00,0xE2,0x00,0x66,0x00,0x24,0x20,0x28,0x20,0x28,0x20,0x27,0xC0,0x00,
    0x00,0x11,0x00,0x11,0x00,0x21,0x00,0x21,0x00,0x6F,0xE0,0xE1,0x00,0x21,0x00,0x21,
    0x00,0x21,0x00,0x21,0x00,0x21,0x00,0x00,0x00,0x10,0x00,0x10,0x00,0x2F,0xE0,0x20,
    0x00,0x60,0x00,0x60,0x00,0xA0,0x00,0x20,0x00,0x20,0x00,0x2F,0xE0,0x20,0x00,0x00,
    0x00,0x10,0x00,0x1F,0xC0,0x24,0x40,0x24,0x40,0x64,0x40,0x62,0x80,0xA2,0x80,0x21,
    0x00,0x23,0x80,0x24,0xC0,0x38,0x20,0x00,0x00,0x19,0x00,0x11,0x00,0x11,0x00,0x21,
    0x00,0x61,0x80,0xE1,0x40,0x61,0x20,0x21,0x00,0x21,0x00,0x21,0x00,0x21,0x00,0x00,
    0x00,0x14,0x00,0x14,0x00,0x24,0x00,0x2F,0x80,0x64,0x80,0xE4,0x80,0x24,0x80,0x24,
    0x80,0x24,0xA0,0x28,0xA0,0x30,0xE0,0x00,0x00,0x04,0x00,0x06,0x00,0x09,0x00,0x34,
    0x80,0x64,0x60,0x82,0x20,0x3F,0x80,0x00,0x80,0x01,0x80,0x01,0x00,0x06,0x00,0x00,
    0x00,0x04,0x00,0x06,0x00,0x09,0x00,0x10,0x80,0x60,0x40,0xD1,0x20,0x11,0x00,0x11,
    0x00,0x11,0x00,0x31,0x00,0x61,0x00,0x00,0x00,0x1F,0xC0,0x24,0x40,0x24,0x80,0x64,
    0x80,0x64,0xE0,0xA4,0x20,0x24,0x20,0x24,0x40,0x28,0x40,0x31,0xC0,0x00,0x00,0x00,
    0x00,0x11,0x00,0x11,0x00,0x11,0x00,0x11,0x00,0x11,0x00,0x19,0x80,0x16,0x80,0x26,
    0x80,0x26,0x40,0x44,0x40,0xC8,0x20,0x00,0x00,0x04,0x00,0x06,0x00,0x09,0x00,0x30,
    0xC0,0xD0,0x60,0x11,0x80,0x1E,0x00,0x10,0x00,0x10,0x40,0x10,0x40,0x1F,0x80,0x04,
    0x00,0x06,0x00,0x09,0x00,0x30,0xC0,0x7F,0xE0,0x90,0x80,0x10,0x80,0x17,0x00,0x10,
    0x40,0x10,0x40,0x1F,0xC0,0x00,0x00,0x10,0x00,0x17,0xE0,0x20,0x40,0x20,0x80,0x61,
    0x00,0xEF,0xE0,0x21,0x00,0x21,0x00,0x21,0x00,0x21,0x00,0x27,0x00,0x00,0x00,0x11,
    0x00,0x11,0x00,0x21,0x00,0x21,0x00,0x6F,0xE0,0x61,0x00,0xA1,0x00,0x21,0x00,0x21,
    0x00,0x2F,0xE0,0x20,0x00,0x00,0x00,0x01,0x00,0x11,0x00,0x29,0x20,0x29,0xC0,0x6F,
    0x40,0x79,0x40,0xA9,0x40,0x29,0xC0,0x29,0x20,0x28,0x20,0x27,0xE0,0x00,0x00,0x10,
    0x80,0x10,0x80,0x2F,0xE0,0x20,0x80,0x68,0x80,0x64,0x80,0xA5,0x00,0x23,0x00,0x23,
    0x00,0x26,0xC0,0x38,0x20,0x00,0x00,0x10,0x00,0x10,0x80,0x20,0x80,0x2F,0xE0,0x60,
    0x80,0x64,0x80,0xA6,0x80,0x22,0x80,0x20,0x80,0x20,0x80,0x21,0x80,0x00,0x00,0x31,
    0x00,0x21,0x00,0x29,0x20,0x29,0x20,0x69,0x20,0xE9,0x20,0x29,0x20,0x29,0x20,0x29,
    0x20,0x2F,0xE0,0x20,0x20,0x00,0x00,0x10,0x00,0x19,0xE0,0x27,0x00,0x21,0x00,0x61,
    0x00,0x6F,0xE0,0xA1,0x00,0x21,0x00,0x21,0x00,0x21,0x00,0x21,0x00,0x00,0x00,0x12,
    0x00,0x12,0x80,0x12,0x40,0x22,0x00,0x6F,0xE0,0x62,0x00,0xA2,0x00,0x21,0x00,0x21,
    0x20,0x21,0x20,0x20,0xC0,0x00,0x00,0x04,0x00,0x06,0x00,0x09,0x00,0x34,0x80,0xC6,
    0x60,0x02,0x00,0x3F,0xC0,0x00,0x80,0x19,0x00,0x06,0x00,0x01,0x00,0x00,0x00,0x48,
    0x40,0x44,0x40,0x46,0x40,0x40,0x40,0x40,0x80,0x44,0x80,0x48,0x80,0x31,0x40,0x62,
    0x20,0x0C,0x20,0x00,0x00,0x00,0x00,0x12,0x00,0x12,0x40,0x29,0x40,0x25,0x40,0x64,
    0x40,0x64,0x80,0xA2,0x80,0x21,0x00,0x23,0x80,0x24,0xC0,0x38,0x20,0x00,0x00,0x1C,
    0x00,0x25,0xE0,0x22,0x20,0x28,0x20,0x68,0x20,0xE8,0x20,0x28,0x20,0x28,0x20,0x28,
    0x20,0x28,0x20,0x28,0xC0,0x00,0x00,0x10,0x00,0x2F,0xC0,0x29,0x40,0x29,0x40,0x69,
    0x40,0xE9,0x40,0xA9,0x40,0x2B,0x40,0x2D,0xC0,0x29,0x00,0x21,0x00,0x00,0x00,0x11,
    0x00,0x11,0x00,0x2F,0xE0,0x29,0x20,0x69,0x20,0xE9,0x20,0xA9,0x20,0x2F,0xE0,0x21,
    0x00,0x21,0x00,0x21,0x00,0x00,0x00,0x01,0x00,0x15,0x00,0x25,0x00,0x27,0xE0,0x69,
    0x00,0xE9,0x00,0xA1,0x00,0x2F,0xE0,0x21,0x00,0x21,0x00,0x21,0x00,0x00,0x00,0x11,
    0x00,0x13,0x00,0x22,0x80,0x24,0x40,0x68,0x20,0x74,0xA0,0xA4,0x80,0x24,0x80,0x24,
    0x80,0x24,0x80,0x38,0x80,0x00,0x00,0x10,0x00,0x17,0xE0,0x29,0x00,0x21,0x00,0x61,
    0x00,0xEF,0xE0,0x21,0x00,0x21,0x00,0x21,0x00,0x21,0x00,0x2E,0xE0,0x00,0x00,0x11,
    0x80,0x12,0x80,0x24,0x80,0x24,0x40,0x68,0x20,0x7F,0xE0,0xA2,0x40,0x24,0x40,0x24,
    0x40,0x2C,0x40,0x39,0x80,0x00,0x00,0x11,0x00,0x11,0x00,0x2F,0xE0,0x22,0x00,0x62,
    0x00,0x63,0xC0,0xA4,0x40,0x24,0x40,0x24,0x40,0x28,0x40,0x39,0xC0,0x00,0x00,0x04,
    0x00,0x06,0x00,0x09,0x00,0x30,0x80,0x42,0x60,0xA2,0x20,0x23,0xC0,0x22,0x00,0x22,
    0x00,0x22,0x00,0x7F,0xE0,0x1F,0xC0,0x22,0x40,0x22,0x40,0x7F,0xE0,0xE2,0x40,0xA2,
    0x40,0x2F,0xC0,0x24,0x00,0x24,0x00,0x38,0x00,0x00,0x00,0x00,0x00,0x10,0x00,0x1F,
    0xE0,0x22,0x00,0x22,0x00,0x62,0x00,0xEF,0xC0,0x24,0x40,0x24,0x40,0x24,0x40,0x24,
    0x40,0x3B,0xA0,0x00,0x00,0x01,0x00,0x11,0x00,0x2F,0xE0,0x21,0x00,0x61,0x00,0xEF,
    0xC0,0x24,0x40,0x22,0x80,0x23,0x00,0x26,0x80,0x38,0x60,0x00,0x00,0x11,0x00,0x11,
    0xC0,0x21,0x40,0x2F,0xE0,0x61,0x00,0xE3,0x00,0x23,0x00,0x22,0x80,0x24,0x80,0x2C,
    0x40,0x38,0x20,0x00,0x00,0x12,0x00,0x13,0x80,0x22,0x40,0x23,0xE0,0x6E,0x00,0xE2,
    0x40,0x62,0x80,0x23,0x00,0x27,0x20,0x39,0x20,0x20,0xC0,0x00,0x00,0x01,0x00,0x11,
    0x00,0x21,0x00,0x2F,0xE0,0x63,0x00,0x63,0x80,0xA5,0x80,0x29,0x40,0x29,0x20,0x31,
    0x30,0x21,0x00,0x00,0x00,0x04,0x00,0x06,0x00,0x09,0x00,0x30,0x80,0x71,0x60,0x11,
    0x00,0x19,0x00,0x15,0x80,0x26,0x80,0x26,0x40,0x4C,0x20,0x00,0x00,0x12,0x00,0x12,
    0xC0,0x22,0x40,0x2F,0xE0,0x63,0x00,0x63,0x00,0xA3,0x00,0x25,0x00,0x25,0x20,0x29,
    0x20,0x38,0xE0,0x00,0x00,0x01,0x00,0x11,0x00,0x29,0x20,0x29,0x60,0x65,0x40,0x65,
    0x80,0xA3,0x00,0x22,0x80,0x24,0x80,0x2C,0x40,0x38,0x20,0x00,0x00,0x04,0x00,0x06,
    0x00,0x19,0x00,0x30,0xC0,0xDF,0xA0,0x00,0x00,0x7F,0xE0,0x08,0x00,0x09,0x00,0x10,
    0x80,0x3F,0x40,0x00,0x00,0x04,0x00,0x0E,0x00,0x19,0x80,0x24,0xC0,0xE4,0xF0,0x14,
    0x80,0x1D,0x00,0x04,0x00,0x7F,0xE0,0x04,0x00,0x04,0x00,0x00,0x00,0x12,0x00,0x12,
    0x00,0x2F,0xE0,0x22,0x00,0x6F,0xC0,0x62,0x00,0xAF,0xE0,0x22,0x20,0x22,0x20,0x22,
    0xC0,0x22,0x00,0x00,0x00,0x12,0x00,0x12,0x00,0x2F,0xE0,0x22,0x00,0x6F,0xE0,0xE4,
    0x00,0x27,0xC0,0x20,0x40,0x24,0x80,0x23,0x00,0x20,0xC0,0x00,0x00,0x12,0x00,0x14,
    0x00,0x27,0xE0,0x2A,0x00,0x6A,0x00,0xEF,0xC0,0x22,0x40,0x22,0x40,0x24,0x40,0x24,
    0x40,0x39,0xC0,0x00,0x00,0x11,0x00,0x13,0x00,0x26,0x80,0x2C,0x40,0x7C,0x20,0x64,
    0xC0,0xA7,0x00,0x24,0x00,0x24,0x20,0x24,0x40,0x27,0xC0,0x00,0x00,0x12,0x00,0x1A,
    0x00,0x26,0x00,0x2F,0xE0,0x62,0x20,0x63,0x20,0xA3,0xA0,0x24,0xC0,0x24,0x40,0x28,
    0x40,0x31,0xC0,0x00,0x00,0x11,0x00,0x11,0x00,0x27,0xC0,0x24,0x40,0x64,0x40,0xE4,
    0x40,0x27,0xC0,0x24,0x40,0x24,0x40,0x27,0xC0,0x24,0x40,0x00,0x00,0x11,0x00,0x11,
    0x00,0x2F,0xE0,0x21,0x00,0x61,0x00,0xA1,0x00,0x27,0xC0,0x28,0x40,0x28,0x40,0x28,
    0x40,0x2F,0xC0,0x00,0x00,0x11,0x00,0x19,0x20,0x25,0x40,0x25,0x40,0x61,0x00,0xEF,
    0xE0,0x21,0x00,0x2F,0xE0,0x21,0x00,0x21,0x00,0x21,0x00,0x00,0x00,0x11,0x00,0x13,
    0x00,0x24,0x80,0x2A,0x40,0x71,0x20,0xE1,0x00,0xAF,0xC0,0x20,0xC0,0x2D,0x80,0x23,
    0x00,0x20,0x80,0x00,0x00,0x11,0x00,0x11,0x00,0x2F,0xE0,0x29,0x20,0x69,0x20,0xEF,
    0xE0,0x29,0x20,0x29,0x20,0x2F,0xE0,0x21,0x00,0x21,0x00,0x00,0x00,0x10,0x00,0x1F,
    0xC0,0x20,0x40,0x2F,0xC0,0x60,0x40,0x60,0x40,0xAF,0x40,0x29,0x40,0x2F,0x40,0x20,
    0x40,0x20,0xC0,0x00,0x00,0x10,0x00,0x1A,0x40,0x29,0x40,0x29,0x40,0x68,0x40,0x68,
    0x40,0xA9,0x40,0x2A,0x80,0x2C,0xC0,0x21,0x20,0x26,0x20,0x00,0x00,0x20,0x00,0x1F,
    0xE0,0x29,0x20,0x29,0x20,0x69,0x20,0xEF,0xE0,0x29,0x20,0x29,0x20,0x29,0x20,0x2F,
    0xE0,0x28,0x20,0x00,0x00,0x10,0x00,0x17,0xC0,0x24,0x40,0x24,0x40,0x67,0xC0,0x64,
    0x40,0xA4,0x40,0x27,0xC0,0x20,0x00,0x20,0x00,0x2F,0xE0,0x00,0x00,0x13,0x00,0x11,
    0x00,0x2F,0xE0,0x20,0x00,0x64,0x40,0xE4,0x40,0xA4,0x80,0x22,0x80,0x22,0x80,0x21,
    0x00,0x2F,0xE0,0x00,0x00,0x10,0x00,0x17,0xE0,0x29,0x00,0x28,0x80,0x68,0x80,0xAF,
    0xE0,0x28,0x80,0x28,0x80,0x2A,0xA0,0x2E,0xA0,0x29,0x60,0x00,0x00,0x02,0x00,0x11,
    0x00,0x2F,0xE0,0x21,0x00,0x61,0x00,0xE1,0x00,0xAF,0xC0,0x21,0x00,0x21,0x00,0x21,
    0x00,0x2F,0xE0,0x00,0x00,0x12,0x00,0x12,0x00,0x2F,0xE0,0x22,0x00,0x64,0x00,0x67,
    0xE0,0xA5,0x00,0x29,0x00,0x31,0x00,0x21,0x00,0x2F,0xE0,0x00,0x00,0x11,0x00,0x11,
    0x00,0x2F,0xE0,0x22,0x00,0x64,0x00,0xE7,0xC0,0xAC,0x40,0x3C,0x40,0x34,0x40,0x27,
    0xC0,0x24,0x40,0x00,0x00,0x11,0x00,0x11,0x00,0x2F,0xE0,0x23,0x00,0x63,0x80,0x65,
    0x80,0xA9,0x40,0x29,0x20,0x37,0xF0,0x21,0x00,0x21,0x00,0x00,0x00,0x10,0x00,0x2F,
    0xE0,0x20,0x40,0x20,0x40,0x6F,0x40,0xE9,0x40,0x29,0x40,0x2F,0x40,0x20,0x40,0x20,
    0x40,0x21,0xC0,0x00,0x00,0x04,0x00,0x0E,0x00,0x19,0x00,0x30,0xC0,0xDF,0xA0,0x04,
    0x00,0x7F,0xE0,0x04,0x00,0x34,0x80,0x64,0x60,0x4C,0x20,0x35,0x00,0x25,0x00,0x2F,
    0xC0,0x25,0x40,0x6F,0xC0,0xAD,0x00,0x2F,0xC0,0x25,0x20,0x25,0x20,0x25,0x40,0x39,
    0x00,0x00,0x00,0x02,0x00,0x12,0x00,0x27,0xE0,0x26,0x00,0x6A,0x00,0xF3,0xC0,0x22,
    0x00,0x22,0x00,0x23,0xE0,0x22,0x00,0x22,0x00,0x00,0x00,0x22,0x00,0x34,0x00,0x27,
    0xE0,0x28,0x40,0x69,0x40,0xE1,0x00,0x25,0x40,0x29,0x40,0x29,0x20,0x31,0x20,0x27,
    0x00,0x00,0x00,0x3F,0xC0,0x29,0x40,0x29,0x40,0x6F,0xC0,0xA9,0x40,0x29,0x40,0x2F,
    0xC0,0x29,0x40,0x29,0x40,0x31,0xC0,0x00,0x00,0x00,0x00,0x20,0x00,0x2F,0xC0,0x30,
    0x40,0x57,0xC0,0x52,0x40,0xB7,0xC0,0x36,0xC0,0x36,0xC0,0x36,0xD0,0x37,0xD0,0x32,
    0x20,0x00,0x00,0x12,0x00,0x12,0x20,0x2F,0xC0,0x22,0x40,0x7F,0xE0,0x61,0x00,0xA2,
    0x40,0x2D,0x80,0x36,0x20,0x24,0x40,0x27,0xC0,0x00,0x00,0x04,0x40,0x14,0x80,0x2F,
    0xE0,0x21,0x00,0x61,0x00,0xEF,0xE0,0x21,0x00,0x21,0x00,0x3F,0xE0,0x21,0x00,0x21,
    0x00,0x00,0x00,0x10,0x00,0x1F,0xE0,0x21,0x00,0x21,0x00,0x66,0xC0,0xE4,0x40,0xA7,
    0xC0,0x24,0x40,0x24,0x40,0x24,0x40,0x27,0xC0,0x00,0x00,0x11,0x00,0x11,0x00,0x2F,
    0xE0,0x21,0x00,0x61,0x00,0x6E,0xE0,0xA1,0x00,0x2F,0xE0,0x21,0x00,0x21,0x00,0x2F,
    0xE0,0x00,0x00,0x31,0x00,0x21,0x00,0x2F,0xE0,0x21,0x00,0x6F,0xC0,0x69,0x20,0xAF,
    0xC0,0x29,0x00,0x26,0x00,0x27,0x00,0x38,0xE0,0x00,0x00,0x20,0x00,0x1F,0xE0,0x22,
    0x00,0x24,0x80,0x6F,0xC0,0xE8,0x20,0xA1,0x00,0x2F,0xC0,0x21,0x00,0x21,0x00,0x2F,
    0xE0,0x00,0x00,0x11,0x00,0x13,0xE0,0x24,0x40,0x2A,0x80,0x63,0x00,0xFD,0x00,0x23,
    0xE0,0x2C,0x40,0x3A,0x80,0x23,0x00,0x3C,0x00,0x00,0x00,0x10,0x00,0x2F,0x20,0x24,
    0xA0,0x28,0xA0,0x6E,0xA0,0xEA,0xA0,0x3A,0xA0,0x34,0xA0,0x24,0xA0,0x28,0x20,0x38,
    0xC0,0x00,0x00,0x11,0x00,0x11,0x00,0x2F,0xE0,0x21,0x00,0x6F,0xE0,0xA0,0x80,0x2F,
    0xE0,0x20,0x80,0x24,0x80,0x22,0x80,0x21,0x80,0x00,0x00,0x30,0x00,0x2F,0xE0,0x28,
    0x20,0x2F,0xA0,0x68,0x20,0xAB,0xA0,0x2A,0xA0,0x2A,0xA0,0x2B,0xA0,0x28,0x20,0x28,
    0xC0,0x00,0x00,0x14,0x80,0x14,0x80,0x24,0x80,0x2F,0xE0,0x64,0x80,0xA4,0x80,0x3F,
    0xE0,0x20,0x00,0x26,0x80,0x24,0x40,0x38,0x20,0x00,0x00,0x12,0x00,0x21,0x00,0x2F,
    0xE0,0x22,0x00,0x63,0x60,0xE5,0x40,0xAD,0x80,0x34,0x80,0x24,0x40,0x27,0x20,0x24,
    0x00,0x00,0x00,0x11,0x00,0x11,0x00,0x2F,0xE0,0x29,0x20,0x65,0x40,0x65,0x80,0xBF,
    0xE0,0x23,0x00,0x22,0x80,0x24,0xC0,0x38,0x20,0x00,0x00,0x10,0x00,0x27,0xC0,0x24,
    0x40,0x24,0x40,0x67,0xC0,0xA0,0x00,0x2F,0xC0,0x28,0x40,0x28,0x40,0x2F,0xC0,0x28,
    0x40,0x14,0x00,0x24,0xE0,0x2F,0x00,0x62,0xC0,0x63,0x20,0xBD,0xE0,0x3A,0xE0,0x25,
    0x00,0x25,0x00,0x2D,0x20,0x38,0xE0,0x00,0x00,0x12,0x00,0x21,0xE0,0x22,0x00,0x22,
    0x00,0x6D,0xC0,0xE9,0x40,0x29,0x40,0x29,0x40,0x23,0x80,0x26,0xC0,0x38,0x20,0x00,
    0x00,0x20,0x00,0x2E,0x20,0x32,0xA0,0x76,0xA0,0x76,0xA0,0xB6,0xA0,0x36,0xA0,0x36,
    0xA0,0x24,0xA0,0x2A,0x20,0x31,0xC0,0x00,0x00,0x10,0x00,0x1F,0xC0,0x21,0x00,0x22,
    0x00,0x6F,0xE0,0x64,0x80,0xAC,0x40,0x34,0xA0,0x24,0x80,0x24,0x80,0x28,0x80,0x00,
    0x00,0x10,0x00,0x13,0x00,0x22,0x80,0x24,0x40,0x7F,0xE0,0xE0,0x00,0x2D,0xE0,0x22,
    0x00,0x24,0x80,0x24,0xC0,0x2B,0x20,0x00,0x00,0x34,0x00,0x27,0xE0,0x28,0x00,0x3F,
    0xC0,0x6A,0x40,0xA9,0x40,0x3F,0xE0,0x2A,0x40,0x29,0x40,0x26,0xE0,0x21,0xC0,0x00,
    0x00,0x10,0x00,0x17,0xC0,0x20,0x40,0x2F,0xE0,0x64,0x00,0xEF,0xE0,0x29,0x00,0x3F,
    0xE0,0x21,0x00,0x22,0x80,0x3C,0x60,0x00,0x00,0x10,0x00,0x2F,0xC0,0x2F,0xC0,0x20,
    0x40,0x6F,0xC0,0xFF,0xE0,0x30,0x20,0x2F,0xC0,0x24,0x80,0x23,0x00,0x3C,0xE0,0x00,
    0x00,0x10,0x00,0x1F,0xE0,0x21,0x00,0x2F,0xC0,0x69,0x40,0x6F,0xC0,0xA9,0x40,0x27,
    0x80,0x2E,0x00,0x23,0x00,0x3C,0xE0,0x00,0x00,0x17,0xC0,0x24,0x40,0x24,0x40,0x67,
    0xC0,0x61,0x00,0xA5,0x00,0x25,0xE0,0x2D,0x00,0x2B,0x00,0x31,0xE0,0x00,0x00,0x00,
    0x00,0x11,0x00,0x1F,0x40,0x25,0x20,0x25,0x00,0x7F,0xE0,0xE4,0xA0,0x66,0xC0,0x3C,
    0xC0,0x25,0xA0,0x26,0xA0,0x2C,0x60,0x00,0x00,0x12,0x00,0x12,0x80,0x24,0x40,0x2F,
    0xA0,0x64,0xC0,0xFA,0x20,0x27,0xC0,0x2C,0x40,0x32,0x80,0x23,0x80,0x3C,0x60,0x00,
    0x00,0x31,0x00,0x29,0x20,0x25,0x40,0x21,0x00,0x6F,0xE0,0xE8,0x20,0x2F,0xE0,0x28,
    0x20,0x2F,0xE0,0x28,0x20,0x28,0xC0,0x00,0x00,0x20,0x00,0x3E,0x20,0x24,0xA0,0x24,
    0xA0,0x7E,0xA0,0xE4,0xA0,0x2E,0xA0,0x35,0xA0,0x34,0x20,0x24,0x20,0x24,0xC0,0x00,
    0x00,0x36,0x80,0x28,0x40,0x3B,0x20,0x62,0x80,0xE4,0x40,0x3F,0xA0,0x28,0x40,0x28,
    0x40,0x28,0x40,0x2F,0xC0,0x00,0x00,0x00,0x00,0x30,0x00,0x2F,0xE0,0x2A,0x40,0x25,
    0x40,0x60,0x80,0xEF,0xC0,0x21,0x80,0x3F,0xE0,0x21,0x00,0x21,0x00,0x27,0x00,0x00,
    0x00,0x17,0xC0,0x28,0x40,0x28,0x40,0x67,0xC0,0x61,0x00,0xAF,0xE0,0x23,0x00,0x25,
    0xC0,0x29,0x60,0x31,0x00,0x00,0x00,0x00,0x00,0x04,0x00,0x0F,0x00,0x10,0x80,0xFF,
    0x60,0x00,0x40,0x3D,0x40,0x3D,0x40,0x25,0x40,0x3D,0x40,0x24,0x40,0x2C,0xC0,0x00,
    0x00,0x11,0x00,0x11,0x00,0x2F,0xE0,0x20,0x00,0x6F,0xC0,0xEF,0xC0,0x20,0x00,0x2F,
    0xC0,0x28,0x40,0x28,0x40,0x2F,0xC0,0x00,0x00,0x30,0x00,0x2F,0xE0,0x22,0x80,0x2F,
    0xE0,0x6A,0xA0,0xEA,0xA0,0x2A,0xA0,0x2D,0x60,0x2D,0x60,0x29,0x20,0x28,0xE0,0x00,
    0x00,0x11,0x00,0x13,0x00,0x24,0x80,0x28,0x40,0x77,0xE0,0x62,0x40,0xAA,0x40,0x25,
    0x40,0x25,0x80,0x20,0x80,0x3F,0xE0,0x00,0x00,0x22,0x00,0x23,0xC0,0x36,0x40,0x39,
    0x80,0x73,0xC0,0xBC,0xA0,0x33,0x40,0x34,0x80,0x37,0x60,0x21,0x80,0x2E,0x00,0x00,
    0x00,0x11,0x00,0x21,0x00,0x2E,0xE0,0x2A,0x40,0x6B,0xE0,0xEE,0x40,0x2B,0x40,0x2A,
    0xC0,0x2A,0xC0,0x2A,0x40,0x32,0xC0,0x00,0x00,0x37,0xC0,0x28,0x40,0x2F,0xC0,0x67,
    0xC0,0x68,0x40,0xA7,0xC0,0x28,0x40,0x3F,0xE0,0x24,0xC0,0x38,0x20,0x00,0x00,0x00,
    0x00,0x11,0x00,0x22,0x00,0x3F,0xE0,0x25,0x80,0x69,0x40,0xBF,0xF0,0x2F,0xC0,0x29,
    0x40,0x2F,0xC0,0x21,0x20,0x21,0xE0,0x00,0x00,0x11,0x00,0x11,0x00,0x2F,0xE0,0x24,
    0x80,0x62,0x80,0xEF,0xE0,0x20,0x00,0x27,0xC0,0x24,0x40,0x24,0x40,0x27,0xC0,0x00,
    0x00,0x20,0x00,0x3E,0x20,0x28,0xA0,0x4A,0xA0,0x5E,0xA0,0xC5,0xA0,0x44,0xA0,0x5E,
    0xA0,0x44,0xA0,0x4F,0x20,0x50,0xC0,0x00,0x00,0x30,0x00,0x2F,0xE0,0x28,0x20,0x2F,
    0xE0,0x68,0x80,0xEA,0xA0,0xAB,0xC0,0x28,0x80,0x2C,0xA0,0x34,0xA0,0x37,0xE0,0x00,
    0x00,0x31,0x00,0x29,0x20,0x25,0xC0,0x21,0x00,0x6F,0xE0,0xE8,0x20,0xAB,0xA0,0x2A,
    0xA0,0x2B,0xA0,0x28,0x20,0x28,0xC0,0x00,0x00,0x20,0x00,0x27,0xC0,0x30,0x40,0x37,
    0xE0,0x72,0x00,0x77,0xC0,0xB5,0x00,0x37,0xE0,0x31,0x80,0x22,0xC0,0x2C,0x20,0x00,
    0x00,0x31,0x00,0x2D,0xE0,0x22,0x00,0x27,0x80,0x68,0x40,0xFF,0xE0,0x26,0x40,0x29,
    0x40,0x29,0x40,0x2F,0x40,0x20,0xC0,0x00,0x00,0x34,0x80,0x24,0x80,0x2F,0xE0,0x24,
    0x80,0x7F,0xE0,0xE0,0x00,0x2F,0xC0,0x28,0x40,0x2F,0xC0,0x28,0x40,0x2F,0xC0,0x00,
    0x00,0x10,0x00,0x17,0xC0,0x28,0x40,0x2F,0xC0,0x67,0xC0,0xE0,0x00,0x2F,0xC0,0x28,
    0x40,0x2F,0xC0,0x28,0x40,0x2F,0xC0,0x00,0x00,0x11,0x00,0x29,0x40,0x26,0x80,0x2B,
    0x60,0x7F,0xE0,0xE4,0x80,0xAF,0xC0,0x34,0xB0,0x25,0x80,0x24,0x40,0x27,0xC0,0x00,
    0x00,0x12,0x00,0x2F,0xC0,0x28,0x40,0x2E,0xC0,0x68,0x40,0xE8,0x40,0x2F,0xC0,0x24,
    0x80,0x24,0xA0,0x24,0xA0,0x38,0xE0,0x00,0x00,0x11,0x00,0x2F,0xE0,0x21,0x00,0x2F,
    0xC0,0x7F,0xE0,0xE0,0x00,0x2F,0xC0,0x29,0x40,0x29,0x40,0x23,0x80,0x3C,0x60,0x00,
    0x00,0x21,0x00,0x2F,0xE0,0x21,0x00,0x2F,0xC0,0x68,0x40,0xAF,0xC0,0x2F,0xC0,0x28,
    0x40,0x2F,0xC0,0x28,0x40,0x3F,0xE0,0x00,0x00,0x20,0x00,0x2B,0xE0,0x28,0x80,0x6F,
    0xE0,0x6A,0x20,0xAA,0xA0,0xAA,0xA0,0x2A,0xA0,0x2E,0xA0,0x39,0x40,0x26,0x20,0x00,
    0x00,0x30,0x00,0x2F,0xE0,0x2A,0x20,0x2F,0xE0,0x68,0x00,0xA9,0xE0,0x2F,0x20,0x28,
    0xC0,0x2E,0xC0,0x29,0xC0,0x2A,0x20,0x00,0x00,0x32,0x00,0x27,0xC0,0x28,0x20,0x2F,
    0xE0,0x68,0x00,0xEF,0xE0,0x2A,0xA0,0x2A,0xA0,0x37,0xE0,0x36,0xA0,0x24,0xE0,0x00,
    0x00,0x24,0x80,0x24,0x80,0x3E,0xE0,0x45,0x40,0x47,0x40,0xAD,0x40,0x32,0xC0,0x32,
    0x80,0x32,0xC0,0x3F,0x40,0x22,0x30,0x00,0x00,0x11,0x00,0x2F,0xE0,0x20,0x00,0x27,
    0xC0,0x67,0xC0,0xE0,0x00,0x2F,0xE0,0x2E,0xE0,0x21,0x00,0x21,0x00,0x27,0x00,0x00,
    0x00,0x21,0x00,0x3F,0xC0,0x29,0x20,0x4B,0xE0,0x59,0x20,0xA7,0xC0,0x37,0xE0,0x39,
    0x00,0x2B,0xE0,0x3D,0x00,0x33,0xE0,0x00,0x00,0x30,0x00,0x2F,0xC0,0x29,0x40,0x2F,
    0xC0,0x6F,0xC0,0xA1,0x00,0xAF,0xE0,0x29,0xA0,0x29,0xA0,0x2E,0x60,0x28,0xE0,0x00,
    0x00,0x11,0x00,0x23,0x80,0x24,0xC0,0x3F,0xA0,0x60,0x40,0xAE,0xC0,0x2E,0xC0,0x2A,
    0xC0,0x2E,0xC0,0x2A,0x40,0x2E,0xC0,0x00,0x00,0x31,0x00,0x25,0x40,0x25,0x40,0x2F,
    0xE0,0x68,0x20,0xA7,0xC0,0xA0,0x00,0x2F,0xE0,0x22,0x80,0x24,0x40,0x2F,0xA0,0x00,
    0x00,0x31,0x00,0x2F,0xC0,0x29,0x40,0x2F,0xC0,0x69,0x40,0xA9,0x40,0xAF,0xC0,0x23,
    0xC0,0x25,0xC0,0x2D,0x20,0x31,0xE0,0x00,0x00,0x31,0x80,0x2F,0xE0,0x21,0x00,0x2F,
    0xC0,0x6F,0xC0,0x69,0x40,0xAF,0xC0,0x20,0x40,0x3F,0xE0,0x26,0x40,0x21,0x80,0x00,
    0x00,0x2F,0xE0,0x22,0x80,0x6F,0xC0,0x6A,0xC0,0xAF,0xC0,0x21,0x00,0x3F,0xE0,0x22,
    0x80,0x2D,0x40,0x31,0x20,0x00,0x00,0x00,0x00,0x22,0x00,0x3B,0x60,0x24,0x80,0x64,
    0x80,0x6F,0xE0,0xB1,0x20,0x3F,0xE0,0x24,0x00,0x27,0xC0,0x28,0x40,0x39,0x80,0x00,
    0x00,0x21,0x00,0x2F,0xC0,0x22,0x00,0x2F,0xC0,0x62,0x00,0xBF,0xE0,0x29,0x40,0x35,
    0xA0,0x23,0x80,0x2D,0x40,0x36,0x20,0x00,0x00,0x31,0x00,0x29,0x20,0x27,0xE0,0x21,
    0x40,0x7B,0xE0,0xE9,0x00,0x2B,0xC0,0x2E,0x40,0x2D,0xC0,0x2E,0x40,0x29,0xC0,0x00,
    0x00,0x21,0x00,0x39,0x20,0x2F,0xE0,0x25,0x00,0x67,0xE0,0x69,0x00,0xB7,0xE0,0x29,
    0x00,0x27,0xE0,0x29,0x00,0x27,0xE0,0x00,0x00,0x24,0x80,0x24,0x80,0x3E,0xE0,0x7F,
    0x20,0x65,0x20,0xBE,0xC0,0x28,0xC0,0x2E,0xC0,0x2A,0xC0,0x33,0x40,0x37,0x30,0x00,
    0x00,0x31,0x00,0x2F,0xC0,0x2E,0xA0,0x2B,0xA0,0x6F,0xE0,0xE4,0x80,0x3A,0x60,0x27,
    0xC0,0x2E,0x80,0x33,0x00,0x3C,0xE0,0x00,0x00,0x32,0x00,0x27,0x80,0x28,0x80,0x3F,
    0xC0,0x6D,0xE0,0x62,0x20,0xAE,0x40,0x37,0x80,0x3B,0x40,0x2D,0x20,0x33,0x20,0x00,
    0x00,0x31,0x00,0x25,0xE0,0x2B,0x00,0x2A,0xE0,0x6F,0xC0,0xF8,0x70,0x27,0xC0,0x27,
    0xC0,0x25,0x80,0x29,0x40,0x36,0x20,0x00,0x00,0x34,0x40,0x24,0x80,0x2F,0xE0,0x2D,
    0xA0,0x6B,0xA0,0xEF,0xE0,0x27,0x80,0x28,0x40,0x2F,0xC0,0x28,0x40,0x2F,0xC0,0x00,
    0x00,0x2F,0xE0,0x25,0x00,0x6F,0xC0,0x6D,0x40,0xA2,0x80,0x29,0x40,0x3F,0xE0,0x23,
    0x00,0x2D,0xC0,0x31,0x20,0x00,0x00,0x00,0x00,0x20,0x00,0x2F,0xE0,0x2F,0xC0,0x6F,
    0xC0,0x6F,0xC0,0xBF,0xE0,0x26,0x80,0x29,0x40,0x2F,0xC0,0x26,0x80,0x3F,0xE0,0x00,
    0x00,0x20,0x80,0x2E,0x40,0x2B,0xA0,0x6A,0xA0,0x6E,0xC0,0xA9,0xE0,0x2E,0x40,0x3B,
    0xE0,0x3A,0x40,0x2E,0x40,0x20,0x40,0x00,0x00,0x10,0x00,0x2F,0xC0,0x2F,0xE0,0x31,
    0x20,0x75,0xE0,0xA0,0x00,0x3F,0xE0,0x2F,0xC0,0x2A,0xA0,0x2A,0xA0,0x2A,0xC0,0x00,
    0x00,0x10,0x00,0x2F,0xC0,0x2F,0xC0,0x29,0x40,0x6F,0xC0,0xA0,0x00,0xBF,0xE0,0x37,
    0x60,0x3F,0xE0,0x37,0x60,0x3B,0xA0,0x00,0x00,0x11,0x00,0x11,0x00,0x11,0x00,0x11,
    0x00,0x11,0x00,0x11,0x00,0x11,0x00,0x11,0x20,0x21,0x20,0xC1,0xC0,0x00,0x00,0x00,
    0x00,0x04,0x00,0x08,0x00,0x19,0x00,0x30,0x80,0x7F,0xC0,0x0A,0x20,0x0A,0x00,0x12,
    0x00,0x12,0x20,0x22,0x20,0x41,0xE0,0x00,0x00,0x3F,0xC0,0x00,0x00,0x00,0x00,0x7F,
    0xE0,0x09,0x00,0x09,0x00,0x11,0x00,0x11,0x20,0x21,0x20,0xC1,0xC0,0x00,0x00,0x3F,
    0xC0,0x20,0x40,0x20,0x40,0x20,0x40,0x3F,0xC0,0x09,0x00,0x09,0x00,0x11,0x20,0x31,
    0x20,0x41,0xE0,0x00,0x00,0x04,0x00,0x04,0x00,0x7F,0xE0,0x09,0x00,0x10,0x80,0x3F,
    0xC0,0x0A,0x40,0x0A,0x00,0x1A,0x20,0x32,0x20,0x61,0xE0,0x00,0x00,0x0A,0x00,0x0A,
    0x00,0x6A,0x40,0x2A,0x80,0x1A,0x80,0x1B,0x00,0x6A,0xC0,0x4A,0x60,0x1A,0x20,0x32,
    0x20,0x61,0xE0,0x00,0x00,0x02,0x00,0x12,0x00,0x3F,0xC0,0x22,0x00,0x42,0x00,0x7F,
    0xE0,0x09,0x00,0x09,0x00,0x11,0x20,0x11,0x20,0x61,0xE0,0x00,0x00,0x04,0x00,0x24,
    0x40,0x24,0x80,0x15,0x80,0x04,0x00,0x7F,0xE0,0x0A,0x00,0x12,0x00,0x12,0x20,0x31,
    0x20,0xC1,0xE0,0x00,0x00,0x04,0x00,0x04,0x00,0x7F,0xE0,0x04,0x00,0x3F,0xC0,0x20,
    0x40,0x3F,0xC0,0x09,0x00,0x09,0x20,0x11,0x20,0x61,0xE0,0x00,0x00,0x08,0x00,0x1F,
    0x80,0x31,0x00,0x7B,0x80,0x64,0x40,0x24,0x40,0x3F,0xC0,0x06,0x00,0x0A,0x20,0x12,
    0x20,0x63,0xE0,0x00,0x00,0x10,0x80,0x11,0x00,0x3F,0xC0,0x20,0x40,0x20,0x40,0x20,
    0x40,0x3F,0xC0,0x0A,0x00,0x12,0x20,0x12,0x20,0x61,0xE0,0x00,0x00,0x08,0x00,0x1F,
    0x80,0x21,0x00,0xFF,0xC0,0x64,0x40,0x24,0x40,0x3F,0xC0,0x07,0x00,0x0A,0xA0,0x32,
    0x20,0x63,0xC0,0x00,0x00,0x04,0x00,0x34,0x80,0x7F,0xE0,0x40,0x20,0x5F,0xA0,0x10,
    0x80,0x10,0x80,0x1F,0x80,0x0A,0x00,0x12,0x20,0x61,0xE0,0x00,0x00,0x04,0x00,0x3F,
    0xC0,0x49,0x40,0x49,0x40,0x4F,0x40,0x59,0x40,0x6F,0xC0,0x0A,0x00,0x0A,0x20,0x12,
    0x20,0x61,0xE0,0x00,0x00,0x10,0x80,0x7B,0xE0,0x10,0x80,0x10,0x80,0x6B,0x40,0x4A,
    0x40,0x7B,0xC0,0x29,0x80,0x2D,0xA0,0x4A,0xA0,0xD4,0x60,0x00,0x00,0x08,0x00,0x04,
    0x00,0x04,0x00,0x06,0x00,0x06,0x00,0x09,0x00,0x11,0x80,0x30,0x80,0x60,0x40,0x40,
    0x20,0x00,0x00,0x00,0x00,0x04,0x00,0x06,0x00,0x09,0x00,0x30,0xC0,0xFF,0xA0,0x04,
    0x00,0x04,0x00,0x3F,0xC0,0x04,0x00,0x04,0x00,0x7F,0xE0,0x09,0x00,0x09,0x00,0x09,
    0x00,0x09,0x00,0x11,0x00,0x10,0x80,0x10,0x80,0x20,0x40,0x40,0x60,0xC0,0x20,0x00,
    0x00,0x00,0x00,0x09,0x00,0x11,0x00,0x10,0x80,0x24,0x40,0xC4,0x60,0x48,0x20,0x09,
    0x00,0x10,0x80,0x3F,0x80,0x20,0x40,0x00,0x00,0x00,0x00,0x04,0x00,0x04,0x00,0x02,
    0x00,0x7F,0xE0,0x00,0x00,0x09,0x00,0x19,0x80,0x10,0x80,0x20,0x40,0x60,0x40,0x40,
    0x20,0x00,0x00,0x10,0x80,0x10,0x80,0x09,0x00,0x7F,0xC0,0x00,0x00,0x00,0x00,0x3F,
    0xC0,0x00,0x00,0x00,0x00,0x00,0x00,0x7F,0xE0,0x11,0x00,0x11,0x00,0x7F,0xE0,0x11,
    0x00,0x11,0x00,0x11,0x00,0xFF,0xE0,0x00,0x00,0x19,0x00,0x30,0xC0,0x40,0x60,0x00,
    0x00,0x10,0x80,0x11,0x00,0x09,0x00,0x3F,0xC0,0x04,0x00,0x04,0x00,0x7F,0xE0,0x06,
    0x00,0x0B,0x00,0x31,0x80,0x60,0x60,0x00,0x00,0x64,0x40,0x24,0x40,0x12,0x80,0x12,
    0x80,0x00,0x00,0x7F,0xE0,0x09,0x00,0x11,0x80,0x20,0x40,0x40,0x20,0x00,0x00,0x00,
    0x00,0x1F,0xC0,0x10,0x00,0x10,0x00,0x1F,0xE0,0x11,0x00,0x11,0x00,0x7F,0xE0,0x09,
    0x00,0x10,0xC0,0x60,0x60,0x00,0x00,0x00,0x00,0x10,0x80,0x10,0x80,0x7F,0xE0,0x10,
    0x80,0x1F,0x80,0x10,0x80,0x1F,0x80,0x7F,0xE0,0x00,0x00,0x19,0x80,0x60,0x60,0x00,
    0x00,0x3F,0x80,0x20,0x80,0x3F,0x80,0x3F,0x80,0x20,0x80,0x3F,0x80,0x20,0x80,0x7F,
    0xE0,0x19,0x80,0x60,0x60,0x00,0x00,0x00,0x00,0x0A,0x00,0x09,0x00,0x3F,0xC0,0x29,
    0x40,0x29,0x40,0x3F,0xC0,0x29,0x40,0xFF,0xE0,0x00,0x00,0x19,0x80,0x60,0x60,0x00,
    0x00,0x10,0x80,0x09,0x00,0x7F,0xE0,0x11,0x00,0x25,0x40,0x2A,0x40,0x7F,0x80,0x18,
    0x80,0x29,0x40,0x5A,0xC0,0x67,0x20,0x00,0x00,0x10,0x80,0x19,0x00,0x6E,0xC0,0x3F,
    0xC0,0x04,0x00,0x7F,0xE0,0x09,0x00,0x31,0x80,0xC9,0x60,0x11,0x00,0x31,0x00,0x00,
    0x00,0x11,0x00,0x75,0xE0,0x0A,0x00,0x7F,0xC0,0x0A,0x40,0x7F,0xE0,0x0A,0x40,0x7F,
    0xC0,0x1B,0x80,0x6A,0x40,0x8A,0x20,0x00,0x00,0x11,0x00,0x1B,0x80,0x24,0x40,0x3F,
    0xC0,0x24,0x40,0x3F,0xC0,0xFF,0xE0,0x00,0x00,0x3F,0xC0,0x20,0x40,0x3F,0xC0,0x00,
    0x00,0x0A,0x00,0x79,0xE0,0x7B,0x20,0x00,0xC0,0x3F,0xC0,0x3F,0xC0,0x3F,0xC0,0x7F,
    0xE0,0x11,0x00,0x6F,0xE0,0x70,0xE0,0x00,0x00,0x04,0x00,0x04,0x00,0x3F,0xC0,0x24,
    0x40,0x24,0x40,0x26,0x40,0x29,0x40,0x30,0xC0,0x20,0x40,0x20,0x40,0x20,0xC0,0x00,
    0x00,0x7F,0xC0,0x40,0x40,0x51,0xC0,0x49,0x40,0x46,0x40,0x46,0x40,0x49,0x40,0x50,
    0xC0,0x40,0x40,0x41,0xC0,0x00,0x00,0x04,0x00,0x04,0x00,0x3F,0xC0,0x24,0x40,0x3F,
    0xC0,0x24,0x40,0x24,0x40,0x7F,0xE0,0x20,0x40,0x20,0x40,0x21,0xC0,0x00,0x00,0x3B,
    0xC0,0x2A,0x40,0x2A,0x40,0x2A,0x40,0xFF,0xE0,0x2A,0x40,0x2A,0x40,0x2A,0x40,0x4A,
    0x40,0x5F,0xC0,0x00,0x00,0x7F,0xE0,0x04,0x00,0x3F,0xC0,0x24,0x40,0x3F,0xC0,0x24,
    0x40,0xFF,0xE0,0x20,0x40,0x20,0x40,0x21,0xC0,0x00,0x00,0x7F,0xC0,0x5F,0xC0,0x40,
    0x40,0x5F,0xC0,0x3F,0xC0,0x20,0x40,0x3F,0xC0,0x3F,0xC0,0x20,0x40,0x3F,0xC0,0x00,
    0x00,0x00,0x00,0x3F,0xC0,0x5F,0x40,0x5F,0x40,0x0E,0x00,0x31,0x80,0x7F,0xC0,0x24,
    0x40,0x1F,0x80,0x0A,0x20,0x73,0xE0,0x00,0x00,0x00,0x00,0x7F,0xE0,0x40,0x20,0x40,
    0x20,0x1F,0x00,0x11,0x00,0x11,0x00,0x11,0x00,0x11,0x20,0x21,0x20,0x41,0xE0,0x00,
    0x00,0x7F,0xC0,0x50,0x40,0x50,0x40,0x1F,0x80,0x10,0x00,0x1F,0xC0,0x00,0x40,0x7F,
    0x40,0x00,0x40,0x03,0x80,0x00,0x00,0x7F,0xE0,0x48,0x20,0x6F,0xE0,0x10,0x00,0x12,
    0x00,0x3F,0xC0,0x02,0x00,0x7F,0xE0,0x02,0x00,0x02,0x00,0x00,0x00,0x04,0x00,0x04,
    0x00,0x7F,0xC0,0x44,0x40,0x0C,0x40,0x1A,0xC0,0x13,0x00,0x71,0x00,0xD0,0x80,0x16,
    0x60,0x18,0x00,0x00,0x00,0x7F,0xC0,0x40,0x20,0x3C,0x80,0x03,0xE0,0x56,0x80,0x29,
    0x80,0x29,0x80,0x29,0xA0,0x48,0x20,0xCF,0xE0,0x00,0x00,0x7F,0xC0,0x48,0x40,0x1F,
    0x80,0x21,0x00,0x7F,0xC0,0x24,0x40,0x3F,0xC0,0x06,0xA0,0x1A,0x60,0x63,0xE0,0x00,
    0x00,0x00,0x00,0x08,0x00,0x1F,0xC0,0x30,0x80,0x69,0x00,0x46,0x00,0x1F,0x00,0xE0,
    0xE0,0x1F,0x00,0x00,0x80,0x3E,0x00,0x01,0x80,0x00,0x00,0x4F,0xC0,0x24,0x80,0x24,
    0x80,0x24,0x80,0x0F,0xE0,0x20,0x20,0x20,0x20,0x3F,0xC0,0x40,0x40,0x41,0xC0,0x00,
    0x00,0x00,0x00,0x02,0x00,0x42,0x00,0x42,0x20,0x3F,0x40,0x27,0x80,0x06,0x80,0x2A,
    0x80,0x4A,0x40,0x52,0x60,0x62,0x20,0x86,0x00,0x00,0x00,0x01,0x00,0x41,0x00,0x27,
    0x80,0x29,0x40,0x09,0x40,0x29,0x40,0x29,0x40,0x2F,0xC0,0x41,0x00,0x41,0x00,0x41,
    0x00,0x00,0x00,0x02,0x00,0x42,0x00,0x4F,0xC0,0x22,0x40,0x02,0x40,0x22,0x40,0x3F,
    0xE0,0x22,0x00,0x45,0x00,0x48,0xC0,0x70,0x60,0x00,0x00,0x4F,0xC0,0x28,0x40,0x28,
    0x40,0x08,0x40,0x0F,0xC0,0x24,0x80,0x24,0x80,0x44,0xA0,0x48,0xA0,0x50,0xE0,0x00,
    0x00,0x00,0x00,0x02,0x00,0x42,0x00,0x44,0x80,0x28,0x40,0x3F,0xE0,0x00,0x20,0x2F,
    0xC0,0x28,0x40,0x48,0x40,0x48,0x40,0x4F,0xC0,0x00,0x00,0x01,0x00,0x43,0x00,0x24,
    0x80,0x2A,0x40,0x13,0x20,0x01,0x00,0x2F,0xC0,0x20,0x80,0x4D,0x80,0x43,0x00,0x01,
    0x80,0x00,0x00,0x02,0x00,0x42,0x00,0x2F,0xE0,0x25,0x00,0x05,0x00,0x0F,0xC0,0x21,
    0x00,0x25,0x80,0x49,0x40,0x51,0x20,0xD7,0x20,0x00,0x00,0x04,0x00,0x47,0x80,0x48,
    0x80,0x3F,0xC0,0x02,0x40,0x3F,0xE0,0x22,0x40,0x22,0x40,0x5F,0x80,0x42,0x00,0x0E,
    0x00,0x02,0x00,0x5F,0xE0,0x42,0x00,0x3F,0xC0,0x1F,0xE0,0x22,0x40,0x3D,0x80,0x5F,
    0xE0,0x48,0x80,0x47,0x80,0x5C,0x60,0x00,0x00,0x05,0x00,0x45,0x00,0x2F,0xE0,0x29,
    0x00,0x19,0x00,0x1F,0xE0,0x29,0x00,0x2F,0xE0,0x49,0x00,0x4F,0xE0,0x48,0x00,0x00,
    0x00,0x02,0x00,0x41,0x00,0x2E,0xE0,0x20,0x00,0x0F,0xC0,0x08,0x40,0x2F,0xC0,0x21,
    0x00,0x4D,0x40,0x59,0x20,0x57,0x20,0x00,0x00,0x4F,0xC0,0x49,0x40,0x2F,0xC0,0x09,
    0x40,0x0F,0xC0,0x28,0x40,0x2F,0xC0,0x54,0xC0,0x57,0xC0,0x30,0xC0,0x00,0x00,0x00,
    0x00,0x01,0x00,0x4F,0xC0,0x41,0x00,0x3B,0x60,0x04,0x80,0x2C,0x40,0x37,0xE0,0x2C,
    0x40,0x52,0x80,0x43,0x80,0x5C,0x60,0x00,0x00,0x01,0x40,0x41,0x20,0x5F,0xE0,0x30,
    0x80,0x16,0xC0,0x50,0xC0,0x36,0xC0,0x56,0x80,0x56,0xA0,0x51,0x60,0xB2,0x60,0x00,
    0x00,0x02,0x00,0x5F,0xC0,0x42,0x00,0x2F,0xC0,0x04,0x00,0x1F,0xE0,0x2F,0xC0,0x72,
    0x20,0x4F,0xC0,0x47,0x80,0xD8,0x40,0x00,0x00,0x02,0x00,0x5F,0xE0,0x44,0x80,0x2B,
    0x40,0x0C,0xC0,0x2F,0xC0,0x20,0x00,0x4F,0xC0,0x5F,0xE0,0x49,0xC0,0x36,0x20,0x00,
    0x00,0x10,0x00,0x5D,0xE0,0x57,0x40,0x3C,0x80,0x13,0xE0,0x7C,0xA0,0x59,0x80,0x5F,
    0xE0,0x49,0x80,0x57,0x80,0x32,0xE0,0x00,0x00,0x1F,0x00,0x11,0x00,0x11,0x00,0x11,
    0x00,0x11,0x00,0x11,0x00,0x11,0x00,0x21,0x20,0x21,0x20,0x40,0xE0,0x00,0x00,0x1F,
    0x00,0x11,0x00,0x11,0x00,0x19,0x00,0x15,0x00,0x13,0x00,0x23,0x00,0x21,0x20,0x61,
    0x20,0xC0,0xE0,0x00,0x00,0x3F,0xC0,0x20,0x40,0x3F,0x40,0x21,0x40,0x3A,0x40,0x26,
    0x40,0x26,0x40,0x4B,0x60,0x51,0xE0,0xE0,0x60,0x00,0x00,0x00,0x00,0x10,0x00,0x2F,
    0xC0,0x21,0x00,0x6F,0xE0,0xA1,0x00,0x2F,0xE0,0x20,0x00,0x1F,0x00,0x11,0x20,0x11,
    0x20,0x61,0xE0,0x00,0x00,0x10,0x00,0x57,0xC0,0x56,0x40,0x7A,0x40,0x02,0x40,0x7A,
    0x40,0x0A,0x40,0x7A,0x40,0x42,0x60,0x7A,0x60,0x44,0x60,0x00,0x00,0x3F,0xC0,0x24,
    0x40,0x3B,0x40,0x3F,0x40,0x3F,0x40,0x40,0x40,0x5F,0x40,0x5F,0x60,0x44,0x60,0x9B,
    0xE0,0x00,0x00,0x00,0x00,0x02,0x40,0x7F,0x80,0x29,0x60,0x3F,0xC0,0xFF,0xA0,0x2E,
    0x80,0x11,0x00,0x7F,0xE0,0x0E,0x00,0x11,0x20,0x71,0xE0,0x00,0x00,0x00,0x80,0x11,
    0x80,0x49,0x40,0x46,0x40,0x46,0x40,0x46,0x40,0x49,0x40,0x70,0xC0,0x50,0xC0,0x7F,
    0xC0,0x00,0x40,0x00,0x00,0x0F,0x00,0x11,0x00,0x11,0x00,0x71,0xC0,0x40,0x40,0x40,
    0x40,0x40,0x40,0x40,0x40,0x7F,0xC0,0x40,0x40,0x00,0x00,0x00,0x00,0x79,0xC0,0x49,
    0x40,0x49,0x40,0x49,0x40,0x4F,0x40,0x40,0x40,0x40,0x40,0x40,0x40,0x7F,0xC0,0x40,
    0x40,0x00,0x00,0x04,0x00,0x24,0x40,0x24,0x40,0x24,0x40,0x24,0x40,0x1F,0x80,0x44,
    0x40,0x44,0x40,0x44,0x40,0x44,0x40,0x7F,0xC0,0x00,0x00,0x04,0x00,0x04,0x00,0x7F,
    0xC0,0x04,0x00,0x04,0x00,0x7F,0xE0,0x04,0x00,0x24,0x40,0x24,0x40,0x24,0x40,0x1B,
    0xC0,0x00,0x00,0x3F,0xC0,0x01,0x80,0x56,0x40,0x54,0xC0,0x4D,0x40,0x4E,0x40,0x55,
    0xC0,0x64,0xC0,0x48,0x40,0x7F,0xC0,0x00,0x00,0x09,0x00,0x69,0x40,0x29,0x80,0x7F,
    0xE0,0x09,0x00,0x4A,0x40,0x55,0xC0,0x5F,0xC0,0x44,0x40,0x44,0x40,0x3F,0xC0,0x00,
    0x00,0x7F,0xC0,0x08,0x40,0x08,0x40,0x08,0x40,0x08,0x40,0x08,0x40,0x10,0x40,0x10,
    0x40,0x20,0xC0,0xC3,0x80,0x00,0x00,0x3F,0xC0,0x00,0x40,0x00,0x40,0x01,0x40,0x06,
    0x40,0x18,0x40,0x60,0x40,0x00,0x40,0x00,0x40,0x03,0x80,0x7F,0xC0,0x04,0x40,0x34,
    0x40,0x24,0x40,0x24,0x40,0x48,0x40,0x08,0x40,0x18,0x40,0x30,0x40,0x43,0x80,0x00,
    0x00,0x03,0x00,0x09,0x00,0x11,0x00,0x30,0x80,0x60,0x40,0xDF,0xA0,0x08,0x80,0x08,
    0x80,0x10,0x80,0x30,0x80,0x63,0x00,0x00,0x00,0x20,0x00,0x27,0xE0,0x22,0x20,0x2A,
    0x20,0xF2,0x20,0x22,0x20,0x22,0x20,0x2A,0x40,0x3E,0x40,0x24,0x40,0x09,0xC0,0x00,
    0x00,0x00,0x40,0x7D,0x40,0x11,0x40,0x11,0x40,0x11,0x40,0xFD,0x40,0x11,0x40,0x11,
    0x40,0x11,0x40,0x10,0x40,0x10,0xC0,0x00,0x00,0x00,0x40,0x7E,0x40,0x29,0x40,0x29,
    0x40,0x29,0x40,0x7F,0x40,0x29,0x40,0x29,0x40,0x29,0x40,0x48,0x40,0x48,0xC0,0x00,
    0x00,0x20,0x40,0x29,0x40,0x25,0x40,0x3F,0x40,0xE5,0x40,0x25,0x40,0x29,0x40,0x11,
    0x40,0x33,0x40,0xD4,0x40,0x0C,0xC0,0x00,0x00,0x00,0x40,0x7E,0x20,0x11,0x20,0x21,
    0x20,0x3D,0x20,0x45,0x20,0x75,0x20,0x99,0x20,0x11,0x20,0x30,0x20,0x60,0xC0,0x00,
    0x00,0x10,0x40,0x11,0x40,0x7F,0x40,0x05,0x40,0x69,0x40,0x29,0x40,0x19,0x40,0x19,
    0x40,0x2D,0x40,0x64,0x40,0xC0,0xC0,0x00,0x00,0x00,0x40,0x7D,0x40,0x45,0x40,0x55,
    0x40,0x55,0x40,0x55,0x40,0x55,0x40,0x55,0x40,0x19,0x40,0x26,0x40,0xC4,0xC0,0x00,
    0x00,0x7E,0x20,0x42,0xA0,0x66,0xA0,0x5A,0xA0,0x5A,0xA0,0x5A,0xA0,0x5A,0xA0,0x66,
    0xA0,0x42,0x20,0x4E,0xC0,0x00,0x00,0x00,0x00,0x08,0x20,0x19,0x20,0x25,0x20,0x43,
    0x20,0xBD,0x20,0x25,0x20,0x25,0x20,0x2D,0x20,0x24,0x20,0x22,0x20,0x3C,0xC0,0x00,
    0x00,0x20,0x00,0x27,0xE0,0x72,0x20,0x12,0x40,0x2A,0x40,0x2A,0x40,0x72,0x40,0xAA,
    0x40,0x24,0x40,0x24,0x40,0x29,0xC0,0x00,0x00,0x76,0x20,0x56,0xA0,0x56,0xA0,0x56,
    0xA0,0x7F,0xA0,0x56,0xA0,0x56,0xA0,0x5A,0x20,0x5A,0x20,0xFE,0xE0,0x00,0x00,0x00,
    0x00,0x10,0x40,0x53,0x20,0x55,0x20,0x35,0x20,0x7D,0x20,0x11,0x20,0x11,0x20,0x7F,
    0x20,0x11,0x20,0x30,0x20,0x60,0xC0,0x00,0x00,0x20,0x00,0x20,0xC0,0x7C,0xC0,0x44,
    0xC0,0xF4,0xC0,0x4C,0xC0,0x4C,0xC0,0x74,0xC0,0x4C,0x40,0x42,0x40,0x3E,0xC0,0x00,
    0x00,0x00,0x40,0x7D,0x20,0x11,0x20,0x11,0x20,0x7D,0x20,0x11,0x20,0x39,0x20,0x55,
    0x20,0xD1,0x20,0x10,0x20,0x10,0xC0,0x00,0x00,0x7D,0x40,0x45,0x40,0x45,0x40,0x7D,
    0x40,0x11,0x40,0x7D,0x40,0x25,0x40,0x24,0x40,0x24,0x40,0xDD,0xC0,0x00,0x00,0x00,
    0x00,0x7C,0x40,0x11,0x40,0x11,0x40,0x7F,0x40,0x11,0x40,0x7D,0x40,0x45,0x40,0x45,
    0x40,0x44,0x40,0x7C,0xC0,0x00,0x00,0x00,0x00,0x7F,0x20,0x11,0x20,0x25,0x20,0x7F,
    0x20,0x13,0x20,0x11,0x20,0x7F,0x20,0x11,0x20,0x9E,0x20,0x60,0xC0,0x00,0x00,0x00,
    0x00,0x08,0x00,0x28,0x20,0x7E,0xA0,0x48,0xA0,0x7E,0xA0,0x08,0xA0,0x7E,0xA0,0x4A,
    0xA0,0x4A,0xA0,0x4E,0x20,0x08,0xC0,0x00,0x00,0x00,0x20,0x3E,0xA0,0x42,0xA0,0x3E,
    0xA0,0x48,0xA0,0x5E,0xA0,0x6A,0xA0,0x6A,0xA0,0x6A,0x20,0x6E,0x20,0x88,0xC0,0x00,
    0x00,0x04,0x00,0x34,0x80,0x15,0x80,0x6F,0x40,0x08,0x00,0x7F,0xE0,0x10,0x80,0xFF,
    0xE0,0x48,0xA0,0x18,0x80,0x63,0x00,0x00,0x00,0x67,0x20,0x19,0x20,0x3D,0x20,0x53,
    0x20,0x11,0x20,0x7F,0x20,0x35,0x20,0x53,0x20,0x52,0x20,0xB0,0xC0,0x00,0x00,0x00,
    0x00,0x10,0x00,0x10,0x20,0x7E,0xA0,0x10,0xA0,0x7E,0xA0,0x52,0xA0,0x56,0xA0,0x30,
    0xA0,0x3C,0x20,0xD2,0x20,0x10,0xC0,0x00,0x00,0x10,0x00,0x10,0x20,0x7F,0x20,0x25,
    0x20,0x25,0x20,0x79,0x20,0x17,0x20,0x25,0x20,0x49,0x20,0x34,0x20,0xC2,0xC0,0x00,
    0x00,0x08,0x20,0x18,0xA0,0x24,0xA0,0x42,0xA0,0xBC,0xA0,0x00,0xA0,0x7E,0xA0,0x14,
    0xA0,0x24,0x20,0x7E,0x20,0x02,0xC0,0x00,0x00,0x3D,0x20,0x25,0x20,0x25,0x20,0x57,
    0x20,0x11,0x20,0x7F,0x20,0x19,0x20,0x35,0x20,0xD2,0x20,0x10,0xC0,0x00,0x00,0x00,
    0x00,0x10,0x00,0x11,0x40,0x7F,0x40,0x69,0x40,0x19,0x40,0x35,0x40,0xC3,0x40,0x25,
    0x40,0x25,0x40,0x24,0x40,0x44,0xC0,0x00,0x00,0x24,0x20,0x28,0x20,0x7C,0xA0,0x12,
    0xA0,0x7C,0xA0,0x50,0xA0,0x7E,0xA0,0x12,0xA0,0x32,0xA0,0x56,0x20,0x90,0xC0,0x00,
    0x00,0x10,0x00,0x52,0x20,0x35,0x20,0x11,0x20,0x6D,0x20,0x45,0x20,0x7D,0x20,0x45,
    0x20,0x7D,0x20,0x44,0x20,0x4C,0xC0,0x00,0x00,0x10,0x80,0x19,0x00,0x7F,0xE0,0x00,
    0x40,0x3D,0x40,0x45,0x40,0x3D,0x40,0x45,0x40,0x7D,0x40,0x44,0x40,0x4C,0xC0,0x00,
    0x00,0x3C,0xA0,0x44,0xA0,0x3C,0xA0,0x10,0xA0,0x7E,0xA0,0x52,0xA0,0x5A,0xA0,0x66,
    0x20,0x42,0x20,0x4E,0xC0,0x00,0x00,0x00,0x00,0x08,0x00,0x18,0xA0,0x26,0xA0,0x42,
    0xA0,0xBC,0xA0,0x52,0xA0,0x52,0xA0,0x2C,0xA0,0x2C,0xA0,0x1E,0x20,0x60,0xC0,0x00,
    0x00,0x00,0x40,0x3C,0xA0,0x3E,0xA0,0x22,0xA0,0x3C,0xA0,0x20,0xA0,0x7E,0xA0,0xEA,
    0xA0,0x2A,0x20,0xD2,0x20,0x2C,0xC0,0x00,0x00,0x10,0x00,0x10,0x20,0x7F,0x20,0x25,
    0x20,0x29,0x20,0xFF,0x20,0x01,0x20,0x7D,0x20,0x45,0x20,0x44,0x20,0x7C,0xC0,0x00,
    0x00,0x7C,0xA0,0x04,0xA0,0x3C,0xA0,0x76,0xA0,0x08,0xA0,0x4A,0xA0,0x3C,0xA0,0x2C,
    0x20,0xCA,0x20,0x30,0xC0,0x00,0x00,0x00,0x00,0x7E,0x20,0x42,0xA0,0x7E,0xA0,0x48,
    0xA0,0x7E,0xA0,0x48,0xA0,0x5E,0xA0,0x52,0xA0,0x52,0x20,0x9E,0xC0,0x00,0x00,0x00,
    0x00,0x7E,0x20,0x08,0xA0,0x7E,0xA0,0x2E,0xA0,0x6E,0xA0,0x6D,0xA0,0x36,0xA0,0x2C,
    0xA0,0x4A,0x20,0x88,0xC0,0x00,0x00,0x00,0x00,0x10,0x80,0x7F,0xE0,0x00,0x00,0x3D,
    0x40,0x3D,0x40,0x3D,0x40,0x2C,0xC0,0x00,0x00,0x7F,0xC0,0x08,0x40,0x71,0xC0,0x00,
    0x00,0x7E,0x20,0x00,0xA0,0x7C,0xA0,0x3C,0xA0,0x00,0xA0,0x7E,0xA0,0x52,0xA0,0x7E,
    0x20,0x52,0x20,0x7E,0xC0,0x00,0x00,0x00,0x00,0x10,0x00,0x7E,0x20,0x42,0xA0,0x7E,
    0xA0,0x10,0xA0,0x7E,0xA0,0x7E,0xA0,0x10,0xA0,0x6E,0xA0,0x42,0x20,0x3C,0xC0,0x00,
    0x00,0x2A,0x00,0x54,0xA0,0x2A,0xA0,0x7E,0xA0,0x4A,0xA0,0x7E,0xA0,0x7E,0xA0,0x6E,
    0xA0,0x10,0x20,0x2E,0x20,0xCA,0xC0,0x00,0x00,0x00,0x80,0x3B,0xE0,0x79,0x40,0x43,
    0xE0,0x78,0x80,0xE7,0xE0,0x18,0x80,0x7F,0xC0,0x08,0x40,0x18,0x40,0x61,0x80,0x00,
    0x00,0x04,0x00,0x08,0x00,0x08,0x00,0x7F,0xC0,0x08,0x40,0x08,0x40,0x08,0x40,0x08,
    0x40,0x10,0x40,0x20,0x40,0x43,0x80,0x00,0x00,0x01,0x00,0x01,0x00,0x7A,0x00,0x4F,
    0xE0,0x2A,0x20,0x32,0x20,0x12,0x40,0x32,0x40,0x2A,0x40,0x4C,0x40,0x88,0xC0,0x00,
    0x00,0x08,0x00,0x08,0x00,0x7F,0x80,0x08,0x80,0x28,0x80,0x28,0xC0,0x48,0xA0,0xD0,
    0xA0,0x10,0x80,0x20,0x80,0xC7,0x00,0x00,0x00,0x02,0x00,0x02,0x00,0x7A,0x00,0x27,
    0xC0,0x22,0x40,0x22,0x40,0x22,0x40,0x2A,0x40,0xF4,0x40,0x04,0x40,0x19,0xC0,0x00,
    0x00,0x20,0x00,0x20,0x00,0x7D,0xE0,0x25,0x20,0x25,0x20,0x25,0x20,0x25,0x20,0x25,
    0x20,0x45,0x20,0x45,0xE0,0x99,0x20,0x00,0x00,0x08,0x00,0x1F,0xC0,0x30,0x80,0x4B,
    0x00,0x0E,0x00,0x71,0xE0,0x8C,0x00,0x3F,0xC0,0x08,0x80,0x10,0x80,0x63,0x80,0x00,
    0x00,0x04,0x00,0x15,0x00,0x34,0xC0,0x45,0xA0,0x0E,0x00,0xF0,0x00,0x37,0x80,0x08,
    0x40,0x08,0x40,0x10,0x40,0x63,0x80,0x00,0x00,0x01,0x00,0x7D,0x00,0x01,0x00,0x03,
    0xE0,0x7D,0x20,0x21,0x20,0x29,0x20,0x29,0x20,0x4E,0x20,0x76,0x40,0x04,0xC0,0x00,
    0x00,0x01,0x00,0x79,0x00,0x49,0x00,0x4B,0xE0,0x79,0x20,0x49,0x20,0x79,0x20,0x49,
    0x40,0x4E,0x40,0xFA,0x40,0x0C,0xC0,0x00,0x00,0x10,0x00,0x7B,0xC0,0x26,0x40,0x69,
    0xC0,0x19,0x80,0x6E,0x60,0x88,0x00,0x7F,0xC0,0x08,0x40,0x10,0x40,0x63,0x80,0x00,
    0x00,0x11,0x00,0x11,0x00,0x7D,0x00,0x13,0xE0,0x11,0x20,0x7D,0x20,0x21,0x20,0x29,
    0x20,0x26,0x20,0x7E,0x20,0x04,0xC0,0x00,0x00,0x00,0x80,0x7F,0x00,0x41,0x00,0x7D,
    0xE0,0x51,0x20,0x5D,0x20,0x55,0x20,0x55,0x40,0x55,0x40,0x66,0x40,0xAA,0xC0,0x00,
    0x00,0x01,0x00,0x79,0x00,0x09,0x00,0x13,0xC0,0x6D,0x40,0xC5,0x40,0x7D,0x40,0x11,
    0x40,0x12,0x40,0xFE,0x40,0x04,0xC0,0x00,0x00,0x09,0x00,0x7F,0xE0,0x09,0x00,0x00,
    0x00,0x7F,0xE0,0x48,0x20,0x7F,0xC0,0x08,0x40,0x08,0x80,0x10,0x80,0x63,0x80,0x00,
    0x00,0x12,0x00,0x12,0x00,0x7F,0xC0,0x1E,0x40,0xF3,0x60,0x1C,0xE0,0x64,0x20,0x7F,
    0xC0,0x08,0x40,0x18,0x40,0x61,0x80,0x00,0x00,0x11,0x00,0x7D,0x00,0x11,0x00,0x7F,
    0xE0,0x45,0x20,0x3D,0x20,0x09,0x20,0x1D,0x40,0x72,0x40,0x12,0x40,0x34,0xC0,0x00,
    0x00,0x3F,0xC0,0x0F,0x00,0x3F,0xC0,0x3F,0xC0,0x24,0x40,0x3F,0xC0,0x04,0x00,0x7B,
    0xC0,0x08,0x40,0x71,0x80,0x00,0x00,0x00,0x00,0x11,0x00,0x3D,0x00,0x4B,0xC0,0xE9,
    0x20,0x55,0x40,0x55,0x40,0x7D,0x40,0x19,0x40,0x2A,0xE0,0x28,0x20,0xCF,0xE0,0x00,
    0x00,0x01,0x00,0x7D,0x00,0x45,0x00,0x7F,0xE0,0x39,0x20,0x45,0x20,0x55,0x20,0x55,
    0x20,0x51,0x20,0x2E,0x20,0xC6,0xC0,0x00,0x00,0x29,0x00,0x7D,0x00,0x29,0x00,0x3B,
    0xE0,0x11,0x20,0x7D,0x20,0x55,0x20,0x39,0x20,0x7D,0x40,0x12,0x40,0x16,0xC0,0x00,
    0x00,0x24,0x80,0x7E,0x80,0x24,0x80,0x3D,0xE0,0x25,0x20,0x3D,0x20,0x7F,0x20,0x59,
    0x20,0x55,0x20,0x65,0x20,0x7E,0xC0,0x00,0x00,0x09,0x00,0x7F,0xE0,0x1F,0x80,0x20,
    0x40,0x3F,0xC0,0x3F,0xC0,0x6E,0x60,0x19,0x80,0x7F,0xE0,0x88,0xA0,0x73,0x80,0x00,
    0x00,0x24,0x80,0x7E,0x80,0x24,0x80,0x1B,0xE0,0x7D,0x20,0x7D,0x20,0x11,0x20,0x7D,
    0x20,0x7D,0x20,0x95,0x20,0x6A,0xC0,0x00,0x00,0x18,0x00,0x10,0x00,0x1F,0xC0,0x20,
    0x40,0x50,0x40,0x48,0x40,0x04,0x40,0x06,0x40,0x00,0x40,0x00,0x40,0x03,0x80,0x00,
    0x00,0x10,0x00,0x10,0x00,0x3F,0xC0,0x2C,0x40,0xC8,0x40,0x0A,0x40,0x11,0x40,0x27,
    0x40,0x38,0xC0,0x00,0x40,0x03,0xC0,0x00,0x00,0x10,0x00,0x10,0x00,0x3F,0xC0,0x25,
    0x40,0x49,0x40,0x4A,0x40,0x12,0x40,0x22,0x40,0x44,0x40,0x08,0x40,0x31,0x80,0x00,
    0x00,0x18,0x00,0x10,0x00,0x3F,0xC0,0x30,0x40,0x48,0x40,0x44,0x40,0x01,0xC0,0x0E,
    0x40,0x70,0x40,0x00,0x40,0x03,0x80,0x10,0x00,0x1F,0x80,0x20,0x40,0x40,0x40,0xFE,
    0x40,0x22,0x40,0x22,0x40,0x3E,0x40,0x21,0xA0,0x20,0x20,0x3F,0xE0,0x00,0x00,0x10,
    0x00,0x10,0x00,0x3F,0xC0,0x25,0x40,0xC9,0x40,0x7A,0x40,0x16,0x40,0x25,0xC0,0x44,
    0x40,0x08,0x40,0x31,0x80,0x00,0x00,0x10,0x00,0x10,0x00,0x2F,0xC0,0x52,0x40,0xAD,
    0x40,0x2D,0x40,0x2D,0x40,0x33,0x40,0x21,0x40,0x3F,0x40,0x01,0xC0,0x00,0x00,0x12,
    0x00,0x12,0x20,0x22,0x40,0x22,0x80,0x63,0x00,0xA6,0x00,0x3E,0x00,0x22,0x20,0x22,
    0x20,0x23,0xE0,0x00,0x00,0x00,0x00,0x09,0x00,0x09,0x00,0x09,0x20,0x79,0x40,0x09,
    0x80,0x09,0x00,0x09,0x00,0x09,0x00,0x39,0x20,0xC9,0x20,0x09,0xE0,0x00,0x00,0x7D,
    0x00,0x7D,0x20,0x45,0x40,0x7D,0x80,0x01,0x00,0x7D,0x20,0x51,0x20,0x4D,0xC0,0x70,
    0x00,0x9F,0xE0,0x00,0x00,0x00,0x00,0x7F,0xE0,0x42,0x00,0x47,0x80,0x4A,0x40,0x4A,
    0x40,0x4A,0x40,0x4A,0xC0,0x42,0x00,0x40,0x00,0x7F,0xE0,0x00,0x00,0x3F,0xE0,0x20,
    0x40,0x2F,0x80,0x28,0x00,0x2F,0xE0,0x28,0x80,0x28,0x80,0x30,0x80,0x30,0x00,0x3F,
    0xE0,0x00,0x00,0x7F,0xE0,0x40,0x00,0x5F,0xC0,0x42,0x00,0x5F,0xC0,0x42,0x00,0x42,
    0x00,0x5F,0xC0,0x40,0x00,0x7F,0xE0,0x00,0x00,0x3F,0xE0,0x20,0x00,0x2F,0xC0,0x2A,
    0x40,0x2F,0xC0,0x2A,0x40,0x2F,0xC0,0x22,0x00,0x22,0x00,0x3F,0xE0,0x00,0x00,0x3F,
    0xE0,0x25,0x00,0x3D,0xC0,0x25,0x00,0x3D,0xC0,0x25,0x00,0x3D,0xE0,0x25,0x00,0x25,
    0x00,0x3F,0xE0,0x3F,0xE0,0x25,0x00,0x25,0x00,0x25,0x00,0x29,0x20,0x29,0x20,0x39,
    0xC0,0x30,0x00,0x20,0x00,0x3F,0xE0,0x3F,0xE0,0x20,0x40,0x38,0x80,0x25,0x80,0x23,
    0x00,0x27,0x00,0x2C,0x80,0x30,0x40,0x20,0x00,0x3F,0xE0,0x3F,0xE0,0x24,0x00,0x2F,
    0xC0,0x32,0x00,0x3F,0xE0,0x22,0x00,0x23,0x00,0x2C,0xC0,0x30,0x20,0x3F,0xE0,0x00,
    0x00,0x7F,0xE0,0x44,0x80,0x5F,0xE0,0x42,0x00,0x5D,0xE0,0x4F,0xC0,0x78,0x40,0x4F,
    0xC0,0x40,0x00,0x7F,0xE0,0x00,0x00,0x04,0x00,0x04,0x00,0x04,0x00,0x04,0x00,0x7F,
    0xE0,0x04,0x00,0x04,0x00,0x04,0x00,0x04,0x00,0x04,0x00,0x04,0x00,0x00,0x00,0x1F,
    0xC0,0x64,0x00,0x04,0x00,0x04,0x00,0x7F,0xE0,0x04,0x00,0x04,0x00,0x04,0x00,0x04,
    0x00,0x04,0x00,0x00,0x00,0x00,0x00,0x00,0x80,0x1E,0x80,0x70,0x80,0x10,0x80,0x10,
    0x80,0x7F,0xE0,0x10,0x80,0x10,0x80,0x10,0x80,0x20,0x80,0x40,0x80,0x00,0x00,0x10,
    0x00,0x10,0x00,0x1F,0xC0,0x22,0x00,0x42,0x00,0x02,0x00,0x7F,0xE0,0x02,0x00,0x02,
    0x00,0x02,0x00,0x02,0x00,0x00,0x00,0x04,0x00,0x04,0x00,0x7F,0xE0,0x04,0x00,0x14,
    0x80,0x10,0x80,0x7F,0xE0,0x10,0x80,0x10,0x80,0x20,0x80,0x40,0x80,0x00,0x00,0x04,
    0x00,0x24,0x40,0x34,0x80,0x15,0x80,0x04,0x00,0x7F,0xE0,0x04,0x00,0x7F,0xE0,0x04,
    0x00,0x04,0x00,0x04,0x00,0x00,0x00,0x12,0x00,0x12,0x60,0x22,0x80,0x57,0x00,0x9A,
    0x20,0x13,0xE0,0x14,0x00,0x04,0x00,0x7F,0xE0,0x04,0x00,0x04,0x00,0x00,0x00,0x22,
    0x00,0x22,0x00,0x2F,0xC0,0x72,0x40,0x2A,0x40,0x2A,0x60,0x2A,0x60,0x34,0x50,0x24,
    0x80,0x2C,0x80,0x39,0x80,0x00,0x00,0x04,0x00,0x1F,0x80,0x24,0x40,0x24,0x40,0x3F,
    0xC0,0x24,0x40,0x3F,0xC0,0x1A,0x00,0x7F,0xE0,0x02,0x00,0x02,0x00,0x00,0x00,0x04,
    0x00,0x02,0x00,0x7F,0xE0,0x11,0x00,0x19,0x80,0x2E,0x40,0x40,0x20,0x04,0x00,0x7F,
    0xE0,0x04,0x00,0x04,0x00,0x00,0x00,0x04,0x00,0x07,0xE0,0x04,0x00,0x3F,0xC0,0x20,
    0x40,0x3F,0xC0,0x20,0x40,0x1F,0x80,0x7F,0xE0,0x04,0x00,0x04,0x00,0x00,0x00,0x10,
    0x80,0x09,0x00,0x3F,0xC0,0x24,0x40,0x3F,0xC0,0x24,0x40,0x3F,0xC0,0x04,0x00,0x7F,
    0xE0,0x04,0x00,0x04,0x00,0x00,0x00,0x04,0x00,0x3F,0xC0,0x04,0x00,0x7F,0xE0,0x12,
    0x40,0x0A,0x40,0x3A,0x00,0x02,0x00,0x7F,0xE0,0x0D,0x80,0x70,0x60,0x00,0x00,0x04,
    0x00,0x7F,0xE0,0x04,0x00,0x3F,0x80,0x40,0x40,0x49,0x40,0x5F,0xC0,0x44,0x40,0x5F,
    0xC0,0x44,0x40,0x44,0xC0,0x00,0x00,0x21,0x80,0x2F,0xE0,0x21,0x00,0x7F,0xC0,0x2F,
    0xE0,0x29,0x20,0x2F,0xC0,0x20,0x40,0x3F,0xE0,0x24,0x40,0x23,0x80,0x00,0x00,0x08,
    0x00,0x08,0x00,0x08,0x00,0x0C,0x00,0x0B,0x00,0x09,0x80,0x08,0x40,0x08,0x20,0x08,
    0x00,0x08,0x00,0x08,0x00,0x00,0x00,0x04,0x00,0x04,0x00,0x02,0x00,0x7D,0xE0,0x04,
    0x00,0x07,0x00,0x04,0x80,0x04,0x40,0x04,0x00,0x04,0x00,0x04,0x00,0x00,0x00,0x04,
    0x00,0x04,0x00,0x07,0xE0,0x04,0x00,0x04,0x00,0x3F,0xC0,0x20,0x40,0x20,0x40,0x20,
    0x40,0x3F,0xC0,0x20,0x40,0x00,0x00,0x04,0x00,0x04,0x00,0x07,0xC0,0x04,0x00,0x04,
    0x00,0x7F,0xE0,0x04,0x00,0x07,0x00,0x04,0xC0,0x04,0x40,0x04,0x00,0x00,0x00,0x04,
    0x00,0x07,0xE0,0x04,0x00,0x04,0x00,0x3F,0xC0,0x20,0x40,0x20,0x40,0x3F,0xC0,0x20,
    0x00,0x20,0x00,0x40,0x00,0x00,0x00,0x04,0x00,0x07,0xE0,0x04,0x00,0x3F,0xC0,0x20,
    0x40,0x39,0x40,0x26,0x40,0x26,0x40,0x39,0xC0,0x20,0x40,0x3F,0xC0,0x00,0x00,0x01,
    0x00,0x7F,0x00,0x49,0x00,0x49,0x00,0x7D,0x80,0x45,0x60,0x45,0x20,0x7D,0x00,0x49,
    0x00,0x49,0x00,0x7F,0x00,0x00,0x00,0x7F,0xC0,0x08,0x40,0x08,0x40,0x08,0x40,0x08,
    0x40,0x0B,0xC0,0x08,0x00,0x08,0x00,0x08,0x00,0x7F,0xE0,0x04,0x00,0x3B,0xC0,0x42,
    0x40,0x4A,0x40,0x4A,0x40,0x4A,0x40,0x5A,0x40,0x6A,0x40,0x0A,0xC0,0x12,0x00,0x62,
    0x00,0x00,0x00,0x04,0x00,0x3B,0xE0,0x42,0x20,0x42,0x20,0x42,0x20,0x7A,0x20,0x42,
    0x20,0x42,0x20,0x5E,0x60,0x62,0x80,0x02,0x00,0x00,0x00,0x08,0x00,0x1F,0x80,0x10,
    0x80,0x3F,0xE0,0x60,0x00,0x2F,0x80,0x28,0x80,0x2A,0x80,0x29,0xA0,0x48,0x20,0x47,
    0xC0,0x00,0x00,0x7D,0xE0,0x45,0x20,0x7D,0x20,0x45,0x20,0x45,0x20,0x79,0x20,0x49,
    0x20,0x49,0xC0,0x75,0x00,0x41,0x00,0x00,0x00,0x00,0x00,0x10,0x00,0x11,0xE0,0x7D,
    0x20,0x11,0x20,0x11,0x20,0xFF,0x20,0x21,0x20,0x29,0x20,0x45,0xA0,0x7F,0x40,0x05,
    0x00,0x00,0x00,0x3F,0xC0,0x4A,0x40,0x5A,0xC0,0x5A,0xC0,0x5A,0xC0,0x4A,0xC0,0x7A,
    0x40,0x4A,0xC0,0x12,0x00,0x62,0x00,0x00,0x00,0x00,0x00,0x04,0x00,0x34,0x80,0x14,
    0x80,0x6F,0x40,0x08,0x00,0x7F,0xE0,0x1E,0x80,0x71,0x60,0xD3,0x00,0x10,0x40,0x1F,
    0xC0,0x00,0x00,0x20,0x00,0x21,0xE0,0x3D,0x20,0x49,0x20,0x7F,0x20,0x09,0x20,0x4D,
    0x20,0x49,0x20,0x49,0xE0,0xFF,0x00,0x01,0x00,0x00,0x00,0x10,0x00,0x6E,0xE0,0x4A,
    0xA0,0x5E,0xA0,0x5A,0xA0,0x5A,0xA0,0x5C,0xA0,0x6A,0xA0,0x2A,0xE0,0x2D,0x80,0x40,
    0x80,0x00,0x00,0x3F,0xE0,0x20,0x00,0x20,0x00,0x20,0x00,0x20,0x00,0x20,0x00,0x20,
    0x00,0x20,0x00,0x40,0x00,0xC0,0x00,0x00,0x00,0x3F,0xE0,0x20,0x00,0x2F,0xC0,0x28,
    0x40,0x28,0x40,0x28,0x40,0x29,0x80,0x48,0x20,0x48,0x20,0xC7,0xC0,0x00,0x00,0x3F,
    0xE0,0x20,0x00,0x20,0x00,0x3F,0xE0,0x21,0x00,0x21,0x00,0x21,0x00,0x41,0x00,0x41,
    0x00,0xC7,0x00,0x00,0x00,0x3F,0xE0,0x22,0x00,0x22,0x00,0x3F,0xC0,0x22,0x40,0x22,
    0x40,0x24,0x40,0x44,0x40,0x48,0x40,0xD1,0xC0,0x00,0x00,0x3F,0xE0,0x20,0x00,0x3F,
    0xE0,0x24,0x00,0x24,0x00,0x27,0xC0,0x24,0x40,0x48,0x40,0x48,0x40,0xF1,0x80,0x00,
    0x00,0x3F,0xE0,0x22,0x00,0x22,0x00,0x22,0x00,0x3F,0xE0,0x22,0x80,0x22,0xC0,0x42,
    0x60,0x42,0x00,0xDF,0xE0,0x00,0x00,0x3F,0xE0,0x22,0x80,0x22,0x40,0x22,0x40,0x3F,
    0xE0,0x23,0x00,0x23,0x00,0x44,0x80,0x48,0x40,0xF0,0x20,0x00,0x00,0x3F,0xE0,0x40,
    0x20,0x5E,0xA0,0x56,0xA0,0x56,0xA0,0x56,0xA0,0x56,0xA0,0x4C,0xA0,0x4A,0x20,0xB2,
    0xC0,0x00,0x00,0x00,0x00,0x3F,0xE0,0x20,0x00,0x2F,0xC0,0x2F,0xC0,0x2A,0x40,0x2F,
    0xC0,0x42,0x00,0x5F,0xE0,0x42,0x00,0xDF,0xE0,0x00,0x00,0x3F,0xE0,0x2F,0xC0,0x28,
    0x40,0x2F,0xC0,0x2F,0xC0,0x2F,0xC0,0x21,0x80,0x5F,0xE0,0x41,0x00,0xC6,0x00,0x00,
    0x00,0x00,0x00,0x3F,0xE0,0x22,0x00,0x2F,0xC0,0x28,0x40,0x2F,0xC0,0x2F,0xC0,0x21,
    0x00,0x4D,0xC0,0x49,0x20,0xD6,0x20,0x00,0x00,0x00,0x00,0x3F,0xE0,0x48,0x00,0x49,
    0xE0,0x5E,0x20,0x49,0xE0,0x5E,0x20,0x5D,0xE0,0x6A,0x20,0x4B,0xE0,0x8A,0x20,0x00,
    0x00,0x3F,0xE0,0x3F,0xE0,0x2F,0xC0,0x2B,0xC0,0x2C,0x40,0x2B,0xC0,0x24,0x00,0x4B,
    0xC0,0x77,0x80,0xFC,0xE0,0x00,0x00,0x00,0x00,0x3F,0xE0,0x20,0x40,0x3E,0x40,0x2D,
    0xE0,0x32,0x40,0x3F,0x40,0x40,0xC0,0x5A,0xC0,0x4E,0x40,0xF0,0xC0,0x00,0x00,0x3F,
    0xE0,0x40,0x00,0x5D,0xE0,0x5D,0x80,0x55,0x80,0x5D,0xE0,0x54,0x80,0x55,0x80,0x5F,
    0xA0,0x92,0x60,0x00,0x00,0x00,0x00,0x04,0x00,0x04,0x00,0x7F,0xC0,0x04,0x00,0x04,
    0x00,0x7F,0xE0,0x04,0x00,0x09,0x00,0x10,0x80,0x67,0xC0,0x38,0x60,0x00,0x00,0x3F,
    0x80,0x20,0x40,0x3F,0x80,0x20,0x40,0x3F,0x80,0x20,0x40,0x7F,0xE0,0x19,0x00,0x30,
    0xC0,0x7F,0x40,0x00,0x00,0x00,0x00,0x04,0x00,0x19,0x00,0x3F,0xC0,0x04,0x40,0x7F,
    0xE0,0x11,0x00,0x3F,0xC0,0xC0,0x20,0x1F,0x80,0x00,0x00,0x7F,0xE0,0x04,0x00,0x09,
    0x80,0x3F,0xE0,0x04,0x40,0x7F,0xE0,0x11,0x00,0x2E,0xC0,0xD3,0x20,0x1C,0xC0,0x23,
    0x00,0x7C,0x00,0x00,0x00,0x7F,0xC0,0x20,0x40,0x10,0x80,0x10,0x80,0x09,0x00,0x0B,
    0x00,0x06,0x00,0x0F,0x00,0x31,0xC0,0xC0,0x60,0x00,0x00,0x7F,0xC0,0x24,0x40,0x14,
    0x80,0x12,0x80,0x11,0x00,0x09,0x00,0x06,0x00,0x0E,0x00,0x31,0x80,0xC0,0x60,0x00,
    0x00,0x7F,0x80,0x10,0x80,0x11,0x00,0x19,0xC0,0x18,0x40,0x14,0x80,0x23,0x00,0x23,
    0x00,0x4C,0xC0,0xF8,0x20,0x00,0x00,0x08,0x00,0x08,0x00,0x7F,0xE0,0x08,0x00,0x1F,
    0xC0,0x18,0x40,0x14,0x80,0x25,0x80,0x23,0x00,0x4D,0x80,0xB0,0x60,0x00,0x00,0x7B,
    0xC0,0x0A,0x40,0x4A,0x40,0x2A,0x40,0x11,0x40,0x11,0x80,0x39,0x80,0x29,0x80,0x46,
    0x40,0x8C,0x30,0x00,0x00,0x1F,0xC0,0x20,0x00,0x20,0x00,0x3F,0xC0,0x28,0x40,0x2C,
    0x80,0x25,0x00,0x23,0x00,0x4D,0x80,0xF0,0x60,0x00,0x00,0x00,0x00,0x05,0x00,0x24,
    0xC0,0x48,0x00,0x7F,0xE0,0x08,0x00,0x1F,0xC0,0x18,0x80,0x35,0x80,0x23,0x00,0x4D,
    0x80,0xB0,0x60,0x00,0x00,0x10,0x00,0x13,0xC0,0x1E,0x20,0x12,0x40,0xFD,0x40,0x11,
    0x40,0x55,0x80,0x54,0x80,0x55,0xC0,0x92,0x40,0x34,0x20,0x00,0x00,0x7F,0xE0,0x29,
    0x20,0x39,0x40,0x29,0x40,0x29,0x40,0x39,0x40,0x28,0x80,0x3D,0x40,0xEB,0x60,0x0E,
    0x20,0x00,0x00,0x00,0x00,0x7F,0xC0,0x24,0x80,0x12,0x80,0x7F,0xE0,0x40,0x20,0x3F,
    0x80,0x09,0x80,0x0F,0x00,0x0F,0x00,0x70,0xE0,0x00,0x00,0x00,0x00,0x04,0x00,0x76,
    0xE0,0x09,0x00,0x19,0x80,0x29,0x40,0x40,0x20,0x3F,0x80,0x19,0x80,0x0F,0x00,0x0F,
    0x00,0xF0,0xE0,0x00,0x00,0x10,0x00,0x1B,0xE0,0x26,0x20,0xC5,0x20,0x39,0x40,0x11,
    0x40,0x7D,0x40,0x54,0x80,0x55,0xC0,0x53,0x40,0xB6,0x30,0x00,0x00,0x10,0x00,0x5B,
    0xE0,0x5A,0x00,0x5A,0x00,0x7B,0xE0,0x13,0x40,0x23,0x40,0xFC,0xC0,0x24,0x80,0x25,
    0x40,0x4E,0x20,0x00,0x00,0x3F,0xC0,0x1F,0x80,0x7F,0xC0,0x3B,0x80,0x44,0x60,0x7B,
    0xE0,0x7F,0xA0,0x3F,0x80,0x3F,0x80,0x7F,0xE0,0x00,0x00,0x3F,0xC0,0x20,0x40,0x20,
    0x40,0x20,0x40,0x20,0x40,0x20,0x40,0x20,0x40,0x3F,0xC0,0x20,0x40,0x00,0x00,0x00,
    0x00,0x04,0x00,0x04,0x00,0x7F,0xE0,0x04,0x00,0x04,0x00,0x04,0x00,0x3B,0xC0,0x20,
    0x40,0x20,0x40,0x20,0x40,0x3F,0xC0,0x00,0x00,0x10,0x00,0x10,0x00,0x3F,0xC0,0x20,
    0x40,0x7E,0x40,0xA2,0x40,0x22,0x40,0x22,0x40,0x3E,0x40,0x00,0x40,0x01,0xC0,0x00,
    0x00,0x3F,0xC0,0x20,0x40,0x20,0x40,0x3F,0xC0,0x08,0x00,0x7F,0xC0,0x08,0x40,0x08,
    0x40,0x30,0x40,0x63,0x80,0x00,0x00,0x00,0x00,0x3F,0xC0,0x20,0x40,0x20,0x40,0x20,
    0x40,0x20,0x40,0x3F,0xC0,0x09,0x00,0x10,0x80,0x20,0x40,0xC0,0x20,0x00,0x00,0x00,
    0x40,0x7A,0x40,0x4A,0x40,0x4A,0x40,0x4A,0x40,0x4A,0x40,0x4A,0x40,0x4B,0xC0,0x7A,
    0x40,0x00,0x40,0x00,0x40,0x00,0x00,0x7F,0xC0,0x08,0x40,0x10,0x40,0x33,0xC0,0xC0,
    0x00,0x3F,0xC0,0x20,0x40,0x20,0x40,0x20,0x40,0x3F,0xC0,0x00,0x00,0x72,0x80,0x52,
    0x80,0x52,0x80,0x52,0x80,0x52,0x80,0x52,0x80,0x54,0x40,0x74,0x40,0x08,0x20,0x18,
    0x20,0x00,0x00,0x00,0x00,0x7B,0xE0,0x48,0x80,0x48,0x80,0x48,0x80,0x48,0x80,0x48,
    0x80,0x48,0x80,0x78,0x80,0x00,0x80,0x03,0x80,0x00,0x00,0x7F,0xE0,0x00,0x40,0x00,
    0x40,0x3E,0x40,0x22,0x40,0x22,0x40,0x22,0x40,0x3E,0x40,0x00,0x40,0x01,0x80,0x00,
    0x00,0x04,0x00,0x09,0x00,0x11,0x80,0x20,0xC0,0x7F,0xE0,0x00,0x20,0x3F,0xC0,0x20,
    0x40,0x20,0x40,0x20,0x40,0x3F,0xC0,0x00,0x00,0x04,0x00,0x04,0x00,0x3F,0xC0,0x24,
    0x40,0x24,0x40,0x3F,0xC0,0x24,0x00,0x14,0x00,0x0C,0x00,0x1E,0x00,0xE1,0xE0,0x00,
    0x00,0x04,0x00,0x04,0x00,0x7F,0xE0,0x08,0x00,0x18,0x00,0x1F,0xC0,0x30,0x40,0x50,
    0x40,0x90,0x40,0x1F,0xC0,0x10,0x40,0x00,0x00,0x01,0x00,0x31,0x00,0x49,0x00,0x49,
    0x00,0x4F,0xE0,0x49,0x00,0x49,0x00,0x49,0x00,0x49,0x00,0x71,0x00,0x01,0x00,0x00,
    0x00,0x3F,0x80,0x20,0x40,0x3F,0x80,0x00,0x00,0x7F,0xE0,0x10,0x00,0x3F,0x80,0x00,
    0x80,0x00,0x80,0x07,0x80,0x00,0x00,0x00,0x00,0x3F,0xC0,0x00,0x40,0x7F,0xC0,0x00,
    0x40,0x3E,0x40,0x22,0x40,0x22,0x40,0x22,0x40,0x3E,0x40,0x01,0xC0,0x00,0x00,0x77,
    0xC0,0x54,0x40,0x52,0x40,0x52,0x40,0x52,0x40,0x51,0x80,0x51,0x00,0x73,0x80,0x06,
    0x40,0x08,0x20,0x00,0x00,0x7F,0xE0,0x48,0x20,0x48,0x20,0x48,0xA0,0x49,0x40,0x4E,
    0x40,0x4C,0x40,0x48,0x40,0x78,0x40,0x01,0xC0,0x7F,0xE0,0x48,0x80,0x48,0x80,0x48,
    0x80,0x4F,0xE0,0x48,0x80,0x48,0x80,0x78,0x80,0x00,0x80,0x03,0x00,0x03,0x00,0x72,
    0x00,0x53,0xE0,0x54,0x00,0x5F,0xC0,0x50,0x80,0x51,0x80,0x53,0x00,0x72,0x20,0x04,
    0x20,0x03,0xE0,0x08,0x00,0x1F,0xC0,0x30,0x80,0x49,0x00,0x06,0x00,0x39,0xE0,0xC0,
    0x00,0x3F,0x80,0x20,0x80,0x20,0x80,0x3F,0x80,0x00,0x00,0x04,0x00,0x06,0x00,0x19,
    0x00,0x30,0xC0,0xDF,0xE0,0x00,0x00,0x1F,0x80,0x20,0x40,0x20,0x40,0x20,0x40,0x3F,
    0xC0,0x00,0x00,0x04,0x00,0x04,0x00,0x7F,0xE0,0x04,0x00,0x04,0x00,0x7B,0xC0,0x00,
    0x00,0x3F,0xC0,0x20,0x40,0x20,0x40,0x3F,0xC0,0x00,0x00,0x3F,0x80,0x20,0x80,0x3F,
    0x80,0x04,0x00,0x04,0x00,0x7F,0xC0,0x44,0x40,0x44,0x40,0x45,0xC0,0x04,0x00,0x00,
    0x00,0x00,0x00,0x7F,0xC0,0x40,0x40,0x5F,0xC0,0x40,0x40,0x4F,0x40,0x49,0x40,0x49,
    0x40,0x4F,0x40,0x40,0x40,0x40,0xC0,0x00,0x00,0x04,0x00,0x08,0x00,0x17,0xC0,0x30,
    0x80,0x4F,0x00,0x04,0x00,0x3F,0xC0,0xD0,0x40,0x10,0x40,0x1F,0xC0,0x10,0x40,0x00,
    0x00,0x3F,0xC0,0x20,0x00,0x20,0x00,0x3F,0xE0,0x20,0x00,0x2F,0xC0,0x28,0x40,0x48,
    0x40,0x4F,0xC0,0x88,0x40,0x00,0x00,0x00,0x00,0x04,0x00,0x04,0x00,0x7F,0xE0,0x04,
    0x00,0x3F,0xC0,0x24,0x40,0x3F,0xC0,0x24,0x00,0x14,0x00,0x0E,0x00,0xF1,0xE0,0x00,
    0x00,0x01,0x00,0x01,0x00,0x79,0x00,0x49,0x00,0x4F,0xE0,0x49,0x00,0x49,0x00,0x49,
    0x00,0x49,0x00,0x31,0x00,0x0F,0xE0,0x04,0x00,0x04,0x00,0x7F,0xC0,0x40,0x40,0x4F,
    0x40,0x49,0x40,0x49,0x40,0x49,0x40,0x4F,0x40,0x40,0x40,0x40,0xC0,0x7F,0xE0,0x49,
    0x00,0x49,0x00,0x49,0x80,0x49,0x40,0x49,0x20,0x49,0x20,0x49,0x00,0x79,0x00,0x01,
    0x00,0x00,0x00,0x3F,0xC0,0x20,0x40,0x20,0x40,0x3F,0xC0,0x00,0x00,0x3F,0xC0,0x20,
    0x40,0x20,0x40,0x3F,0xC0,0x20,0x40,0x00,0x00,0x00,0x00,0x77,0xC0,0x52,0x40,0x52,
    0x40,0x54,0x40,0x57,0xE0,0x50,0x20,0x50,0x20,0x57,0xA0,0x70,0x40,0x01,0xC0,0x00,
    0x00,0x7F,0xC0,0x08,0x40,0x7F,0xE0,0x08,0x40,0x7F,0xC0,0x10,0x00,0x3F,0xC0,0x50,
    0x40,0x90,0x40,0x1F,0xC0,0x00,0x00,0x00,0x00,0x04,0x00,0x6F,0x60,0x10,0x80,0x09,
    0x00,0x06,0x00,0x39,0xC0,0xC0,0x20,0x3F,0xC0,0x20,0x40,0x20,0x40,0x3F,0xC0,0x00,
    0x00,0x3F,0xC0,0x04,0x00,0x7F,0xE0,0x09,0x00,0x11,0x80,0x3F,0xC0,0xE0,0xA0,0x20,
    0x80,0x20,0x80,0x3F,0x80,0x00,0x00,0x01,0x00,0x71,0x80,0x52,0x80,0x54,0x40,0x5D,
    0x20,0x50,0x80,0x57,0xC0,0x50,0x40,0x70,0x80,0x00,0x80,0x01,0x00,0x00,0x00,0x01,
    0x00,0x31,0xC0,0x49,0x60,0x49,0x00,0x4F,0xE0,0x49,0x00,0x49,0x00,0x4A,0x80,0x7A,
    0x80,0x04,0x40,0x08,0x20,0x00,0x00,0x7F,0xE0,0x04,0x00,0x0D,0x00,0x34,0xC0,0x44,
    0x20,0x3F,0xC0,0x20,0x40,0x20,0x40,0x3F,0xC0,0x20,0x40,0x00,0x00,0x77,0xC0,0x55,
    0x40,0x55,0x40,0x55,0x40,0x57,0xC0,0x54,0x00,0x54,0x00,0x74,0x20,0x04,0x20,0x07,
    0xE0,0x01,0x00,0x21,0x00,0x57,0xE0,0x51,0x00,0x55,0x20,0x55,0x20,0x55,0x20,0x53,
    0xC0,0x71,0x20,0x01,0x20,0x01,0xE0,0x00,0x80,0x22,0x80,0x52,0x80,0x54,0x40,0x54,
    0x20,0x5F,0xE0,0x52,0x40,0x52,0x40,0x52,0x40,0x74,0x40,0x09,0x80,0x00,0x00,0x06,
    0x00,0x0F,0x00,0x15,0x80,0x62,0x60,0xBF,0x80,0x00,0x80,0x01,0x00,0x3F,0xC0,0x20,
    0x40,0x20,0x40,0x3F,0xC0,0x00,0x00,0x23,0xE0,0x54,0x00,0x54,0x00,0x54,0x00,0x53,
    0xE0,0x54,0x80,0x54,0x80,0x74,0x80,0x04,0x80,0x08,0x80,0x00,0x00,0x00,0x00,0x01,
    0x00,0x01,0x00,0x77,0xE0,0x50,0x00,0x57,0x80,0x54,0x80,0x54,0x80,0x54,0x80,0x54,
    0xA0,0x24,0xA0,0x08,0x60,0x00,0x00,0x01,0x00,0x02,0x00,0x72,0x80,0x54,0x40,0x5F,
    0xE0,0x52,0xA0,0x52,0x80,0x54,0x80,0x54,0xA0,0x74,0xA0,0x18,0xE0,0x00,0x00,0x02,
    0x00,0x02,0x00,0x3D,0xC0,0x20,0x40,0x3F,0xC0,0x20,0x00,0x2F,0x80,0x30,0x40,0x50,
    0x40,0x50,0x40,0x9F,0xC0,0x00,0x00,0x01,0x00,0x01,0x00,0x77,0xE0,0x51,0x00,0x51,
    0x00,0x57,0xC0,0x52,0x40,0x52,0x80,0x51,0x00,0x72,0x80,0x1C,0x60,0x00,0x00,0x3F,
    0xC0,0x20,0x40,0x3F,0xC0,0x00,0x00,0x7F,0xC0,0x04,0x00,0x7F,0xE0,0x06,0x00,0x19,
    0x00,0x60,0xE0,0x00,0x00,0x00,0x00,0x01,0x00,0x71,0x00,0x53,0x40,0x55,0x40,0x55,
    0x20,0x55,0x20,0x59,0x40,0x50,0x80,0x71,0x80,0x02,0x00,0x0C,0x00,0x00,0x00,0x77,
    0xC0,0x52,0x40,0x52,0x80,0x52,0xE0,0x56,0x40,0x55,0x40,0x55,0x80,0x74,0x80,0x09,
    0x40,0x16,0x20,0x00,0x00,0x00,0x00,0x02,0x00,0x22,0x00,0x53,0xE0,0x54,0x20,0x5D,
    0x40,0x51,0x00,0x51,0x00,0x52,0x80,0x52,0x80,0x74,0x40,0x08,0x20,0x00,0x00,0x02,
    0x00,0x02,0x00,0x77,0xE0,0x55,0xA0,0x5A,0xA0,0x52,0xA0,0x55,0x20,0x55,0x40,0x5A,
    0x40,0x72,0x40,0x05,0xC0,0x7F,0x80,0x52,0x80,0x52,0x80,0x54,0x80,0x57,0x80,0x5C,
    0x80,0x54,0x80,0x74,0xA0,0x04,0xA0,0x0C,0xE0,0x00,0x00,0x00,0x00,0x7F,0xE0,0x08,
    0x00,0x7F,0x80,0x10,0x80,0x7F,0xE0,0x00,0x00,0x3F,0xC0,0x20,0x40,0x20,0x40,0x3F,
    0xC0,0x00,0x00,0x27,0xE0,0x50,0x40,0x54,0x40,0x54,0x40,0x57,0xE0,0x51,0x40,0x52,
    0x40,0x76,0x40,0x08,0x40,0x11,0x80,0x00,0x00,0x3F,0xC0,0x20,0x40,0x20,0x40,0x3F,
    0xC0,0x04,0x00,0x7F,0xE0,0x0E,0x00,0x1D,0x80,0x64,0x60,0x84,0x20,0x00,0x00,0x00,
    0x00,0x3F,0xC0,0x20,0x40,0x3F,0xC0,0x00,0x00,0x7F,0xC0,0x04,0x00,0x04,0x00,0x3F,
    0xC0,0x04,0x00,0x7F,0xE0,0x02,0x00,0x12,0x00,0x3F,0xC0,0x62,0x00,0x02,0x00,0x7F,
    0xE0,0x00,0x00,0x3F,0xC0,0x20,0x40,0x20,0x40,0x3F,0xC0,0x00,0x00,0x01,0x00,0x01,
    0x00,0x77,0xE0,0x55,0x20,0x55,0x20,0x55,0xA0,0x55,0xA0,0x56,0x60,0x74,0x60,0x04,
    0x20,0x04,0xE0,0x00,0x00,0x27,0xE0,0x54,0x60,0x57,0x40,0x55,0x40,0x54,0x80,0x54,
    0xC0,0x55,0x40,0x56,0x20,0x24,0x00,0x07,0xE0,0x3F,0x80,0x20,0x80,0x3F,0x80,0x00,
    0x00,0x3F,0xC0,0x24,0x40,0x24,0x40,0x26,0x40,0x09,0x80,0x70,0x60,0x00,0x00,0x00,
    0x00,0x01,0x00,0x21,0x80,0x52,0x80,0x54,0x40,0x5F,0xF0,0x54,0x40,0x54,0x40,0x55,
    0xC0,0x74,0x20,0x04,0x20,0x03,0xC0,0x01,0x00,0x73,0x80,0x54,0x40,0x54,0x40,0x55,
    0xC0,0x54,0x00,0x57,0xE0,0x50,0x20,0x77,0xA0,0x00,0x20,0x01,0xC0,0x77,0xE0,0x54,
    0x20,0x57,0xE0,0x54,0x00,0x55,0x20,0x55,0x40,0x55,0x80,0x79,0x20,0x09,0x20,0x19,
    0xE0,0x00,0x00,0x3F,0xC0,0x22,0x40,0x3F,0xC0,0x22,0x40,0x3F,0xC0,0x20,0x40,0x2F,
    0x40,0x49,0x40,0x4F,0x40,0xC0,0xC0,0x00,0x00,0x00,0x00,0x01,0x00,0x01,0x00,0x77,
    0xC0,0x51,0x00,0x51,0x00,0x5F,0xE0,0x53,0x80,0x53,0x80,0x75,0x40,0x19,0x30,0x01,
    0x00,0x00,0x00,0x27,0xE0,0x50,0x40,0x50,0x40,0x57,0x40,0x55,0x40,0x55,0x40,0x57,
    0x40,0x50,0x40,0x70,0x40,0x01,0xC0,0x00,0x00,0x77,0xE0,0x51,0x00,0x51,0x00,0x53,
    0x80,0x53,0x40,0x55,0x20,0x59,0x20,0x71,0x00,0x00,0x00,0x0F,0xE0,0x01,0x00,0x01,
    0x00,0x77,0xE0,0x55,0x20,0x55,0x20,0x57,0xE0,0x55,0x20,0x55,0x20,0x57,0xE0,0x71,
    0x00,0x01,0x00,0x00,0x00,0x77,0xE0,0x51,0x00,0x55,0x20,0x53,0x40,0x53,0x40,0x5F,
    0xE0,0x51,0x00,0x51,0x00,0x21,0x00,0x03,0x00,0x00,0x00,0x00,0x00,0x04,0x00,0x0B,
    0x00,0x11,0x80,0x7F,0xF0,0x80,0x20,0x3B,0xC0,0x2A,0x40,0x2A,0x40,0x2A,0x40,0x3A,
    0xC0,0x02,0x00,0x00,0x00,0x77,0xC0,0x54,0x40,0x54,0x40,0x57,0xC0,0x54,0x40,0x54,
    0x40,0x57,0xC0,0x74,0x40,0x04,0x40,0x0F,0xE0,0x00,0x00,0x02,0x00,0x02,0x00,0x77,
    0xC0,0x54,0x40,0x5F,0x40,0x55,0x40,0x55,0x40,0x57,0x40,0x54,0xE0,0x74,0x20,0x07,
    0xE0,0x02,0x00,0x02,0x00,0x77,0xE0,0x55,0x00,0x59,0x00,0x51,0xE0,0x51,0x00,0x51,
    0x00,0x51,0xE0,0x71,0x00,0x01,0x00,0x00,0x00,0x78,0x00,0x13,0xE0,0x12,0x20,0x7E,
    0x20,0x32,0x20,0x3A,0x20,0x56,0x20,0x92,0x20,0x13,0xE0,0x12,0x20,0x00,0x00,0x00,
    0x00,0x11,0x00,0x3D,0x00,0x25,0xC0,0x65,0x20,0x99,0x00,0x1F,0xE0,0xE0,0x00,0x3F,
    0xC0,0x20,0x40,0x20,0x40,0x3F,0xC0,0x00,0x00,0x02,0x00,0x01,0x80,0x76,0x80,0x51,
    0x20,0x51,0x40,0x5F,0x80,0x55,0x80,0x55,0x40,0x79,0x40,0x09,0x30,0x13,0x00,0x00,
    0x00,0x02,0x00,0x22,0x40,0x54,0x40,0x55,0xE0,0x54,0x40,0x5D,0x40,0x55,0x40,0x54,
    0xC0,0x54,0x40,0x74,0x40,0x05,0xC0,0x00,0x00,0x3B,0xC0,0x4A,0x40,0x4A,0x40,0x3B,
    0xC0,0x00,0x00,0x1F,0x00,0x11,0x00,0x11,0x20,0x21,0x20,0xC1,0xC0,0x00,0x00,0x00,
    0x00,0x01,0x00,0x01,0x00,0x77,0xE0,0x51,0x00,0x51,0x00,0x51,0x00,0x57,0xC0,0x54,
    0x40,0x54,0x40,0x74,0x40,0x07,0xC0,0x00,0x00,0x04,0x00,0x04,0x00,0x7E,0xE0,0x56,
    0xA0,0x56,0xA0,0x5A,0xA0,0x5A,0xA0,0x5A,0xA0,0x5A,0xA0,0x7A,0xE0,0x16,0xA0,0x00,
    0x00,0x02,0x00,0x02,0xC0,0x72,0x40,0x57,0xE0,0x53,0x20,0x55,0x40,0x55,0x40,0x55,
    0x80,0x79,0x20,0x0F,0x20,0x10,0xE0,0x00,0x00,0x44,0x00,0x67,0xC0,0x28,0x40,0x32,
    0x40,0x23,0x00,0x4C,0xC0,0x50,0x20,0x3F,0xC0,0x20,0x40,0x20,0x40,0x3F,0xC0,0x00,
    0x00,0x01,0x00,0x01,0x00,0x77,0xE0,0x52,0x80,0x54,0x40,0x54,0x40,0x5A,0xA0,0x52,
    0x80,0x51,0x00,0x72,0x80,0x0C,0x60,0x00,0x00,0x02,0x00,0x03,0xC0,0x74,0x40,0x5A,
    0x80,0x51,0x00,0x56,0xC0,0x58,0x20,0x57,0xC0,0x54,0x40,0x74,0x40,0x07,0xC0,0x00,
    0x00,0x01,0x00,0x01,0x00,0x77,0xE0,0x54,0x20,0x57,0xE0,0x54,0x20,0x54,0x20,0x57,
    0xE0,0x54,0x20,0x77,0xE0,0x04,0x20,0x00,0x00,0x01,0x00,0x01,0x00,0x77,0xE0,0x52,
    0x40,0x54,0x80,0x57,0x80,0x51,0x60,0x56,0x40,0x59,0x80,0x73,0xC0,0x0C,0x20,0x00,
    0x00,0x01,0x80,0x01,0x40,0x3F,0xE0,0x41,0x00,0x5F,0x40,0x41,0x40,0x5D,0x40,0x54,
    0x80,0x55,0xA0,0x5D,0xA0,0xC2,0x60,0x00,0x00,0x07,0xE0,0x79,0x20,0x59,0x20,0x5B,
    0xA0,0x59,0x20,0x59,0xA0,0x5A,0xA0,0x7A,0x60,0x08,0x20,0x0F,0xE0,0x00,0x00,0x04,
    0x00,0x7F,0xE0,0x00,0x00,0x3F,0xC0,0x20,0x40,0x20,0x40,0x1F,0x80,0x1A,0x60,0x71,
    0x80,0x92,0xC0,0x1C,0x20,0x00,0x00,0x3F,0x80,0x20,0x80,0x20,0x80,0x3F,0x80,0x00,
    0x00,0x7B,0xE0,0x4A,0x20,0x4A,0x20,0x7B,0xE0,0x4A,0x20,0x00,0x00,0x02,0x80,0x72,
    0x80,0x52,0x80,0x5F,0xE0,0x52,0x80,0x52,0x80,0x5F,0xE0,0x50,0x00,0x72,0x80,0x04,
    0x40,0x08,0x20,0x00,0x00,0x01,0x00,0x03,0xE0,0x76,0x40,0x5A,0x80,0x51,0x00,0x5F,
    0x80,0x53,0xE0,0x56,0x40,0x79,0xC0,0x03,0x00,0x0C,0x00,0x00,0x00,0x01,0x00,0x01,
    0x00,0x77,0xE0,0x51,0x00,0x51,0x00,0x5E,0xE0,0x51,0x00,0x57,0xE0,0x51,0x00,0x71,
    0x00,0x0F,0xE0,0x01,0x00,0x01,0x80,0x72,0x80,0x54,0x40,0x5B,0xE0,0x50,0x00,0x57,
    0xC0,0x54,0x40,0x54,0x40,0x74,0x40,0x07,0xC0,0x00,0x00,0x11,0x00,0x11,0x80,0x7D,
    0x60,0x11,0x00,0x7F,0xE0,0x01,0x40,0x7D,0x40,0x45,0x80,0x44,0xA0,0x7D,0xA0,0x06,
    0xE0,0x00,0x00,0x01,0x00,0x71,0x00,0x5F,0xE0,0x58,0x20,0x5B,0xA0,0x5A,0xA0,0x5A,
    0xA0,0x5A,0xA0,0x7B,0xA0,0x08,0x20,0x08,0xC0,0x02,0x80,0x02,0x80,0x77,0xE0,0x52,
    0x80,0x54,0x40,0x52,0x40,0x52,0x80,0x51,0x80,0x71,0x00,0x06,0xC0,0x18,0x30,0x00,
    0x00,0x7F,0xE0,0x52,0x80,0x52,0x80,0x5A,0xA0,0x5A,0xA0,0x56,0xC0,0x56,0xC0,0x72,
    0x80,0x02,0x80,0x0F,0xE0,0x02,0x80,0x74,0xA0,0x54,0xC0,0x5D,0x80,0x5E,0xA0,0x54,
    0xE0,0x54,0x00,0x51,0x00,0x5F,0xE0,0x71,0x00,0x01,0x00,0x00,0x00,0x04,0x80,0x74,
    0x80,0x56,0xE0,0x5B,0x20,0x5D,0x20,0x55,0x20,0x58,0xA0,0x5E,0xA0,0x50,0x20,0x7E,
    0x20,0x00,0xC0,0x7F,0xE0,0x1C,0x40,0x22,0x40,0x3E,0x40,0x00,0x00,0x7F,0xE0,0x3E,
    0x40,0x22,0x40,0x3E,0x40,0x01,0x80,0x00,0x00,0x00,0x00,0x00,0x80,0x0F,0xC0,0x74,
    0xA0,0x54,0x80,0x5F,0xE0,0x54,0xA0,0x53,0xC0,0x5C,0xC0,0x74,0xA0,0x03,0x60,0x0C,
    0x60,0x00,0x00,0x01,0x00,0x25,0x20,0x53,0x40,0x51,0x00,0x56,0xE0,0x54,0x20,0x57,
    0xE0,0x54,0x20,0x57,0xE0,0x24,0x20,0x04,0xC0,0x00,0x00,0x27,0xC0,0x55,0x20,0x57,
    0xC0,0x55,0x20,0x55,0x20,0x53,0xC0,0x51,0x00,0x77,0xE0,0x01,0x00,0x0F,0xE0,0x6E,
    0xE0,0x56,0xA0,0x56,0xA0,0x5E,0xC0,0x56,0xC0,0x5E,0xA0,0x5A,0xA0,0x7A,0xA0,0x0A,
    0xC0,0x16,0x80,0x00,0x00,0x00,0x00,0x3B,0xC0,0x4A,0x40,0x7B,0x40,0x00,0x80,0x04,
    0x80,0x7F,0xE0,0x06,0x00,0x0A,0x00,0x31,0x80,0xC0,0x60,0x00,0x00,0x00,0x00,0x02,
    0x00,0x27,0xA0,0x52,0x40,0x52,0x80,0x5F,0xE0,0x53,0x00,0x54,0xC0,0x59,0x00,0x77,
    0xE0,0x01,0x00,0x03,0x00,0x00,0x00,0x10,0x00,0x13,0xE0,0x7A,0x00,0x1B,0xE0,0x72,
    0x80,0x14,0x80,0x24,0x80,0x3F,0xC0,0x20,0x40,0x20,0x40,0x3F,0xC0,0x00,0x00,0x01,
    0x40,0x21,0x40,0x5F,0xE0,0x51,0x00,0x57,0xE0,0x55,0x20,0x57,0xE0,0x55,0x20,0x77,
    0xE0,0x05,0x20,0x05,0x40,0x00,0x00,0x01,0x00,0x77,0xE0,0x50,0x00,0x57,0xC0,0x54,
    0x40,0x53,0x80,0x57,0xE0,0x50,0x40,0x71,0x80,0x01,0x00,0x03,0x00,0x00,0x00,0x01,
    0x00,0x01,0x00,0x77,0xE0,0x50,0x00,0x57,0xC0,0x57,0xC0,0x50,0x00,0x57,0xC0,0x74,
    0x40,0x04,0x40,0x07,0xC0,0x00,0x00,0x01,0x00,0x22,0x80,0x54,0x40,0x5F,0xA0,0x52,
    0xC0,0x5E,0x20,0x53,0xC0,0x56,0x40,0x5A,0x80,0x73,0x80,0x0C,0x60,0x00,0x00,0x3F,
    0xE0,0x3F,0xC0,0x20,0x00,0x3F,0xE0,0x2A,0x40,0x2F,0x80,0x30,0x60,0x5F,0xC0,0x50,
    0x40,0xDF,0xC0,0x00,0x00,0x00,0x00,0x01,0x00,0x02,0xC0,0x74,0x40,0x57,0xA0,0x56,
    0x00,0x57,0xE0,0x59,0x00,0x5F,0xE0,0x71,0x80,0x02,0xC0,0x0C,0x30,0x00,0x00,0x02,
    0x00,0x3F,0xE0,0x22,0x00,0x3F,0xC0,0x22,0x40,0x3F,0xE0,0x3F,0xC0,0x42,0x00,0x5F,
    0xC0,0x50,0x40,0xDF,0xC0,0x00,0x00,0x02,0x00,0x03,0xC0,0x74,0x80,0x54,0x80,0x5F,
    0xC0,0x55,0x40,0x55,0x40,0x5F,0xE0,0x51,0x00,0x72,0xC0,0x0C,0x20,0x00,0x00,0x01,
    0x00,0x01,0xC0,0x71,0x00,0x56,0xE0,0x57,0xA0,0x55,0x20,0x59,0xC0,0x5B,0x80,0x7A,
    0x80,0x0A,0xA0,0x14,0x60,0x00,0x00,0x12,0x00,0x3F,0xE0,0x22,0x00,0x7F,0xC0,0xBF,
    0xC0,0x22,0x00,0x3F,0xE0,0x00,0x00,0x3F,0xC0,0x20,0x40,0x3F,0xC0,0x00,0x00,0x02,
    0x80,0x04,0x80,0x77,0xE0,0x54,0x80,0x5C,0x80,0x5F,0xE0,0x54,0x80,0x57,0xE0,0x74,
    0x80,0x07,0xE0,0x04,0x00,0x00,0x00,0x07,0xC0,0x74,0x40,0x57,0xC0,0x57,0xC0,0x50,
    0x00,0x57,0xE0,0x54,0x20,0x77,0xE0,0x04,0x20,0x07,0xE0,0x00,0x00,0x0F,0xC0,0x71,
    0x00,0x5F,0xE0,0x55,0x40,0x5F,0xE0,0x55,0x40,0x55,0x40,0x5F,0xE0,0x71,0x00,0x0F,
    0xE0,0x00,0x00,0x01,0x00,0x25,0xE0,0x55,0x00,0x5F,0xE0,0x50,0x00,0x57,0xC0,0x54,
    0x40,0x57,0xC0,0x77,0xC0,0x04,0x40,0x04,0xC0,0x00,0x00,0x77,0xE0,0x51,0x00,0x56,
    0x20,0x59,0xC0,0x57,0x40,0x5D,0x40,0x52,0xC0,0x74,0xA0,0x18,0xB0,0x03,0x00,0x00,
    0x00,0x04,0x00,0x6E,0xE0,0x11,0x00,0x09,0x00,0x3F,0xC0,0x49,0x40,0x50,0xC0,0x4F,
    0x40,0x49,0x40,0x4F,0x40,0x40,0xC0,0x00,0x00,0x6F,0xE0,0x6C,0x20,0x6D,0xA0,0x6D,
    0xA0,0x6D,0xA0,0x6B,0xA0,0x6B,0xA0,0x6C,0x20,0x68,0x20,0x08,0xC0,0x00,0x00,0x00,
    0x00,0x00,0x80,0x02,0x80,0x7E,0xE0,0x52,0x80,0x52,0x80,0x5E,0xE0,0x52,0x80,0x52,
    0x80,0x5E,0xE0,0x22,0x80,0x02,0x80,0x00,0x00,0x01,0x00,0x03,0xC0,0x75,0x20,0x55,
    0x20,0x57,0xE0,0x55,0x20,0x57,0xC0,0x52,0x80,0x5F,0xE0,0x70,0x80,0x00,0x80,0x00,
    0x00,0x01,0x00,0x02,0x80,0x76,0x40,0x5F,0xE0,0x51,0x00,0x5F,0xE0,0x51,0x00,0x57,
    0xC0,0x54,0x40,0x24,0x40,0x07,0xC0,0x00,0x00,0x04,0x80,0x04,0x80,0x75,0xE0,0x5E,
    0x00,0x55,0x20,0x57,0x40,0x5D,0x40,0x54,0xC0,0x54,0xC0,0x24,0x40,0x0F,0xE0,0x00,
    0x00,0x04,0x80,0x04,0x80,0x75,0xE0,0x5F,0x20,0x55,0x20,0x57,0x20,0x5D,0xE0,0x55,
    0x20,0x55,0x20,0x25,0xE0,0x09,0x20,0x00,0x00,0x01,0x00,0x05,0x00,0x75,0xE0,0x55,
    0x00,0x5F,0xE0,0x55,0x20,0x55,0x20,0x56,0xA0,0x56,0x40,0x74,0x20,0x07,0xC0,0x00,
    0x00,0x01,0x00,0x77,0xC0,0x51,0x40,0x5F,0xE0,0x51,0x40,0x5F,0xC0,0x5B,0xA0,0x5B,
    0xA0,0x7D,0x40,0x0D,0x40,0x11,0x20,0x00,0x00,0x01,0x00,0x01,0x00,0x7E,0xE0,0x52,
    0x80,0x5F,0xE0,0x59,0x20,0x57,0xC0,0x55,0x40,0x55,0x40,0x25,0xC0,0x01,0x00,0x00,
    0x00,0x01,0x00,0x7F,0xE0,0x5A,0x20,0x53,0xC0,0x56,0x40,0x59,0x80,0x5E,0xE0,0x57,
    0xC0,0x54,0x40,0x24,0x40,0x07,0xC0,0x00,0x00,0x27,0xC0,0x55,0x40,0x57,0xC0,0x57,
    0xC0,0x50,0x00,0x5F,0xE0,0x55,0x40,0x75,0xC0,0x05,0xC0,0x06,0x20,0x00,0x00,0x00,
    0x00,0x10,0x80,0x7B,0xE0,0x04,0x00,0x3F,0xC0,0x04,0x00,0x7F,0xE0,0x14,0x80,0x6B,
    0x60,0x3F,0xC0,0x20,0x40,0x3F,0xC0,0x00,0x00,0x04,0x40,0x04,0xA0,0x6F,0xA0,0x64,
    0xA0,0x6F,0xA0,0x6D,0xA0,0x6F,0xA0,0x66,0xA0,0x6D,0x20,0x15,0x20,0x04,0xC0,0x00,
    0x00,0x04,0x00,0x77,0xC0,0x54,0x40,0x5B,0xE0,0x59,0x00,0x5B,0xE0,0x5A,0x80,0x5B,
    0xE0,0x78,0x80,0x09,0x40,0x0E,0x20,0x00,0x00,0x00,0xC0,0x00,0xA0,0x6F,0xE0,0x58,
    0x80,0x5F,0xA0,0x58,0xC0,0x5F,0xC0,0x5D,0xC0,0x7F,0xA0,0x09,0x60,0x11,0x60,0x00,
    0x00,0x01,0x00,0x25,0x20,0x55,0x20,0x52,0xC0,0x5F,0xE0,0x51,0x00,0x57,0xE0,0x5A,
    0xA0,0x7A,0xA0,0x0A,0xA0,0x0A,0x40,0x00,0x00,0x04,0x00,0x7F,0xE0,0x04,0x00,0x7F,
    0xC0,0x3F,0xC0,0x2E,0xC0,0x11,0x00,0x7F,0xE0,0x1F,0x80,0x20,0x40,0x3F,0xC0,0x00,
    0x00,0x77,0xC0,0x57,0xC0,0x54,0x40,0x57,0xC0,0x54,0x00,0x5B,0xE0,0x55,0x20,0x56,
    0xA0,0x27,0xA0,0x00,0xC0,0x00,0x00,0x00,0x00,0x01,0x00,0x07,0xC0,0x78,0x20,0x5F,
    0xE0,0x50,0x00,0x57,0xC0,0x54,0x40,0x57,0xC0,0x57,0xC0,0x20,0x00,0x0F,0xE0,0x01,
    0x00,0x2F,0xE0,0x51,0x00,0x53,0xC0,0x5D,0x20,0x57,0xC0,0x57,0xC0,0x54,0x40,0x77,
    0xC0,0x00,0x00,0x0F,0xE0,0x01,0x00,0x07,0xE0,0x71,0x00,0x54,0x40,0x5F,0xE0,0x54,
    0x00,0x57,0xC0,0x55,0x40,0x75,0x40,0x02,0xC0,0x1C,0x20,0x00,0x00,0x01,0x00,0x02,
    0x80,0x74,0x40,0x5B,0xA0,0x56,0x20,0x59,0xA0,0x5E,0xA0,0x59,0xA0,0x5E,0xA0,0x29,
    0x20,0x0A,0xC0,0x00,0x00,0x01,0x00,0x27,0xC0,0x54,0x40,0x57,0xC0,0x57,0xC0,0x54,
    0x40,0x57,0xC0,0x51,0x40,0x5F,0xE0,0x72,0x80,0x1C,0x60,0x00,0x00,0x6F,0xC0,0x57,
    0x80,0x5C,0x40,0x5F,0xE0,0x5F,0xC0,0x5B,0xE0,0x5D,0xE0,0x63,0x00,0x0D,0xC0,0x11,
    0x20,0x00,0x00,0x00,0x00,0x02,0x00,0x07,0xA0,0x72,0x40,0x5F,0xE0,0x52,0xC0,0x5D,
    0x20,0x53,0xC0,0x57,0xC0,0x57,0xC0,0x74,0x40,0x07,0xC0,0x00,0x00,0x02,0x80,0x04,
    0x80,0x7B,0x60,0x52,0xA0,0x57,0xC0,0x5F,0xC0,0x5B,0x40,0x56,0xC0,0x56,0xC0,0x7B,
    0x40,0x06,0xC0,0x00,0x00,0x7D,0xE0,0x44,0x20,0x7F,0xA0,0x00,0x20,0x7D,0xA0,0x6D,
    0xA0,0x7D,0xA0,0x6D,0xA0,0x6C,0x20,0x4C,0xC0,0x00,0x00,0x04,0x80,0x04,0x80,0x6F,
    0xE0,0x64,0xA0,0x6F,0xA0,0x6D,0x80,0x6E,0x80,0x66,0xC0,0x6D,0xC0,0x15,0x20,0x17,
    0x30,0x00,0x00,0x04,0x00,0x7F,0xE0,0x7F,0xC0,0x00,0x00,0x3F,0xC0,0x3F,0xC0,0x6F,
    0xE0,0x10,0x00,0x7D,0xC0,0x25,0x40,0xD9,0xC0,0x00,0x00,0x7F,0xE0,0x57,0xC0,0x57,
    0xC0,0x54,0x40,0x57,0xC0,0x57,0xC0,0x52,0xE0,0x7D,0x40,0x01,0xA0,0x0E,0xE0,0x00,
    0x00,0x00,0x00,0x01,0x00,0x01,0xE0,0x71,0x00,0x5E,0xE0,0x5B,0xA0,0x59,0x20,0x58,
    0xC0,0x55,0xA0,0x7B,0xE0,0x09,0x80,0x17,0xE0,0x00,0x00,0x01,0x00,0x01,0x00,0x6F,
    0xE0,0x6A,0x40,0x6F,0xE0,0x6A,0x40,0x6B,0xC0,0x6E,0xE0,0x6B,0x60,0x13,0x70,0x12,
    0x40,0x00,0x00,0x6F,0xE0,0x5F,0xE0,0x58,0xE0,0x5F,0x00,0x5B,0xC0,0x5B,0xC0,0x5B,
    0x80,0x6D,0x60,0x0F,0xE0,0x14,0x60,0x00,0x00,0x00,0x00,0x04,0x00,0x04,0xE0,0x6E,
    0xA0,0x6E,0xA0,0x6A,0xE0,0x6E,0xA0,0x6A,0xA0,0x64,0xE0,0x6E,0xA0,0x65,0x20,0x05,
    0x60,0x00,0x00,0x02,0x80,0x7B,0xE0,0x5A,0xA0,0x5F,0xE0,0x53,0x00,0x54,0xC0,0x5F,
    0xE0,0x57,0xE0,0x75,0x20,0x0B,0xE0,0x19,0x60,0x00,0x00,0x0A,0x00,0x6A,0xE0,0x6F,
    0x80,0x6A,0x80,0x6E,0xE0,0x6E,0xC0,0x6A,0xC0,0x6F,0xC0,0x6A,0xC0,0x6B,0x40,0x11,
    0x40,0x00,0x00,0x01,0x00,0x7F,0xE0,0x51,0x00,0x5F,0xE0,0x57,0xC0,0x55,0x40,0x52,
    0x80,0x5F,0xE0,0x77,0xC0,0x04,0x40,0x07,0xC0,0x00,0x00,0x77,0xE0,0x55,0x60,0x57,
    0xA0,0x57,0xE0,0x51,0x00,0x57,0xE0,0x51,0x00,0x5F,0xE0,0x2A,0xA0,0x0A,0xA0,0x00,
    0x00,0x00,0x00,0x01,0x00,0x2F,0xE0,0x51,0x00,0x56,0xE0,0x5F,0xE0,0x5F,0xE0,0x50,
    0x00,0x57,0xC0,0x57,0xC0,0x22,0x80,0x0F,0xE0,0x3B,0xC0,0x4A,0x40,0x3B,0xC0,0x04,
    0x80,0x7F,0xE0,0x19,0x80,0xFB,0xE0,0x4A,0x40,0x4A,0x40,0x7B,0xC0,0x00,0x00,0x00,
    0x00,0x77,0xC0,0x57,0xC0,0x50,0x00,0x5E,0xE0,0x5E,0xA0,0x50,0x40,0x5F,0xE0,0x73,
    0x80,0x05,0x40,0x19,0x20,0x00,0x00,0x00,0x00,0x04,0x80,0x04,0x80,0x7B,0xE0,0x5B,
    0x20,0x5F,0xE0,0x55,0x40,0x55,0x40,0x55,0x40,0x7B,0xA0,0x01,0x00,0x0F,0xE0,0x02,
    0x80,0x7F,0xE0,0x52,0x80,0x55,0x40,0x57,0xC0,0x57,0xC0,0x56,0xC0,0x59,0x20,0x76,
    0xA0,0x07,0x20,0x00,0xC0,0x00,0x00,0x01,0x00,0x2F,0xE0,0x57,0xC0,0x57,0xC0,0x50,
    0x00,0x5F,0xE0,0x57,0xA0,0x5D,0x40,0x67,0x80,0x1F,0x40,0x1B,0x20,0x00,0x00,0x01,
    0x00,0x6F,0xC0,0x57,0xC0,0x58,0x20,0x57,0xC0,0x57,0xC0,0x57,0xC0,0x5F,0xE0,0x55,
    0xC0,0x2D,0x00,0x13,0xE0,0x00,0x00,0x7B,0xC0,0x7B,0xC0,0x7B,0xE0,0x04,0x00,0x3F,
    0xC0,0x26,0x40,0x79,0xE0,0x3B,0xC0,0x46,0x40,0x3B,0xC0,0x00,0x00,0x00,0x00,0x01,
    0x00,0x6F,0xE0,0x54,0xC0,0x5B,0x20,0x56,0xC0,0x5F,0xE0,0x5F,0xE0,0x5E,0x80,0x73,
    0x60,0x1C,0x80,0x07,0x60,0x00,0x00,0x6F,0xE0,0x55,0x40,0x5F,0xE0,0x5F,0xE0,0x50,
    0x40,0x5F,0xE0,0x5F,0x40,0x5E,0xC0,0x6A,0x40,0x0D,0xC0,0x00,0x00,0x00,0x00,0x04,
    0x00,0x7F,0xE0,0x24,0x40,0x1F,0x80,0x7B,0xE0,0x3F,0x80,0x7F,0xE0,0x7F,0xC0,0x7F,
    0xE0,0x33,0x80,0xDC,0xE0,0x00,0x00,0x7F,0xC0,0x44,0x40,0x44,0x40,0x44,0x40,0x46,
    0x40,0x49,0x40,0x58,0xC0,0x50,0xC0,0x40,0x40,0x7F,0xC0,0x00,0x00,0x7F,0xC0,0x49,
    0x40,0x49,0x40,0x49,0x40,0x49,0x40,0x51,0xC0,0x70,0x40,0x40,0x40,0x7F,0xC0,0x40,
    0x40,0x00,0x00,0x7F,0xC0,0x40,0x40,0x46,0x40,0x49,0x40,0x49,0x40,0x49,0x40,0x4F,
    0x40,0x40,0x40,0x7F,0xC0,0x40,0x40,0x00,0x00,0x00,0x00,0x7F,0xC0,0x44,0x40,0x44,
    0x40,0x5F,0xC0,0x44,0x40,0x46,0x40,0x49,0x40,0x50,0xC0,0x40,0x40,0x7F,0xC0,0x00,
    0x00,0x00,0x00,0x7F,0xE0,0x41,0x20,0x5D,0xA0,0x43,0x20,0x45,0x20,0x49,0x20,0x71,
    0x20,0x47,0x20,0x40,0x20,0x7F,0xE0,0x00,0x00,0x00,0x00,0x7F,0xE0,0x44,0x20,0x5F,
    0xA0,0x54,0xA0,0x54,0xA0,0x5F,0x20,0x44,0xA0,0x43,0xA0,0x40,0x20,0x7F,0xE0,0x00,
    0x00,0x00,0x00,0x7F,0xE0,0x40,0x20,0x5F,0x20,0x40,0x20,0x5F,0xA0,0x4A,0x20,0x4A,
    0xA0,0x73,0xA0,0x40,0x20,0x7F,0xE0,0x00,0x00,0x00,0x00,0x7F,0xC0,0x44,0x40,0x44,
    0x40,0x5F,0xC0,0x46,0x40,0x4D,0x40,0x74,0xC0,0x44,0x40,0x40,0x40,0x7F,0xC0,0x00,
    0x00,0x04,0x00,0x0C,0x00,0x7F,0xC0,0x44,0x40,0x4F,0xC0,0x59,0x40,0x46,0x40,0x47,
    0x40,0x58,0xC0,0x40,0x40,0x7F,0xC0,0x00,0x00,0x7F,0xC0,0x44,0x40,0x5F,0xC0,0x44,
    0x40,0x5F,0xC0,0x5F,0xC0,0x44,0xC0,0x47,0x40,0x40,0x40,0x7F,0xC0,0x00,0x00,0x00,
    0x00,0x7F,0xE0,0x44,0x20,0x5F,0xA0,0x44,0x20,0x4E,0x20,0x51,0x20,0x51,0x20,0x4F,
    0x20,0x40,0x20,0x7F,0xE0,0x00,0x00,0x00,0x00,0x7F,0xE0,0x40,0x20,0x5F,0xA0,0x44,
    0x20,0x5F,0xA0,0x45,0x20,0x44,0xA0,0x5F,0xA0,0x40,0x20,0x7F,0xE0,0x00,0x00,0x00,
    0x00,0x7F,0xC0,0x48,0x40,0x5F,0xC0,0x6E,0x40,0x4F,0x40,0x7C,0xC0,0x43,0x40,0x5E,
    0x40,0x41,0x40,0x7F,0xC0,0x00,0x00,0x00,0x00,0x7F,0xC0,0x5F,0xC0,0x44,0x40,0x5F,
    0xC0,0x5F,0xC0,0x54,0xC0,0x5F,0xC0,0x54,0xC0,0x41,0x40,0x7F,0xC0,0x00,0x00,0x00,
    0x00,0x7F,0xC0,0x5F,0x40,0x51,0x40,0x4E,0x40,0x5F,0x40,0x54,0xC0,0x56,0xC0,0x59,
    0xC0,0x60,0xC0,0x7F,0xC0,0x00,0x00,0x00,0x00,0x7F,0xE0,0x54,0xA0,0x5F,0xA0,0x44,
    0x20,0x7B,0xA0,0x5F,0xE0,0x6F,0x20,0x48,0xA0,0x47,0x20,0x7F,0xE0,0x00,0x00,0x00,
    0x00,0x04,0x00,0x04,0x00,0x04,0x00,0x04,0x00,0x7F,0xC0,0x04,0x00,0x04,0x00,0x04,
    0x00,0x04,0x00,0x7F,0xE0,0x00,0x00,0x7F,0xC0,0x10,0x80,0x0B,0x00,0x0F,0x00,0xF0,
    0xE0,0x04,0x00,0x3F,0xC0,0x04,0x00,0x04,0x00,0x7F,0xE0,0x00,0x00,0x04,0x00,0x08,
    0x00,0x7F,0xE0,0x10,0x00,0x11,0x00,0x2F,0xC0,0x61,0x00,0xA1,0x00,0x21,0x00,0x2F,
    0xE0,0x20,0x00,0x00,0x00,0x04,0x00,0x04,0x00,0x3F,0xC0,0x04,0x00,0x04,0x00,0x7B,
    0xE0,0x04,0x00,0x3F,0xC0,0x04,0x00,0x04,0x00,0x7F,0xE0,0x01,0x00,0x25,0x00,0x25,
    0x20,0x25,0xC0,0x7F,0x40,0x35,0x40,0x25,0x40,0x25,0xC0,0x35,0x20,0xE4,0x20,0x07,
    0xE0,0x20,0x00,0x25,0x40,0x25,0x40,0x75,0x40,0x25,0x40,0x25,0x40,0x25,0x40,0x25,
    0x40,0x79,0x40,0x89,0x40,0x18,0x40,0x00,0x00,0x20,0x00,0x27,0xC0,0x21,0x80,0x72,
    0x00,0x2F,0xE0,0x25,0x20,0x25,0x20,0x35,0x40,0xE9,0x40,0x12,0x40,0x05,0xC0,0x00,
    0x00,0x20,0x00,0x2F,0xC0,0x24,0x40,0x74,0x80,0x24,0xC0,0x26,0x40,0x26,0x40,0x2D,
    0x80,0xF9,0x80,0x0B,0x40,0x1C,0x20,0x00,0x00,0x21,0x00,0x21,0x00,0x21,0x00,0x75,
    0x00,0x25,0xE0,0x25,0x00,0x25,0x00,0x25,0x00,0x35,0x00,0xC5,0x00,0x1F,0xE0,0x02,
    0x00,0x22,0x00,0x23,0xE0,0x74,0x20,0x26,0x20,0x21,0x20,0x20,0xA0,0x23,0x20,0x3C,
    0x20,0xC0,0x40,0x01,0xC0,0x00,0x00,0x21,0x00,0x21,0x00,0x2F,0xE0,0x7A,0x00,0x22,
    0x00,0x23,0xC0,0x24,0x40,0x2C,0x40,0xF4,0x40,0x08,0x40,0x19,0xC0,0x00,0x00,0x20,
    0x00,0x27,0xC0,0x24,0x40,0x75,0x40,0x24,0xC0,0x24,0x40,0x2F,0xE0,0x24,0x40,0x74,
    0x40,0x88,0x40,0x19,0xC0,0x00,0x00,0x22,0x00,0x22,0x00,0x27,0xE0,0x74,0x40,0x29,
    0x40,0x29,0x00,0x21,0x00,0x23,0x00,0x7A,0x80,0x84,0x40,0x18,0x20,0x00,0x00,0x20,
    0x00,0x27,0xE0,0x21,0x00,0x21,0x00,0x79,0x00,0x23,0xC0,0x25,0x40,0x29,0x20,0x39,
    0x00,0xE1,0x00,0x01,0x00,0x00,0x00,0x04,0x00,0x14,0x80,0x24,0x80,0x24,0x80,0x35,
    0x40,0x4D,0x20,0x04,0x00,0x3F,0xC0,0x04,0x00,0x04,0x00,0x7F,0xE0,0x23,0x00,0x21,
    0x00,0x2F,0xE0,0x70,0x00,0x27,0x80,0x24,0x80,0x24,0x80,0x2C,0x80,0x74,0xA0,0x84,
    0xA0,0x18,0x60,0x00,0x00,0x22,0x00,0x22,0x00,0x2F,0xC0,0x22,0x40,0x72,0x40,0x22,
    0x40,0x2F,0xE0,0x23,0x00,0x3F,0x80,0xCC,0xC0,0x18,0x20,0x00,0x00,0x10,0x00,0x4F,
    0xC0,0x4A,0x40,0x4A,0x80,0x49,0x80,0x4E,0x60,0x04,0x00,0x3F,0xC0,0x04,0x00,0x04,
    0x00,0x7F,0xE0,0x20,0x00,0x27,0xE0,0x20,0x00,0x70,0x00,0x27,0xE0,0x21,0x00,0x22,
    0x00,0x22,0xC0,0x3C,0x40,0xC7,0xC0,0x08,0x20,0x00,0x00,0x20,0x00,0x27,0xC0,0x24,
    0x40,0x75,0x40,0x25,0x40,0x25,0x40,0x25,0x40,0x25,0x40,0x3A,0x80,0xC6,0x40,0x18,
    0x20,0x00,0x00,0x21,0x00,0x27,0xC0,0x24,0x40,0x74,0x40,0x25,0xC0,0x24,0x00,0x27,
    0xE0,0x20,0x20,0x37,0xA0,0xC0,0x20,0x01,0xC0,0x01,0x00,0x21,0x00,0x2F,0xE0,0x74,
    0x40,0x24,0x40,0x24,0x80,0x22,0x80,0x23,0x00,0x3B,0x00,0xC4,0xC0,0x18,0x20,0x00,
    0x00,0x01,0x00,0x79,0x00,0x49,0x00,0x59,0x00,0x4A,0x80,0x5E,0x40,0x48,0x20,0x04,
    0x00,0x3F,0xC0,0x04,0x00,0x7F,0xE0,0x21,0x00,0x21,0x00,0x2F,0xE0,0x79,0x40,0x29,
    0x00,0x2F,0xC0,0x2A,0x40,0x2A,0x80,0x79,0x80,0x8B,0x80,0x1C,0x60,0x00,0x00,0x21,
    0x00,0x21,0x00,0x27,0xE0,0x79,0x20,0x29,0x20,0x27,0xE0,0x29,0x20,0x29,0x20,0x77,
    0xE0,0x81,0x00,0x01,0x00,0x00,0x00,0x20,0x00,0x27,0xC0,0x24,0x40,0x74,0x40,0x27,
    0xC0,0x24,0x40,0x24,0x40,0x27,0xC0,0x38,0x00,0xC0,0x00,0x0F,0xE0,0x20,0x00,0x2F,
    0xE0,0x21,0x00,0x7D,0x20,0x25,0x40,0x25,0x40,0x2F,0xE0,0x21,0x00,0xB9,0x00,0x41,
    0x00,0x01,0x00,0x00,0x00,0x20,0x00,0x27,0xE0,0x21,0x00,0x79,0x00,0x23,0x80,0x27,
    0x40,0x2D,0x20,0x29,0x20,0x39,0x00,0xC0,0x00,0x0F,0xE0,0x20,0x00,0x2F,0xE0,0x20,
    0x40,0x72,0x40,0x25,0x40,0x25,0x40,0x25,0x40,0x27,0x40,0x30,0x40,0xC0,0x40,0x01,
    0xC0,0x00,0x00,0x7F,0xC0,0x04,0x00,0x7F,0xE0,0x14,0x80,0x7F,0xE0,0x14,0x80,0x14,
    0x80,0x7F,0xE0,0x04,0x00,0x3F,0xC0,0x00,0x00,0x21,0x00,0x21,0x00,0x2F,0xE0,0x20,
    0x00,0x74,0x40,0x24,0x40,0x22,0x40,0x22,0x80,0x3A,0x80,0xC0,0x80,0x0F,0xE0,0x09,
    0x00,0x08,0x80,0x7F,0x60,0x12,0xC0,0x13,0x20,0x3F,0xE0,0xC4,0x00,0x3F,0xC0,0x04,
    0x00,0x04,0x00,0x7F,0xE0,0x7F,0x40,0x25,0x40,0x25,0x40,0x7F,0x40,0x24,0x40,0x44,
    0xC0,0x04,0x00,0x3F,0xC0,0x04,0x00,0x7F,0xE0,0x00,0x00,0x04,0x00,0x09,0x00,0x3F,
    0xC0,0x11,0x40,0x29,0x40,0x7B,0xC0,0x04,0x20,0x04,0x00,0x3F,0xC0,0x04,0x00,0x7F,
    0xE0,0x20,0x00,0x27,0x80,0x24,0x80,0x74,0x80,0x2D,0x60,0x21,0x00,0x2F,0xE0,0x23,
    0x80,0x75,0xC0,0x89,0x20,0x11,0x00,0x00,0x00,0x20,0x00,0x27,0xE0,0x24,0x00,0x74,
    0x00,0x27,0xE0,0x24,0x00,0x27,0xC0,0x2A,0x40,0x7A,0x40,0x8B,0xC0,0x12,0x40,0x00,
    0x00,0x20,0x00,0x2F,0xE0,0x20,0x00,0x77,0xC0,0x24,0x40,0x27,0xC0,0x24,0x40,0x24,
    0x40,0xB3,0x80,0x40,0x00,0x0F,0xE0,0x3F,0xC0,0x3F,0xC0,0x20,0x40,0x3F,0xC0,0x24,
    0xC0,0x3B,0xC0,0x44,0x20,0x3F,0xC0,0x04,0x00,0x7F,0xE0,0x00,0x00,0x12,0x00,0x12,
    0x00,0x7F,0x80,0x12,0x40,0x7E,0x40,0x15,0x60,0x6C,0x60,0x04,0x00,0x3F,0xC0,0x04,
    0x00,0x7F,0xE0,0x21,0x00,0x22,0x00,0x2F,0xE0,0x74,0x80,0x2F,0xE0,0x38,0x20,0x2F,
    0xE0,0x24,0x00,0x33,0xC0,0xC0,0x40,0x03,0x80,0x00,0x00,0x20,0x00,0x2F,0xE0,0x21,
    0x00,0x77,0xC0,0x29,0x20,0x27,0xC0,0x29,0x20,0x27,0xC0,0xF5,0x00,0x03,0x00,0x1C,
    0xE0,0x00,0x00,0x21,0x00,0x22,0x80,0x24,0x40,0x7F,0xA0,0x24,0x00,0x27,0xE0,0x29,
    0x00,0x2F,0xE0,0x31,0x00,0xC6,0xC0,0x18,0x30,0x00,0x00,0x20,0x00,0x27,0xC0,0x29,
    0x40,0x77,0xC0,0x29,0x40,0x29,0x40,0x27,0x80,0x21,0x00,0x37,0xE0,0xC1,0x00,0x0F,
    0xE0,0x01,0x40,0x21,0x40,0x2F,0xE0,0x79,0x00,0x29,0x20,0x2E,0xC0,0x2A,0xC0,0x2A,
    0x80,0x7A,0xA0,0x97,0xA0,0x12,0x60,0x00,0x00,0x21,0x40,0x21,0x40,0x2F,0xE0,0x71,
    0x00,0x2F,0xE0,0x29,0x20,0x2F,0xE0,0x29,0x20,0x7F,0xE0,0x89,0x20,0x09,0x40,0x00,
    0x00,0x21,0x40,0x21,0x20,0x2F,0xE0,0x70,0x80,0x2E,0xA0,0x2A,0xC0,0x2A,0xC0,0x2E,
    0x80,0x32,0xA0,0x5D,0xA0,0x02,0x60,0x00,0x00,0x21,0x00,0x27,0xC0,0x28,0x40,0x77,
    0xC0,0x28,0x00,0x27,0xC0,0x28,0x40,0x37,0xC0,0x71,0x00,0x8F,0xE0,0x01,0x00,0x00,
    0x00,0x21,0x00,0x21,0x00,0x2F,0xE0,0x72,0x40,0x22,0x80,0x2F,0xE0,0x20,0x00,0x27,
    0xC0,0x34,0x40,0xC4,0x40,0x07,0xC0,0x00,0x00,0x20,0x80,0x7F,0xE0,0x10,0x80,0x1F,
    0x80,0x1F,0x80,0x10,0x80,0x7F,0xE0,0x14,0x80,0x7F,0xE0,0x84,0x00,0x7F,0xE0,0x24,
    0x40,0x14,0x80,0x7F,0xE0,0x40,0x20,0x5F,0xA0,0x20,0x80,0x1F,0x80,0x04,0x00,0x3F,
    0xC0,0x04,0x00,0x7F,0xE0,0x22,0x80,0x24,0x80,0x27,0xE0,0x74,0x80,0x2F,0xE0,0x3C,
    0x80,0x24,0x80,0x27,0xE0,0x3C,0x80,0xC7,0xE0,0x04,0x00,0x00,0x00,0x10,0x00,0x7F,
    0xE0,0x22,0x00,0x53,0xE0,0x3E,0x40,0x7E,0x40,0x12,0x40,0x04,0x00,0x3F,0xC0,0x04,
    0x00,0x7F,0xE0,0x01,0x00,0x7F,0xE0,0x52,0x00,0x57,0xC0,0x5F,0xC0,0x4F,0xC0,0x54,
    0x40,0x40,0x80,0x3F,0xC0,0x04,0x00,0x7F,0xE0,0x10,0x00,0x2F,0xC0,0x2E,0xC0,0x61,
    0x00,0xBF,0xE0,0x23,0x80,0x2D,0x60,0x14,0x00,0x3F,0xC0,0x04,0x00,0x7F,0xE0,0x27,
    0xC0,0x27,0xC0,0x74,0x40,0x27,0xC0,0x20,0x00,0x2F,0xE0,0x25,0x00,0x7D,0xC0,0x8D,
    0x00,0x13,0xE0,0x00,0x00,0x00,0x00,0x24,0x40,0x2F,0xE0,0x24,0x40,0x27,0xC0,0x74,
    0x40,0x27,0xC0,0x34,0xE0,0x2B,0x00,0x3A,0xC0,0xCC,0x40,0x0F,0xE0,0x20,0x00,0x2F,
    0xE0,0x2B,0xC0,0x7A,0x40,0x2B,0xC0,0x2B,0xC0,0x2F,0xE0,0x2A,0x40,0x39,0xC0,0xCE,
    0x20,0x0F,0xE0,0x22,0x00,0x22,0x20,0x27,0xC0,0x72,0x80,0x2F,0xE0,0x22,0x00,0x2F,
    0xC0,0x2C,0x40,0x37,0xC0,0xC4,0x40,0x07,0xC0,0x00,0x00,0x27,0xC0,0x27,0xC0,0x74,
    0x40,0x27,0xC0,0x2F,0xE0,0x23,0x20,0x2A,0xA0,0x76,0xE0,0x9B,0x20,0x06,0xC0,0x00,
    0x00,0x00,0x00,0x28,0x00,0x29,0xC0,0x7E,0x40,0x57,0xC0,0x57,0xC0,0x7E,0x40,0x26,
    0xC0,0x44,0x00,0x3F,0xC0,0x04,0x00,0x7F,0xE0,0x24,0x80,0x2F,0xE0,0x24,0x80,0x73,
    0x00,0x24,0x80,0x3F,0xE0,0x20,0x00,0x27,0xC0,0x78,0x40,0x88,0x40,0x0F,0xC0,0x00,
    0x00,0x01,0x00,0x2F,0xE0,0x28,0x00,0x7F,0xC0,0x29,0x40,0x2F,0xE0,0x2F,0xC0,0x29,
    0x00,0xFF,0xC0,0x14,0x40,0x17,0xC0,0x00,0x00,0x04,0x00,0x7F,0xE0,0x49,0x20,0x3F,
    0xC0,0x09,0x00,0x3F,0xC0,0x7F,0xE0,0x14,0x80,0x7F,0x60,0x84,0x00,0x7F,0xC0,0x01,
    0x00,0x2F,0xE0,0x21,0x00,0x77,0xC0,0x27,0xC0,0x27,0xC0,0x24,0x40,0x27,0xC0,0x3F,
    0xE0,0xC2,0x80,0x1C,0x60,0x00,0x00,0x21,0x00,0x2F,0xE0,0x24,0x80,0x7F,0xE0,0x20,
    0x00,0x2F,0xC0,0x2F,0xC0,0x2D,0x40,0x72,0x80,0x84,0xA0,0x18,0xE0,0x00,0x00,0x7D,
    0xE0,0x7D,0x40,0x54,0x80,0x3B,0xE0,0x7C,0xA0,0x1A,0x80,0x65,0x00,0x3F,0xC0,0x04,
    0x00,0x7F,0xE0,0x00,0x00,0x22,0x00,0x2F,0xE0,0x24,0x80,0x72,0x80,0x2F,0xE0,0x2A,
    0xA0,0x2C,0x60,0x2B,0xA0,0x3A,0xA0,0xCB,0xA0,0x08,0xC0,0x00,0x00,0x09,0x00,0x7F,
    0xE0,0x1F,0x80,0x20,0x40,0x3F,0xC0,0x3F,0xC0,0x7F,0xE0,0x11,0x00,0x3F,0xC0,0xC4,
    0x20,0x7F,0xC0,0x01,0x00,0x2B,0xA0,0x25,0x40,0x75,0x40,0x2F,0xE0,0x20,0x00,0x2F,
    0xC0,0x2B,0xA0,0x7B,0xA0,0x88,0x20,0x0F,0xC0,0x00,0x00,0x24,0x40,0x22,0x80,0x2F,
    0xE0,0x7D,0x60,0x2B,0xA0,0x2F,0xE0,0x23,0x80,0x24,0x40,0x37,0xC0,0xC4,0x40,0x07,
    0xC0,0x00,0x00,0x21,0x00,0x21,0xE0,0x21,0x00,0x7E,0xE0,0x2B,0xA0,0x2D,0x20,0x28,
    0xC0,0x3D,0xA0,0xEB,0xC0,0x11,0x80,0x17,0xE0,0x00,0x00,0x3F,0xC0,0x35,0x40,0x3F,
    0xC0,0x7F,0xC0,0x04,0x00,0x7F,0xE0,0x49,0x40,0x7F,0xE0,0x04,0x00,0x7F,0xE0,0x00,
    0x00,0x24,0x80,0x2E,0x80,0x20,0xE0,0x6E,0xA0,0x2F,0x40,0x21,0xC0,0x2E,0xC0,0x24,
    0xC0,0xFF,0xC0,0x04,0xA0,0x0F,0x30,0x00,0x00,0x01,0x00,0x3B,0xE0,0x29,0x40,0x31,
    0x40,0x7A,0xA0,0x6B,0xE0,0xB8,0x80,0x04,0x00,0x3F,0xC0,0x04,0x00,0x7F,0xE0,0x21,
    0x00,0x2F,0xE0,0x20,0x00,0x2F,0xC0,0x70,0x00,0x2F,0xE0,0x2F,0xE0,0x2E,0x40,0x3D,
    0x80,0xE7,0x40,0x1B,0x20,0x00,0x00,0x22,0x00,0x2F,0xE0,0x24,0x80,0x7B,0x40,0x24,
    0x80,0x2F,0xE0,0x2F,0xC0,0x2C,0x80,0xF3,0x60,0x1C,0x80,0x07,0x60,0x00,0x00,0x04,
    0x00,0x04,0x00,0x04,0x00,0x04,0x00,0x7F,0xE0,0x04,0x00,0x04,0x00,0x04,0x00,0x04,
    0x00,0x04,0x00,0x7F,0xC0,0x4F,0xC0,0x34,0x00,0x04,0x00,0x04,0x00,0x7F,0xE0,0x04,
    0x00,0x04,0x00,0x04,0x00,0x04,0x00,0x7F,0xC0,0x00,0x00,0x11,0x00,0x11,0x00,0x51,
    0x00,0x51,0x00,0x37,0xE0,0x31,0x00,0x31,0x00,0x51,0x00,0x91,0x00,0x17,0xE0,0x10,
    0x00,0x00,0x00,0x04,0x00,0x7F,0xE0,0x04,0x00,0x3F,0xC0,0x00,0x00,0x3F,0xC0,0x24,
    0x40,0x24,0x40,0x3F,0xC0,0x40,0x00,0xC0,0x00,0x00,0x00,0x04,0x00,0x04,0x00,0x7F,
    0xE0,0x3F,0xC0,0x00,0x00,0x7F,0xE0,0x40,0x20,0x4F,0x20,0x11,0x00,0x11,0x20,0x61,
    0xE0,0x00,0x00,0x04,0x00,0x7F,0xE0,0x04,0x00,0x3F,0xC0,0x00,0x00,0x7F,0xE0,0x49,
    0x20,0x29,0x40,0x19,0x80,0x09,0x00,0x7F,0xE0,0x04,0x00,0x7F,0xE0,0x04,0x00,0x3B,
    0xC0,0x7F,0xE0,0x5F,0xA0,0x00,0x00,0x3F,0x80,0x3F,0x80,0x09,0x00,0x7F,0xE0,0x31,
    0x00,0x21,0x00,0x3D,0x00,0x25,0x00,0x65,0xC0,0x65,0x20,0xE9,0x00,0x19,0x00,0x11,
    0x00,0x2C,0x00,0xC3,0xE0,0x00,0x00,0x08,0x00,0x1F,0xC0,0x30,0x80,0x4B,0x00,0x0F,
    0x00,0xF0,0xE0,0x3F,0xC0,0x24,0x40,0x3F,0xC0,0x24,0x40,0x3F,0xC0,0x00,0x00,0x10,
    0x00,0x3F,0xE0,0x20,0x00,0xFF,0xC0,0x3F,0xC0,0x20,0x40,0x3F,0xC0,0x1F,0xC0,0x78,
    0x80,0x47,0x00,0x78,0xE0,0x00,0x00,0x7F,0xE0,0x1F,0x80,0x20,0x40,0x3F,0xC0,0x3F,
    0xC0,0x3F,0xC0,0x1F,0x00,0x30,0xC0,0x4F,0x00,0x79,0xE0,0x00,0x00,0x00,0x00,0x0C,
    0x00,0x08,0x00,0x1F,0xC0,0x10,0x40,0x30,0x40,0x48,0x80,0x45,0x00,0x02,0x00,0x04,
    0x00,0x18,0x00,0x60,0x00,0x00,0x00,0x11,0x00,0x11,0x00,0x3D,0x00,0x25,0x00,0x65,
    0x80,0x65,0x60,0xD9,0x20,0x09,0x00,0x11,0x00,0x21,0x00,0x41,0x00,0x00,0x00,0x04,
    0x00,0x0F,0xC0,0x10,0x40,0x6D,0x80,0x0E,0x00,0x72,0x00,0x0F,0xE0,0x38,0xC0,0x45,
    0x80,0x0E,0x00,0x70,0x00,0x00,0x00,0x04,0x00,0x02,0x00,0x7F,0xE0,0x14,0x00,0x27,
    0xC0,0x2A,0x40,0x6D,0x80,0xB2,0x80,0x23,0x00,0x26,0x80,0x38,0x60,0x00,0x00,0x20,
    0x80,0x21,0xE0,0x7A,0x20,0x4D,0x40,0xF9,0x80,0x5E,0x80,0x59,0xE0,0x5B,0x20,0x7D,
    0x40,0x09,0x80,0x1E,0x00,0x00,0x00,0x04,0x00,0x04,0x00,0x04,0x00,0x7F,0xE0,0x04,
    0x00,0x06,0x00,0x06,0x00,0x09,0x00,0x11,0x80,0x20,0xC0,0x40,0x20,0x00,0x00,0x3F,
    0xC0,0x04,0x00,0x04,0x00,0x04,0x00,0x7F,0xE0,0x06,0x00,0x0E,0x00,0x19,0x00,0x30,
    0xC0,0x40,0x60,0x00,0x00,0x04,0x00,0x04,0x00,0x04,0x00,0x7F,0xE0,0x04,0x00,0x06,
    0x00,0x0A,0x00,0x09,0x00,0x1C,0x80,0x24,0x40,0xC2,0x20,0x00,0x00,0x04,0x00,0x04,
    0x00,0x3F,0xC0,0x04,0x00,0x04,0x00,0x7F,0xE0,0x06,0x00,0x06,0x00,0x09,0x00,0x30,
    0xC0,0x60,0x60,0x00,0x00,0x04,0x00,0x3F,0xC0,0x24,0x40,0x24,0x40,0x24,0x40,0x7F,
    0xE0,0x06,0x00,0x0B,0x00,0x11,0x80,0x60,0x60,0x00,0x00,0x00,0x00,0x04,0x00,0x04,
    0x00,0x7F,0xE0,0x09,0x00,0x10,0x80,0xE4,0x60,0x3F,0x80,0x08,0x80,0x08,0x80,0x10,
    0x80,0x63,0x80,0x00,0x00,0x02,0x00,0x12,0x00,0x3F,0xC0,0x24,0x00,0x44,0x00,0x7D,
    0xE0,0x06,0x00,0x06,0x00,0x09,0x00,0x10,0x80,0x60,0x60,0x00,0x00,0x31,0x00,0x09,
    0x00,0x45,0x00,0x31,0x00,0x0A,0x00,0x7F,0xE0,0x02,0x00,0x07,0x00,0x0C,0xC0,0x70,
    0x20,0x00,0x00,0x00,0x00,0x04,0x00,0x04,0x00,0x7F,0xE0,0x7F,0xC0,0x04,0x40,0x3F,
    0xC0,0x24,0x00,0x5F,0xE0,0x06,0xC0,0x19,0x80,0x60,0x60,0x00,0x00,0x04,0x00,0x74,
    0xE0,0x0B,0x00,0x11,0x80,0x7F,0x40,0x80,0x20,0x7F,0xE0,0x10,0x00,0x0F,0x80,0x00,
    0x80,0x07,0x80,0x00,0x00,0x04,0x00,0x04,0x00,0x7F,0xE0,0x24,0x40,0x14,0x80,0x15,
    0x00,0x7F,0xE0,0x06,0x00,0x0A,0x00,0x11,0x80,0x60,0x60,0x00,0x00,0x04,0x00,0x04,
    0x00,0x7F,0xE0,0x06,0x00,0xB9,0xC0,0x41,0x20,0x7F,0xE0,0x11,0x00,0x11,0x00,0x09,
    0x00,0x07,0x00,0x00,0x00,0x04,0x00,0x04,0x00,0x7F,0xE0,0x15,0x80,0x64,0x40,0xBF,
    0xE0,0x3F,0xC0,0x24,0x40,0x3F,0xE0,0x04,0x20,0x03,0xE0,0x04,0x00,0x7F,0xE0,0x04,
    0x00,0x1B,0x80,0x60,0x40,0x7F,0xE0,0x1C,0x40,0x22,0x40,0x22,0x40,0x3E,0x40,0x01,
    0x80,0x00,0x00,0x04,0x00,0x04,0x00,0x7F,0xE0,0x19,0x00,0x3F,0xC0,0xC0,0x20,0x00,
    0x00,0x7F,0xE0,0x14,0x80,0x64,0x60,0x4C,0x20,0x00,0x00,0x04,0x00,0x7F,0xC0,0x04,
    0x00,0x3F,0xC0,0x08,0x00,0x7F,0xE0,0x34,0x80,0x7F,0xC0,0x84,0x20,0x7F,0xC0,0x04,
    0x00,0x00,0x00,0x04,0x00,0x04,0x00,0x7F,0xE0,0x09,0x00,0x30,0x80,0xFF,0xE0,0x24,
    0x40,0x3F,0xC0,0x24,0x40,0x24,0x40,0x3F,0xC0,0x00,0x00,0x04,0x00,0x76,0xE0,0x09,
    0x00,0x14,0x80,0xFF,0xE0,0x04,0x00,0x7F,0xC0,0x04,0x00,0x3F,0xC0,0x04,0x00,0x7F,
    0xE0,0x04,0x00,0x7F,0xC0,0x04,0x00,0x3F,0xC0,0x08,0x00,0x77,0xE0,0x3F,0x80,0xC4,
    0x60,0x3F,0xC0,0x0F,0x00,0x70,0xC0,0x00,0x00,0x10,0x00,0x7F,0xC0,0x11,0x40,0x7D,
    0x40,0x12,0x40,0x7E,0xC0,0x14,0x00,0x7F,0xE0,0x06,0x00,0x19,0x00,0xE0,0xE0,0x00,
    0x00,0x04,0x00,0x75,0xE0,0x0A,0x00,0x1D,0x80,0xE4,0x40,0x5F,0xA0,0x14,0x80,0x10,
    0x80,0x7F,0xE0,0x10,0x80,0x60,0x80,0x00,0x00,0x01,0x00,0x52,0x00,0x37,0xE0,0x2F,
    0x40,0x30,0x80,0x57,0x00,0x04,0x00,0x7F,0xE0,0x06,0x00,0x19,0x00,0x60,0xE0,0x00,
    0x00,0x04,0x00,0x7F,0xE0,0x09,0x00,0x3F,0x80,0xD0,0x60,0x1F,0x80,0x1F,0x80,0x10,
    0x00,0x7F,0xE0,0x10,0x80,0x3F,0x40,0x00,0x00,0x10,0x80,0x7F,0xE0,0x0A,0x00,0x3F,
    0xC0,0x39,0xC0,0x3F,0xC0,0x3B,0xC0,0x04,0x00,0x7F,0xE0,0x0F,0x00,0xF0,0xE0,0x00,
    0x00,0x04,0x00,0x7F,0xE0,0x09,0x00,0x34,0xC0,0xCF,0xA0,0x7F,0xE0,0x04,0x00,0x3F,
    0x80,0xDF,0x80,0x10,0x80,0x1F,0x80,0x00,0x00,0x04,0x00,0x3F,0xC0,0x35,0x40,0x2D,
    0x40,0x3F,0xC0,0x2F,0x40,0x34,0xC0,0x04,0x00,0x7F,0xE0,0x0B,0x00,0xF0,0xE0,0x00,
    0x00,0x04,0x00,0x08,0x00,0x08,0x00,0x7F,0xE0,0x10,0x80,0x10,0x80,0x31,0x00,0x0D,
    0x00,0x07,0x00,0x1C,0x80,0x60,0x60,0x00,0x00,0x20,0x00,0x27,0xC0,0x72,0x20,0x2A,
    0x40,0x2A,0x40,0x4A,0x40,0x49,0x80,0x31,0x80,0x19,0x80,0x2A,0x40,0xCC,0x30,0x00,
    0x00,0x20,0x00,0x27,0xC0,0x22,0x40,0x7A,0x40,0x4A,0x80,0x4A,0xE0,0x52,0x20,0x32,
    0x20,0x34,0x20,0x6C,0x20,0xC8,0xC0,0x00,0x00,0x20,0x00,0x27,0xE0,0x70,0x80,0x28,
    0x80,0x28,0x80,0x4F,0xE0,0x48,0x80,0x30,0x80,0x10,0x80,0x2C,0x80,0xC4,0x80,0x00,
    0x00,0x21,0x00,0x21,0x00,0x25,0x20,0x75,0xC0,0x5F,0x40,0x55,0x40,0x55,0x40,0x75,
    0xC0,0x35,0x20,0x7C,0x20,0xCB,0xE0,0x00,0x00,0x20,0x00,0x23,0xE0,0x78,0x40,0x28,
    0x80,0x28,0x80,0x4F,0xE0,0x48,0x80,0x30,0x80,0x18,0x80,0x2C,0x80,0xC3,0x00,0x00,
    0x00,0x20,0x00,0x20,0x00,0x7B,0xE0,0x26,0x20,0x2A,0x20,0x2A,0x20,0x4A,0x20,0x2A,
    0x20,0x12,0x20,0x2F,0xE0,0x46,0x20,0x00,0x00,0x04,0x00,0x02,0x00,0x7F,0xE0,0x20,
    0x00,0x3F,0xC0,0x08,0x00,0x7F,0xE0,0x10,0x80,0x39,0x00,0x07,0x80,0x78,0x60,0x00,
    0x00,0x12,0x00,0x12,0x00,0x52,0x00,0x5F,0xE0,0x52,0x40,0x74,0x40,0x34,0x80,0x52,
    0x80,0x91,0x80,0x12,0x40,0x1C,0x20,0x00,0x00,0x20,0x00,0x23,0xC0,0x20,0x40,0x78,
    0x40,0x28,0x40,0x2B,0xC0,0x48,0x40,0x30,0x40,0x10,0x40,0x2F,0xC0,0x40,0x40,0x00,
    0x00,0x20,0x00,0x27,0xC0,0x22,0x40,0x7A,0x40,0x2A,0x40,0x53,0xE0,0x50,0x20,0x70,
    0x20,0x37,0xA0,0x28,0x40,0xC9,0xC0,0x00,0x00,0x20,0x00,0x23,0xE0,0x25,0x00,0x79,
    0x00,0x29,0x00,0x4F,0xE0,0x49,0x00,0x31,0x00,0x11,0x00,0x29,0x00,0xC6,0xE0,0x00,
    0x00,0x21,0x00,0x20,0x80,0x23,0xE0,0x7C,0x20,0x2C,0x20,0x4B,0xE0,0x54,0x00,0x34,
    0x00,0x14,0x00,0x2C,0x00,0xC8,0x00,0x00,0x00,0x21,0x00,0x21,0x00,0x27,0xE0,0x79,
    0x00,0x29,0x00,0x56,0xC0,0x52,0x40,0x32,0x80,0x31,0x80,0x2A,0xC0,0x4C,0x60,0x00,
    0x00,0x20,0x00,0x23,0xE0,0x25,0x00,0x79,0x00,0x29,0x00,0x57,0xE0,0x51,0x00,0x31,
    0x80,0x32,0x80,0x2E,0x40,0xCC,0x20,0x00,0x00,0x21,0x00,0x21,0x00,0x23,0x40,0x7B,
    0x40,0x2D,0x20,0x4D,0x20,0x55,0x40,0x30,0x40,0x10,0x80,0x2B,0x00,0xCC,0x00,0x00,
    0x00,0x7F,0xC0,0x24,0x40,0x22,0x80,0x1A,0x80,0x08,0x00,0x77,0xE0,0x31,0x00,0x0F,
    0x00,0x0F,0x80,0x70,0x60,0x00,0x00,0x00,0x00,0x21,0x00,0x21,0x00,0x77,0xE0,0x2A,
    0x00,0x4A,0x00,0x53,0xC0,0x52,0x40,0x32,0x40,0x34,0x40,0x6C,0x40,0xC9,0xC0,0x00,
    0x00,0x20,0x00,0x27,0xE0,0x64,0x20,0x37,0xE0,0x54,0x00,0x55,0x20,0x55,0xC0,0x35,
    0x00,0x35,0x20,0x49,0x20,0xC9,0xE0,0x00,0x00,0x21,0x00,0x21,0x00,0x27,0xC0,0x79,
    0x00,0x51,0x00,0x57,0xE0,0x53,0x80,0x33,0x80,0x35,0x40,0x29,0x30,0xC1,0x00,0x00,
    0x00,0x04,0x00,0x7F,0xE0,0x04,0x00,0x3F,0xC0,0x7F,0xE0,0x04,0x40,0x3B,0x80,0x7F,
    0xE0,0x11,0x00,0x0F,0x00,0x78,0xE0,0x00,0x00,0x20,0x00,0x27,0xC0,0x25,0x40,0x75,
    0x40,0x54,0xC0,0x5F,0xE0,0x55,0x40,0x74,0xC0,0x37,0xE0,0x38,0x40,0xC1,0xC0,0x00,
    0x00,0x21,0x00,0x21,0x00,0x22,0x40,0x7A,0x40,0x4F,0xE0,0x50,0x20,0x57,0xC0,0x74,
    0x40,0x14,0x40,0x2C,0x40,0x47,0xC0,0x00,0x00,0x20,0x00,0x27,0xC0,0x24,0x40,0x7C,
    0x40,0x4F,0xC0,0x54,0x40,0x54,0x40,0x77,0xC0,0x34,0x40,0x2C,0x40,0xCF,0xE0,0x00,
    0x00,0x21,0x00,0x21,0x00,0x27,0xE0,0xF9,0x00,0x49,0x00,0x51,0x00,0x57,0xC0,0x74,
    0x40,0x34,0x40,0x2C,0x40,0xCF,0xC0,0x00,0x00,0x20,0x80,0x22,0x80,0x24,0x80,0x7F,
    0xE0,0x54,0x80,0x54,0x80,0x57,0xE0,0x70,0x80,0x30,0x80,0x28,0x80,0x47,0xE0,0x00,
    0x00,0x3F,0xC0,0x04,0x00,0x7F,0xE0,0x0D,0x00,0x74,0xE0,0x08,0x00,0x7F,0xE0,0x19,
    0x00,0x07,0x00,0x78,0xE0,0x00,0x00,0x00,0x00,0x22,0x80,0x22,0x80,0x2A,0xA0,0x76,
    0xC0,0x56,0xC0,0x52,0x80,0x5E,0xC0,0x32,0xA0,0x32,0xA0,0x6C,0xA0,0xC8,0xE0,0x00,
    0x00,0x10,0x80,0x09,0x00,0x76,0xE0,0x3F,0xC0,0x04,0x00,0x7F,0xE0,0x08,0x00,0x7F,
    0xE0,0x31,0x80,0x0F,0x00,0x78,0xE0,0x00,0x00,0x22,0x00,0x22,0x20,0x27,0xC0,0x72,
    0x40,0x57,0xE0,0x51,0x00,0x52,0x40,0x7F,0xC0,0x32,0x00,0x2A,0x20,0xCB,0xC0,0x00,
    0x00,0x21,0x00,0x2F,0xE0,0x21,0x00,0x77,0xC0,0x51,0x40,0x57,0xC0,0x57,0xC0,0x51,
    0x20,0x31,0x40,0x52,0x80,0xCC,0x60,0x00,0x00,0x20,0x00,0x27,0xE0,0x24,0x80,0x54,
    0x80,0x55,0xC0,0x56,0x40,0x56,0x40,0x75,0xC0,0x34,0x80,0x5C,0x80,0xC7,0xE0,0x00,
    0x00,0x20,0x00,0x27,0xE0,0x45,0x20,0xF5,0x20,0x57,0xA0,0x55,0x20,0x55,0xA0,0x56,
    0xA0,0x34,0xE0,0x5C,0x20,0xC7,0xE0,0x00,0x00,0x04,0x00,0x67,0xE0,0x18,0x40,0x2A,
    0x40,0x27,0x80,0xD8,0x60,0x08,0x00,0x77,0xE0,0x39,0x00,0x07,0x00,0x78,0xE0,0x00,
    0x00,0x01,0x80,0x01,0x40,0x7F,0xE0,0x41,0x00,0x5F,0x40,0x49,0x40,0x5D,0x40,0x54,
    0x80,0x4C,0xA0,0x4D,0xA0,0xB2,0x60,0x00,0x00,0x21,0x00,0x21,0x00,0x27,0xE0,0x79,
    0x00,0x49,0x00,0x56,0xE0,0x51,0x00,0x37,0xE0,0x31,0x00,0x29,0x00,0xCF,0xE0,0x00,
    0x00,0x04,0x00,0x34,0xC0,0x15,0x00,0x6E,0xE0,0x1D,0x80,0xE4,0x60,0x08,0x00,0x77,
    0xE0,0x39,0x00,0x07,0x00,0xF8,0xE0,0x00,0x00,0x20,0x00,0x27,0xE0,0x21,0x00,0x79,
    0x00,0x4E,0xE0,0x52,0x80,0x54,0x40,0x7A,0xA0,0x32,0x80,0x2C,0x80,0xCC,0x80,0x00,
    0x00,0x21,0x00,0x23,0x80,0x64,0x40,0x34,0x40,0x57,0xC0,0x54,0x40,0x57,0x80,0x75,
    0x60,0x34,0x80,0x5D,0x40,0xC6,0x20,0x00,0x00,0x20,0x00,0x4E,0xE0,0x66,0xA0,0x56,
    0xA0,0x5E,0xC0,0x56,0xC0,0x6E,0xA0,0x66,0xA0,0x2A,0xA0,0x5A,0xC0,0xD6,0x80,0x00,
    0x00,0x20,0x00,0x27,0xC0,0x24,0x40,0x7F,0xC0,0x4B,0xC0,0x54,0x20,0x57,0xE0,0x34,
    0x20,0x37,0xE0,0x2C,0x20,0xCC,0xC0,0x00,0x00,0x20,0x00,0x27,0xE0,0x24,0x00,0x77,
    0xE0,0x54,0x00,0x57,0xE0,0x56,0x80,0x36,0xA0,0x3A,0xC0,0x5A,0xC0,0xDB,0x20,0x00,
    0x00,0x20,0x80,0x2E,0xC0,0x24,0xA0,0x74,0x80,0x5F,0xE0,0x54,0xA0,0x53,0xC0,0x5C,
    0xC0,0x34,0xB0,0x57,0x60,0xCC,0x60,0x00,0x00,0x22,0x00,0x23,0xC0,0x24,0x80,0x7A,
    0xC0,0x55,0x20,0x55,0x20,0x57,0xC0,0x31,0x80,0x32,0x80,0x2C,0xA0,0xC8,0xE0,0x00,
    0x00,0x20,0x00,0x27,0xC0,0x24,0x40,0x7F,0xC0,0x50,0x00,0x57,0xE0,0x51,0x00,0x3F,
    0xE0,0x31,0x80,0x2A,0xC0,0xCC,0x20,0x00,0x00,0x7F,0xC0,0x3D,0x40,0x3D,0x40,0x24,
    0x80,0x7F,0x60,0x08,0x00,0x7F,0xE0,0x19,0x00,0x07,0x00,0x78,0xE0,0x00,0x00,0x00,
    0x00,0x01,0x00,0x77,0xC0,0x49,0x20,0x2F,0xC0,0x2A,0x40,0x53,0x80,0x5C,0x60,0x7F,
    0xE0,0x11,0x80,0x0F,0x00,0x78,0xE0,0x00,0x00,0x21,0x00,0x21,0x00,0x2E,0xE0,0x5C,
    0x20,0x56,0xC0,0x56,0xA0,0x5E,0xA0,0x6A,0xC0,0x32,0xA0,0x54,0xA0,0xC8,0xE0,0x00,
    0x00,0x20,0x00,0x27,0xE0,0x24,0x80,0x77,0xE0,0x54,0xA0,0x57,0x60,0x53,0x80,0x34,
    0x40,0x37,0xC0,0x2C,0x40,0xC7,0xC0,0x00,0x00,0x10,0x80,0x10,0x80,0x7F,0xE0,0x39,
    0x40,0x56,0xA0,0x98,0xA0,0x7F,0xE0,0x10,0x80,0x1D,0x00,0x07,0x00,0x78,0xE0,0x00,
    0x00,0x3B,0xC0,0x56,0xC0,0x56,0xC0,0x56,0xC0,0x2D,0x40,0x4A,0x20,0x7F,0xE0,0x11,
    0x00,0x0F,0x00,0x78,0xE0,0x00,0x00,0x00,0x00,0x21,0x00,0x21,0x00,0x26,0xE0,0x75,
    0x20,0x57,0xE0,0x55,0x20,0x57,0xE0,0x75,0x20,0x37,0xE0,0x39,0x00,0xC1,0x00,0x00,
    0x00,0x20,0x00,0x2F,0xE0,0x25,0x20,0xD5,0xC0,0x57,0xE0,0x58,0x00,0x57,0xC0,0x67,
    0xC0,0x37,0xC0,0x5C,0x40,0xC4,0xC0,0x00,0x00,0x24,0x40,0x2F,0xE0,0x24,0x40,0x57,
    0xC0,0x54,0x40,0x57,0xC0,0x51,0x00,0x6F,0xE0,0x33,0x80,0x55,0x40,0xC9,0x20,0x00,
    0x00,0x20,0x00,0x27,0xE0,0x25,0x20,0x57,0xE0,0x54,0x00,0x57,0xC0,0x57,0xE0,0x2A,
    0x20,0x3B,0xC0,0x5A,0x20,0xDB,0xE0,0x00,0x00,0x21,0x00,0x27,0xC0,0x24,0x40,0x57,
    0xC0,0x54,0x40,0x57,0xC0,0x57,0xC0,0x71,0x40,0x36,0xA0,0x7A,0x60,0xCB,0xA0,0x00,
    0x00,0x21,0x00,0x27,0xC0,0x28,0x20,0x57,0xC0,0x51,0x00,0x57,0x60,0x5B,0x80,0x65,
    0x40,0x3A,0xC0,0x54,0xB0,0xCB,0x00,0x00,0x00,0x21,0x00,0x27,0xC0,0x49,0x40,0xF7,
    0xC0,0x59,0x40,0x57,0xC0,0x51,0x00,0x6E,0xC0,0x32,0x80,0x53,0x00,0xCC,0xE0,0x00,
    0x00,0x20,0x80,0x20,0x80,0x2F,0xE0,0x5D,0x00,0x55,0xE0,0x56,0x80,0x5F,0xE0,0x64,
    0x80,0x34,0xC0,0x55,0x40,0xCA,0x20,0x00,0x00,0x24,0x80,0x44,0x80,0x4B,0x60,0x7F,
    0xC0,0x53,0x40,0x5F,0xE0,0x53,0x40,0x6F,0xC0,0x26,0x80,0x5B,0x40,0xD3,0x20,0x00,
    0x00,0x21,0x00,0x2D,0xA0,0x22,0x40,0x52,0x80,0x55,0x60,0x57,0xE0,0x55,0x20,0x77,
    0xA0,0x36,0xA0,0x5F,0xA0,0xC4,0x60,0x00,0x00,0x44,0x80,0x44,0x80,0x4F,0xE0,0x74,
    0xA0,0x5F,0xA0,0x5D,0xC0,0x6E,0xC0,0x26,0x40,0x3D,0xC0,0x54,0xA0,0x95,0x20,0x00,
    0x00,0x3F,0xC0,0x00,0x80,0x01,0x00,0x06,0x00,0x7F,0xE0,0x04,0x00,0x04,0x00,0x04,
    0x00,0x04,0x00,0x0C,0x00,0x02,0x00,0x7D,0x00,0x09,0x00,0x09,0x00,0x11,0x00,0x1D,
    0x00,0xF1,0x00,0x11,0x00,0x11,0x20,0x11,0x20,0x71,0xE0,0x00,0x00,0x7F,0x80,0x11,
    0xA0,0x10,0x40,0x3F,0x40,0x62,0x40,0x44,0x80,0x7F,0xE0,0x04,0x00,0x04,0x00,0x0C,
    0x00,0x00,0x00,0x00,0x00,0x04,0x00,0x04,0x00,0x7F,0xE0,0x40,0x20,0x1F,0x80,0x01,
    0x00,0x06,0x00,0x7F,0xE0,0x04,0x00,0x04,0x00,0x0C,0x00,0x00,0x00,0x04,0x00,0x08,
    0x00,0x7F,0xE0,0x10,0x00,0x17,0xC0,0x20,0x80,0x61,0x00,0xAF,0xE0,0x21,0x00,0x21,
    0x00,0x27,0x00,0x00,0x00,0x79,0x00,0x11,0x00,0x15,0x40,0x25,0x40,0x3D,0x40,0xE5,
    0x20,0x29,0x20,0x29,0x20,0x21,0x00,0x67,0x00,0x00,0x00,0x00,0x00,0x03,0x00,0x7A,
    0x00,0x0B,0xE0,0x12,0x40,0x26,0x40,0x3E,0x40,0xE2,0x80,0x21,0x80,0x21,0x80,0x22,
    0x40,0x6C,0x20,0x00,0x00,0x04,0x00,0x3F,0x40,0x04,0x80,0x05,0x00,0x7F,0xE0,0x0C,
    0x00,0x33,0xC0,0xC2,0x00,0x7F,0xE0,0x02,0x00,0x0C,0x00,0x00,0x00,0x3F,0xC0,0x01,
    0x00,0x02,0x00,0x7F,0xE0,0x0E,0x00,0x00,0x00,0x3F,0xC0,0x29,0x40,0x29,0x40,0x7F,
    0xE0,0x00,0x00,0x3F,0xC0,0x04,0x00,0x7F,0xE0,0x1D,0x80,0x64,0x60,0x9F,0x80,0x02,
    0x00,0x7F,0xE0,0x02,0x00,0x0C,0x00,0x00,0x00,0x00,0x00,0x77,0xE0,0x15,0x40,0x25,
    0x40,0x25,0x40,0x35,0x40,0xE5,0x40,0x2A,0xC0,0x2A,0xA0,0x2B,0xA0,0x72,0xB0,0x00,
    0x00,0x00,0x00,0x04,0xC0,0x24,0x80,0x7F,0xE0,0x40,0x20,0x5E,0x20,0x01,0x80,0x02,
    0x00,0x7F,0xE0,0x02,0x00,0x02,0x00,0x0C,0x00,0x00,0x00,0x01,0x00,0x71,0x00,0x17,
    0xE0,0x12,0x40,0x24,0x80,0x3F,0x80,0xE1,0x60,0x26,0x40,0x28,0x80,0x23,0xC0,0x6C,
    0x20,0x00,0x00,0x04,0x00,0x04,0x00,0x7F,0xE0,0x19,0x80,0x69,0x60,0x80,0x20,0x3F,
    0x80,0x02,0x00,0x7F,0xE0,0x04,0x00,0x0C,0x00,0x00,0x00,0x11,0x00,0x7D,0x00,0x01,
    0x00,0x7B,0xC0,0x79,0x40,0x03,0x40,0x7D,0x40,0x11,0xC0,0xFE,0x50,0x12,0x50,0x34,
    0x20,0x00,0x00,0x10,0x00,0x6D,0xE0,0x5D,0xA0,0x5D,0xA0,0x6C,0x40,0x6D,0xA0,0x5C,
    0x40,0x6D,0xE0,0x6C,0x80,0x28,0x80,0x49,0x80,0x00,0x00,0x7F,0xC0,0x1F,0xE0,0x29,
    0x20,0x2F,0xE0,0x30,0x00,0xEF,0xE0,0x2F,0xC0,0x2A,0xA0,0x2A,0xA0,0x6A,0xC0,0x00,
    0x00,0x00,0x00,0x09,0x00,0x7F,0xE0,0x10,0x80,0x6B,0x60,0x7F,0x60,0x78,0x80,0x7B,
    0xE0,0x3F,0x80,0x03,0x00,0x7F,0xE0,0x0C,0x00,0x00,0x00,0x04,0x00,0x04,0x00,0x7F,
    0xC0,0x40,0x40,0x00,0x00,0x7F,0xE0,0x02,0x00,0x02,0x00,0x02,0x00,0x02,0x00,0x0C,
    0x00,0x00,0x00,0x04,0x00,0x02,0x00,0x7F,0xE0,0x40,0x20,0x10,0x40,0x11,0x80,0x1E,
    0x00,0x10,0x00,0x10,0x40,0x10,0x40,0x1F,0xC0,0x04,0x00,0x02,0x00,0x7F,0xE0,0x40,
    0x60,0x3F,0x80,0x04,0x00,0x05,0xE0,0x7E,0x00,0x04,0x40,0x04,0x40,0x07,0xC0,0x04,
    0x00,0x02,0x00,0x7D,0xE0,0x40,0x20,0x3F,0xC0,0x02,0x00,0x02,0x00,0x7F,0xE0,0x02,
    0x00,0x02,0x00,0x0C,0x00,0x04,0x00,0x06,0x00,0x7F,0xC0,0x40,0xA0,0x00,0x80,0x7F,
    0xE0,0x20,0x80,0x10,0x80,0x08,0x80,0x00,0x80,0x07,0x00,0x00,0x00,0x04,0x00,0x04,
    0x00,0x7F,0xE0,0x44,0x20,0x08,0x00,0x7F,0xE0,0x10,0x80,0x39,0x00,0x06,0x00,0x0D,
    0x80,0x70,0x60,0x00,0x00,0x04,0x00,0x04,0x00,0x7F,0xC0,0x44,0x20,0x04,0x00,0x7F,
    0xE0,0x06,0x00,0x0D,0x00,0x34,0x80,0xE4,0x60,0x04,0x00,0x00,0x00,0x04,0x00,0x02,
    0x00,0x7F,0xE0,0x40,0x20,0x3F,0x80,0x00,0x00,0x7F,0xE0,0x09,0x00,0x09,0x20,0x11,
    0x20,0x61,0xE0,0x00,0x00,0x04,0x00,0x04,0x00,0x7F,0xE0,0x44,0x20,0x08,0x00,0x7F,
    0xE0,0x12,0x00,0x15,0x00,0x24,0x80,0xC8,0x40,0x1F,0xE0,0x00,0x40,0x04,0x00,0x04,
    0x00,0x7F,0xE0,0x40,0x20,0x1F,0x80,0x00,0x00,0x7F,0xE0,0x12,0x00,0x32,0x80,0x62,
    0x60,0xCC,0x20,0x00,0x00,0x04,0x00,0x02,0x00,0x7D,0xE0,0x5F,0x20,0x20,0x80,0x20,
    0x80,0x3F,0x00,0x3F,0x80,0x20,0x40,0x20,0x40,0x3F,0xC0,0x00,0x00,0x04,0x00,0x02,
    0x00,0x7D,0xE0,0x44,0x20,0x3F,0xC0,0x24,0x40,0x24,0x40,0x3F,0xC0,0x24,0x40,0x24,
    0x40,0x3B,0xC0,0x00,0x00,0x04,0x00,0x3F,0xC0,0x40,0x20,0x40,0x20,0x3F,0xC0,0x02,
    0x00,0x12,0x00,0x23,0xC0,0x32,0x00,0x3A,0x00,0xC7,0xE0,0x00,0x00,0x04,0x00,0x02,
    0x00,0x7D,0xE0,0x50,0x20,0x3F,0xC0,0x26,0x40,0x6A,0x40,0x5A,0xC0,0x12,0x20,0x32,
    0x20,0x41,0xC0,0x00,0x00,0x04,0x00,0x3F,0xC0,0x40,0x20,0x4F,0x20,0x10,0x80,0x10,
    0x80,0x1F,0x80,0x10,0x80,0x1F,0x80,0x10,0x80,0x7F,0xE0,0x04,0x00,0x04,0x00,0x7B,
    0xE0,0x40,0x20,0x3F,0xC0,0x04,0x00,0x04,0x00,0x3F,0xC0,0x04,0x80,0x04,0x80,0x7F,
    0xE0,0x04,0x00,0x04,0x00,0x7F,0xE0,0x52,0x20,0x0E,0x00,0x32,0x00,0x0A,0x00,0x7F,
    0xE0,0x06,0x00,0x0D,0x80,0x70,0x60,0x00,0x00,0x04,0x00,0x02,0x00,0x7F,0xC0,0x49,
    0x20,0x08,0x80,0x7F,0x60,0x0A,0x40,0x13,0x80,0x32,0x20,0x3E,0x20,0x43,0xE0,0x00,
    0x00,0x04,0x00,0x7F,0xE0,0x40,0x20,0x44,0x20,0x3F,0xC0,0x24,0x40,0x3F,0xC0,0x24,
    0x40,0x3F,0xC0,0x04,0x00,0x04,0x00,0x00,0x00,0x04,0x00,0x7F,0xE0,0x40,0x20,0x5F,
    0xA0,0x31,0x80,0x4E,0x00,0x3B,0xC0,0xDF,0x20,0x20,0x80,0x20,0x80,0x3F,0x80,0x00,
    0x00,0x04,0x00,0x3F,0xC0,0x40,0x20,0x7F,0xE0,0x00,0x00,0x3F,0xC0,0x20,0x40,0x3F,
    0xC0,0x3F,0xC0,0x00,0x00,0x7F,0xE0,0x04,0x00,0x04,0x00,0x7B,0xE0,0x00,0x00,0x3F,
    0xC0,0x10,0x80,0x3F,0xC0,0x04,0x00,0x3F,0xC0,0x04,0x00,0x7F,0xE0,0x04,0x00,0x7F,
    0xE0,0x40,0x20,0x40,0x00,0x3F,0xC0,0x22,0x00,0x3F,0xC0,0x20,0x40,0x3F,0xC0,0x22,
    0x00,0x3F,0xE0,0x04,0x00,0x04,0x00,0x7B,0xE0,0x52,0x20,0x3F,0xC0,0x22,0x00,0x7F,
    0xE0,0x09,0x00,0x09,0x20,0x11,0x20,0x61,0xE0,0x00,0x00,0x04,0x00,0x04,0x00,0x7F,
    0xE0,0x4F,0x20,0x10,0x80,0x1F,0x80,0x00,0x00,0x3F,0xC0,0x20,0x40,0x20,0x40,0x3F,
    0xC0,0x00,0x00,0x04,0x00,0x04,0x00,0x7B,0xE0,0x44,0x20,0x3F,0xC0,0x11,0x00,0x7F,
    0xE0,0x04,0x00,0x7F,0xE0,0x04,0x00,0x04,0x00,0x00,0x00,0x04,0x00,0x3F,0xC0,0x40,
    0x20,0x3F,0xC0,0x04,0x00,0x3F,0xC0,0x7F,0xE0,0x04,0x00,0x3F,0xC0,0x20,0x40,0x3F,
    0xC0,0x00,0x00,0x04,0x00,0x7F,0xE0,0x40,0x20,0x5F,0xA0,0x1F,0x80,0x20,0x80,0x1F,
    0x00,0x7F,0xE0,0x11,0x80,0x0F,0x00,0x78,0xE0,0x00,0x00,0x04,0x00,0x3F,0xC0,0x40,
    0x20,0x54,0xA0,0x0D,0x00,0x3F,0xC0,0x3F,0xC0,0x20,0x40,0x3F,0xC0,0x20,0x40,0x21,
    0xC0,0x00,0x00,0x04,0x00,0x3F,0xC0,0x40,0x20,0x7B,0xA0,0x04,0x00,0x1C,0xC0,0x6F,
    0x00,0x32,0x80,0x4E,0xC0,0x32,0x60,0xCE,0x00,0x00,0x00,0x04,0x00,0x04,0x00,0x7B,
    0xE0,0x49,0x20,0x70,0xC0,0x0E,0x20,0x11,0x80,0xFF,0xE0,0x20,0x80,0x20,0x80,0x3F,
    0x80,0x00,0x00,0x04,0x00,0x7F,0xE0,0x40,0x20,0x09,0x00,0x7F,0xE0,0x1F,0x80,0x20,
    0x40,0x24,0x40,0x26,0x40,0x0A,0x20,0x73,0xE0,0x00,0x00,0x04,0x00,0x3F,0xC0,0x40,
    0x20,0x5F,0xA0,0x20,0x00,0x1F,0xC0,0x21,0x00,0x21,0x00,0xFF,0xE0,0x19,0x80,0x60,
    0x60,0x00,0x00,0x04,0x00,0x02,0x00,0x7D,0xE0,0x5E,0xE0,0x21,0x00,0x27,0x80,0x68,
    0x40,0xA8,0x40,0x2F,0xC0,0x28,0x40,0x27,0xC0,0x00,0x00,0x04,0x00,0x3F,0xC0,0x40,
    0x20,0x50,0x20,0x1F,0xC0,0x12,0x40,0x7D,0x40,0x35,0x80,0x55,0x80,0xD3,0x40,0x34,
    0x20,0x00,0x00,0x04,0x00,0x7F,0xE0,0x40,0x20,0x7F,0xA0,0x0F,0x00,0x30,0xC0,0x7F,
    0xE0,0x1C,0x40,0x22,0x40,0x3E,0x40,0x01,0x80,0x00,0x00,0x04,0x00,0x02,0x00,0x7D,
    0xE0,0x7F,0xA0,0x04,0x00,0x3F,0xC0,0x24,0x40,0x3F,0xC0,0x3F,0xC0,0x09,0x80,0x70,
    0x60,0x00,0x00,0x04,0x00,0x7F,0xE0,0x44,0x20,0x76,0xA0,0x33,0x40,0x54,0xA0,0xB8,
    0xA0,0x47,0x00,0x24,0x40,0x24,0x40,0x3F,0xC0,0x00,0x00,0x04,0x00,0x3F,0xC0,0x40,
    0x20,0x01,0x20,0x3D,0xC0,0x03,0xC0,0x7E,0x40,0x29,0x80,0x2B,0xE0,0x4C,0x60,0xCF,
    0xE0,0x00,0x00,0x04,0x00,0x3F,0xC0,0x40,0x20,0x7F,0xA0,0x1F,0x80,0x1F,0x80,0x00,
    0x00,0x3F,0xC0,0x3F,0xC0,0x24,0x40,0x3F,0xC0,0x00,0x00,0x04,0x00,0x02,0x00,0x7D,
    0xE0,0x49,0x20,0x2F,0xC0,0x39,0x00,0x0F,0xE0,0x79,0x00,0x2B,0x80,0x4D,0x60,0x49,
    0x20,0x00,0x00,0x04,0x00,0x7F,0xE0,0x49,0x20,0x3F,0xC0,0x09,0x00,0x3F,0xC0,0x7F,
    0xE0,0x11,0x80,0x2F,0x40,0xD8,0x20,0x07,0x00,0x00,0x00,0x04,0x00,0x7F,0xE0,0x40,
    0x20,0x7F,0xA0,0x3F,0x80,0x24,0x80,0x1F,0x00,0x7F,0xC0,0x45,0x40,0x5F,0xC0,0x40,
    0xC0,0x00,0x00,0x04,0x00,0x7F,0xE0,0x40,0x20,0x2F,0xC0,0x67,0xC0,0x6F,0xC0,0x6F,
    0xE0,0x2B,0x60,0xE4,0x80,0x23,0x00,0x2C,0xE0,0x00,0x00,0x04,0x00,0x7F,0xE0,0x49,
    0x20,0x3F,0xC0,0x3F,0xC0,0x20,0x40,0x3F,0xC0,0x3F,0xC0,0x7F,0xE0,0x06,0x00,0x79,
    0xE0,0x00,0x00,0x04,0x00,0x7F,0xE0,0x52,0x20,0x1F,0xC0,0x35,0x40,0x69,0x80,0x1F,
    0xC0,0xE0,0x20,0x3F,0xC0,0x35,0xC0,0x4C,0x20,0x00,0x00,0x04,0x00,0x7F,0xE0,0x5B,
    0xA0,0x04,0x00,0x3B,0xC0,0x3F,0xC0,0x3F,0xC0,0x5F,0xA0,0x3F,0xC0,0xC8,0xA0,0x73,
    0x00,0x00,0x00,0x04,0x00,0x7F,0xE0,0x40,0x20,0x3F,0xC0,0x1D,0xC0,0x76,0x40,0x19,
    0x80,0xEE,0xE0,0x17,0x40,0x3B,0x80,0x7C,0x00,0x00,0x00,0x04,0x00,0x7F,0xE0,0x49,
    0x20,0x3F,0xC0,0x3F,0xC0,0x09,0x00,0x7F,0xE0,0x34,0xC0,0xCF,0x20,0x15,0x80,0x6C,
    0x60,0x00,0x00,0x00,0x80,0x00,0x80,0x7F,0xE0,0x00,0x80,0x20,0x80,0x10,0x80,0x08,
    0x80,0x0C,0x80,0x00,0x80,0x01,0x80,0x07,0x00,0x00,0x40,0x00,0x40,0x78,0x40,0x4F,
    0xE0,0x6A,0x40,0x32,0x40,0x11,0x40,0x39,0x40,0x28,0x40,0x44,0x40,0xC1,0xC0,0x00,
    0x00,0x04,0x00,0x04,0x00,0x3F,0xC0,0x04,0x00,0x7F,0xE0,0x00,0x80,0x7F,0xE0,0x10,
    0x80,0x30,0x80,0x08,0x80,0x03,0x00,0x00,0x00,0x3F,0xC0,0x00,0x40,0x3F,0xC0,0x00,
    0x40,0x3F,0x80,0x00,0x80,0xFF,0xE0,0x10,0x80,0x08,0x80,0x03,0x80,0x00,0x00,0x00,
    0x00,0x3F,0x80,0x20,0x80,0x3F,0x80,0x20,0x60,0x3F,0xC0,0x00,0x00,0x7F,0xE0,0x30,
    0x80,0x08,0x80,0x0B,0x80,0x00,0x00,0x00,0x00,0x04,0x00,0x7F,0xE0,0x04,0x00,0x3F,
    0xC0,0x08,0x00,0x7F,0xE0,0x10,0x80,0x1F,0xE0,0x28,0x80,0xC4,0x80,0x03,0x80,0x00,
    0x00,0x10,0x40,0x10,0x40,0x7C,0x40,0x13,0xE0,0x7F,0x40,0x01,0x40,0x11,0x40,0x7D,
    0x40,0x10,0x40,0x1C,0x40,0x61,0xC0,0x00,0x00,0x10,0x40,0x38,0x40,0x44,0x40,0x3F,
    0xE0,0x44,0x40,0x3E,0x40,0x45,0x40,0x7D,0x40,0x14,0x40,0x64,0x40,0xD9,0xC0,0x00,
    0x00,0x11,0x00,0x13,0xE0,0x54,0x20,0x5A,0xC0,0x71,0x00,0x1E,0x40,0x3F,0xE0,0x54,
    0x40,0x92,0x40,0x12,0x40,0x11,0xC0,0x00,0x00,0x00,0x40,0x3E,0x40,0x42,0x40,0x3F,
    0xE0,0x40,0x40,0x5F,0x40,0x76,0xC0,0x48,0xC0,0x5A,0x40,0x6B,0x40,0xB8,0xC0,0x00,
    0x00,0x10,0x80,0x7F,0xE0,0x0A,0x00,0x3F,0xC0,0x39,0xC0,0x3F,0xC0,0x3F,0x40,0x00,
    0x80,0xFF,0xE0,0x18,0x80,0x0B,0x80,0x00,0x00,0x04,0x00,0x04,0x00,0x14,0x80,0x24,
    0x80,0x24,0x40,0x24,0x40,0x44,0x20,0xC4,0x20,0x04,0x00,0x0C,0x00,0x00,0x00,0x00,
    0x00,0x04,0x00,0x04,0x00,0x15,0x80,0x14,0xC0,0x24,0x40,0x24,0x20,0x44,0xC0,0x05,
    0x80,0x02,0x00,0x0C,0x00,0x70,0x00,0x00,0x00,0x08,0x00,0x10,0x00,0x1F,0xE0,0x24,
    0x40,0x44,0x80,0x15,0x80,0x14,0x80,0x24,0x40,0x44,0x60,0xC4,0x20,0x0C,0x00,0x00,
    0x00,0x04,0x00,0x05,0x00,0x14,0x80,0x24,0x40,0x40,0x20,0x04,0x00,0x7F,0xE0,0x06,
    0x00,0x0E,0x00,0x19,0x80,0xE0,0x60,0x00,0x00,0x04,0x00,0x04,0x00,0x1D,0x80,0x24,
    0x40,0x44,0x20,0x04,0x00,0x04,0x00,0x3F,0xC0,0x04,0x00,0x04,0x00,0x7F,0xE0,0x04,
    0x00,0x24,0x40,0x15,0x80,0x04,0x00,0x7F,0xC0,0x40,0x40,0x4F,0x40,0x49,0x40,0x49,
    0x40,0x46,0x40,0x40,0xC0,0x00,0x00,0x24,0x80,0x14,0x80,0x3F,0xC0,0x40,0x20,0x40,
    0x20,0x1F,0x80,0x00,0x00,0x7F,0xE0,0x09,0x00,0x10,0x80,0x3F,0x40,0x00,0x00,0x05,
    0x00,0x04,0x80,0x04,0x80,0x7F,0xE0,0x0A,0x00,0x0A,0x00,0x0A,0x00,0x0A,0x00,0x12,
    0x20,0x22,0x20,0x41,0xC0,0x00,0x00,0x10,0x00,0x09,0xC0,0x7E,0x80,0x05,0x80,0x0E,
    0x20,0x73,0xC0,0x75,0xC0,0x0A,0x00,0x12,0x20,0x12,0x20,0x61,0xC0,0x00,0x00,0x11,
    0x00,0x11,0x40,0x6D,0x20,0x3B,0xE0,0x45,0x80,0x45,0x80,0x7D,0x80,0x39,0x80,0x56,
    0xA0,0xD2,0xA0,0x34,0x60,0x00,0x00,0x3F,0xC0,0x20,0x40,0x20,0x40,0x20,0x40,0x3F,
    0xC0,0x20,0x00,0x20,0x00,0x20,0x00,0x40,0x00,0x40,0x00,0x00,0x00,0x7F,0xC0,0x08,
    0x40,0x08,0x40,0x7F,0xE0,0x08,0x40,0x7F,0xC0,0x08,0x00,0x10,0x00,0x30,0x00,0x60,
    0x00,0x00,0x00,0x00,0x00,0x3F,0xC0,0x20,0x40,0x20,0x40,0x3B,0xC0,0x24,0x00,0x22,
    0x00,0x22,0x00,0x21,0x00,0x40,0xC0,0xC0,0x60,0x00,0x00,0x00,0x00,0x3F,0xC0,0x20,
    0x40,0x3F,0xC0,0x20,0x00,0x28,0x40,0x29,0xC0,0x2E,0x00,0x48,0x20,0x48,0x20,0xC7,
    0xC0,0x00,0x00,0x00,0x00,0x3F,0xC0,0x20,0x40,0x20,0x40,0x3F,0xC0,0x21,0x00,0x2C,
    0x80,0x23,0x40,0x50,0x20,0xCE,0x00,0x01,0x80,0x00,0x00,0x00,0x00,0x3F,0xC0,0x20,
    0x40,0x3F,0xC0,0x21,0xC0,0x3E,0x00,0x3F,0xC0,0x22,0x00,0x5F,0xE0,0x42,0x20,0xC3,
    0xC0,0x00,0x00,0x00,0x00,0x3F,0xC0,0x20,0x40,0x3F,0xC0,0x22,0x00,0x22,0x20,0x3F,
    0xC0,0x2A,0x80,0x4A,0x80,0x52,0x60,0xE6,0x20,0x00,0x00,0x3F,0xC0,0x20,0x40,0x3F,
    0xC0,0x20,0x00,0x3F,0xE0,0x20,0x20,0x2F,0x20,0x49,0x20,0x4F,0x40,0x81,0xC0,0x00,
    0x00,0x00,0x00,0x3F,0xC0,0x20,0x40,0x3F,0xC0,0x20,0x00,0x29,0x20,0x2F,0x40,0x29,
    0x80,0x49,0x20,0x4F,0x20,0xD9,0xE0,0x00,0x00,0x00,0x00,0x3F,0xE0,0x20,0x20,0x3F,
    0xE0,0x20,0x00,0x2F,0xC0,0x20,0x00,0x3F,0xE0,0x24,0x80,0x48,0x40,0xDF,0xE0,0x00,
    0x20,0x3F,0xC0,0x20,0x40,0x3F,0xC0,0x22,0x00,0x3F,0xE0,0x22,0x00,0x2F,0xC0,0x48,
    0x40,0x48,0x40,0xCF,0xC0,0x00,0x00,0x3F,0xC0,0x20,0x40,0x3F,0xC0,0x22,0x00,0x2A,
    0x40,0x2F,0xC0,0x22,0x00,0x52,0x40,0x52,0x40,0xCD,0xC0,0x00,0x00,0x00,0x00,0x3F,
    0xC0,0x20,0x40,0x3F,0xC0,0x2A,0x40,0x2A,0x40,0x3F,0xE0,0x2A,0x40,0x4B,0xC0,0x48,
    0x00,0xCF,0xE0,0x00,0x00,0x00,0x00,0x3F,0xC0,0x20,0x40,0x3F,0xC0,0x22,0x00,0x2F,
    0xC0,0x2A,0x40,0x2F,0xC0,0x4A,0x40,0x4A,0x40,0xCD,0xC0,0x00,0x00,0x00,0x00,0x3F,
    0xC0,0x20,0x40,0x3F,0xC0,0x3F,0xE0,0x24,0x80,0x3F,0xC0,0x42,0x40,0x5F,0xC0,0x42,
    0x00,0xFF,0xE0,0x00,0x00,0x3F,0xC0,0x20,0x40,0x3F,0xC0,0x32,0x40,0x2A,0x80,0x3E,
    0xE0,0x23,0x00,0x46,0x80,0x5A,0x40,0xE2,0x20,0x00,0x00,0x3F,0xC0,0x20,0x40,0x3F,
    0xC0,0x24,0x80,0x3F,0xE0,0x24,0x80,0x3F,0xE0,0x44,0x80,0x48,0x80,0xD8,0x80,0x00,
    0x00,0x00,0x00,0x3F,0xE0,0x20,0x20,0x3F,0xC0,0x2A,0x40,0x2F,0xC0,0x28,0x40,0x2F,
    0xC0,0x4F,0xC0,0x48,0x40,0xC8,0xC0,0x00,0x00,0x00,0x00,0x3F,0xC0,0x20,0x40,0x3F,
    0xC0,0x24,0x80,0x3F,0xE0,0x35,0xA0,0x2A,0x40,0x4B,0x80,0x4B,0x80,0x5C,0x60,0x00,
    0x00,0x00,0x00,0x3F,0xC0,0x3F,0xC0,0x21,0xC0,0x3E,0x00,0x3F,0xC0,0x3F,0xC0,0x4F,
    0x00,0x52,0xC0,0x5F,0xC0,0xD0,0xC0,0x00,0x00,0x00,0x00,0x3F,0xC0,0x3D,0xE0,0x22,
    0x00,0x3F,0xC0,0x3E,0xE0,0x23,0x00,0x3F,0xC0,0x6F,0xC0,0x48,0x40,0xCF,0xC0,0x00,
    0x00,0x00,0x00,0x3F,0xC0,0x35,0xA0,0x2A,0x40,0x26,0x80,0x3B,0x60,0x3E,0xE0,0x44,
    0x00,0x5F,0xE0,0x47,0x00,0xFC,0xE0,0x00,0x00,0x00,0x00,0x3F,0xE0,0x3F,0xE0,0x2A,
    0x00,0x35,0xE0,0x2F,0xC0,0x2F,0xC0,0x57,0xC0,0x77,0xC0,0x49,0x80,0xCE,0x60,0x00,
    0x00,0x00,0x00,0x04,0x00,0x04,0x00,0x7F,0xE0,0x04,0x00,0x24,0x40,0x24,0x40,0x3F,
    0xC0,0x04,0x00,0x04,0x20,0x04,0x20,0x03,0xC0,0x04,0x00,0x04,0x00,0x44,0x40,0x44,
    0x40,0x44,0x40,0x44,0x40,0x44,0x40,0x44,0x40,0x44,0x40,0x7F,0xC0,0x00,0x40,0x00,
    0x00,0x11,0x00,0x11,0x00,0x5B,0xE0,0x5E,0x00,0x5B,0xC0,0x58,0x40,0x58,0x80,0x59,
    0x00,0x5A,0x20,0x7A,0x20,0x03,0xE0,0x22,0x00,0x12,0x00,0x5B,0xE0,0x5A,0x00,0x5A,
    0x00,0x5B,0xC0,0x58,0x40,0x5F,0xC0,0x58,0x40,0x78,0x40,0x01,0xC0,0x00,0x00,0x04,
    0x00,0x24,0x40,0x24,0x40,0x3F,0xC0,0x08,0x00,0x1F,0xC0,0x30,0x80,0x4D,0x80,0x02,
    0x00,0x1C,0x00,0x70,0x00,0x00,0x00,0x04,0x00,0x24,0x40,0x3F,0xC0,0x00,0x00,0x7F,
    0xC0,0x00,0x40,0x00,0x40,0x3F,0xC0,0x20,0x20,0x20,0x20,0x3F,0xC0,0x0A,0x00,0x09,
    0x00,0x10,0x80,0x7F,0xE0,0x88,0xA0,0x08,0x80,0x73,0x00,0x04,0x40,0x24,0x40,0x24,
    0x40,0x3F,0xC0,0x00,0x00,0x04,0x00,0x24,0x40,0x3F,0xC0,0x00,0x00,0x3F,0xC0,0x31,
    0x40,0x29,0x40,0x26,0x40,0x29,0x40,0x30,0xC0,0x21,0xC0,0x00,0x00,0x04,0x00,0x3F,
    0x80,0x20,0x80,0x2C,0x80,0x25,0x80,0x3F,0xE0,0x00,0x20,0x49,0x20,0x49,0x20,0x7F,
    0x40,0x01,0xC0,0x00,0x00,0x04,0x00,0x24,0x40,0x3F,0xC0,0x00,0x00,0x7F,0xE0,0x08,
    0x00,0x10,0x00,0x3F,0xC0,0x50,0x40,0x90,0x40,0x1F,0xC0,0x00,0x00,0x20,0x80,0x21,
    0x80,0x6A,0x40,0x6B,0x40,0x6D,0x30,0x68,0x80,0x6F,0xC0,0x68,0x40,0x6A,0x80,0x79,
    0x80,0x00,0xC0,0x00,0x00,0x3F,0xC0,0x20,0x00,0x3F,0xE0,0x21,0x00,0x21,0x00,0x7F,
    0xE0,0x04,0x00,0x24,0x40,0x24,0x40,0x3F,0xC0,0x00,0x00,0x00,0x00,0x02,0x00,0x22,
    0x40,0x3F,0xC0,0x00,0x00,0x3F,0xE0,0x20,0x00,0x2F,0xC0,0x22,0x00,0x5F,0xE0,0x42,
    0x00,0xC2,0x00,0x00,0x00,0x04,0x00,0x24,0x40,0x3F,0xC0,0x00,0x00,0x4F,0xC0,0x48,
    0x40,0x48,0x40,0x4F,0xC0,0x50,0x40,0x10,0x40,0x67,0xC0,0x00,0x00,0x21,0x00,0x21,
    0x00,0x6F,0xE0,0x69,0x00,0x6F,0xE0,0x68,0x40,0x6F,0xE0,0x6A,0x40,0x6A,0x40,0x7B,
    0x40,0x01,0x80,0x00,0x00,0x21,0x00,0x21,0x00,0x6F,0xE0,0x6D,0x20,0x6B,0x40,0x6B,
    0x40,0x6F,0xE0,0x69,0x80,0x69,0x80,0x7A,0x40,0x0C,0x20,0x00,0x00,0x04,0x00,0x04,
    0x00,0x7F,0xE0,0x39,0x80,0x29,0x40,0x49,0x20,0x89,0x00,0x24,0x40,0x24,0x40,0x24,
    0x40,0x3F,0xC0,0x00,0x00,0x00,0x80,0x27,0xC0,0x6A,0xA0,0x6A,0x80,0x6F,0xE0,0x6A,
    0xA0,0x6B,0xA0,0x6E,0xC0,0x6A,0xA0,0x7B,0x60,0x06,0x60,0x00,0x00,0x23,0xC0,0x6A,
    0x20,0x6D,0xA0,0x69,0x80,0x6A,0x40,0x6D,0xB0,0x6A,0x40,0x6A,0x40,0x7A,0x40,0x03,
    0xC0,0x00,0x00,0x00,0x00,0x20,0x80,0x24,0xA0,0x6A,0xC0,0x68,0x80,0x6B,0xE0,0x6A,
    0x20,0x6B,0xE0,0x6A,0x20,0x6B,0xE0,0x7A,0x20,0x02,0xE0,0x00,0x00,0x01,0x00,0x23,
    0xC0,0x6E,0x40,0x69,0x80,0x6E,0xE0,0x69,0x00,0x6F,0xE0,0x6F,0xC0,0x69,0x00,0x77,
    0xE0,0x01,0x00,0x00,0x00,0x01,0x00,0x21,0x40,0x6A,0x40,0x6F,0xA0,0x6A,0x40,0x6D,
    0x20,0x6B,0xC0,0x6A,0x40,0x6D,0x80,0x79,0x80,0x0E,0x60,0x00,0x00,0x04,0x00,0x24,
    0x40,0x3F,0xC0,0x04,0x00,0x7F,0xC0,0x40,0x20,0x1F,0x80,0x7F,0xE0,0x12,0x00,0x33,
    0xC0,0x4C,0x20,0x00,0x00,0x01,0x00,0x27,0xE0,0x69,0x00,0x6A,0xC0,0x6C,0x20,0x6F,
    0xE0,0x6F,0x40,0x6D,0x40,0x6D,0x40,0x7F,0x40,0x00,0xC0,0x00,0x00,0x02,0x00,0x22,
    0x40,0x3F,0xC0,0x12,0x00,0x3F,0xE0,0x22,0x00,0x7F,0xC0,0xA2,0x00,0x3F,0xC0,0x22,
    0x00,0x3F,0xE0,0x00,0x00,0x02,0x00,0x22,0x40,0x3F,0xC0,0x3F,0xE0,0x22,0x00,0x3F,
    0xC0,0x22,0x00,0x3D,0xE0,0x5F,0xC0,0x42,0x00,0xFF,0xE0,0x00,0x00,0x04,0x00,0x24,
    0x40,0x3F,0xC0,0x00,0x00,0x3B,0xC0,0x2A,0x40,0x3B,0xC0,0x2A,0x40,0x3B,0xC0,0x4A,
    0x40,0xDC,0xC0,0x00,0x00,0x04,0x00,0x24,0x40,0x3F,0xC0,0x10,0x20,0x7F,0xC0,0x32,
    0x00,0x7F,0xE0,0x12,0x40,0x3E,0x40,0xD2,0x40,0x14,0x40,0x00,0x00,0x04,0x00,0x24,
    0x40,0x3F,0xC0,0x49,0x00,0xFD,0xE0,0x2A,0x20,0x2F,0x40,0x39,0x80,0x29,0x80,0x2A,
    0x40,0x14,0x20,0x00,0x00,0x04,0x00,0x24,0x40,0x1B,0x80,0x7B,0x80,0x5D,0x40,0x33,
    0xC0,0x5D,0x40,0x7B,0xC0,0x69,0x40,0x1A,0xA0,0x64,0xE0,0x00,0x00,0x22,0x40,0x22,
    0x40,0x22,0x40,0x22,0x40,0x22,0x40,0x22,0x40,0x22,0x40,0x22,0x40,0x42,0x40,0xC2,
    0x40,0x00,0x00,0x00,0x00,0x10,0x40,0x12,0x40,0x12,0x40,0x5B,0x40,0x5A,0xC0,0x56,
    0xC0,0x56,0xC0,0x12,0x40,0x22,0x40,0x22,0x40,0x42,0x40,0x00,0x00,0x45,0x20,0x25,
    0x40,0x2A,0x40,0x6A,0x80,0x2A,0x40,0x29,0x40,0x25,0x40,0x25,0xA0,0x50,0x00,0xCF,
    0xE0,0x00,0x00,0x12,0x40,0x6D,0x80,0x32,0x40,0x3F,0xC0,0x24,0x40,0x3F,0xC0,0x3F,
    0xC0,0x04,0x00,0x7F,0xE0,0x1D,0x80,0xE4,0x60,0x00,0x00,0x7F,0xC0,0x04,0x00,0x04,
    0x00,0x04,0x00,0x04,0x00,0x04,0x00,0x04,0x00,0x04,0x00,0x7F,0xE0,0x00,0x00,0x04,
    0x00,0x08,0x00,0x7F,0xE0,0x08,0x00,0x08,0x00,0x1F,0xC0,0x32,0x00,0x22,0x00,0x42,
    0x00,0x82,0x00,0x3F,0xE0,0x5F,0xE0,0x22,0x00,0x22,0x00,0x22,0x00,0x23,0xC0,0x20,
    0x40,0x28,0x40,0xF0,0x40,0x00,0x40,0x01,0x80,0x3F,0xE0,0x20,0x00,0x20,0x00,0x3F,
    0xC0,0x20,0x40,0x20,0x40,0x3F,0xC0,0x20,0x00,0x20,0x00,0x3F,0xE0,0x07,0x80,0x7C,
    0x40,0x24,0x40,0x26,0x40,0x25,0x40,0x25,0xC0,0x24,0x40,0xFC,0x60,0x08,0x60,0x18,
    0x60,0x00,0x00,0x7F,0xE0,0x04,0x00,0x14,0x80,0x24,0x80,0x34,0x80,0x2D,0x40,0x4D,
    0x20,0x44,0x00,0x7F,0xE0,0x00,0x00,0x10,0x80,0x09,0x00,0x7F,0xE0,0x04,0x00,0x3F,
    0xC0,0x7F,0xE0,0x08,0x00,0x1F,0xC0,0x22,0x00,0xC2,0x00,0x3F,0xE0,0x7F,0xC0,0x00,
    0x40,0x00,0x40,0x00,0x40,0x3F,0xC0,0x20,0x00,0x20,0x00,0x20,0x20,0x20,0x20,0x3F,
    0xC0,0x7F,0xC0,0x00,0x40,0x20,0x40,0x20,0x40,0x3F,0xC0,0x20,0x00,0x20,0x00,0x20,
    0x20,0x20,0x20,0x3F,0xC0,0x3F,0xC0,0x20,0x40,0x20,0x40,0x20,0x40,0x3F,0xC0,0x20,
    0x00,0x20,0x00,0x20,0x20,0x20,0x20,0x3F,0xC0,0x3F,0xC0,0x24,0x40,0x24,0x40,0x24,
    0x40,0x3F,0xC0,0x20,0x00,0x20,0x00,0x20,0x20,0x20,0x20,0x3F,0xC0,0x11,0x00,0x11,
    0x00,0x7F,0xC0,0x11,0x00,0x7F,0xE0,0x10,0x80,0x7F,0xC0,0xE0,0xA0,0x3F,0x80,0x20,
    0x40,0x1F,0xC0,0x04,0x00,0x04,0x00,0x3F,0xC0,0x24,0x40,0x24,0x40,0x24,0x40,0x24,
    0x40,0x24,0x40,0x25,0x40,0x24,0x80,0x04,0x00,0x00,0x00,0x1F,0xE0,0x64,0x00,0x04,
    0x00,0x3F,0xC0,0x24,0x40,0x24,0x40,0x24,0x40,0x24,0x40,0x25,0xC0,0x04,0x00,0x00,
    0x00,0x00,0x00,0x04,0x00,0x04,0x00,0x7F,0xE0,0x04,0x00,0x3F,0xC0,0x24,0x40,0x24,
    0x40,0x24,0x40,0x24,0x40,0x24,0xC0,0x04,0x00,0x00,0x00,0x04,0x00,0x08,0x00,0x7F,
    0xE0,0x1A,0x00,0x12,0x00,0x3F,0xC0,0x62,0x40,0xA2,0x40,0x22,0x40,0x22,0xC0,0x02,
    0x00,0x00,0x00,0x01,0x00,0x51,0x00,0x57,0xE0,0x55,0x20,0x55,0x20,0x55,0x20,0x55,
    0x20,0x55,0x20,0x15,0x20,0x25,0x40,0x61,0x00,0x00,0x00,0x20,0x00,0x23,0x80,0x7A,
    0x40,0x6A,0x40,0x6B,0x40,0x6B,0x40,0x6A,0x80,0x6A,0x40,0x6C,0x60,0x24,0x60,0x2C,
    0x60,0x00,0x00,0x10,0x00,0x57,0xE0,0x51,0x00,0x53,0xC0,0x55,0x20,0x55,0x20,0x55,
    0x20,0x55,0x20,0x15,0x20,0x21,0x40,0x41,0x00,0x00,0x00,0x20,0x40,0x19,0x80,0x1F,
    0x00,0x64,0xC0,0x7F,0xE0,0x10,0x00,0x32,0x00,0x7F,0xC0,0xE2,0x40,0x22,0x40,0x02,
    0x80,0x00,0x00,0x22,0x00,0x22,0x60,0x7A,0xC0,0x6B,0x00,0x6A,0x00,0x6F,0xE0,0x6A,
    0x80,0x6A,0x80,0x7A,0x40,0x23,0xE0,0x22,0x20,0x00,0x00,0x20,0x80,0x21,0x00,0x7B,
    0xE0,0x6A,0x20,0x6A,0x20,0x6A,0x20,0x6B,0xE0,0x6A,0x20,0x6A,0x20,0x23,0xE0,0x22,
    0x20,0x00,0x00,0x11,0x00,0x11,0x00,0x79,0xE0,0x59,0x00,0x59,0x00,0x59,0x00,0x5A,
    0xC0,0x5A,0x40,0x5A,0x40,0x13,0xC0,0x12,0x40,0x00,0x00,0x04,0x00,0x3F,0xC0,0x40,
    0x20,0x49,0x20,0x34,0xC0,0x44,0x20,0x3F,0xC0,0x24,0x40,0x24,0x40,0x25,0xC0,0x04,
    0x00,0x00,0x00,0x3F,0xC0,0x3F,0xC0,0x00,0x40,0x3F,0xC0,0x7F,0xE0,0x44,0x20,0x3F,
    0xC0,0x24,0x40,0x24,0x40,0x04,0x80,0x00,0x00,0x00,0x00,0x04,0x00,0x3F,0xC0,0x20,
    0x40,0x3F,0xC0,0x20,0x40,0x3F,0xC0,0x04,0x00,0x7F,0xC0,0x44,0x40,0x44,0x40,0x04,
    0x80,0x00,0x00,0x20,0x00,0x23,0xC0,0x7A,0x40,0x6A,0x40,0x6A,0x40,0x6A,0x40,0x6B,
    0xC0,0x69,0x40,0x6A,0x40,0x24,0x20,0x2C,0x20,0x00,0x00,0x04,0x00,0x6E,0xE0,0x11,
    0x00,0x09,0x00,0x7F,0xE0,0x44,0x20,0x3F,0x80,0x24,0x80,0x24,0x80,0x24,0x80,0x05,
    0x00,0x00,0x00,0x14,0x80,0x14,0x80,0x7F,0xE0,0x14,0x80,0x7F,0xE0,0x44,0x20,0x1F,
    0x80,0x24,0x40,0x24,0x40,0x25,0xC0,0x04,0x00,0x00,0x00,0x21,0x00,0x21,0xE0,0x79,
    0x00,0x69,0x00,0x6E,0xC0,0x6D,0x40,0x6D,0x40,0x6D,0x40,0x79,0x80,0x22,0x40,0x2C,
    0x20,0x00,0x00,0x04,0x00,0x1F,0xE0,0x20,0x00,0x3F,0xE0,0x28,0x80,0x2F,0x80,0x42,
    0x00,0x5F,0xC0,0x52,0x40,0x52,0x40,0x82,0x80,0x00,0x00,0x10,0x00,0x7D,0xC0,0x11,
    0x40,0x7D,0xC0,0x11,0x20,0x7D,0xE0,0x25,0x00,0xFF,0xC0,0x24,0x40,0x24,0x40,0x25,
    0x80,0x00,0x00,0x24,0x80,0x14,0x80,0x7F,0xE0,0x40,0x20,0x5F,0xA0,0x1B,0x80,0x04,
    0x00,0x3F,0xC0,0x24,0x40,0x24,0x40,0x24,0x80,0x00,0x00,0x20,0x00,0x27,0xE0,0x7F,
    0xA0,0x6C,0x20,0x6F,0xA0,0x6B,0xC0,0x6C,0x40,0x6B,0xC0,0x7B,0xC0,0x24,0x40,0x23,
    0xC0,0x00,0x00,0x7F,0xE0,0x7F,0xA0,0x20,0x40,0x3F,0xC0,0x3F,0x80,0x7F,0xE0,0x14,
    0x80,0x7F,0xE0,0xA4,0x80,0x25,0x80,0x00,0x00,0x00,0x00,0x20,0x00,0x27,0xE0,0x78,
    0x00,0x6B,0xC0,0x6B,0xC0,0x68,0x00,0x6F,0xE0,0x6D,0x20,0x7F,0xE0,0x25,0x20,0x27,
    0xE0,0x00,0x00,0x20,0x00,0x27,0xC0,0x7F,0xC0,0x6C,0x20,0x6F,0xC0,0x6D,0x60,0x6B,
    0x40,0x6F,0xE0,0x72,0x80,0x22,0xA0,0x2C,0xE0,0x00,0x00,0x09,0x00,0x7F,0xE0,0x3F,
    0xC0,0x20,0x40,0x3F,0xC0,0x3F,0xC0,0x7F,0xE0,0x14,0x80,0x7F,0xE0,0xA4,0x80,0x25,
    0x80,0x00,0x00,0x21,0x00,0x27,0xE0,0x72,0x40,0x6F,0xE0,0x6A,0xC0,0x6D,0x20,0x6F,
    0xC0,0x6F,0xC0,0x77,0xE0,0x21,0x00,0x2F,0xE0,0x00,0x00,0x3F,0xC0,0x04,0x00,0x04,
    0x00,0x04,0x00,0x7F,0xE0,0x04,0x00,0x04,0x00,0x04,0x00,0x04,0x00,0x04,0x00,0x00,
    0x00,0x7F,0xC0,0x04,0x00,0x24,0x40,0x14,0x80,0x15,0x00,0x7F,0xE0,0x04,0x00,0x04,
    0x00,0x04,0x00,0x04,0x00,0x00,0x00,0x10,0x00,0x20,0x00,0x3F,0xE0,0x42,0x00,0xFF,
    0xC0,0x22,0x00,0x22,0x00,0x22,0x00,0xFF,0xE0,0x02,0x00,0x02,0x00,0x00,0x00,0x10,
    0x80,0x11,0x80,0x7F,0xE0,0x11,0x00,0x11,0x00,0x11,0x00,0xFF,0xE0,0x11,0x00,0x11,
    0x00,0x11,0x00,0x61,0x00,0x00,0x00,0x04,0x00,0x04,0x00,0x3F,0xC0,0x04,0x00,0x7F,
    0xE0,0x11,0x00,0x3F,0xC0,0x04,0x00,0x7F,0xE0,0x04,0x00,0x04,0x00,0x00,0x00,0x10,
    0x00,0x17,0xC0,0x20,0x40,0x24,0x40,0x48,0x40,0x78,0x40,0x10,0x40,0x2C,0x40,0x24,
    0x40,0x7E,0x40,0x01,0xC0,0x11,0x00,0x21,0x00,0x29,0x00,0x4B,0xC0,0x79,0x40,0x11,
    0x40,0x2A,0x40,0x2A,0x40,0x7E,0x40,0x44,0x40,0x0D,0xC0,0x00,0x00,0x04,0x00,0x54,
    0xA0,0x55,0x60,0x6D,0xA0,0x7F,0xA0,0x54,0xA0,0x5D,0xA0,0x7F,0xE0,0x44,0x60,0x44,
    0x20,0x3B,0xE0,0x00,0x00,0x02,0x00,0x02,0x00,0x3F,0xE0,0x20,0x00,0x20,0x00,0x20,
    0x00,0x20,0x00,0x20,0x00,0x20,0x00,0x40,0x00,0x40,0x00,0x00,0x00,0x02,0x00,0x02,
    0x00,0x3F,0xE0,0x22,0x00,0x22,0x00,0x3F,0xC0,0x22,0x00,0x22,0x00,0x42,0x00,0x42,
    0x00,0xDF,0xE0,0x00,0x00,0x02,0x00,0x02,0x00,0x3F,0xE0,0x22,0x00,0x22,0x00,0x3F,
    0xE0,0x22,0x00,0x23,0x00,0x45,0x00,0x48,0xC0,0xF0,0x60,0x00,0x00,0x02,0x00,0x02,
    0x00,0x3F,0xE0,0x29,0x00,0x29,0x20,0x2F,0x40,0x29,0x80,0x29,0x00,0x49,0x20,0x4F,
    0x20,0xD9,0xE0,0x00,0x00,0x02,0x00,0x02,0x00,0x3F,0xE0,0x22,0x00,0x22,0x00,0x3F,
    0xE0,0x43,0x00,0x46,0x80,0x4A,0x40,0x72,0x20,0xC2,0x00,0x02,0x00,0x02,0x00,0x3F,
    0xE0,0x20,0x00,0x2F,0xC0,0x24,0xC0,0x27,0x00,0x3F,0xE0,0x21,0x20,0x21,0x40,0x41,
    0x00,0x46,0x00,0x00,0x00,0x02,0x00,0x1F,0xE0,0x22,0x00,0x21,0x00,0x2F,0xC0,0x28,
    0x40,0x28,0x40,0x2F,0xC0,0x48,0x00,0x48,0x00,0xD0,0x00,0x00,0x00,0x02,0x00,0x02,
    0x00,0x3F,0xE0,0x24,0x00,0x3F,0xE0,0x29,0x00,0x2F,0xC0,0x21,0x00,0x5F,0xE0,0x41,
    0x00,0xC1,0x00,0x00,0x00,0x02,0x00,0x02,0x00,0x3F,0xE0,0x22,0x00,0x32,0x40,0x2A,
    0x40,0x29,0x40,0x29,0x80,0x24,0x80,0x40,0x80,0x5F,0xE0,0x00,0x00,0x02,0x00,0x3F,
    0xE0,0x20,0x00,0x23,0xC0,0x2D,0x00,0x29,0x00,0x2F,0xE0,0x29,0x00,0x2A,0x80,0x4C,
    0xA0,0x52,0x60,0x00,0x00,0x02,0x00,0x02,0x00,0x3D,0xE0,0x22,0x00,0x23,0xE0,0x22,
    0x00,0x22,0x00,0x2D,0xC0,0x28,0x40,0x48,0x40,0xCF,0xC0,0x00,0x00,0x02,0x00,0x02,
    0x00,0x3D,0xE0,0x22,0x00,0x2F,0xC0,0x32,0x40,0x32,0x40,0x2F,0xC0,0x52,0x40,0x5F,
    0xC0,0xD0,0x40,0x00,0x00,0x02,0x00,0x02,0x00,0x3D,0xE0,0x3F,0xC0,0x22,0x40,0x3F,
    0xE0,0x22,0x40,0x3F,0xC0,0x42,0x00,0x45,0x80,0xF8,0x60,0x00,0x00,0x02,0x00,0x02,
    0x00,0x3F,0xE0,0x28,0x40,0x2F,0xE0,0x38,0x40,0x3A,0x40,0x2A,0x40,0x49,0x40,0x48,
    0x40,0xC9,0x80,0x00,0x00,0x02,0x00,0x02,0x00,0x3F,0xE0,0x24,0x80,0x3F,0xE0,0x25,
    0x00,0x25,0x40,0x29,0x80,0x4B,0x20,0x5F,0x20,0xE1,0xE0,0x00,0x00,0x02,0x00,0x1F,
    0x60,0x20,0x80,0x2A,0xC0,0x3F,0xE0,0x24,0x00,0x27,0xC0,0x2C,0xC0,0x4A,0x80,0x53,
    0x80,0xFC,0x60,0x00,0x00,0x02,0x00,0x1F,0xE0,0x20,0x00,0x3F,0xE0,0x28,0x80,0x2F,
    0x80,0x20,0x00,0x3F,0xC0,0x4C,0x80,0x47,0x00,0xF8,0xE0,0x00,0x00,0x02,0x00,0x1F,
    0xE0,0x20,0x00,0x2A,0x40,0x2A,0xC0,0x36,0xC0,0x33,0x20,0x3F,0xC0,0x42,0x00,0x42,
    0x00,0xDF,0xE0,0x00,0x00,0x04,0x00,0x1F,0xE0,0x20,0x00,0x3D,0xC0,0x26,0x80,0x38,
    0x80,0x3F,0xE0,0x54,0x80,0x5B,0xC0,0x4C,0x00,0xF3,0xE0,0x00,0x00,0x02,0x00,0x02,
    0x00,0x3D,0xE0,0x28,0x80,0x3F,0xE0,0x28,0x80,0x2F,0x80,0x40,0x00,0x55,0x40,0x55,
    0x20,0xE4,0xA0,0x00,0x00,0x02,0x00,0x3F,0xE0,0x22,0x00,0x3F,0xC0,0x3F,0xE0,0x22,
    0x40,0x3F,0xC0,0x53,0x40,0x4F,0x80,0x5A,0xC0,0xA6,0x20,0x00,0x00,0x02,0x00,0x3F,
    0xE0,0x42,0x00,0x5F,0xC0,0x5F,0xE0,0x5F,0xC0,0x5F,0xC0,0x52,0x40,0x5F,0xC0,0x5F,
    0xC0,0xD2,0xC0,0x00,0x00,0x02,0x00,0x3F,0xE0,0x28,0x80,0x3F,0xE0,0x25,0x00,0x3F,
    0xC0,0x3F,0xE0,0x5F,0x40,0x45,0x80,0x5D,0x40,0xE5,0x20,0x00,0x00,0x02,0x00,0x3F,
    0xE0,0x28,0x00,0x3E,0xE0,0x33,0x20,0x3F,0x40,0x53,0x40,0x5D,0x20,0x55,0x20,0x5F,
    0x60,0x93,0x00,0x00,0x00,0x02,0x00,0x3F,0xE0,0x48,0x00,0x5E,0xE0,0x5E,0xA0,0x52,
    0xC0,0x4C,0xC0,0x5E,0xA0,0x46,0xA0,0x7C,0xE0,0x98,0x80,0x00,0x00,0x02,0x00,0x3F,
    0xE0,0x20,0x00,0x3F,0xE0,0x2E,0xE0,0x3B,0x20,0x2D,0x80,0x56,0xE0,0x4B,0x40,0x5D,
    0x80,0xDE,0x00,0x00,0x00,0x77,0xE0,0x10,0x80,0x24,0x80,0x74,0xE0,0x14,0x80,0x54,
    0x80,0x54,0x80,0x27,0xE0,0x70,0x00,0xCF,0xE0,0x00,0x00,0x00,0x00,0x77,0xE0,0x11,
    0x00,0x21,0x00,0x77,0xE0,0x11,0x00,0x51,0x00,0x51,0x00,0x27,0xE0,0x78,0x00,0xC7,
    0xE0,0x00,0x00,0x00,0x00,0x01,0x00,0x7F,0xC0,0x11,0x40,0x2F,0xE0,0x6F,0xC0,0x11,
    0x00,0x5F,0xC0,0x61,0x00,0x2F,0xE0,0x71,0x00,0xCF,0xE0,0x00,0x00,0x7F,0xE0,0x10,
    0x80,0x10,0x80,0x10,0x80,0x7F,0xE0,0x10,0x80,0x10,0x80,0x10,0x80,0x20,0x80,0x60,
    0x80,0x00,0x00,0x3F,0xC0,0x20,0x40,0x3F,0xC0,0x20,0x20,0x3F,0xE0,0x00,0x00,0x09,
    0x00,0x7F,0xE0,0x11,0x00,0x61,0x00,0x00,0x00,0x00,0x00,0x04,0x00,0x02,0x00,0x7D,
    0xE0,0x19,0x00,0x3F,0xC0,0x40,0x40,0x11,0x00,0x7F,0xE0,0x11,0x00,0x11,0x00,0x61,
    0x00,0x00,0x00,0x7F,0xC0,0x04,0x00,0x3F,0xC0,0x04,0x00,0x7F,0xE0,0x09,0x00,0x6F,
    0xE0,0x11,0x00,0x11,0x00,0x61,0x00,0x00,0x00,0x10,0x80,0x75,0x00,0x7D,0xE0,0x53,
    0x40,0x7C,0xC0,0x74,0xC0,0x57,0x20,0x09,0x00,0x7F,0xE0,0x11,0x00,0x61,0x00,0x00,
    0x00,0x02,0x80,0x02,0x40,0x7F,0xE0,0x01,0x00,0x01,0x00,0x7D,0x00,0x11,0x00,0x11,
    0x00,0x11,0x20,0x7E,0xA0,0x00,0xC0,0x00,0x00,0x3F,0xC0,0x00,0x40,0x00,0x40,0x3F,
    0x80,0x20,0x00,0x3F,0xC0,0x00,0x40,0x00,0x40,0x00,0x40,0x03,0x80,0x00,0x40,0x7E,
    0x40,0x02,0x40,0x02,0x40,0x3C,0x40,0x20,0x40,0x7E,0x40,0x02,0x40,0x04,0x40,0x04,
    0x40,0x3C,0x40,0x00,0x00,0x09,0x00,0x09,0x00,0x7F,0xC0,0x09,0x40,0x3F,0xC0,0x49,
    0x00,0x7F,0xC0,0x09,0x20,0x09,0x20,0x11,0xC0,0x61,0x00,0x00,0x00,0x79,0x00,0x09,
    0x00,0x09,0x00,0x79,0x00,0x42,0x80,0x7A,0x40,0x0A,0x40,0x12,0x20,0x17,0xE0,0x70,
    0x20,0x00,0x00,0x01,0x00,0x71,0x00,0x15,0x20,0x15,0xC0,0x7F,0x40,0x45,0x40,0x75,
    0x40,0x15,0xC0,0x15,0x20,0x14,0x20,0x67,0xE0,0x00,0x00,0x10,0x80,0x09,0x00,0x7F,
    0xC0,0x04,0x40,0x3F,0xC0,0x24,0x00,0x3F,0xE0,0x44,0x20,0x1C,0x40,0x24,0xC0,0xC4,
    0x00,0x00,0x00,0x04,0x00,0x74,0x60,0x14,0xC0,0x15,0x00,0x64,0x00,0x4F,0xE0,0x74,
    0x80,0x14,0x80,0x14,0x40,0x15,0x60,0x76,0x20,0x00,0x00,0x02,0x00,0x72,0x00,0x17,
    0xE0,0x14,0x40,0x79,0x40,0x41,0x00,0x75,0x40,0x15,0x40,0x19,0x20,0x19,0x20,0x63,
    0x00,0x00,0x00,0x01,0x00,0x71,0x00,0x17,0xE0,0x11,0x00,0x72,0x40,0x44,0x80,0x77,
    0x80,0x11,0x40,0x12,0x40,0x17,0xE0,0x78,0x20,0x00,0x00,0x77,0xE0,0x15,0x40,0x15,
    0x40,0x75,0x40,0x45,0x40,0x75,0x40,0x16,0xC0,0x1A,0xA0,0x1B,0xA0,0x6A,0xA0,0x00,
    0x00,0x00,0x00,0x04,0x00,0x76,0xE0,0x09,0x00,0x39,0xC0,0xC9,0x20,0x3F,0xC0,0x1F,
    0xC0,0x20,0x00,0x3F,0xC0,0x00,0x40,0x03,0xC0,0x00,0x00,0x7B,0xC0,0x08,0x40,0x7B,
    0xC0,0x42,0x00,0x7B,0xC0,0x4A,0x40,0x29,0x40,0x7B,0xC0,0x8C,0x40,0x39,0xC0,0x00,
    0x00,0x04,0x40,0x72,0x80,0x17,0xC0,0x15,0x20,0x77,0xC0,0x45,0x20,0x77,0xC0,0x11,
    0x00,0x1F,0xE0,0x11,0x00,0x61,0x00,0x00,0x00,0x77,0xC0,0x14,0x40,0x17,0xC0,0x61,
    0x00,0x47,0xC0,0x79,0x40,0x17,0xC0,0x11,0x40,0x11,0x60,0x6F,0xA0,0x00,0x00,0x08,
    0x00,0x4F,0xC0,0x48,0x40,0x48,0x40,0x48,0x40,0x4F,0xC0,0x48,0x40,0x50,0x40,0x50,
    0x40,0x17,0xC0,0x60,0x40,0x00,0x00,0x04,0x00,0x24,0x40,0x14,0x80,0x15,0x80,0x7F,
    0xC0,0x00,0x40,0x00,0x40,0x3F,0xC0,0x00,0x40,0x00,0x40,0x7F,0xC0,0x00,0x00,0x3F,
    0x80,0x00,0x40,0x3F,0x80,0x00,0x40,0x7F,0xE0,0x26,0x40,0x1F,0x80,0x15,0x80,0x64,
    0x60,0x0C,0x20,0x00,0x00,0x00,0x00,0x10,0x00,0x1F,0x80,0x3F,0x80,0x7F,0xE0,0x57,
    0x40,0x7D,0xC0,0x33,0xE0,0x5E,0xE0,0x11,0x00,0x7F,0xE0,0x31,0x00,0x00,0x00,0x00,
    0x40,0x7E,0x40,0x24,0x80,0x27,0x00,0x24,0x60,0x7E,0x80,0x27,0x00,0x24,0x20,0x24,
    0x40,0x45,0x80,0x47,0x00,0x00,0x00,0x3C,0x40,0x24,0x80,0x35,0x00,0x2C,0x60,0x24,
    0x80,0x7F,0x00,0x24,0x20,0x44,0x40,0x44,0x80,0x5F,0x00,0x00,0x00,0x00,0x00,0x04,
    0x00,0x7F,0xE0,0x08,0x80,0x09,0x00,0x3F,0xE0,0x23,0x80,0x3C,0x40,0x23,0x80,0x5C,
    0x60,0x43,0x80,0xFC,0x00,0x00,0x00,0x7E,0x40,0x52,0x80,0x5F,0x00,0x24,0x60,0x10,
    0xC0,0x7F,0x00,0x18,0x20,0x34,0x40,0xD3,0x80,0x12,0x00,0x00,0x00,0x00,0x00,0x10,
    0x00,0x1E,0x40,0x10,0x80,0x6F,0x40,0x7E,0x40,0x52,0x80,0x4D,0x20,0x5C,0x40,0x55,
    0xA0,0x55,0x20,0xA7,0xE0,0x00,0x00,0x24,0x00,0x24,0x60,0x24,0x80,0x7F,0x80,0x24,
    0x60,0x7E,0xC0,0x6D,0x80,0xB5,0x20,0x34,0x40,0x24,0x80,0x27,0x00,0x00,0x00,0x10,
    0x00,0x10,0x60,0x7E,0x80,0x7F,0x00,0x00,0x20,0x3C,0x40,0x25,0x80,0x3D,0x20,0x24,
    0x40,0x3E,0x80,0x73,0x00,0x00,0x00,0x10,0x00,0x7E,0x60,0x24,0x80,0x7F,0x00,0x00,
    0x60,0x7C,0x80,0x7D,0x00,0x6C,0x20,0x10,0x40,0xFE,0x80,0x13,0x00,0x00,0x00,0x7E,
    0x60,0x7E,0x80,0x6F,0x00,0x10,0x60,0x7E,0xC0,0x7D,0x80,0x42,0x20,0x3C,0x40,0x6E,
    0x80,0xB3,0x00,0x00,0x00,0x00,0x00,0x10,0x00,0x17,0x80,0x24,0x40,0x54,0x40,0x1C,
    0x20,0x2F,0xC0,0x64,0x40,0xA2,0x80,0x21,0x80,0x22,0x80,0x3C,0x60,0x00,0x00,0x08,
    0x00,0x1B,0xE0,0x29,0x20,0x4B,0x20,0x2D,0x20,0x29,0x20,0x69,0x20,0xAB,0x20,0x2D,
    0x20,0x22,0x20,0x24,0xC0,0x00,0x00,0x11,0x00,0x21,0x00,0x6F,0xE0,0xD9,0x40,0x29,
    0x00,0x2F,0xC0,0x6A,0x40,0xAA,0x80,0x29,0x80,0x2B,0xC0,0x3C,0x60,0x00,0x00,0x12,
    0x00,0x11,0x00,0x2F,0xE0,0x41,0x00,0x11,0x00,0x21,0x00,0x6F,0xC0,0xA1,0x00,0x21,
    0x00,0x21,0x00,0x2F,0xE0,0x00,0x00,0x10,0x00,0x3F,0xE0,0x61,0x00,0xD1,0x00,0x25,
    0x00,0x25,0xE0,0x65,0x00,0xA5,0x00,0x25,0x00,0x25,0x00,0x2F,0xE0,0x00,0x00,0x10,
    0x00,0x37,0xC0,0x20,0x80,0x51,0x00,0x12,0xC0,0x2C,0x20,0x6E,0xC0,0xA1,0x00,0x21,
    0x00,0x21,0x00,0x2F,0xE0,0x00,0x00,0x11,0x00,0x11,0x00,0x2F,0xC0,0x51,0x00,0x2F,
    0xE0,0x20,0x80,0xEF,0xE0,0x24,0x80,0x24,0x80,0x22,0x80,0x21,0x80,0x00,0x00,0x10,
    0x00,0x27,0xC0,0x64,0x40,0x57,0xC0,0x24,0x40,0x27,0xC0,0x66,0x20,0xA5,0x40,0x24,
    0x80,0x27,0x40,0x2C,0x20,0x00,0x00,0x20,0x00,0x3F,0xC0,0x48,0x40,0xB9,0x40,0x2A,
    0xC0,0x6A,0xC0,0xEA,0xC0,0xAB,0xC0,0x28,0x40,0x2F,0xC0,0x28,0x40,0x00,0x00,0x12,
    0x00,0x2F,0xC0,0x62,0x40,0xDF,0xE0,0x22,0x40,0x2F,0xC0,0x62,0x00,0xAF,0xC0,0x22,
    0x00,0x3F,0xE0,0x22,0x00,0x00,0x00,0x10,0x00,0x13,0x00,0x26,0x80,0xFC,0x60,0x2F,
    0xA0,0x21,0x00,0x6F,0xE0,0xA1,0x00,0x25,0x40,0x29,0x20,0x33,0x20,0x00,0x00,0x11,
    0x00,0x11,0x00,0x27,0xE0,0xD1,0x00,0x11,0x00,0x2F,0xE0,0x65,0x00,0xA5,0xE0,0x2D,
    0x00,0x2B,0x00,0x31,0xE0,0x00,0x00,0x10,0x00,0x37,0xC0,0x67,0xC0,0xD4,0x40,0x27,
    0xC0,0x2F,0xA0,0x60,0x40,0xAF,0xE0,0x24,0x40,0x22,0x40,0x21,0xC0,0x00,0x00,0x10,
    0x80,0x32,0x80,0x2E,0xE0,0x52,0x80,0x12,0x80,0x2E,0xE0,0x62,0x80,0xA2,0x80,0x3E,
    0xE0,0x22,0x80,0x22,0x80,0x00,0x00,0x28,0x00,0x28,0xE0,0x4E,0xA0,0xF4,0xA0,0x3F,
    0xA0,0x64,0xA0,0xEE,0xA0,0x2C,0xA0,0x2C,0xA0,0x3F,0xC0,0x20,0x80,0x00,0x00,0x10,
    0x00,0x2F,0xE0,0x69,0x00,0xDF,0xE0,0x29,0x00,0x2B,0xC0,0x6A,0x40,0xAB,0xC0,0x2B,
    0xC0,0x2A,0x40,0x33,0xC0,0x00,0x00,0x04,0x80,0x36,0x80,0x56,0xE0,0xDE,0xA0,0x21,
    0x20,0x5F,0xC0,0x40,0xC0,0xAE,0x40,0x2B,0xC0,0x32,0xA0,0x33,0x30,0x00,0x00,0x11,
    0x00,0x2F,0xE0,0x41,0x00,0xFF,0xC0,0x2A,0xC0,0x6F,0xC0,0x6F,0xE0,0xA2,0x00,0x2D,
    0x40,0x34,0xA0,0x37,0xA0,0x00,0x00,0x04,0x40,0x35,0x80,0x5F,0xE0,0xA0,0xA0,0x3F,
    0xA0,0x4A,0xC0,0x56,0xC0,0xBF,0x40,0x2E,0x40,0x35,0xA0,0x2D,0x30,0x00,0x00,0x04,
    0x00,0x04,0x00,0x02,0x00,0x0A,0x00,0x29,0x40,0x48,0x40,0x48,0x20,0x48,0x20,0x48,
    0xA0,0x08,0x80,0x0F,0x00,0x08,0x00,0x04,0x80,0x0A,0x80,0x68,0x80,0x49,0x40,0x4A,
    0x40,0x4E,0x20,0x4C,0x20,0x18,0x80,0xE8,0x80,0x4F,0x80,0x20,0x00,0x27,0xC0,0x70,
    0x40,0x68,0x80,0x69,0x00,0xA2,0x00,0xA2,0x00,0x24,0x20,0x28,0x20,0x28,0x20,0x27,
    0xC0,0x00,0x00,0x3F,0xC0,0x00,0x40,0x3F,0xC0,0x20,0x40,0x20,0x60,0x1F,0x80,0x36,
    0x40,0x52,0x40,0x50,0xA0,0x4F,0x20,0x00,0x00,0x7F,0xC0,0x14,0x40,0x24,0x40,0x4C,
    0x40,0x19,0xC0,0x64,0x00,0x32,0x40,0x52,0x40,0x50,0xA0,0x4F,0x00,0x04,0x00,0x04,
    0x00,0x7F,0xE0,0x04,0x00,0x04,0x00,0x7F,0xC0,0x04,0x00,0x72,0x40,0x52,0xA0,0xD0,
    0xA0,0x0F,0x00,0x04,0x00,0x02,0x00,0x7F,0xE0,0x20,0x00,0x20,0x00,0x3F,0xC0,0x04,
    0x00,0x32,0x40,0x52,0x40,0x50,0xA0,0x0F,0x00,0x21,0x00,0x21,0x00,0x6F,0xE0,0x74,
    0x00,0x6C,0x00,0xA4,0x00,0xA4,0x00,0x24,0x00,0x24,0x00,0x24,0x00,0x27,0xE0,0x00,
    0x00,0x04,0x00,0x04,0x00,0x3F,0xC0,0x24,0x40,0x24,0x40,0x1F,0x80,0x00,0x00,0x36,
    0x40,0x53,0x20,0x50,0xA0,0x8F,0x00,0x22,0x00,0x22,0xC0,0x72,0x40,0x77,0xE0,0x6B,
    0x00,0xA3,0x00,0xA3,0x00,0x25,0x00,0x25,0x20,0x29,0x20,0x38,0xE0,0x00,0x00,0x21,
    0x00,0x21,0x00,0x77,0xC0,0x71,0x40,0x69,0x40,0xA1,0x40,0xAF,0xE0,0x23,0x00,0x22,
    0x80,0x24,0x40,0x38,0x20,0x00,0x00,0x21,0x00,0x21,0x00,0x7F,0xE0,0x79,0x20,0x69,
    0x20,0xA1,0x00,0xA3,0x00,0x23,0x00,0x25,0x20,0x2D,0x20,0x38,0xE0,0x00,0x00,0x04,
    0x00,0x0E,0x00,0x19,0x80,0x64,0x60,0x82,0x20,0x3D,0x80,0x05,0x80,0x32,0x40,0x53,
    0x40,0x50,0xA0,0x4F,0x00,0x20,0x00,0x23,0xE0,0x74,0x00,0x6C,0x00,0x6C,0x00,0xA7,
    0xE0,0xA4,0x80,0x24,0x80,0x24,0x80,0x28,0x80,0x28,0x80,0x00,0x00,0x10,0x00,0x1F,
    0xC0,0x25,0x40,0x49,0x40,0x1A,0x40,0x36,0x40,0x4D,0x80,0x36,0x40,0x52,0x40,0x50,
    0xA0,0x4F,0x20,0x0B,0x00,0x09,0x00,0x30,0x80,0xFF,0xE0,0x08,0x80,0x10,0x80,0x63,
    0x00,0x36,0xC0,0x52,0x40,0x50,0xA0,0xCF,0x20,0x20,0x00,0x2F,0xE0,0x71,0x00,0x69,
    0x00,0x6B,0x00,0xA3,0xC0,0xA5,0x40,0x29,0x20,0x39,0x20,0x21,0x00,0x21,0x00,0x00,
    0x00,0x04,0x00,0x04,0x00,0x7F,0xE0,0x0E,0x00,0x19,0x80,0x66,0xE0,0x84,0x20,0x32,
    0x40,0x52,0x40,0x50,0xA0,0x0F,0x00,0x11,0x00,0x11,0x00,0x11,0x00,0x1D,0x80,0x26,
    0x80,0x64,0x40,0x4C,0x20,0x32,0x40,0x53,0x20,0x50,0xA0,0x0F,0x00,0x10,0x00,0x3F,
    0xE0,0x28,0x00,0x4F,0xC0,0x48,0x00,0x0F,0xC0,0x08,0x00,0x74,0x40,0x52,0x40,0x50,
    0xA0,0x8F,0x20,0x10,0x00,0x23,0xC0,0x7E,0x40,0x29,0x40,0x79,0x80,0x3B,0xC0,0x44,
    0x20,0x32,0xC0,0x52,0x40,0x50,0xA0,0x0F,0x00,0x20,0x00,0x2F,0xE0,0x61,0x00,0x71,
    0x00,0x7D,0x00,0xA5,0xE0,0xA5,0x00,0x25,0x00,0x25,0x00,0x25,0x00,0x3F,0xE0,0x00,
    0x00,0x21,0x00,0x21,0x00,0x77,0xC0,0x74,0x40,0x6C,0x40,0xA4,0x40,0xA7,0xC0,0x24,
    0x40,0x24,0x40,0x27,0xC0,0x24,0x40,0x00,0x00,0x22,0x00,0x22,0x00,0x6F,0xE0,0x75,
    0x00,0x7D,0x00,0xAF,0xE0,0xAD,0x20,0x35,0x20,0x25,0x20,0x25,0x40,0x21,0x00,0x00,
    0x00,0x21,0x00,0x22,0x80,0x72,0x80,0x76,0x40,0x69,0x20,0xA1,0x00,0xAF,0xC0,0x20,
    0xC0,0x26,0x80,0x21,0x00,0x20,0x80,0x00,0x00,0x3F,0xC0,0x24,0x40,0x3F,0xC0,0x24,
    0x40,0x3F,0xC0,0x04,0x00,0x32,0x40,0x53,0x40,0x50,0xA0,0x0F,0x00,0x00,0x00,0x04,
    0x00,0x09,0x00,0x3F,0x80,0x40,0x40,0x3F,0xC0,0x20,0x40,0x3F,0xC0,0x04,0x00,0x32,
    0x40,0x50,0xA0,0xCF,0x20,0x00,0x00,0x08,0x00,0x1F,0x80,0x21,0x00,0x7F,0xC0,0x00,
    0x40,0x3F,0xC0,0x3B,0xC0,0x04,0x00,0x32,0x40,0x52,0xA0,0x4F,0x20,0x21,0x00,0x25,
    0x00,0x75,0x00,0x6F,0xE0,0x69,0x00,0xA9,0x00,0xA7,0xE0,0x21,0x00,0x21,0x00,0x21,
    0x00,0x2F,0xE0,0x00,0x00,0x10,0x00,0x3F,0xC0,0x26,0x40,0xEA,0xC0,0x1A,0x20,0x32,
    0x20,0x65,0xC0,0x32,0x40,0x52,0x40,0x50,0xA0,0x4F,0x20,0x00,0x00,0x20,0x00,0x2F,
    0xC0,0x64,0x40,0x72,0x80,0x7B,0x80,0xBC,0x60,0xA1,0x00,0x2F,0xC0,0x21,0x00,0x21,
    0x00,0x2F,0xE0,0x00,0x00,0x21,0x00,0x21,0x00,0x6F,0xE0,0x71,0x00,0x69,0x00,0xAD,
    0xE0,0xA2,0x00,0x22,0x80,0x24,0x40,0x2B,0xC0,0x2C,0x20,0x00,0x00,0x11,0x80,0x09,
    0x00,0x3F,0xC0,0x20,0x40,0x20,0x40,0x3F,0xC0,0x04,0x00,0x52,0x40,0x53,0x40,0x50,
    0xA0,0x8F,0x00,0x21,0x00,0x21,0x00,0x7F,0xE0,0x71,0x00,0x6F,0xE0,0xA0,0x80,0xAF,
    0xE0,0x24,0x80,0x24,0x80,0x22,0x80,0x21,0x80,0x00,0x00,0x04,0x00,0x04,0x00,0x7F,
    0xE0,0x39,0x80,0x29,0x40,0x49,0x20,0x04,0x00,0x32,0x40,0x52,0x40,0x50,0xA0,0x4F,
    0x00,0x00,0x00,0x21,0x00,0x29,0x60,0x65,0x40,0x75,0xC0,0x71,0x00,0xAF,0xE0,0xA4,
    0x80,0x24,0x80,0x24,0xA0,0x2C,0xA0,0x38,0xE0,0x00,0x00,0x7F,0x80,0x24,0x80,0x26,
    0x80,0x2D,0xA0,0x74,0xA0,0x0C,0x40,0x32,0x40,0x53,0x40,0x50,0xA0,0x8F,0x00,0x20,
    0x00,0x2F,0xE0,0x60,0x00,0x77,0xC0,0x74,0x40,0xA7,0xC0,0xA4,0x40,0x24,0x40,0x23,
    0x80,0x20,0x00,0x2F,0xE0,0x00,0x00,0x10,0x00,0x23,0xC0,0x7E,0x40,0x2A,0x40,0x7A,
    0x40,0x1B,0xC0,0x64,0x00,0x32,0x40,0x52,0x40,0x50,0xA0,0x4F,0x20,0x24,0x00,0x24,
    0x00,0x6F,0xE0,0x75,0x00,0x75,0x20,0xA7,0x40,0xA7,0xC0,0x29,0x80,0x29,0x40,0x32,
    0x40,0x2C,0x20,0x00,0x00,0x21,0x00,0x22,0x00,0x6F,0xC0,0x7A,0xC0,0x6A,0xC0,0xAA,
    0xC0,0xAA,0xC0,0x2A,0xC0,0x2A,0xC0,0x2A,0xC0,0x3F,0xE0,0x00,0x00,0x20,0x00,0x27,
    0xC0,0x74,0x40,0x77,0xC0,0x6C,0x40,0xA7,0xC0,0xA5,0x20,0x25,0x40,0x24,0x80,0x27,
    0x40,0x2C,0x20,0x00,0x00,0x3F,0xC0,0x24,0x40,0x3F,0x40,0x26,0x40,0x39,0x40,0x3F,
    0xC0,0x04,0x00,0x72,0x40,0x50,0xA0,0x9F,0x20,0x00,0x00,0x00,0x00,0x20,0x00,0x2F,
    0xE0,0x68,0x20,0x7B,0xA0,0x68,0x20,0xAB,0xA0,0xAA,0xA0,0x2A,0xA0,0x2B,0xA0,0x28,
    0x20,0x28,0xC0,0x00,0x00,0x20,0x00,0x2F,0xE0,0x61,0x00,0x71,0x00,0x6F,0xE0,0xA1,
    0x00,0xA3,0x80,0x24,0x40,0x24,0x40,0x24,0x40,0x27,0xC0,0x00,0x00,0x11,0x00,0x11,
    0x00,0x7F,0xC0,0x11,0x00,0x7F,0xE0,0x09,0x00,0x34,0x80,0xD6,0xE0,0x25,0x40,0x25,
    0x40,0x4D,0x60,0x00,0x00,0x04,0x00,0x3F,0x80,0x20,0x40,0x3F,0x80,0x20,0x40,0x3F,
    0xC0,0x3F,0x80,0x04,0x00,0x52,0xC0,0x51,0x20,0x8F,0x20,0x21,0x00,0x23,0x00,0x72,
    0x80,0x74,0x40,0x7F,0xA0,0xA0,0x00,0xA7,0xC0,0x24,0x40,0x24,0x40,0x24,0x40,0x27,
    0xC0,0x00,0x00,0x3F,0xC0,0x3F,0xC0,0x20,0x40,0x3F,0xC0,0x24,0xC0,0x2B,0x00,0x34,
    0xE0,0x52,0x40,0x50,0xA0,0xCF,0x20,0x00,0x00,0x7F,0xC0,0x69,0x40,0x29,0x40,0x19,
    0x80,0x7F,0xE0,0x00,0x00,0x34,0x40,0x32,0x40,0x50,0xA0,0x4F,0x00,0x00,0x00,0x21,
    0x00,0x21,0x00,0x6F,0xE0,0x74,0x80,0x6A,0xA0,0xA9,0x20,0xA9,0x20,0x2A,0xA0,0x2C,
    0x60,0x28,0x20,0x27,0xE0,0x00,0x00,0x7F,0xC0,0x0F,0x00,0x3F,0xC0,0x3F,0xC0,0x24,
    0x40,0x3F,0xC0,0x24,0xC0,0x36,0x40,0x52,0xA0,0xCF,0x20,0x00,0x00,0x21,0x00,0x2D,
    0x20,0x67,0x40,0x71,0x00,0x6F,0xC0,0xA4,0x20,0xA7,0xC0,0x24,0x20,0x27,0xC0,0x24,
    0x20,0x24,0xC0,0x00,0x00,0x00,0x40,0x7F,0x80,0x14,0x80,0x7F,0xE0,0x0E,0x00,0x15,
    0x80,0xE4,0x60,0x14,0x40,0x32,0x40,0x50,0xA0,0x4F,0x20,0x00,0x00,0x20,0x00,0x27,
    0xC0,0x74,0x40,0x77,0xC0,0x6F,0xC0,0x60,0x00,0xAF,0xE0,0x21,0x00,0x2F,0xE0,0x21,
    0x00,0x21,0x00,0x00,0x00,0x22,0x00,0x27,0xE0,0x64,0x00,0x7F,0xC0,0x76,0x40,0xA9,
    0x40,0xBF,0xE0,0x2B,0x40,0x29,0x40,0x26,0xE0,0x21,0xC0,0x00,0x00,0x20,0x00,0x2F,
    0xE0,0x62,0x00,0x77,0xC0,0x6A,0x40,0xAF,0xE0,0xA0,0x00,0x27,0xC0,0x24,0x40,0x24,
    0x40,0x27,0xC0,0x00,0x00,0x11,0x00,0x22,0x00,0x2B,0xE0,0x6E,0x40,0xA9,0x80,0x29,
    0x80,0x26,0x60,0x16,0x40,0x32,0x40,0x50,0xA0,0x4F,0x20,0x04,0x00,0x3F,0xC0,0x24,
    0x40,0x3F,0xC0,0x3F,0x80,0x44,0x40,0x3F,0xC0,0x04,0x00,0x32,0x40,0x52,0xA0,0xCF,
    0x20,0x24,0x40,0x24,0x80,0x62,0x80,0x77,0xC0,0x78,0x40,0xA8,0x40,0xA7,0xC0,0x22,
    0x80,0x22,0xA0,0x24,0xA0,0x38,0xE0,0x00,0x00,0x14,0x00,0x27,0xE0,0x28,0x20,0x71,
    0x40,0xA5,0xC0,0x29,0x40,0x37,0x20,0x14,0x40,0x32,0x40,0x50,0xA0,0xCF,0x20,0x3F,
    0x80,0x3F,0x80,0x20,0x40,0x3F,0xC0,0x7F,0xE0,0x10,0x80,0x3F,0xC0,0x36,0x40,0x52,
    0xA0,0x8F,0x20,0x00,0x00,0x28,0x00,0x25,0xE0,0x6D,0x20,0x79,0x20,0x7F,0xA0,0xAC,
    0xA0,0xAB,0x20,0x29,0x20,0x2A,0xA0,0x2C,0xA0,0x28,0xC0,0x00,0x00,0x0A,0x00,0x79,
    0xE0,0x09,0x00,0x79,0xC0,0x09,0x00,0x79,0xE0,0x09,0x00,0x54,0x40,0x72,0x40,0x50,
    0xA0,0x9F,0x20,0x00,0x00,0x20,0x00,0x2F,0xC0,0x61,0x00,0x7F,0xE0,0x75,0xC0,0xB9,
    0x30,0xA7,0xC0,0x21,0x00,0x2F,0xE0,0x21,0x00,0x27,0x00,0x00,0x00,0x21,0x00,0x21,
    0xE0,0x71,0x00,0x77,0xC0,0x7C,0x40,0xA7,0xC0,0xA6,0xC0,0x21,0x00,0x2F,0xE0,0x21,
    0x00,0x21,0x00,0x00,0x00,0x21,0x00,0x2F,0xE0,0x61,0x00,0x77,0xC0,0x6F,0xE0,0xA0,
    0x00,0xAF,0xC0,0x27,0xC0,0x2F,0xC0,0x28,0x40,0x28,0xC0,0x00,0x00,0x21,0x00,0x21,
    0x00,0x6E,0xE0,0x73,0x80,0x7C,0x40,0xA4,0x40,0xA7,0xC0,0x25,0x40,0x25,0x40,0x29,
    0x20,0x33,0x20,0x00,0x00,0x21,0x00,0x27,0xC0,0x68,0x20,0x7C,0x20,0x76,0xC0,0xAB,
    0x20,0xAF,0x20,0x37,0x40,0x25,0x20,0x29,0x20,0x38,0xE0,0x00,0x00,0x02,0x80,0x01,
    0x40,0x7F,0xA0,0x3D,0x40,0x25,0x80,0x19,0xA0,0x7D,0xA0,0x06,0x40,0x32,0x40,0x50,
    0xA0,0x4F,0x20,0x20,0x00,0x27,0xC0,0x77,0xC0,0x74,0x40,0x7F,0xC0,0xA4,0x00,0xA7,
    0xE0,0x3A,0xA0,0x25,0x20,0x29,0x20,0x32,0xC0,0x00,0x00,0x22,0x80,0x22,0x80,0x7F,
    0xE0,0x72,0x80,0x6F,0xE0,0xA0,0x00,0xA7,0xC0,0x24,0x40,0x27,0xC0,0x24,0x40,0x27,
    0xC0,0x00,0x00,0x22,0x80,0x24,0x80,0x77,0xE0,0x6C,0x80,0x6C,0x80,0xB7,0xE0,0xA4,
    0x80,0x27,0xE0,0x24,0x80,0x27,0xE0,0x24,0x00,0x00,0x00,0x04,0x00,0x7F,0xE0,0x04,
    0x00,0x3F,0xC0,0x3F,0xC0,0x3F,0xC0,0x04,0x40,0x7F,0xE0,0x32,0x40,0x52,0xA0,0x4F,
    0x20,0x01,0x00,0x21,0x00,0x6E,0xE0,0x79,0x00,0x68,0xE0,0xA9,0x00,0xA9,0xC0,0x2A,
    0x20,0x2A,0x20,0x2A,0x20,0x33,0xC0,0x00,0x00,0x20,0x00,0x27,0xC0,0x64,0x40,0x77,
    0xC0,0x7F,0xC0,0xA4,0x40,0xA7,0xC0,0x24,0x40,0x3B,0xA0,0x26,0xC0,0x38,0x20,0x00,
    0x00,0x23,0x00,0x22,0x80,0x6F,0xC0,0x72,0x40,0x6F,0xE0,0xA4,0x80,0xAB,0x40,0x34,
    0xB0,0x27,0x20,0x28,0xC0,0x2F,0x00,0x00,0x00,0x10,0x00,0x2F,0xE0,0x51,0x00,0x35,
    0xC0,0x65,0x00,0xE5,0x00,0x2F,0xE0,0x04,0x40,0x32,0x40,0x50,0xA0,0xCF,0x20,0x08,
    0x00,0x1F,0xC0,0x69,0x80,0x0F,0x00,0xFB,0xE0,0x24,0x40,0x3F,0x80,0x3F,0x80,0x32,
    0x40,0x52,0xE0,0x4F,0x20,0x00,0x00,0x24,0x00,0x24,0xE0,0x7F,0x00,0x7D,0x00,0x6C,
    0xE0,0xBF,0x40,0xA5,0x40,0x25,0x40,0x3F,0x40,0x25,0x40,0x27,0x40,0x00,0x00,0x24,
    0x40,0x22,0x80,0x77,0xC0,0x79,0x40,0x77,0xC0,0xA9,0x40,0xA7,0xC0,0x21,0x00,0x2F,
    0xE0,0x21,0x00,0x21,0x00,0x00,0x00,0x20,0x00,0x2F,0xC0,0x69,0x40,0x7F,0xE0,0x7F,
    0xC0,0xA0,0x00,0xAF,0xC0,0x29,0x40,0x29,0x40,0x22,0x80,0x3C,0x60,0x00,0x00,0x22,
    0x00,0x2F,0xE0,0x74,0x00,0x77,0xC0,0x7F,0xE0,0xA0,0x00,0xA7,0xC0,0x27,0xC0,0x28,
    0x40,0x2F,0xC0,0x28,0xC0,0x00,0x00,0x20,0x00,0x27,0xC0,0x7C,0x40,0x27,0xC0,0x7F,
    0xC0,0xAC,0x40,0x27,0xC0,0x04,0x40,0x32,0x40,0x50,0xA0,0x4F,0x20,0x21,0x00,0x27,
    0xC0,0x68,0x40,0x77,0xC0,0x78,0x40,0xA7,0xC0,0xAF,0xE0,0x21,0x00,0x2F,0xE0,0x21,
    0x00,0x2F,0xE0,0x00,0x00,0x7F,0xE0,0x11,0x00,0x7F,0xE0,0x18,0x00,0x3F,0xC0,0xD0,
    0x40,0x0F,0x80,0x32,0x40,0x52,0xA0,0x4F,0x20,0x00,0x00,0x20,0x00,0x27,0xC0,0x6F,
    0xC0,0x78,0x40,0x77,0xC0,0xA5,0x00,0xAF,0xE0,0x39,0x00,0x27,0xC0,0x21,0x00,0x2F,
    0xE0,0x00,0x00,0x01,0x00,0x79,0x00,0x15,0x60,0x7B,0x40,0x31,0x80,0x5B,0x80,0xDE,
    0x60,0x02,0x60,0x32,0x40,0x50,0xA0,0x4F,0x20,0x06,0x00,0x09,0x00,0x6F,0xC0,0x98,
    0x60,0x25,0x40,0x3D,0x40,0x3D,0x40,0x2C,0xC0,0x32,0x40,0x52,0xA0,0x4F,0x20,0x21,
    0x00,0x22,0x80,0x74,0x40,0x7F,0xA0,0x64,0x40,0xAA,0xC0,0xAE,0xC0,0x2A,0xC0,0x2E,
    0xC0,0x2A,0x40,0x2E,0xC0,0x00,0x00,0x04,0x00,0x7F,0xC0,0x09,0x00,0x7F,0xE0,0x3F,
    0xC0,0x20,0x40,0x3F,0xC0,0x3F,0xC0,0x36,0x40,0x52,0xA0,0x4F,0x20,0x3F,0xC0,0x3F,
    0x80,0x3F,0xC0,0x04,0x00,0x7F,0xC0,0x5F,0x40,0x44,0xC0,0x52,0x40,0x52,0xA0,0x5F,
    0x20,0x00,0x00,0x02,0x80,0x01,0x40,0x3F,0xA0,0x3F,0x40,0x21,0x40,0x5C,0xA0,0x5F,
    0xA0,0xC4,0x40,0x32,0x40,0x52,0xA0,0x4F,0x20,0x21,0x00,0x2F,0xE0,0x71,0x00,0x74,
    0x40,0x6F,0xE0,0xA0,0x00,0xAF,0xC0,0x29,0x40,0x29,0x40,0x22,0xC0,0x3C,0x20,0x00,
    0x00,0x21,0x00,0x2F,0xC0,0x69,0x40,0x7F,0xC0,0x69,0x40,0xA9,0x40,0xA7,0x80,0x23,
    0xC0,0x23,0xC0,0x25,0x20,0x39,0xE0,0x00,0x00,0x3F,0xE0,0x27,0x80,0x28,0x40,0x2F,
    0xC0,0x2F,0xC0,0x29,0xC0,0x36,0x20,0x55,0x40,0x55,0xA0,0xE7,0xA0,0x00,0x00,0x00,
    0x00,0x10,0x80,0x09,0x00,0x76,0xE0,0x25,0x40,0x7B,0x80,0x19,0x40,0x7B,0xC0,0x04,
    0x20,0x32,0x40,0x52,0xA0,0xCF,0x20,0x00,0x00,0x24,0x80,0x2F,0xE0,0x74,0x80,0x71,
    0x00,0x6F,0xE0,0xA8,0x00,0xAF,0xC0,0x25,0x40,0x29,0x40,0x29,0x60,0x39,0x60,0x00,
    0x00,0x21,0x00,0x2F,0xE0,0x61,0x00,0x77,0xC0,0x77,0xC0,0xA7,0xC0,0xA4,0x40,0x27,
    0xC0,0x3F,0xE0,0x22,0x80,0x3C,0x60,0x00,0x00,0x20,0x00,0x2F,0xE0,0x67,0xC0,0x74,
    0x40,0x77,0xC0,0xAF,0xE0,0xA0,0x40,0x2F,0xA0,0x2A,0xC0,0x26,0xC0,0x3B,0x20,0x00,
    0x00,0x11,0x00,0x7F,0xE0,0x09,0x00,0x36,0xC0,0x3F,0xC0,0x3F,0xC0,0x6E,0x60,0x11,
    0x80,0x36,0xC0,0xD5,0xA0,0x2D,0x40,0x00,0x00,0x20,0x00,0x2F,0xC0,0x67,0xC0,0x77,
    0xC0,0x65,0x40,0xAA,0xA0,0xAF,0xE0,0x2F,0xC0,0x24,0x40,0x23,0x80,0x3C,0xE0,0x00,
    0x00,0x10,0x80,0x7F,0xE0,0x7F,0xC0,0x10,0x80,0x7F,0xE0,0x3F,0xC0,0x3F,0xC0,0x3B,
    0xC0,0x04,0x40,0x72,0xC0,0x4F,0x20,0x00,0x00,0x20,0x00,0x2F,0xE0,0x6B,0x40,0x7F,
    0x40,0xAB,0x80,0xAF,0xE0,0xA8,0x80,0x2C,0x80,0x2F,0x60,0x3B,0x60,0x22,0x60,0x00,
    0x00,0x3E,0x40,0x3F,0xE0,0x3F,0x40,0x21,0x40,0x5E,0xC0,0x5A,0x40,0xEE,0xC0,0x32,
    0x40,0x52,0xA0,0x4F,0x20,0x00,0x00,0x21,0x00,0x2F,0xE0,0x69,0x00,0x7F,0xC0,0x79,
    0x20,0xAF,0xE0,0xAF,0xC0,0x2D,0xA0,0x2B,0xC0,0x37,0x40,0x3B,0x20,0x00,0x00,0x10,
    0x80,0x75,0x00,0x3D,0xE0,0x53,0x40,0x7C,0xC0,0x74,0x80,0x55,0x60,0x06,0x00,0x32,
    0x40,0x52,0xA0,0xCF,0x20,0x24,0x40,0x22,0x80,0x6F,0xE0,0x7D,0x60,0x6B,0xA0,0xAF,
    0xE0,0xA7,0xC0,0x24,0x40,0x27,0xC0,0x24,0x40,0x27,0xC0,0x00,0x00,0x01,0x00,0x39,
    0x00,0x7D,0xE0,0x27,0x40,0x3D,0x40,0x3C,0x80,0x3D,0x40,0x46,0x20,0x32,0x40,0x52,
    0xA0,0x4F,0x20,0x20,0xC0,0x20,0xA0,0x6F,0xE0,0x7F,0xA0,0x68,0xC0,0xAF,0xE0,0xAF,
    0xE0,0x31,0x20,0x2D,0x40,0x2C,0xA0,0x37,0xA0,0x00,0x00,0x22,0x80,0x2F,0xE0,0x72,
    0x00,0x7F,0xC0,0x6F,0xE0,0x6F,0xC0,0xAF,0xC0,0x29,0x40,0x27,0x80,0x2F,0xE0,0x2F,
    0xE0,0x00,0x00,0x24,0x00,0x2F,0xE0,0x6A,0xA0,0x7E,0xA0,0x6F,0x40,0xAE,0xC0,0xAE,
    0xE0,0x2F,0x40,0x2F,0xE0,0x36,0x40,0x36,0x40,0x00,0x00,0x21,0x00,0x2F,0xE0,0x6D,
    0xA0,0x7B,0xA0,0x6F,0xA0,0xAB,0xA0,0xAD,0x60,0x21,0x00,0x3F,0xE0,0x22,0x80,0x3C,
    0x60,0x00,0x00,0x24,0x80,0x24,0xC0,0x7F,0x40,0x7E,0xC0,0xB7,0x20,0xB7,0xA0,0xBF,
    0xA0,0x2D,0xA0,0x2B,0xA0,0x34,0xC0,0x27,0x20,0x00,0x00,0x20,0x00,0x2F,0xC0,0x6F,
    0xE0,0x79,0x20,0xAF,0xE0,0xA0,0x00,0xAF,0xE0,0x2F,0xE0,0x2A,0xA0,0x2A,0xA0,0x2A,
    0xC0,0x00,0x00,0x08,0x00,0x0B,0x00,0x08,0x80,0x7F,0xE0,0x04,0x40,0x04,0x80,0x05,
    0x00,0x06,0x00,0x1E,0x20,0x71,0x20,0x01,0xC0,0x00,0x00,0x04,0x80,0x04,0x80,0x3F,
    0xE0,0x22,0x00,0x22,0x40,0x22,0x80,0x22,0x80,0x23,0x00,0x47,0x20,0x59,0x20,0xC0,
    0xC0,0x00,0x00,0x02,0x80,0x02,0x40,0x3F,0xE0,0x22,0x00,0x22,0x40,0x22,0x40,0x3E,
    0x80,0x21,0x00,0x43,0x20,0x4C,0xA0,0x90,0xE0,0x00,0x00,0x02,0x80,0x02,0x40,0x3F,
    0xE0,0x22,0x00,0x22,0x40,0x32,0x40,0x2A,0x80,0x25,0x00,0x43,0x20,0x4C,0xA0,0x90,
    0xE0,0x00,0x00,0x02,0x80,0x02,0xC0,0x7F,0xE0,0x02,0x00,0x12,0x40,0x12,0x40,0x7E,
    0x80,0x11,0x00,0x23,0x20,0x2C,0xA0,0x58,0xC0,0x00,0x00,0x02,0x00,0x02,0x80,0x7A,
    0x40,0x4B,0xE0,0x5E,0x40,0x32,0x40,0x11,0x80,0x31,0x80,0x2B,0x20,0x44,0xA0,0xC8,
    0xE0,0x00,0x00,0x02,0x80,0x02,0x40,0x3F,0xE0,0x22,0x00,0x22,0x40,0x3D,0x40,0x25,
    0x80,0x49,0x80,0x49,0x20,0x5A,0xA0,0xC4,0xE0,0x00,0x00,0x02,0x00,0x7E,0x80,0x12,
    0x40,0x12,0x00,0x7F,0xE0,0x11,0x40,0x1D,0x40,0x71,0x80,0x13,0x20,0x1C,0xA0,0x70,
    0xC0,0x00,0x00,0x02,0x80,0x02,0x40,0x7F,0xE0,0x02,0x00,0x29,0x40,0x29,0x40,0x7D,
    0x80,0x29,0x80,0x29,0x20,0x4A,0xA0,0x4C,0xC0,0x00,0x00,0x02,0x80,0x02,0x40,0x7F,
    0xE0,0x01,0x00,0x39,0x40,0x25,0x40,0x25,0x80,0x39,0x80,0x05,0x20,0x7A,0xA0,0x04,
    0xC0,0x00,0x00,0x22,0x00,0x22,0x80,0x3E,0x40,0x22,0xE0,0x27,0x00,0x31,0x60,0x49,
    0x40,0x49,0x80,0x49,0x20,0x4E,0xA0,0x78,0xE0,0x00,0x00,0x01,0x80,0x01,0x40,0x3F,
    0xE0,0x49,0x00,0x4F,0x40,0x49,0x40,0x3F,0x40,0x5C,0x80,0x5A,0xA0,0x69,0xA0,0x9A,
    0x60,0x00,0x00,0x11,0x00,0x7F,0xC0,0x11,0x40,0x7F,0xE0,0x29,0x60,0x3F,0x40,0x69,
    0x40,0xBE,0xC0,0x3E,0xA0,0x29,0xA0,0x36,0x60,0x00,0x00,0x00,0x80,0x7E,0xC0,0x5A,
    0xA0,0x36,0xE0,0x5B,0x80,0x3C,0xA0,0xDA,0xC0,0x6C,0x80,0x32,0xA0,0x4D,0x60,0x72,
    0x60,0x00,0x00,0x01,0x00,0x7F,0x40,0x5B,0x20,0x36,0xE0,0x5B,0x80,0x3E,0xA0,0x48,
    0xC0,0xBE,0x80,0x7F,0xA0,0x48,0xA0,0x3E,0x60,0x00,0x00,0x11,0x00,0x7F,0xC0,0x11,
    0x40,0x6F,0xA0,0x7F,0x20,0x7F,0x40,0x7F,0x40,0x7E,0x80,0x66,0xA0,0x19,0xA0,0x66,
    0x60,0x00,0x00,0x04,0x00,0x02,0x00,0x3F,0xC0,0x20,0x40,0x20,0x40,0x3F,0xC0,0x20,
    0x00,0x20,0x00,0x20,0x00,0x40,0x00,0xC0,0x00,0x00,0x00,0x04,0x00,0x3F,0xC0,0x20,
    0x40,0x3F,0xC0,0x22,0x00,0x3B,0xE0,0x24,0x00,0x27,0xC0,0x48,0x40,0x48,0x40,0xF1,
    0x80,0x00,0x00,0x3D,0xE0,0x42,0x00,0x42,0x00,0x7B,0xE0,0x4A,0x40,0x4A,0x40,0x7A,
    0x40,0x42,0x40,0x44,0x40,0xCC,0x40,0x00,0x00,0x00,0x00,0x04,0x00,0x3F,0xC0,0x20,
    0x40,0x3F,0xC0,0x20,0x00,0x3F,0xC0,0x35,0x40,0x35,0x40,0x5F,0xC0,0x55,0x40,0x95,
    0x40,0x00,0x00,0x04,0x00,0x3F,0xC0,0x20,0x40,0x3F,0xC0,0x20,0x00,0x3D,0xC0,0x35,
    0x40,0x2C,0xC0,0x4C,0xC0,0x77,0x40,0xCC,0xC0,0x00,0x00,0x7F,0xC0,0x04,0x00,0x04,
    0x00,0x3F,0xC0,0x04,0x00,0x04,0x00,0x7F,0xE0,0x04,0x00,0x04,0x00,0x0C,0x00,0x00,
    0x00,0x00,0x00,0x01,0x00,0x01,0x00,0x01,0x00,0x7F,0xE0,0x03,0x00,0x05,0x00,0x09,
    0x00,0x11,0x00,0x61,0x00,0xC1,0x00,0x07,0x00,0x00,0x00,0x12,0x00,0x12,0x00,0x12,
    0x00,0x7E,0x00,0x12,0x00,0x1E,0x00,0xF2,0x00,0x12,0x00,0x12,0x20,0x11,0x20,0x71,
    0xE0,0x00,0x00,0x11,0x00,0x11,0x00,0x79,0x00,0x11,0x00,0x11,0x80,0x19,0x40,0xE1,
    0x20,0x11,0x00,0x11,0x00,0x11,0x00,0x61,0x00,0x00,0x00,0x20,0x00,0x22,0x80,0x7A,
    0x80,0x22,0x80,0x22,0x80,0x3A,0x80,0xE4,0x80,0x24,0x40,0x24,0x40,0x28,0x60,0x78,
    0x20,0x00,0x00,0x10,0x00,0x17,0xE0,0x10,0x80,0x78,0x80,0x10,0x80,0x18,0x80,0xF0,
    0x80,0x10,0x80,0x10,0x80,0x10,0x80,0x63,0x80,0x00,0x00,0x20,0x00,0x2F,0xC0,0x22,
    0x40,0x7C,0x80,0x24,0x80,0x3C,0xE0,0xE4,0x20,0x24,0x20,0x24,0x40,0x28,0x40,0x79,
    0xC0,0x00,0x00,0x20,0x00,0x21,0xC0,0x7E,0x00,0x22,0x00,0x22,0x00,0x37,0xE0,0xE2,
    0x00,0x22,0x00,0x22,0x20,0x22,0x20,0x61,0xC0,0x00,0x00,0x20,0x00,0x27,0xE0,0x21,
    0x00,0x79,0x00,0x21,0x00,0x29,0x00,0xF1,0x00,0x21,0x00,0x21,0x00,0x21,0x00,0x6E,
    0xE0,0x00,0x00,0x20,0x00,0x20,0x00,0x27,0xC0,0x7C,0x40,0x24,0x40,0x2C,0x40,0xF4,
    0x40,0x24,0x40,0x24,0x40,0x27,0xC0,0x64,0x40,0x00,0x00,0x20,0x00,0x21,0xE0,0x7F,
    0x00,0x21,0x00,0x21,0x00,0x37,0xE0,0xE1,0x00,0x21,0x00,0x21,0x00,0x21,0x00,0x61,
    0x00,0x00,0x00,0x22,0x00,0x22,0x00,0x77,0xC0,0x22,0x40,0x22,0x40,0x3E,0x40,0xE2,
    0x40,0x25,0x40,0x24,0x60,0x2C,0x60,0x78,0x60,0x00,0x00,0x21,0x00,0x20,0x80,0x7F,
    0xE0,0x24,0x00,0x24,0x00,0x3C,0x00,0xE4,0x00,0x24,0x00,0x24,0x00,0x28,0x00,0x78,
    0x00,0x00,0x00,0x20,0x00,0x27,0xE0,0x78,0x20,0x20,0x20,0x20,0x20,0x3F,0xE0,0xE0,
    0x20,0x20,0x20,0x20,0x20,0x2F,0xE0,0x60,0x20,0x00,0x00,0x20,0x00,0x27,0xC0,0x71,
    0x80,0x22,0x00,0x27,0xE0,0x32,0xA0,0xE5,0x20,0x25,0x40,0x29,0x40,0x32,0x40,0x64,
    0xC0,0x00,0x00,0x20,0x00,0x27,0xC0,0x72,0x40,0x22,0x40,0x22,0x40,0x3F,0xC0,0xE4,
    0x40,0x24,0x40,0x24,0x40,0x24,0x40,0x6F,0xE0,0x00,0x00,0x20,0x80,0x22,0x80,0x74,
    0x80,0x24,0x40,0x28,0x20,0x37,0xE0,0xE2,0x40,0x22,0x40,0x24,0x40,0x24,0x40,0x79,
    0x80,0x00,0x00,0x20,0x80,0x20,0x80,0x78,0x80,0x24,0x80,0x24,0xE0,0x34,0x80,0xE4,
    0x80,0x24,0x80,0x24,0x80,0x24,0x80,0x6F,0xE0,0x00,0x00,0x22,0x00,0x22,0x80,0x72,
    0x40,0x27,0xE0,0x23,0x00,0x3B,0x00,0xE3,0x00,0x25,0x00,0x25,0x20,0x29,0x20,0x78,
    0xE0,0x00,0x00,0x20,0x00,0x27,0xE0,0x74,0x00,0x24,0x00,0x27,0xC0,0x36,0x40,0xE5,
    0x40,0x29,0x80,0x28,0x80,0x2B,0x40,0x74,0x20,0x00,0x00,0x21,0x00,0x21,0x00,0x27,
    0xE0,0x79,0x00,0x21,0x00,0x3F,0xE0,0xE1,0x00,0x21,0x00,0x22,0x80,0x24,0x40,0x68,
    0x20,0x00,0x00,0x21,0x00,0x25,0x00,0x25,0x20,0x75,0x20,0x27,0x40,0x34,0x80,0xE5,
    0x00,0x25,0x00,0x25,0x20,0x27,0x20,0x6C,0xE0,0x00,0x00,0x20,0x00,0x27,0xE0,0x24,
    0x00,0x77,0xC0,0x26,0x40,0x36,0x40,0xEA,0x40,0x2A,0xC0,0x2A,0x20,0x2A,0x20,0x71,
    0xE0,0x00,0x00,0x22,0x00,0x22,0x80,0x7A,0x40,0x23,0xE0,0x2E,0x00,0x2A,0x60,0xF1,
    0x80,0x21,0x00,0x23,0x20,0x2C,0xA0,0x60,0xC0,0x00,0x00,0x3F,0x80,0x03,0x00,0x04,
    0x80,0x7F,0xA0,0x24,0xC0,0x2F,0x80,0x24,0x40,0x5F,0x40,0xC4,0x20,0x0C,0x00,0x00,
    0x00,0x21,0x00,0x21,0x00,0x77,0xE0,0x21,0x00,0x23,0x80,0x34,0x40,0xE4,0x40,0x22,
    0x80,0x21,0x00,0x22,0x80,0x7C,0x60,0x00,0x00,0x21,0x00,0x21,0x00,0x23,0x40,0x7D,
    0x40,0x25,0x20,0x35,0x20,0xE9,0x40,0x20,0x80,0x21,0x80,0x22,0x00,0x6C,0x00,0x00,
    0x00,0x22,0x00,0x22,0x00,0x27,0xC0,0x72,0x40,0x22,0x40,0x32,0x40,0xEF,0xE0,0x23,
    0x00,0x27,0x80,0x2C,0xC0,0x78,0x20,0x00,0x00,0x20,0x00,0x27,0xC0,0x75,0x40,0x25,
    0x40,0x25,0x40,0x37,0xC0,0xE4,0x00,0x24,0x00,0x24,0x20,0x24,0x20,0x67,0xE0,0x00,
    0x00,0x20,0x00,0x2F,0xE0,0x79,0x20,0x29,0x20,0x29,0x20,0x39,0x20,0xE9,0x20,0x2B,
    0x20,0x2F,0x40,0x29,0x00,0x61,0x00,0x00,0x00,0x20,0x00,0x27,0xE0,0x7A,0x40,0x22,
    0x80,0x21,0x00,0x37,0xE0,0xE1,0x20,0x21,0x40,0x21,0x00,0x21,0x00,0x63,0x00,0x00,
    0x00,0x20,0x00,0x27,0xE0,0x75,0x40,0x25,0x40,0x25,0x40,0x35,0x40,0xE9,0x40,0x29,
    0x40,0x29,0x20,0x29,0x20,0x71,0x20,0x00,0x00,0x20,0x00,0x27,0x80,0x24,0x40,0x74,
    0x40,0x2C,0x20,0x37,0xC0,0xE4,0x40,0x22,0x80,0x23,0x80,0x22,0x80,0x7C,0x60,0x00,
    0x00,0x20,0x80,0x24,0x80,0x22,0x80,0x79,0x80,0x24,0x80,0x3A,0x80,0xE2,0x80,0x27,
    0xE0,0x28,0x80,0x20,0x80,0x60,0x80,0x00,0x00,0x21,0x00,0x21,0x00,0x77,0xE0,0x20,
    0x00,0x27,0x80,0x34,0x80,0xE4,0x80,0x24,0x80,0x24,0xA0,0x24,0xA0,0x78,0x60,0x00,
    0x00,0x20,0x00,0x27,0xE0,0x7C,0x00,0x24,0x00,0x24,0x00,0x3F,0xE0,0xE4,0x80,0x24,
    0x80,0x24,0x80,0x24,0x80,0x68,0x80,0x00,0x00,0x20,0x00,0x27,0xE0,0x79,0x00,0x21,
    0x00,0x2D,0xE0,0x32,0x00,0xE3,0x00,0x23,0x00,0x25,0x20,0x2D,0x20,0x78,0xE0,0x00,
    0x00,0x28,0x80,0x28,0x80,0x79,0xE0,0x2E,0xA0,0x2A,0xA0,0x3A,0xA0,0xEA,0xC0,0x2B,
    0x40,0x2B,0xE0,0x32,0x20,0x73,0xE0,0x00,0x00,0x20,0x00,0x27,0xE0,0x24,0x20,0x76,
    0x40,0x25,0x40,0x34,0x80,0xE4,0x80,0x25,0x40,0x26,0x20,0x24,0x00,0x67,0xE0,0x00,
    0x00,0x21,0x00,0x21,0x00,0x7A,0x80,0x24,0x40,0x2C,0x30,0x2C,0xC0,0xF5,0x00,0x26,
    0x00,0x24,0x20,0x24,0x20,0x63,0xC0,0x00,0x00,0x21,0x00,0x23,0x00,0x7A,0x80,0x24,
    0x40,0x2F,0xF0,0x34,0x40,0xE4,0x40,0x25,0x80,0x24,0x20,0x24,0x20,0x63,0xC0,0x00,
    0x00,0x21,0x00,0x21,0x00,0x77,0xE0,0x24,0x20,0x24,0x20,0x3F,0xE0,0xE4,0x00,0x24,
    0x00,0x24,0x00,0x28,0x00,0x68,0x00,0x00,0x00,0x20,0x00,0x27,0xC0,0x24,0x40,0x7D,
    0xC0,0x24,0x00,0x3F,0xC0,0xE5,0x40,0x25,0x40,0x24,0x80,0x25,0x40,0x66,0x20,0x00,
    0x00,0x20,0x00,0x2F,0xE0,0x21,0x00,0x75,0x60,0x25,0x40,0x33,0x40,0xEF,0xE0,0x21,
    0x00,0x21,0x00,0x21,0x00,0x61,0x00,0x00,0x00,0x21,0x00,0x21,0x00,0x27,0xE0,0x75,
    0x60,0x25,0x00,0x37,0xC0,0xEA,0x40,0x2A,0x80,0x29,0x80,0x2B,0xC0,0x74,0x20,0x00,
    0x00,0x21,0x00,0x22,0x00,0x22,0xC0,0x74,0x40,0x2F,0xE0,0x30,0x20,0xE7,0xC0,0x24,
    0x40,0x24,0x40,0x24,0x40,0x67,0xC0,0x00,0x00,0x22,0x00,0x24,0x00,0x77,0xC0,0x28,
    0x40,0x3F,0x40,0x39,0x40,0xE9,0x40,0x2F,0x40,0x28,0xC0,0x28,0x20,0x67,0xE0,0x20,
    0x00,0x27,0xE0,0x74,0x80,0x24,0x80,0x24,0x80,0x37,0xE0,0xE4,0x80,0x24,0x80,0x25,
    0xA0,0x26,0x60,0x69,0x60,0x00,0x00,0x21,0x00,0x21,0x00,0x7F,0xE0,0x21,0x00,0x21,
    0x00,0x37,0xE0,0xE3,0x80,0x23,0x80,0x25,0x40,0x39,0x30,0x61,0x00,0x00,0x00,0x20,
    0x00,0x2F,0xC0,0x79,0x40,0x29,0x40,0x2F,0xC0,0x39,0x40,0xE9,0x40,0x2F,0xC0,0x21,
    0x00,0x21,0x00,0x61,0x00,0x00,0x00,0x21,0x00,0x21,0x00,0x27,0xE0,0x75,0x20,0x25,
    0x20,0x35,0x20,0xE7,0xE0,0x25,0x20,0x25,0x20,0x27,0xE0,0x64,0x20,0x00,0x00,0x27,
    0xC0,0x28,0x20,0x78,0x20,0x2F,0xC0,0x38,0x80,0xE7,0xE0,0x28,0x80,0x28,0x80,0x2B,
    0xA0,0x6C,0x60,0x00,0x00,0x00,0x00,0x22,0x80,0x22,0x80,0x7F,0xE0,0x22,0xA0,0x2F,
    0xE0,0x3A,0x80,0xEF,0xC0,0x22,0xA0,0x24,0xA0,0x24,0xE0,0x78,0x80,0x00,0x00,0x21,
    0x00,0x21,0x00,0x27,0xE0,0x71,0x00,0x21,0x00,0x31,0x00,0xE7,0xE0,0x21,0x00,0x21,
    0x00,0x21,0x00,0x6F,0xE0,0x00,0x00,0x20,0x00,0x27,0xC0,0x7C,0x40,0x24,0x40,0x27,
    0xC0,0x3C,0x40,0xE4,0x40,0x27,0xC0,0x20,0x00,0x20,0x00,0x6F,0xE0,0x00,0x00,0x20,
    0x00,0x23,0xE0,0x7C,0x00,0x24,0x00,0x27,0xE0,0x3C,0x80,0xE7,0x80,0x24,0xC0,0x24,
    0xA0,0x28,0x80,0x78,0x80,0x00,0x00,0x20,0x00,0x27,0xC0,0x76,0x40,0x25,0x40,0x28,
    0x40,0x3F,0xE0,0xEA,0x40,0x29,0x40,0x2F,0xE0,0x20,0x40,0x61,0xC0,0x00,0x00,0x21,
    0x00,0x21,0x00,0x21,0xE0,0x79,0x00,0x21,0x00,0x39,0x00,0xE6,0xC0,0x24,0x40,0x24,
    0x40,0x27,0xC0,0x64,0x40,0x00,0x00,0x21,0x00,0x21,0x00,0x27,0xE0,0x70,0x00,0x24,
    0x40,0x3C,0x40,0xE2,0x80,0x22,0x80,0x22,0x80,0x20,0x80,0x6F,0xE0,0x00,0x00,0x21,
    0x00,0x2D,0x20,0x25,0x40,0x7F,0x40,0x21,0x00,0x37,0xE0,0xE1,0x00,0x2F,0xE0,0x21,
    0x00,0x21,0x00,0x61,0x00,0x00,0x00,0x21,0x00,0x21,0x00,0x7F,0xE0,0x24,0x20,0x24,
    0x20,0x2C,0x20,0xF7,0xE0,0x24,0x20,0x24,0x20,0x27,0xE0,0x64,0x20,0x00,0x00,0x21,
    0x00,0x22,0x80,0x72,0x80,0x26,0x40,0x29,0x20,0x31,0x00,0xEF,0xC0,0x20,0x40,0x26,
    0x80,0x21,0x00,0x60,0x80,0x00,0x00,0x20,0x00,0x27,0xC0,0x74,0x40,0x24,0x40,0x27,
    0xC0,0x32,0x00,0xEF,0xE0,0x22,0x20,0x22,0x20,0x24,0x40,0x79,0xC0,0x00,0x00,0x20,
    0x00,0x27,0xE0,0x24,0x00,0x74,0x00,0x27,0xC0,0x34,0x40,0xE4,0x40,0x27,0xC0,0x24,
    0x00,0x24,0x00,0x67,0xE0,0x00,0x00,0x20,0x00,0x27,0xE0,0x21,0x00,0x72,0x00,0x22,
    0x00,0x37,0xC0,0xEC,0x20,0x3C,0x20,0x24,0x20,0x27,0xC0,0x64,0x20,0x00,0x00,0x22,
    0x80,0x22,0xC0,0x27,0xE0,0x74,0x00,0x24,0x00,0x37,0xC0,0xE6,0x40,0x25,0x80,0x29,
    0x80,0x2B,0xC0,0x74,0x20,0x00,0x00,0x22,0x00,0x24,0x00,0x77,0xE0,0x29,0x00,0x2D,
    0xC0,0x37,0x20,0xED,0x40,0x25,0xC0,0x25,0x00,0x24,0x20,0x67,0xE0,0x00,0x00,0x22,
    0x00,0x24,0x00,0x77,0xE0,0x28,0x20,0x2F,0x20,0x35,0x20,0xE5,0x20,0x25,0x20,0x27,
    0x20,0x20,0x40,0x61,0xC0,0x00,0x00,0x21,0x00,0x25,0x40,0x75,0x40,0x25,0x40,0x25,
    0x40,0x37,0xC0,0xE9,0x20,0x29,0x20,0x29,0x20,0x29,0x20,0x6F,0xE0,0x00,0x00,0x20,
    0x00,0x2F,0xE0,0x72,0x20,0x22,0x40,0x24,0xC0,0x38,0x00,0xE7,0xC0,0x24,0x40,0x24,
    0x40,0x24,0x40,0x67,0xC0,0x00,0x00,0x3F,0xE0,0x51,0x00,0x17,0xE0,0x79,0x00,0x11,
    0x00,0x17,0xE0,0x79,0x00,0x27,0xE0,0x21,0x00,0x41,0x00,0x00,0x00,0x00,0x00,0x20,
    0x00,0x26,0x40,0x25,0x40,0x75,0x40,0x24,0x40,0x34,0x40,0xE5,0x40,0x26,0x80,0x2C,
    0xC0,0x21,0x20,0x66,0x20,0x00,0x00,0x22,0x80,0x22,0x80,0x72,0x40,0x27,0xA0,0x25,
    0x60,0x35,0x40,0xE5,0x40,0x25,0x80,0x29,0x20,0x2F,0x20,0x70,0xE0,0x21,0x00,0x22,
    0x00,0x2F,0xE0,0x72,0x00,0x2F,0x00,0x35,0x00,0xE7,0xE0,0x25,0x40,0x25,0x40,0x29,
    0x20,0x7B,0x20,0x00,0x00,0x20,0x00,0x2F,0xE0,0x29,0x20,0x79,0x20,0x2F,0xE0,0x39,
    0x20,0xE9,0x20,0x2F,0xE0,0x29,0x20,0x29,0x20,0x71,0x40,0x00,0x00,0x24,0x40,0x22,
    0x40,0x22,0x80,0x77,0xE0,0x20,0x00,0x38,0x00,0xE7,0xC0,0x20,0x00,0x20,0x00,0x20,
    0x00,0x6F,0xE0,0x00,0x00,0x21,0x00,0x21,0x00,0x27,0xE0,0x78,0x20,0x20,0x00,0x3F,
    0xE0,0xE1,0x00,0x21,0x00,0x21,0x00,0x21,0x00,0x63,0x00,0x00,0x00,0x21,0x00,0x25,
    0xC0,0x26,0x40,0x77,0xE0,0x22,0x00,0x33,0xC0,0xE6,0x40,0x26,0x80,0x29,0x80,0x3B,
    0xC0,0x6C,0x20,0x00,0x00,0x20,0x00,0x27,0xC0,0x74,0x40,0x22,0x80,0x23,0xC0,0x3D,
    0x20,0xE7,0xC0,0x21,0x00,0x2F,0xE0,0x21,0x00,0x61,0x00,0x00,0x00,0x20,0x00,0x2F,
    0xE0,0x21,0x00,0x71,0x00,0x2F,0xE0,0x31,0x00,0xF3,0x80,0x24,0x40,0x24,0x40,0x24,
    0x40,0x67,0xC0,0x00,0x00,0x21,0x00,0x21,0x40,0x71,0x20,0x2F,0xC0,0x20,0x80,0x3E,
    0x80,0xE4,0x80,0x24,0x80,0x24,0xA0,0x2F,0xA0,0x60,0x60,0x00,0x00,0x2F,0xC0,0x20,
    0xC0,0x71,0x00,0x2D,0xE0,0x35,0x80,0xE5,0x40,0x29,0x20,0x33,0x20,0x20,0x00,0x6F,
    0xE0,0x00,0x00,0x00,0x00,0x24,0x80,0x24,0x80,0x74,0x80,0x2F,0xE0,0x24,0x80,0x34,
    0x80,0xEF,0xE0,0x20,0x00,0x22,0x80,0x24,0x40,0x78,0x20,0x00,0x00,0x24,0x80,0x14,
    0x80,0x7F,0xC0,0x08,0x00,0x7F,0xE0,0x3F,0x80,0xC4,0x60,0x3F,0x80,0x7F,0xE0,0x04,
    0x00,0x0C,0x00,0x00,0x00,0x21,0x00,0x23,0x00,0x72,0x80,0x24,0x40,0x3F,0xF0,0x31,
    0x00,0xE1,0x00,0x2F,0xC0,0x21,0x00,0x21,0x00,0x6F,0xE0,0x00,0x00,0x22,0x00,0x22,
    0x20,0x27,0xC0,0x72,0x80,0x2F,0xE0,0x32,0x00,0xE7,0xE0,0x3F,0x80,0x20,0x40,0x20,
    0x40,0x61,0x80,0x00,0x00,0x24,0x40,0x22,0x40,0x27,0xE0,0x72,0x40,0x22,0x40,0x32,
    0x40,0xEF,0xE0,0x24,0x40,0x24,0x40,0x24,0x40,0x68,0x40,0x00,0x00,0x21,0x00,0x21,
    0x00,0x2F,0xC0,0x79,0x40,0x2F,0xC0,0x39,0x40,0xEF,0xC0,0x21,0x40,0x21,0x80,0x2E,
    0xA0,0x70,0xE0,0x00,0x00,0x21,0x00,0x22,0x80,0x72,0x80,0x2C,0x40,0x2F,0xA0,0x30,
    0x00,0xE7,0xC0,0x24,0x40,0x24,0x40,0x24,0x40,0x67,0xC0,0x00,0x00,0x06,0x00,0x09,
    0x00,0x7F,0xC0,0xBF,0xA0,0x20,0x80,0x1F,0x00,0x7F,0xC0,0x3F,0xC0,0x04,0x00,0x7F,
    0xE0,0x0C,0x00,0x00,0x00,0x21,0x00,0x21,0x00,0x27,0xC0,0x71,0x00,0x2F,0xE0,0x30,
    0x80,0xEF,0xE0,0x20,0x80,0x24,0x80,0x22,0x80,0x61,0x80,0x00,0x00,0x21,0x00,0x21,
    0x00,0x27,0xE0,0x71,0x00,0x2F,0xE0,0x30,0x00,0xE1,0x00,0x27,0xE0,0x21,0x00,0x21,
    0x00,0x6F,0xE0,0x00,0x00,0x24,0x00,0x24,0xC0,0x77,0x00,0x24,0x20,0x27,0xE0,0x30,
    0x00,0xE7,0xC0,0x24,0x40,0x27,0xC0,0x24,0x40,0x67,0xC0,0x00,0x00,0x21,0x00,0x21,
    0x00,0x77,0xE0,0x2A,0x20,0x22,0x00,0x3F,0xE0,0xE4,0x40,0x24,0x80,0x23,0x80,0x23,
    0xC0,0x6C,0x20,0x00,0x00,0x21,0x00,0x22,0x00,0x7F,0xE0,0x24,0x40,0x2B,0xA0,0x30,
    0x20,0xEF,0xE0,0x24,0x00,0x23,0xC0,0x20,0x40,0x63,0x80,0x00,0x00,0x22,0x80,0x22,
    0x80,0x2A,0xA0,0x76,0xC0,0x26,0xC0,0x32,0x80,0xEE,0xC0,0x2A,0xA0,0x24,0xA0,0x24,
    0xA0,0x78,0xE0,0x00,0x00,0x21,0x00,0x21,0x00,0x7E,0xE0,0x2A,0xA0,0x24,0x60,0x3F,
    0xE0,0xE0,0x80,0x23,0x00,0x24,0x20,0x28,0x20,0x67,0xE0,0x00,0x00,0x22,0x00,0x7F,
    0x80,0x12,0x40,0xFE,0x60,0x17,0xE0,0x68,0x20,0x7F,0xC0,0x3F,0xC0,0x04,0x00,0x7F,
    0xE0,0x0C,0x00,0x00,0x00,0x04,0x00,0x7F,0xE0,0x09,0x00,0x29,0xC0,0xC9,0x20,0x7F,
    0xC0,0x04,0x00,0x3F,0xC0,0x7F,0xE0,0x04,0x00,0x0C,0x00,0x00,0x00,0x28,0x40,0x24,
    0x40,0x77,0xE0,0x20,0x40,0x2E,0x40,0x35,0x40,0xE5,0x40,0x24,0x40,0x25,0xC0,0x2E,
    0x00,0x71,0xE0,0x00,0x00,0x28,0x80,0x24,0x80,0x74,0x80,0x23,0xE0,0x2C,0x80,0x34,
    0x80,0xE5,0x40,0x25,0x40,0x26,0x20,0x2A,0x00,0x79,0xE0,0x00,0x00,0x21,0x00,0x21,
    0x00,0x77,0xE0,0x25,0x20,0x25,0x40,0x33,0x40,0xEF,0xE0,0x21,0x00,0x22,0x80,0x24,
    0x40,0x68,0x20,0x00,0x00,0x24,0x00,0x24,0xE0,0x7F,0x00,0x22,0xC0,0x23,0x20,0x3C,
    0xE0,0xEA,0xE0,0x25,0x00,0x25,0x00,0x25,0x20,0x78,0xE0,0x00,0x00,0x21,0x00,0x2D,
    0x20,0x25,0x40,0x73,0xC0,0x2F,0xC0,0x30,0x20,0xE0,0x20,0x27,0xC0,0x20,0x20,0x20,
    0x20,0x6F,0xC0,0x00,0x00,0x22,0x00,0x27,0x80,0x74,0x80,0x2F,0xC0,0x21,0x40,0x3F,
    0xE0,0xE1,0x40,0x21,0x40,0x2F,0x80,0x21,0x00,0x66,0x00,0x21,0x00,0x21,0x00,0x7E,
    0xE0,0x22,0x80,0x23,0x00,0x32,0x80,0xEC,0x60,0x24,0x80,0x24,0x80,0x24,0x80,0x68,
    0x80,0x00,0x00,0x20,0x00,0x27,0xE0,0x29,0x20,0x7F,0xE0,0x22,0x00,0x35,0x00,0xE7,
    0xE0,0x21,0x00,0x2F,0xE0,0x21,0x00,0x61,0x00,0x00,0x00,0x21,0x00,0x22,0x80,0x74,
    0x40,0x2F,0xA0,0x24,0x00,0x37,0xE0,0xE9,0x00,0x2F,0xE0,0x21,0x00,0x22,0xC0,0x7C,
    0x20,0x00,0x00,0x20,0x00,0x2E,0xE0,0x76,0xA0,0x26,0xA0,0x2E,0xC0,0x3A,0xC0,0xEE,
    0xA0,0x2A,0xA0,0x2A,0xA0,0x2A,0xC0,0x74,0x80,0x00,0x00,0x01,0x00,0x25,0x40,0x75,
    0x40,0x25,0x40,0x27,0xA0,0x3B,0xA0,0xE1,0x00,0x27,0xC0,0x21,0x00,0x21,0x00,0x6F,
    0xE0,0x00,0x00,0x20,0x00,0x2F,0xE0,0x78,0x00,0x2B,0xE0,0x28,0x00,0x3F,0xE0,0xEA,
    0x80,0x2A,0xE0,0x2A,0x80,0x2A,0xC0,0x73,0x20,0x00,0x00,0x20,0x00,0x2F,0xE0,0x24,
    0x80,0x74,0x80,0x2D,0xE0,0x32,0x80,0xEA,0x80,0x2C,0x80,0x25,0xE0,0x2E,0x00,0x71,
    0xE0,0x00,0x00,0x22,0x00,0x27,0xC0,0x74,0x80,0x2E,0x80,0x29,0x40,0x39,0x40,0xE7,
    0xC0,0x23,0x00,0x23,0x20,0x25,0x20,0x78,0xE0,0x00,0x00,0x20,0x00,0x2F,0xE0,0x72,
    0x00,0x27,0xC0,0x22,0x40,0x3F,0xE0,0xE0,0x00,0x27,0xC0,0x24,0x40,0x24,0x40,0x67,
    0xC0,0x00,0x00,0x20,0x00,0x2F,0xC0,0x76,0x80,0x21,0x00,0x2F,0xE0,0x39,0x20,0xEF,
    0xE0,0x29,0x20,0x2F,0xE0,0x29,0x20,0x69,0x40,0x00,0x00,0x20,0x00,0x2F,0xE0,0x29,
    0x20,0x79,0x20,0x2F,0xA0,0x39,0x20,0xEB,0xA0,0x2D,0x60,0x29,0x20,0x28,0x20,0x6F,
    0xE0,0x00,0x00,0x20,0x00,0x27,0xC0,0x24,0x40,0x74,0x40,0x27,0xC0,0x31,0x00,0xE5,
    0x00,0x25,0xE0,0x25,0x00,0x2B,0x00,0x71,0xE0,0x00,0x00,0x20,0x00,0x2E,0x20,0x7A,
    0xA0,0x2A,0xA0,0x2E,0xA0,0x34,0xA0,0xFE,0xA0,0x2A,0xA0,0x2A,0x20,0x2A,0x20,0x76,
    0xC0,0x00,0x00,0x20,0x00,0x27,0xC0,0x24,0x40,0x77,0xC0,0x27,0xC0,0x30,0x00,0xEF,
    0xE0,0x21,0x00,0x2F,0xE0,0x21,0x00,0x61,0x00,0x00,0x00,0x21,0x00,0x2D,0x20,0x77,
    0x40,0x21,0x00,0x27,0xE0,0x34,0x20,0xE7,0xE0,0x24,0x20,0x27,0xE0,0x24,0x20,0x64,
    0xC0,0x00,0x00,0x20,0x00,0x27,0xC0,0x24,0x40,0x77,0xC0,0x24,0x40,0x37,0xC0,0xE1,
    0x00,0x2F,0xE0,0x21,0x00,0x21,0x00,0x6F,0xE0,0x00,0x00,0x20,0x00,0x27,0xC0,0x74,
    0x40,0x27,0xC0,0x23,0x80,0x34,0x40,0xE7,0xC0,0x24,0x40,0x27,0xC0,0x24,0x40,0x64,
    0xC0,0x00,0x00,0x21,0x40,0x21,0x40,0x2F,0xE0,0x71,0x00,0x2F,0xE0,0x39,0x20,0xEF,
    0xE0,0x29,0x20,0x2F,0xE0,0x29,0x20,0x69,0xC0,0x00,0x00,0x22,0x80,0x22,0x80,0x2F,
    0xE0,0x70,0x00,0x2F,0xE0,0x3A,0x20,0xEF,0x80,0x22,0x40,0x22,0x40,0x24,0x40,0x79,
    0xC0,0x00,0x00,0x20,0x00,0x27,0xC0,0x24,0x40,0x77,0xC0,0x20,0x00,0x37,0xC0,0xE5,
    0x20,0x25,0x20,0x25,0x20,0x22,0xC0,0x6C,0x20,0x00,0x00,0x21,0x00,0x23,0x00,0x72,
    0x80,0x24,0x40,0x2F,0xF0,0x3B,0x00,0xE5,0x40,0x25,0x40,0x25,0x80,0x20,0x80,0x6F,
    0xE0,0x00,0x00,0x02,0x00,0x23,0xC0,0x24,0x80,0x78,0x80,0x2F,0xC0,0x39,0x40,0xE9,
    0x40,0x2F,0xE0,0x23,0x00,0x26,0x80,0x78,0x60,0x00,0x00,0x21,0x00,0x27,0xC0,0x74,
    0x40,0x27,0x40,0x24,0xC0,0x37,0xE0,0xE0,0x20,0x2A,0xA0,0x2A,0xA0,0x2F,0xA0,0x60,
    0xC0,0x00,0x00,0x21,0x00,0x2D,0xE0,0x22,0x00,0x7F,0xC0,0x22,0x00,0x3F,0xE0,0xE5,
    0x40,0x2F,0xA0,0x31,0x00,0x2F,0xC0,0x61,0x00,0x00,0x00,0x20,0x00,0x27,0xE0,0x24,
    0x20,0x77,0xE0,0x24,0x80,0x37,0xE0,0xE8,0x80,0x2B,0xC0,0x2A,0x20,0x2A,0x20,0x73,
    0xC0,0x00,0x00,0x20,0x00,0x2F,0xC0,0x71,0x00,0x2F,0xE0,0x25,0x40,0x3F,0xE0,0xE5,
    0x40,0x25,0x40,0x2F,0xE0,0x21,0x00,0x6F,0xE0,0x00,0x00,0x21,0x00,0x2F,0xE0,0x71,
    0x00,0x2F,0xC0,0x21,0x40,0x3F,0xE0,0xEF,0xC0,0x25,0x00,0x29,0xE0,0x2D,0x00,0x73,
    0xE0,0x00,0x00,0x21,0x00,0x23,0x00,0x74,0xC0,0x2B,0x60,0x31,0x20,0x3E,0xC0,0xE2,
    0x80,0x2D,0x40,0x2D,0xA0,0x34,0xA0,0x63,0x80,0x20,0x80,0x2E,0x80,0x78,0xE0,0x29,
    0x20,0x2F,0xA0,0x3A,0xC0,0xEA,0x80,0x2A,0xC0,0x2A,0xC0,0x33,0x20,0x72,0x20,0x00,
    0x00,0x21,0x00,0x20,0x80,0x77,0xE0,0x24,0x80,0x24,0xE0,0x34,0x80,0xE5,0x80,0x2A,
    0x40,0x2A,0x40,0x2A,0x40,0x73,0xC0,0x00,0x00,0x20,0x00,0x2F,0xE0,0x7B,0x40,0x24,
    0xC0,0x2E,0xC0,0x31,0x20,0xEF,0xC0,0x2A,0xC0,0x24,0xC0,0x2A,0xC0,0x73,0x20,0x00,
    0x00,0x20,0x00,0x2F,0xE0,0x25,0x40,0x75,0x40,0x2F,0xE0,0x38,0x20,0xE7,0xC0,0x22,
    0x40,0x22,0x80,0x23,0x80,0x7C,0x60,0x00,0x00,0x21,0x00,0x21,0xE0,0x71,0x00,0x27,
    0xC0,0x24,0x40,0x37,0xC0,0xE6,0xC0,0x21,0x00,0x2F,0xE0,0x21,0x00,0x61,0x00,0x00,
    0x00,0x24,0x80,0x14,0x80,0x7F,0xE0,0x5F,0xA0,0x3F,0x80,0x00,0x00,0x7F,0xC0,0x3F,
    0xC0,0x04,0x00,0x7F,0xE0,0x0C,0x00,0x00,0x00,0x22,0x00,0x27,0xE0,0x74,0x20,0x2C,
    0x20,0x27,0xA0,0x3A,0x20,0x6F,0xA0,0x2A,0xA0,0x2A,0xA0,0x2F,0xA0,0x60,0xE0,0x00,
    0x00,0x22,0x00,0x23,0xC0,0x74,0x40,0x28,0x80,0x22,0x00,0x34,0xE0,0xE8,0x20,0x26,
    0xE0,0x28,0x20,0x28,0x20,0x6F,0xE0,0x00,0x00,0x00,0x80,0x22,0x80,0x7E,0xE0,0x22,
    0x80,0x22,0x80,0x3E,0xE0,0xE2,0x80,0x22,0x80,0x2E,0xE0,0x22,0x80,0x62,0x80,0x00,
    0x00,0x21,0x00,0x21,0x00,0x2F,0xE0,0x75,0x00,0x29,0xE0,0x3B,0x40,0xFA,0xC0,0x2D,
    0x40,0x28,0x80,0x29,0x40,0x6E,0x20,0x00,0x00,0x20,0x00,0x2F,0xE0,0x78,0x20,0x2F,
    0xE0,0x28,0x80,0x3A,0xA0,0xEB,0xC0,0x28,0x80,0x2C,0xA0,0x34,0xA0,0x77,0xE0,0x00,
    0x00,0x21,0x00,0x21,0x00,0x7E,0xE0,0x20,0x00,0x27,0xC0,0x34,0x40,0xE7,0xC0,0x21,
    0x00,0x25,0x40,0x29,0x20,0x7B,0x20,0x00,0x00,0x20,0x00,0x2F,0xE0,0x28,0x20,0x72,
    0x80,0x24,0x60,0x39,0x00,0xEF,0xE0,0x23,0x80,0x25,0x40,0x39,0x20,0x61,0x00,0x00,
    0x00,0x10,0x00,0x3F,0x40,0x49,0x40,0x3F,0x40,0x7E,0x40,0x4E,0xC0,0x7F,0xC0,0x02,
    0x00,0x3F,0xC0,0x7F,0xE0,0x0C,0x00,0x00,0x00,0x21,0x00,0x2B,0xA0,0x24,0x40,0x72,
    0x80,0x2F,0xE0,0x32,0x00,0xEF,0xE0,0x24,0x40,0x26,0x80,0x23,0xC0,0x7C,0x20,0x00,
    0x00,0x21,0x00,0x21,0x00,0x2F,0xE0,0x78,0x20,0x22,0xC0,0x3C,0x20,0xE0,0x00,0x27,
    0xC0,0x21,0x00,0x21,0x00,0x6F,0xE0,0x00,0x00,0x25,0x80,0x24,0x80,0x77,0xE0,0x2C,
    0x80,0x2C,0x80,0x37,0xE0,0xE4,0x80,0x27,0xE0,0x24,0x80,0x27,0xE0,0x64,0x00,0x00,
    0x00,0x21,0x00,0x22,0x00,0x2F,0xE0,0x75,0x80,0x29,0x60,0x3F,0xE0,0xEF,0xC0,0x29,
    0x40,0x2F,0xE0,0x21,0x20,0x61,0xE0,0x00,0x00,0x22,0x80,0x22,0x80,0x7F,0xE0,0x22,
    0x80,0x2F,0xE0,0x30,0x00,0xE7,0xC0,0x24,0x40,0x27,0xC0,0x24,0x40,0x67,0xC0,0x00,
    0x00,0x21,0x00,0x21,0xE0,0x71,0x00,0x2E,0xE0,0x2B,0xA0,0x39,0x20,0xE8,0xC0,0x2F,
    0xE0,0x29,0x20,0x2A,0x40,0x74,0xC0,0x00,0x00,0x20,0x00,0x2A,0xE0,0x7A,0xA0,0x2E,
    0xA0,0x24,0xC0,0x24,0xC0,0xEE,0xA0,0x24,0xA0,0x2A,0xA0,0x2B,0xC0,0x70,0x80,0x00,
    0x00,0x24,0x40,0x22,0x80,0x77,0xC0,0x25,0x40,0x27,0xC0,0x35,0x40,0xE7,0xC0,0x21,
    0x00,0x2F,0xE0,0x21,0x00,0x61,0x00,0x00,0x00,0x23,0x00,0x22,0x80,0x7F,0xC0,0x22,
    0x20,0x2F,0xE0,0x34,0x80,0xEB,0x40,0x34,0xB0,0x27,0x40,0x29,0x80,0x6E,0x00,0x00,
    0x00,0x20,0x00,0x2F,0xC0,0x72,0x80,0x2F,0xE0,0x23,0x20,0x3F,0x40,0xE1,0x00,0x2F,
    0xE0,0x23,0x80,0x2D,0x60,0x71,0x20,0x00,0x00,0x21,0x00,0x2F,0xE0,0x72,0x00,0x2F,
    0xC0,0x22,0x00,0x3D,0xE0,0xEF,0xC0,0x31,0x20,0x2F,0xC0,0x23,0x80,0x7C,0x60,0x00,
    0x00,0x22,0x80,0x22,0x80,0x7F,0xE0,0x22,0x80,0x27,0xC0,0x35,0x20,0xE5,0x20,0x27,
    0xC0,0x25,0x20,0x25,0x20,0x66,0xE0,0x00,0x00,0x20,0x00,0x27,0xC0,0x27,0xC0,0x74,
    0x40,0x27,0xC0,0x30,0x00,0xEF,0xE0,0x25,0x00,0x25,0xC0,0x2D,0x00,0x73,0xE0,0x00,
    0x00,0x20,0x00,0x2F,0xE0,0x71,0x00,0x2F,0xE0,0x21,0x00,0x3F,0xE0,0xE9,0x20,0x2D,
    0xE0,0x29,0x20,0x29,0x20,0x6E,0xE0,0x00,0x00,0x20,0x00,0x27,0xC0,0x24,0x40,0x73,
    0x80,0x2F,0xE0,0x34,0x40,0xE7,0xC0,0x27,0xC0,0x24,0x40,0x2F,0xE0,0x60,0x40,0x00,
    0x00,0x20,0x00,0x2F,0xE0,0x28,0x20,0x7F,0xE0,0x2F,0xE0,0x3A,0x40,0xEF,0xC0,0x29,
    0x20,0x2F,0xC0,0x31,0x00,0x77,0xE0,0x00,0x00,0x21,0x00,0x29,0x40,0x79,0x40,0x26,
    0x80,0x2F,0xE0,0x32,0x00,0xEF,0xC0,0x2A,0xA0,0x2A,0xA0,0x2A,0xA0,0x6A,0xC0,0x00,
    0x00,0x29,0x00,0x29,0x20,0x7E,0xC0,0x29,0x20,0x2E,0xE0,0x31,0x00,0xE7,0xC0,0x28,
    0x40,0x27,0xC0,0x28,0x40,0x67,0xC0,0x00,0x00,0x20,0x80,0x2E,0x80,0x76,0xA0,0x25,
    0xA0,0x2F,0xA0,0x35,0xC0,0xEE,0x80,0x36,0xC0,0x35,0x40,0x25,0x20,0x66,0x20,0x00,
    0x00,0x20,0x00,0x27,0xC0,0x77,0xC0,0x24,0x40,0x27,0xC0,0x34,0x00,0xEB,0xE0,0x39,
    0x20,0x2A,0xA0,0x27,0xA0,0x60,0xC0,0x00,0x00,0x20,0x00,0x2F,0xE0,0x75,0x40,0x2F,
    0xE0,0x22,0x00,0x3F,0xE0,0xE4,0x00,0x27,0xC0,0x2A,0x80,0x29,0x80,0x7E,0x60,0x00,
    0x00,0x22,0x80,0x2A,0x80,0x2A,0xE0,0x7B,0x40,0x22,0x20,0x37,0xC0,0xE9,0x40,0x29,
    0x40,0x2B,0x40,0x27,0x20,0x79,0xE0,0x00,0x00,0x22,0x00,0x27,0xC0,0x78,0x80,0x27,
    0xC0,0x2D,0xC0,0x33,0x00,0xE7,0x20,0x38,0xC0,0x23,0x80,0x26,0x00,0x61,0xC0,0x00,
    0x00,0x28,0x00,0x2F,0xE0,0x6A,0x20,0x2B,0xA0,0x2E,0xA0,0x3B,0x20,0xEC,0xE0,0x2B,
    0xA0,0x2C,0xA0,0x2B,0xA0,0x48,0xE0,0x00,0x00,0x21,0x00,0x2D,0x40,0x75,0x80,0x2F,
    0xE0,0x27,0x80,0x39,0x60,0xE2,0x00,0x2D,0xE0,0x24,0x80,0x23,0x80,0x7C,0x60,0x00,
    0x00,0x21,0x00,0x25,0x40,0x77,0xC0,0x28,0x20,0x20,0x00,0x37,0xC0,0xE5,0x40,0x25,
    0x40,0x27,0x40,0x27,0x20,0x78,0xE0,0x00,0x00,0x21,0x80,0x2F,0xE0,0x71,0x00,0x2F,
    0xC0,0x2F,0xC0,0x39,0x40,0xEF,0xC0,0x20,0x40,0x3F,0xE0,0x24,0x40,0x63,0x80,0x00,
    0x00,0x21,0x00,0x2F,0xE0,0x72,0x40,0x2F,0x80,0x22,0x40,0x3F,0xE0,0xE0,0x00,0x2F,
    0xC0,0x2F,0xC0,0x29,0x40,0x6F,0xC0,0x00,0x00,0x24,0x40,0x22,0x80,0x7F,0xE0,0x21,
    0x00,0x2F,0xE0,0x32,0x00,0xEF,0xE0,0x26,0xC0,0x29,0x00,0x31,0x00,0x6F,0xE0,0x00,
    0x00,0x20,0x00,0x2F,0xC0,0x25,0x40,0x73,0x80,0x2E,0xC0,0x31,0x20,0xEF,0xC0,0x29,
    0x40,0x2F,0xC0,0x21,0x40,0x6F,0xA0,0x00,0x00,0x21,0x00,0x2F,0xC0,0x79,0x40,0x2D,
    0xC0,0x29,0x40,0x3F,0xC0,0xE1,0x00,0x2F,0xC0,0x24,0x80,0x23,0x00,0x7C,0xE0,0x00,
    0x00,0x21,0x00,0x2F,0xE0,0x20,0x00,0x77,0xC0,0x27,0xC0,0x30,0x00,0xEF,0xE0,0x2B,
    0xA0,0x2A,0xA0,0x2B,0xA0,0x68,0x60,0x00,0x00,0x21,0x00,0x2F,0xE0,0x28,0x00,0x7F,
    0xC0,0x29,0x40,0x3F,0xE0,0xEF,0xC0,0x29,0x00,0x2F,0xC0,0x2C,0x40,0x77,0xC0,0x00,
    0x00,0x24,0x00,0x24,0xC0,0x2A,0xC0,0x7F,0x40,0x2F,0x20,0x3F,0xE0,0xEB,0x20,0x2E,
    0xC0,0x2E,0xC0,0x32,0xC0,0x77,0x20,0x00,0x00,0x24,0x80,0x2F,0xE0,0x74,0x80,0x23,
    0x00,0x24,0x80,0x3F,0xE0,0xF0,0x20,0x27,0xC0,0x28,0x40,0x28,0x40,0x6F,0xC0,0x00,
    0x00,0x25,0x00,0x26,0xE0,0x79,0x00,0x2F,0xE0,0x3F,0xE0,0x39,0x00,0xE7,0xE0,0x2F,
    0x80,0x24,0xE0,0x24,0x20,0x78,0xC0,0x00,0x00,0x24,0x80,0x2F,0xE0,0x24,0x80,0x75,
    0x00,0x22,0x80,0x3D,0x60,0xE1,0x00,0x2F,0xC0,0x25,0x40,0x29,0x20,0x73,0x20,0x00,
    0x00,0x40,0x00,0x2F,0xE0,0x77,0xC0,0x24,0x40,0x27,0xC0,0x3F,0xE0,0xE0,0x00,0x2F,
    0xE0,0x2A,0xC0,0x26,0x80,0x7B,0x60,0x00,0x00,0x20,0x00,0x2F,0xE0,0x7A,0xA0,0x2F,
    0xE0,0x21,0x00,0x3F,0xE0,0xE1,0x00,0x2F,0xE0,0x22,0x80,0x24,0x40,0x6F,0xA0,0x00,
    0x00,0x20,0x00,0x2F,0xE0,0x29,0x20,0x75,0x40,0x24,0x40,0x3F,0xE0,0xE9,0x00,0x2F,
    0xE0,0x29,0x40,0x29,0x40,0x6F,0xC0,0x00,0x00,0x21,0x00,0x27,0xC0,0x78,0x20,0x23,
    0xC0,0x24,0x00,0x37,0xE0,0xE4,0x80,0x24,0x80,0x2F,0xE0,0x26,0x80,0x68,0x60,0x00,
    0x00,0x21,0x40,0x2D,0x40,0x75,0xE0,0x36,0x40,0x2E,0xE0,0x3D,0x40,0xE5,0x40,0x2D,
    0xE0,0x2D,0x40,0x33,0xE0,0x71,0x00,0x00,0x00,0x21,0x00,0x2F,0xE0,0x71,0x00,0x2A,
    0xA0,0x2F,0x40,0x36,0xC0,0xEF,0xA0,0x21,0xC0,0x2F,0xE0,0x21,0x00,0x61,0x00,0x00,
    0x00,0x21,0x00,0x2D,0x60,0x72,0x80,0x22,0x80,0x2F,0xE0,0x3B,0xE0,0xE9,0x20,0x2B,
    0xA0,0x2A,0xA0,0x2B,0xA0,0x68,0x60,0x00,0x00,0x21,0x00,0x29,0x20,0x7F,0xE0,0x25,
    0x00,0x27,0xE0,0x39,0x00,0xF7,0xE0,0x25,0x00,0x27,0xE0,0x25,0x00,0x67,0xE0,0x00,
    0x00,0x02,0x00,0x3F,0xE0,0x28,0x80,0x3D,0xE0,0x3D,0xC0,0x2A,0xA0,0x3F,0xC0,0x5F,
    0xC0,0x42,0x00,0x7F,0xE0,0x86,0x00,0x00,0x00,0x02,0x80,0x2F,0xE0,0x22,0x80,0x7F,
    0xC0,0x28,0x40,0x3F,0xC0,0xEF,0xC0,0x21,0x00,0x2F,0xE0,0x22,0x80,0x7C,0x60,0x00,
    0x00,0x09,0x00,0x7F,0xE0,0x3F,0xC0,0x28,0x40,0x37,0xC0,0x08,0x00,0x77,0xE0,0x6E,
    0x40,0x9F,0xA0,0x7F,0xE0,0x0C,0x00,0x00,0x00,0x20,0x00,0x2F,0xC0,0x7F,0xC0,0x2B,
    0xC0,0x24,0x00,0x3F,0xC0,0xEB,0x80,0x3C,0xE0,0x27,0xC0,0x28,0x40,0x67,0xC0,0x00,
    0x00,0x20,0x00,0x2F,0xE0,0x2D,0x80,0x6E,0x80,0x2F,0xE0,0x2B,0xA0,0xCB,0x40,0x37,
    0x40,0x32,0xC0,0x34,0xA0,0x7D,0x20,0x00,0x00,0x24,0x00,0x35,0x40,0x2E,0xE0,0x64,
    0xA0,0x3F,0xA0,0x3D,0xA0,0xDF,0x40,0x3F,0x40,0x3F,0x40,0x35,0xA0,0x57,0x10,0x25,
    0x40,0x25,0x40,0x2F,0xE0,0x7F,0xE0,0x24,0x40,0x33,0x80,0xEF,0xC0,0x2F,0xE0,0x21,
    0x00,0x3F,0xE0,0x63,0x00,0x00,0x00,0x2A,0x80,0x2A,0x80,0x7E,0xE0,0x2A,0xA0,0x35,
    0xA0,0x3F,0xC0,0xEA,0xC0,0x2E,0x40,0x2E,0x40,0x2A,0xA0,0x6F,0x30,0x00,0x00,0x2A,
    0x00,0x2A,0xE0,0x7E,0x80,0x2E,0x80,0x2A,0xE0,0x3E,0xC0,0xEA,0xC0,0x3E,0xC0,0x2B,
    0x40,0x2B,0x40,0x71,0x40,0x00,0x00,0x21,0x00,0x2F,0xE0,0x74,0x80,0x2F,0xE0,0x26,
    0x80,0x39,0x40,0xEF,0xC0,0x2F,0xC0,0x2F,0xE0,0x21,0x00,0x6F,0xE0,0x24,0x80,0x25,
    0x80,0x7A,0xE0,0x2E,0xA0,0x31,0xA0,0x3F,0xC0,0xEA,0xC0,0x2E,0x40,0x2E,0x40,0x2A,
    0xA0,0x6F,0x30,0x00,0x00,0x21,0x00,0x2D,0xE0,0x23,0x00,0x7E,0xE0,0x27,0xC0,0x38,
    0x60,0xE7,0xC0,0x26,0x40,0x25,0x80,0x29,0x40,0x73,0x20,0x00,0x00,0x20,0x00,0x2F,
    0xC0,0x2F,0xC0,0x7F,0xE0,0x23,0x60,0x36,0xA0,0xF9,0xC0,0x3F,0xE0,0x3E,0xE0,0x29,
    0xA0,0x6E,0xE0,0x00,0x00,0x20,0x00,0x2F,0xE0,0x75,0x40,0x2F,0xE0,0x23,0x80,0x3D,
    0x40,0xFF,0xF0,0x29,0x40,0x2F,0xC0,0x29,0x40,0x6F,0xC0,0x00,0x00,0x20,0x00,0x2F,
    0xC0,0x27,0xC0,0x77,0xC0,0x25,0xE0,0x3A,0x00,0xEF,0xE0,0x2A,0xC0,0x2E,0xC0,0x2F,
    0xC0,0x73,0x20,0x00,0x00,0x20,0x00,0x2E,0xE0,0x2E,0xE0,0x78,0x80,0x2E,0xE0,0x34,
    0x80,0xEF,0xE0,0x24,0x80,0x3F,0xE0,0x26,0x80,0x78,0x60,0x00,0x00,0x24,0x80,0x2F,
    0xE0,0x74,0x80,0x2F,0xE0,0x2B,0xC0,0x32,0x20,0xEF,0xE0,0x29,0x00,0x27,0xC0,0x3F,
    0xE0,0x61,0x00,0x00,0x00,0x21,0x40,0x20,0xC0,0x7F,0xE0,0x2F,0xC0,0x28,0xC0,0x2F,
    0xA0,0xEF,0xE0,0x32,0x60,0x2D,0x40,0x34,0xA0,0x57,0xA0,0x20,0x00,0x2F,0xE0,0x2F,
    0xE0,0x69,0x20,0x2D,0xE0,0x35,0xC0,0xEF,0xC0,0x29,0x40,0x2F,0xC0,0x29,0x40,0x4F,
    0xC0,0x00,0x00,0x21,0x00,0x2F,0xE0,0x77,0xC0,0x28,0x20,0x2F,0xA0,0x38,0x60,0xE7,
    0x80,0x28,0x40,0x2F,0xC0,0x27,0x80,0x7F,0xE0,0x00,0x00,0x20,0x00,0x27,0xC0,0x77,
    0xC0,0x20,0x00,0x2E,0xC0,0x3F,0xE0,0xE0,0x00,0x2F,0xE0,0x23,0x80,0x2D,0x40,0x71,
    0x20,0x00,0x00,0x28,0x80,0x7F,0xA0,0x7B,0x40,0xC5,0x40,0x3D,0xC0,0x0E,0x20,0x7F,
    0xC0,0x3F,0xC0,0x02,0x00,0x7F,0xE0,0x0C,0x00,0x00,0x00,0x21,0x00,0x22,0x80,0x75,
    0x40,0x2F,0xE0,0x2B,0x40,0x3E,0xC0,0xEF,0xC0,0x2F,0xC0,0x2A,0xA0,0x2F,0xA0,0x68,
    0xC0,0x00,0x00,0x24,0x80,0x37,0x80,0x6E,0xE0,0x3F,0x20,0x2F,0x40,0x36,0xC0,0xE8,
    0xC0,0x3E,0xC0,0x2A,0xC0,0x2E,0xC0,0x51,0x20,0x00,0x00,0x21,0x00,0x2F,0xE0,0x79,
    0x20,0x26,0xE0,0x2E,0xC0,0x3A,0xC0,0xE7,0xC0,0x38,0x20,0x27,0xC0,0x2D,0xC0,0x73,
    0x20,0x00,0x00,0x2A,0x80,0x76,0xE0,0x2A,0x80,0x77,0xE0,0xAA,0xA0,0x7F,0xE0,0x13,
    0x80,0xEC,0x60,0x1F,0x80,0x7F,0xE0,0x0C,0x00,0x00,0x00,0x24,0x80,0x2F,0xE0,0x75,
    0x80,0x3F,0xE0,0x2D,0x60,0x3F,0x60,0xEF,0xC0,0x29,0x40,0x2A,0x40,0x27,0x80,0x58,
    0x60,0x00,0x00,0x22,0x00,0x2F,0xE0,0x74,0x80,0x2B,0x40,0x24,0x80,0x2F,0xE0,0xEF,
    0xC0,0x3C,0x80,0x23,0x60,0x3C,0x80,0x67,0x60,0x00,0x00,0x20,0x00,0x2F,0xE0,0x7B,
    0x20,0x2E,0xC0,0x29,0x20,0x2F,0xC0,0xFF,0xC0,0x2F,0xE0,0x2F,0xC0,0x27,0x80,0x5E,
    0xE0,0x00,0x00,0x04,0x00,0x04,0x00,0x7F,0xE0,0x04,0x00,0x3F,0x80,0x10,0x80,0x11,
    0x80,0x09,0x00,0x06,0x00,0x1B,0x00,0xE0,0xE0,0x00,0x00,0x12,0x00,0x12,0x00,0x53,
    0xE0,0x56,0x40,0x56,0x40,0x5E,0x40,0x51,0x80,0x71,0x80,0x51,0x80,0x12,0x40,0x1C,
    0x20,0x00,0x00,0x01,0x00,0x7A,0x00,0x0B,0xE0,0x0A,0x40,0x0E,0x40,0x7A,0x40,0x42,
    0x80,0x41,0x80,0x49,0x80,0x76,0x40,0x4C,0x20,0x00,0x00,0x02,0x00,0x02,0x00,0x7B,
    0xE0,0x24,0x40,0x2C,0x40,0x2A,0x80,0x22,0x80,0x21,0x00,0x3B,0x80,0xC4,0xC0,0x18,
    0x20,0x00,0x00,0x11,0x00,0x11,0x00,0x7D,0xE0,0x22,0x40,0x26,0x40,0x3D,0x40,0x29,
    0x80,0x29,0x80,0x49,0x80,0x4A,0x40,0x94,0x20,0x00,0x00,0x01,0x00,0x7D,0x00,0x13,
    0xE0,0x12,0x40,0x56,0x40,0x5D,0x40,0x51,0x80,0x51,0x80,0x51,0x80,0xFE,0x40,0x0C,
    0x20,0x00,0x00,0x11,0x00,0x11,0x00,0x7B,0xE0,0x12,0x40,0x16,0x40,0x16,0x40,0x79,
    0x80,0x49,0x80,0x49,0x80,0x7B,0x40,0x04,0x20,0x00,0x00,0x11,0x00,0x11,0x00,0x7D,
    0xE0,0x2A,0x40,0x2A,0x40,0x45,0x40,0xED,0x40,0x11,0x80,0x11,0x80,0x2B,0x40,0xC6,
    0x20,0x00,0x00,0x01,0x00,0x7D,0x00,0x11,0xE0,0x12,0x40,0x7E,0x40,0x15,0x40,0x79,
    0x40,0x49,0x80,0x49,0x80,0x7B,0x40,0x06,0x20,0x00,0x00,0x20,0x80,0x3D,0x00,0x41,
    0xE0,0xFD,0x40,0x57,0x40,0x55,0x40,0xFF,0x40,0x54,0x80,0x7C,0xC0,0x05,0x40,0x1A,
    0x30,0x00,0x00,0x19,0x00,0x15,0x00,0x7D,0xE0,0x11,0x40,0x56,0x40,0x3B,0x40,0x19,
    0x40,0x7C,0x80,0xD5,0x80,0x13,0x40,0x34,0x30,0x00,0x00,0x11,0x00,0x7D,0x00,0x11,
    0xE0,0x7E,0x40,0x12,0x40,0x7D,0x40,0x21,0x40,0x3C,0x80,0x24,0x80,0x49,0x40,0xDE,
    0x20,0x00,0x00,0x11,0x00,0x15,0x00,0x7D,0xE0,0x1A,0x40,0x7E,0x40,0x33,0x40,0x49,
    0x40,0x90,0x80,0x7D,0x80,0x13,0x40,0x34,0x20,0x00,0x00,0x11,0x00,0x19,0x00,0x25,
    0xE0,0x42,0x40,0xBF,0x40,0x55,0x40,0x55,0x40,0x34,0x80,0x29,0x80,0x7F,0x40,0x06,
    0x20,0x00,0x00,0x10,0x80,0x56,0x80,0x35,0xE0,0x11,0x40,0x7F,0x40,0x5D,0x40,0x7C,
    0xC0,0x7C,0xC0,0x74,0xC0,0x55,0x40,0x56,0x20,0x00,0x00,0x10,0x80,0x56,0x80,0x3D,
    0xE0,0x11,0x20,0x6F,0x40,0x5D,0x40,0x6C,0xC0,0x6C,0xC0,0x5C,0xC0,0x45,0x40,0x4E,
    0x20,0x00,0x00,0x01,0x00,0x39,0x00,0x09,0xE0,0x7D,0x40,0x2A,0x40,0x3F,0x40,0x29,
    0x40,0x38,0x80,0x28,0x80,0xFD,0x40,0x0E,0x30,0x00,0x00,0x28,0x80,0x7D,0x00,0x29,
    0xE0,0x29,0x40,0xD7,0x40,0x7F,0x40,0x45,0x40,0x7C,0x80,0x7C,0xC0,0x45,0x40,0x5A,
    0x30,0x00,0x00,0x11,0x00,0x7D,0x00,0x01,0xE0,0x7E,0x40,0x7F,0x40,0x01,0x40,0x7D,
    0x40,0x10,0x80,0xFD,0x80,0x12,0x40,0x34,0x20,0x00,0x00,0x28,0x80,0x28,0x80,0x7F,
    0xE0,0x21,0x40,0x7F,0x40,0xC5,0x40,0x74,0xC0,0x54,0x80,0x74,0xC0,0x05,0x60,0x1E,
    0x30,0x00,0x00,0x11,0x00,0x55,0x00,0x39,0xE0,0x7E,0x40,0x3B,0x40,0xD5,0x40,0x21,
    0x40,0x7C,0x80,0x68,0x80,0x19,0x40,0xE6,0x20,0x00,0x00,0x10,0x80,0x7E,0x80,0x00,
    0xE0,0x3C,0x80,0x7F,0xE0,0x01,0x20,0x7D,0x40,0x7D,0x40,0x6C,0x80,0x7D,0xC0,0x4E,
    0x20,0x00,0x00,0x11,0x00,0x7D,0xE0,0x3B,0x40,0x57,0x40,0x38,0x80,0x7F,0x60,0x82,
    0x20,0x7F,0xC0,0x27,0xC0,0x24,0x00,0x7F,0xE0,0x18,0x80,0xFF,0x00,0x11,0xE0,0x7D,
    0x40,0x7F,0x40,0x7D,0x40,0x11,0x40,0xFE,0x80,0x3C,0x80,0x25,0x40,0xDA,0x20,0x00,
    0x00,0x04,0x00,0x04,0x00,0x7F,0xE0,0x10,0x80,0x10,0x80,0x09,0x00,0x0B,0x00,0x06,
    0x00,0x0F,0x00,0x31,0xC0,0xC0,0x60,0x00,0x00,0x04,0x00,0x7F,0xE0,0x19,0x80,0x06,
    0x00,0xF9,0xE0,0x3F,0xC0,0x04,0x00,0x3F,0xC0,0x29,0x40,0x29,0x40,0x29,0xC0,0x00,
    0x00,0x20,0x80,0x27,0xC0,0x78,0xA0,0x1F,0xE0,0x50,0x80,0x26,0x80,0x27,0x80,0x36,
    0x80,0x36,0x60,0x57,0x60,0x88,0x60,0x00,0x00,0x04,0x00,0x75,0xE0,0x2D,0x40,0x22,
    0x40,0x2A,0x40,0x77,0xE0,0x24,0x40,0x26,0x40,0x36,0x40,0xEA,0x40,0x11,0xE0,0x00,
    0x00,0x01,0x00,0x11,0x00,0x0D,0x00,0x05,0x00,0x31,0x00,0x19,0x00,0x09,0x00,0x1F,
    0xE0,0x61,0x00,0x01,0x00,0x01,0x00,0x00,0x00,0x20,0x40,0x6A,0x40,0x6B,0x40,0x69,
    0x40,0x26,0x40,0x7B,0x40,0x31,0x40,0x6F,0xE0,0xE8,0x40,0xA0,0x40,0x20,0x40,0x00,
    0x00,0x10,0x40,0x3A,0x40,0x25,0x40,0xC4,0xC0,0x3A,0x40,0x11,0x40,0x7D,0x40,0x5B,
    0xE0,0x54,0x40,0x94,0x40,0x30,0x40,0x00,0x00,0x24,0x40,0x7E,0x40,0x25,0x40,0x3C,
    0xC0,0x26,0x40,0x3D,0xC0,0xA6,0x40,0x59,0xE0,0x56,0x40,0x64,0x40,0x7E,0x40,0x00,
    0x00,0x10,0x00,0x11,0x80,0x7D,0x40,0x7A,0x30,0x4D,0x60,0x78,0xC0,0x4A,0x40,0x31,
    0x40,0x7F,0xE0,0x10,0x40,0x10,0x40,0x00,0x00,0x3F,0xC0,0x20,0x00,0x20,0x00,0x20,
    0x00,0x3F,0xE0,0x21,0x00,0x21,0x00,0x21,0x00,0x41,0x00,0xC1,0x00,0x00,0x00,0x00,
    0x00,0x3F,0xC0,0x20,0x00,0x20,0x00,0x3F,0xE0,0x21,0x00,0x29,0x00,0x27,0x00,0x21,
    0xE0,0x41,0x20,0xC1,0x00,0x00,0x00,0x00,0x00,0x0A,0x00,0x19,0x80,0x69,0x60,0x06,
    0x00,0x39,0xC0,0xDF,0xA0,0x20,0x00,0x1F,0xE0,0x21,0x00,0x21,0x00,0x61,0x00,0x00,
    0x00,0x10,0x00,0x23,0xE0,0x7E,0x00,0x32,0x00,0x52,0x00,0x7F,0xE0,0x12,0x40,0x1E,
    0x40,0xF2,0x40,0x14,0x40,0x14,0x40,0x00,0x00,0x6B,0xE0,0x5D,0x00,0x5D,0x00,0x7D,
    0xE0,0x49,0x40,0x5D,0x40,0x6B,0x40,0x69,0x40,0x42,0x40,0x7E,0x40,0x00,0x00,0x00,
    0x00,0x28,0x00,0x29,0xE0,0x7D,0x00,0x39,0x00,0x29,0xE0,0x39,0x40,0x29,0x40,0xFD,
    0x40,0x2A,0x40,0x2A,0x40,0x46,0x40,0x00,0x00,0x10,0x00,0x54,0xE0,0x29,0x00,0x29,
    0x00,0x7D,0xE0,0x11,0x40,0x7D,0x40,0x39,0x40,0x56,0x40,0x56,0x40,0xB6,0x40,0x00,
    0x00,0x04,0x00,0x02,0x00,0x7F,0xE0,0x08,0x00,0x08,0x40,0x0F,0x80,0x10,0x80,0x10,
    0x80,0x10,0x80,0x20,0x80,0x43,0x80,0x00,0x00,0x22,0x00,0x22,0x00,0x7F,0xE0,0x4D,
    0x00,0x45,0x60,0x77,0xA0,0x5D,0x20,0x55,0x40,0x55,0x80,0x54,0x20,0xB3,0xE0,0x00,
    0x00,0x04,0x00,0x6E,0xE0,0x11,0x00,0x09,0x00,0x7F,0xC0,0x44,0x40,0x7F,0xE0,0x10,
    0x00,0x1F,0x80,0x30,0x80,0xC3,0x80,0x00,0x00,0x22,0x00,0x22,0x00,0x7D,0xE0,0x24,
    0x60,0x23,0x80,0x3B,0x20,0x2A,0xE0,0x4A,0x80,0x4A,0x40,0x4B,0x40,0xB6,0x20,0x00,
    0x00,0x22,0x00,0x22,0x00,0x7F,0xE0,0x2C,0x00,0x23,0xE0,0x30,0xA0,0x32,0x80,0x54,
    0xE0,0x56,0x80,0x56,0x80,0xB9,0xE0,0x00,0x00,0x22,0x00,0x22,0x00,0x7F,0xE0,0x26,
    0x00,0x23,0xE0,0x3D,0x00,0x2F,0xE0,0x49,0x00,0x49,0x80,0x4A,0x40,0xBC,0x20,0x00,
    0x00,0x22,0x00,0x27,0xE0,0x7C,0x00,0x27,0xE0,0x22,0x40,0x53,0xC0,0x53,0xC0,0x52,
    0x40,0x57,0xE0,0x52,0xC0,0xBC,0x20,0x00,0x00,0x3F,0xC0,0x04,0x00,0x04,0x00,0x7F,
    0xE0,0x04,0x00,0x0A,0x00,0x0A,0x00,0x12,0x20,0x22,0x20,0xC3,0xC0,0x00,0x00,0x7B,
    0xE0,0x48,0x80,0x7A,0x80,0x4A,0x80,0x4B,0xE0,0x71,0x00,0x59,0x80,0x4A,0xA0,0x76,
    0xA0,0x4C,0xE0,0x00,0x00,0x3F,0xC0,0x20,0x40,0x20,0x40,0x20,0x40,0x3F,0xC0,0x20,
    0x40,0x20,0x40,0x20,0x40,0x3F,0xC0,0x20,0x40,0x00,0x00,0x3F,0x80,0x20,0x40,0x20,
    0x40,0x3F,0x80,0x20,0x40,0x20,0x40,0x3F,0x80,0x00,0x00,0x00,0x00,0x7F,0xE0,0x4F,
    0xC0,0x48,0x40,0x48,0x40,0x48,0x40,0x4F,0xC0,0x48,0x40,0x48,0x40,0x48,0x40,0x4F,
    0xC0,0x48,0x40,0x00,0x00,0x00,0x00,0x20,0x00,0x23,0xC0,0x3C,0x40,0x20,0x20,0x3F,
    0xC0,0x00,0x00,0x3F,0xC0,0x20,0x40,0x3F,0xC0,0x20,0x40,0x3F,0xC0,0x00,0x00,0x3F,
    0xC0,0x20,0x40,0x3F,0xC0,0x20,0x40,0x20,0x40,0x1F,0x80,0x04,0x00,0x7F,0xE0,0x04,
    0x00,0x04,0x00,0x00,0x00,0x00,0x00,0x10,0x00,0x1F,0x80,0x20,0x40,0x40,0x40,0xFE,
    0x40,0x22,0x40,0x3E,0x40,0x22,0x40,0x22,0x40,0x3E,0x40,0x01,0xC0,0x00,0x00,0x20,
    0x00,0x23,0xC0,0x22,0x40,0x7A,0x40,0x2B,0xC0,0x2A,0x40,0x2A,0x40,0x2A,0x40,0x4B,
    0xE0,0x48,0x20,0xCF,0xE0,0x00,0x00,0x3F,0xC0,0x20,0x40,0x3F,0xC0,0x3F,0xC0,0x00,
    0x00,0x3F,0xC0,0x04,0x00,0x7F,0xE0,0x04,0x00,0x04,0x00,0x00,0x00,0x00,0x00,0x00,
    0x40,0x78,0x40,0x48,0x40,0x4F,0xE0,0x4A,0x40,0x7A,0x40,0x49,0x40,0x49,0x40,0x48,
    0x40,0x78,0x40,0x01,0x80,0x00,0x00,0x01,0x00,0x70,0x80,0x4F,0xE0,0x4C,0x00,0x4C,
    0x00,0x74,0x00,0x4C,0x00,0x4C,0x00,0x4C,0x00,0x74,0x00,0x08,0x00,0x00,0x00,0x77,
    0xE0,0x51,0x00,0x51,0x00,0x51,0x00,0x77,0xE0,0x51,0x00,0x51,0x00,0x51,0x00,0x71,
    0x00,0x07,0xE0,0x3F,0xC0,0x3F,0xC0,0x20,0x40,0x3F,0xC0,0x08,0x00,0x73,0xC0,0x42,
    0x40,0x4A,0x40,0x72,0xC0,0x02,0x00,0x00,0x00,0x00,0x00,0x3F,0xC0,0x20,0x40,0x3F,
    0xC0,0x3F,0xC0,0x00,0x00,0x22,0x60,0x3F,0x80,0x22,0x20,0x2E,0x20,0x33,0xE0,0x00,
    0x00,0x00,0x00,0x3F,0x80,0x20,0x80,0x3F,0x80,0x3F,0x80,0x00,0x00,0x3F,0xC0,0x20,
    0x40,0x3F,0xC0,0x20,0x40,0x3F,0xC0,0x00,0x00,0x00,0x00,0x7B,0xC0,0x4A,0x40,0x4A,
    0x40,0x4B,0xC0,0x7A,0x40,0x4A,0x40,0x4B,0xC0,0x7A,0x40,0x04,0x40,0x08,0xC0,0x00,
    0x00,0x3F,0xC0,0x22,0x00,0x3F,0xE0,0x21,0x20,0x7C,0xE0,0x3F,0xC0,0x20,0x40,0x3F,
    0xC0,0x20,0x40,0x3F,0xC0,0x00,0x00,0x00,0x00,0x3F,0xC0,0x3F,0xC0,0x20,0x40,0x3F,
    0xC0,0x10,0x00,0x3F,0xC0,0x49,0x40,0x12,0x40,0x64,0x40,0x59,0x80,0x00,0x00,0x00,
    0x00,0x09,0x00,0x09,0x00,0x7F,0xE0,0x09,0x00,0x7F,0xE0,0x00,0x00,0x3F,0xC0,0x20,
    0x40,0x3F,0xC0,0x20,0x40,0x3F,0xC0,0x00,0x00,0x3F,0xC0,0x3F,0xC0,0x20,0x40,0x3F,
    0xC0,0x24,0x00,0x3F,0xC0,0x44,0x00,0x3F,0xC0,0x04,0x00,0x7F,0xE0,0x00,0x00,0x01,
    0x00,0x01,0x00,0x77,0xC0,0x55,0x40,0x55,0x40,0x75,0x40,0x5F,0xE0,0x51,0x00,0x52,
    0x80,0x76,0x40,0x0C,0x20,0x00,0x00,0x04,0x00,0x7F,0xC0,0x04,0x00,0x7F,0xC0,0x6E,
    0xE0,0x11,0x00,0x3F,0x80,0x50,0xE0,0x9F,0xA0,0x10,0x80,0x1F,0x80,0x00,0x00,0x01,
    0x00,0x71,0x00,0x57,0xC0,0x51,0x00,0x51,0x00,0x77,0xE0,0x51,0x80,0x53,0x80,0x55,
    0x40,0x79,0x30,0x09,0x00,0x00,0x00,0x02,0x00,0x72,0x00,0x4B,0xE0,0x4D,0x00,0x4D,
    0x00,0x71,0xE0,0x49,0x00,0x49,0x00,0x49,0xE0,0x71,0x00,0x01,0x00,0x00,0x00,0x77,
    0xE0,0x51,0x20,0x52,0x20,0x52,0xC0,0x74,0x00,0x53,0xC0,0x54,0x20,0x54,0x20,0x74,
    0x20,0x07,0xE0,0x00,0x00,0x3F,0x80,0x3F,0x80,0x20,0x80,0x3F,0x80,0x00,0x00,0x7F,
    0xE0,0x24,0x00,0x27,0xC0,0x34,0x00,0xCF,0xE0,0x00,0x00,0x00,0x00,0x3F,0xC0,0x20,
    0x40,0x3F,0xC0,0x20,0x80,0x3F,0xC0,0x50,0xA0,0xDF,0x80,0x1F,0x80,0x00,0x00,0x7F,
    0xE0,0x00,0x00,0x3F,0xC0,0x20,0x40,0x3F,0xC0,0x3F,0xC0,0x00,0x00,0x49,0x40,0x29,
    0x40,0x19,0x80,0x09,0x00,0x7F,0xE0,0x00,0x00,0x3F,0xC0,0x3F,0xC0,0x20,0x40,0x3F,
    0xC0,0x24,0xC0,0x15,0x80,0x7F,0xE0,0x0A,0x00,0x12,0x20,0x61,0xE0,0x00,0x00,0x00,
    0x00,0x7F,0xE0,0x29,0x40,0x19,0x80,0x7F,0xE0,0x00,0x00,0x3F,0xC0,0x20,0x40,0x3F,
    0xC0,0x20,0x40,0x3F,0xC0,0x00,0x00,0x00,0x00,0x01,0x00,0x71,0x00,0x57,0xE0,0x54,
    0x20,0x57,0xA0,0x76,0xA0,0x56,0xA0,0x56,0xA0,0x57,0xA0,0x74,0x20,0x04,0xC0,0x7F,
    0xE0,0x52,0x80,0x57,0xC0,0x5A,0xA0,0x7A,0xA0,0x5A,0xA0,0x5E,0xE0,0x58,0x20,0x77,
    0xE0,0x08,0x20,0x00,0x00,0x00,0x00,0x04,0x00,0x72,0x60,0x5F,0x80,0x52,0x40,0x53,
    0xA0,0x7C,0xE0,0x50,0x00,0x5F,0xE0,0x52,0x80,0x74,0xA0,0x18,0xE0,0x00,0x00,0x3F,
    0xC0,0x3F,0xC0,0x3F,0xC0,0x37,0xC0,0x48,0x20,0x3F,0xC0,0x12,0x00,0x3F,0xC0,0x7F,
    0xE0,0x02,0x00,0x00,0x00,0x00,0x00,0x02,0x00,0x73,0xC0,0x54,0x80,0x5E,0x80,0x55,
    0x40,0x75,0x40,0x57,0xC0,0x51,0x00,0x52,0xA0,0x74,0xA0,0x08,0xE0,0x00,0x00,0x77,
    0xE0,0x52,0x00,0x57,0xC0,0x52,0x40,0x77,0xE0,0x50,0x00,0x57,0xC0,0x54,0x40,0x74,
    0x40,0x07,0xC0,0x00,0x00,0x00,0x00,0x02,0x00,0x73,0xE0,0x54,0x00,0x5F,0xC0,0x55,
    0x40,0x74,0xC0,0x5F,0xE0,0x55,0x40,0x54,0x40,0x73,0xE0,0x01,0xC0,0x00,0x00,0x3F,
    0xC0,0x3F,0xC0,0x3F,0xC0,0x00,0x00,0x3F,0xE0,0x3F,0xC0,0x3F,0xE0,0x2E,0x40,0x49,
    0x80,0xDE,0x60,0x00,0x00,0x00,0x00,0x10,0x80,0x5F,0xA0,0x29,0x40,0x29,0x40,0x19,
    0x80,0x66,0x60,0x3F,0xC0,0x20,0x40,0x3F,0xC0,0x20,0x40,0x3F,0xC0,0x00,0x00,0x3F,
    0xC0,0x3F,0xC0,0x3B,0xC0,0x04,0x00,0x7F,0xE0,0x3F,0xC0,0x20,0x40,0x3F,0xC0,0x32,
    0xC0,0x4C,0x20,0x00,0x00,0x00,0x00,0x04,0x00,0x75,0xE0,0x55,0x00,0x5F,0x00,0x55,
    0xE0,0x7F,0x40,0x5D,0x40,0x55,0x40,0x55,0x40,0x75,0x40,0x06,0x40,0x00,0x00,0x01,
    0x00,0x77,0xE0,0x51,0x00,0x57,0xC0,0x5F,0xE0,0x73,0x80,0x54,0x40,0x57,0xC0,0x57,
    0xC0,0x74,0x40,0x04,0xC0,0x00,0x00,0x3F,0xC0,0x3F,0xC0,0x20,0x40,0x3F,0xC0,0x00,
    0x00,0x7B,0xE0,0x4A,0x20,0x7B,0xE0,0x4A,0x20,0x7B,0xE0,0x00,0x00,0x00,0x00,0x20,
    0x00,0x3D,0xC0,0x51,0x40,0x7D,0x40,0x19,0x40,0x25,0xC0,0x7F,0xC0,0x20,0x40,0x3F,
    0xC0,0x20,0x40,0x3F,0xC0,0x00,0x00,0x01,0x00,0x71,0x00,0x56,0xE0,0x50,0x00,0x57,
    0xC0,0x74,0x40,0x57,0xC0,0x51,0x00,0x57,0x40,0x75,0x20,0x0B,0x10,0x00,0x00,0x10,
    0x00,0x7F,0xE0,0x32,0x00,0x7F,0xE0,0x16,0x40,0x7A,0x40,0x06,0x00,0x3D,0xC0,0x3F,
    0xC0,0x20,0x40,0x3F,0xC0,0x00,0x00,0x7E,0xE0,0x5A,0x20,0x5E,0xE0,0x58,0x00,0x79,
    0xE0,0x5E,0xA0,0x58,0xC0,0x5E,0xC0,0x78,0xC0,0x0B,0x30,0x00,0x00,0x00,0x00,0x3F,
    0xC0,0x3F,0xC0,0x3F,0xC0,0x3F,0x60,0x04,0x80,0x7F,0xE0,0x1F,0x80,0xF0,0x40,0x1F,
    0xC0,0x1F,0x80,0x00,0x00,0x00,0x00,0x7F,0xE0,0x55,0x40,0x57,0xE0,0x52,0x00,0x7F,
    0xE0,0x52,0x00,0x57,0xC0,0x55,0x40,0x79,0x80,0x16,0x60,0x00,0x00,0x00,0x00,0x01,
    0x00,0x71,0x00,0x56,0xE0,0x52,0x40,0x57,0xE0,0x70,0x00,0x57,0xC0,0x54,0x40,0x57,
    0xC0,0x74,0x40,0x07,0xC0,0x00,0x00,0x09,0x00,0x7F,0xE0,0x1F,0x80,0x20,0x40,0x3F,
    0xC0,0x1F,0x80,0x7F,0xE0,0x1F,0x80,0xE0,0xE0,0x1F,0x80,0x1F,0x80,0x00,0x00,0x3F,
    0xC0,0x3F,0xC0,0x3F,0xC0,0x09,0x00,0x7F,0xC0,0x7F,0xE0,0x14,0x80,0xED,0x60,0x1D,
    0x80,0x6C,0x40,0x00,0x00,0x00,0x00,0x7F,0xE0,0x5A,0xA0,0x55,0x40,0x57,0xE0,0x72,
    0x40,0x5D,0xA0,0x57,0xC0,0x5F,0xC0,0x74,0x40,0x07,0xC0,0x00,0x00,0x00,0x00,0x7F,
    0xC0,0x57,0xC0,0x57,0xC0,0x52,0x80,0x7F,0xE0,0x5F,0xE0,0x55,0x40,0x5B,0xA0,0x77,
    0xC0,0x0B,0x20,0x00,0x00,0x00,0x00,0x3F,0xC0,0x20,0x40,0x20,0x40,0x20,0x40,0x3F,
    0xC0,0x20,0x40,0x20,0x40,0x20,0x40,0x3F,0xC0,0x20,0x40,0x0A,0x00,0x09,0x00,0x7F,
    0xC0,0x49,0x40,0x49,0x40,0x49,0x40,0x7F,0xC0,0x49,0x40,0x49,0x40,0x49,0x40,0x7F,
    0xC0,0x00,0x00,0x04,0x00,0x04,0x00,0x3F,0xC0,0x24,0x40,0x3F,0xC0,0x24,0x40,0x3F,
    0xC0,0x02,0x80,0x03,0x20,0x1F,0x20,0x61,0xC0,0x00,0x00,0x7F,0xE0,0x04,0x00,0x3F,
    0xC0,0x24,0x40,0x3F,0xC0,0x3F,0xC0,0x14,0x00,0x14,0x00,0x0E,0x00,0x71,0xE0,0x00,
    0x00,0x00,0x00,0x09,0x00,0x7F,0xE0,0x09,0x00,0x7F,0xC0,0x3F,0xC0,0x49,0x40,0x36,
    0x80,0x3F,0x80,0x3F,0x80,0x20,0x80,0x3F,0x80,0x00,0x00,0x3F,0xC0,0x3F,0xC0,0x3F,
    0xC0,0x00,0x00,0x7F,0xC0,0x7F,0xC0,0x00,0x00,0x3F,0xC0,0x0F,0x00,0xF9,0xE0,0x00,
    0x00,0x00,0x00,0x10,0x80,0x09,0x00,0x7F,0xC0,0x54,0xC0,0x4D,0x40,0x7F,0xC0,0x3F,
    0x80,0x20,0x40,0x3F,0x80,0x20,0x40,0x3F,0x80,0x00,0x00,0x10,0x80,0x7F,0xE0,0x10,
    0x80,0x7F,0xE0,0x11,0x80,0x2E,0x40,0xFF,0xB0,0x20,0x40,0x3F,0x80,0x20,0x40,0x3F,
    0x80,0x00,0x00,0x3F,0xC0,0x3F,0xC0,0x3F,0xC0,0x00,0x00,0xFF,0xE0,0x3F,0xC0,0x25,
    0x40,0x3D,0x80,0x3D,0x80,0x46,0x60,0x00,0x00,0x00,0x00,0x1F,0x80,0x10,0x80,0x10,
    0x80,0x1F,0x80,0x10,0x80,0x20,0x80,0x3F,0x80,0x20,0x80,0x20,0x80,0x41,0x80,0x00,
    0x00,0x00,0x00,0x04,0x00,0x0C,0x00,0x7F,0xE0,0x10,0x00,0x3F,0xC0,0x70,0x40,0xDF,
    0xC0,0x10,0x40,0x1F,0xC0,0x10,0x40,0x11,0xC0,0x00,0x00,0x39,0xC0,0x29,0x40,0x29,
    0x40,0x39,0xC0,0x2A,0x40,0x2A,0x40,0x3B,0xC0,0x4A,0x40,0x4A,0x40,0xDE,0xC0,0x00,
    0x00,0x7B,0xC0,0x4A,0x40,0x4A,0xC0,0x7A,0x00,0x4B,0xE0,0x7B,0x40,0x4B,0x40,0x4A,
    0x80,0x4A,0xC0,0xDB,0x20,0x00,0x00,0x00,0x00,0x6C,0x00,0x29,0xC0,0x7D,0x40,0x11,
    0x40,0x55,0xC0,0x55,0x40,0x55,0x40,0x7E,0xC0,0x12,0x40,0x22,0x40,0x64,0xC0,0x00,
    0x00,0x10,0x00,0x33,0xC0,0x4A,0x40,0x4A,0x40,0x7B,0xC0,0x4A,0x40,0x7A,0x40,0x4B,
    0xC0,0x4A,0x40,0x76,0x40,0x44,0xC0,0x00,0x00,0x30,0x00,0x13,0xC0,0x6B,0xC0,0x23,
    0xC0,0x3C,0x40,0x64,0xC0,0x7F,0xC0,0x04,0x00,0x3F,0xC0,0x04,0x00,0x7F,0xE0,0x10,
    0x00,0x11,0xC0,0x7D,0x40,0x7D,0x40,0x45,0xC0,0x7D,0x40,0x45,0x40,0x39,0xC0,0x7E,
    0x40,0x12,0x40,0x14,0xC0,0x00,0x00,0x24,0x00,0x25,0xE0,0x7D,0x20,0x3D,0x20,0x25,
    0xE0,0x39,0x20,0x25,0x20,0xFD,0xE0,0x29,0x20,0x26,0x20,0x46,0xC0,0x00,0x00,0x04,
    0x00,0x04,0x00,0x04,0x00,0x7F,0xE0,0x06,0x00,0x0D,0x00,0x15,0x80,0x34,0xC0,0x64,
    0x60,0xC4,0x20,0x04,0x00,0x00,0x00,0x04,0x00,0x04,0x00,0x3F,0xC0,0x04,0x00,0x04,
    0x00,0x7F,0xE0,0x0E,0x00,0x1D,0x00,0x34,0xC0,0xC4,0x60,0x04,0x00,0x00,0x00,0x04,
    0x00,0x04,0x00,0x7F,0xE0,0x04,0x00,0x04,0x00,0x3F,0xC0,0x06,0x00,0x1D,0x00,0x34,
    0x80,0x44,0x60,0x84,0x20,0x00,0x00,0x04,0x00,0x04,0x00,0x7F,0xE0,0x06,0x00,0x0D,
    0x00,0x15,0x00,0x14,0x80,0x24,0x40,0x5F,0xA0,0x84,0x20,0x04,0x00,0x00,0x00,0x11,
    0x00,0x11,0x00,0x11,0x00,0x7D,0x00,0x31,0x00,0x39,0x00,0x55,0x00,0xD1,0x00,0x11,
    0x20,0x11,0x20,0x11,0xE0,0x00,0x00,0x05,0x00,0x04,0x80,0x04,0x40,0x7F,0xE0,0x06,
    0x00,0x0D,0x00,0x15,0x00,0x34,0x80,0x64,0x60,0xC4,0x20,0x04,0x00,0x00,0x00,0x04,
    0x00,0x14,0x00,0x3F,0xC0,0x24,0x00,0x44,0x00,0x7F,0xE0,0x06,0x00,0x0D,0x00,0x34,
    0xC0,0xE4,0x60,0x04,0x00,0x00,0x00,0x11,0x00,0x11,0x00,0x11,0x00,0x7D,0x00,0x31,
    0x80,0x39,0x60,0x55,0x20,0xD1,0x00,0x11,0x00,0x11,0x00,0x11,0x00,0x00,0x00,0x1F,
    0x00,0x11,0x00,0x10,0x80,0x64,0xE0,0x04,0x00,0x7F,0xE0,0x0E,0x00,0x1D,0x80,0xE4,
    0x60,0x44,0x20,0x00,0x00,0x00,0x00,0x20,0x00,0x27,0x80,0x24,0x80,0x7C,0x80,0x24,
    0x80,0x34,0x80,0x6C,0x80,0xA4,0x80,0x24,0xA0,0x24,0xA0,0x28,0xE0,0x00,0x00,0x20,
    0x00,0x27,0xE0,0x22,0x00,0x7A,0x00,0x22,0x00,0x33,0xC0,0x68,0x40,0xA0,0x40,0x20,
    0x40,0x22,0x40,0x21,0x80,0x00,0x00,0x00,0x40,0x39,0x80,0x06,0x00,0x19,0x80,0x64,
    0x40,0x04,0x00,0x7F,0xE0,0x15,0x00,0x24,0xC0,0xC4,0x20,0x4C,0x20,0x00,0x00,0x08,
    0x00,0x08,0x00,0x7F,0x00,0x09,0x20,0x31,0xA0,0x44,0x40,0x7F,0xE0,0x04,0x00,0x15,
    0x80,0x64,0x40,0x4C,0x20,0x00,0x00,0x20,0x00,0x27,0xC0,0x24,0x40,0x7C,0x40,0x22,
    0x40,0x3A,0x80,0x69,0x80,0xA1,0x00,0x23,0x80,0x26,0x40,0x28,0x20,0x00,0x00,0x20,
    0x00,0x23,0xE0,0x20,0x80,0x78,0x80,0x20,0x80,0x37,0xE0,0x68,0x80,0xA0,0x80,0x20,
    0x80,0x20,0x80,0x20,0x80,0x00,0x00,0x10,0x40,0x10,0xC0,0x11,0x00,0x7E,0x00,0x20,
    0x40,0x39,0x80,0x5E,0x00,0x90,0x60,0x10,0xC0,0x13,0x00,0x1C,0x00,0x00,0x00,0x04,
    0x00,0x04,0x00,0x7F,0xE0,0x1D,0x00,0x64,0xC0,0xFF,0xA0,0x01,0x00,0x02,0x00,0x7F,
    0xE0,0x04,0x00,0x0C,0x00,0x00,0x00,0x04,0x00,0x04,0x00,0x7F,0xE0,0x0F,0x00,0x14,
    0x80,0x64,0x60,0xBF,0xA0,0x20,0x40,0x20,0x40,0x20,0x40,0x3F,0xC0,0x00,0x00,0x10,
    0x40,0x10,0x40,0x10,0x40,0x6B,0xE0,0x30,0xC0,0x29,0x40,0x5A,0x40,0x92,0x40,0x14,
    0x40,0x18,0x40,0x11,0x80,0x00,0x00,0x10,0x40,0x10,0x40,0x10,0x40,0x6F,0xE0,0x22,
    0x40,0x32,0x40,0x5A,0x40,0xD9,0x40,0x10,0x40,0x10,0x40,0x11,0x80,0x00,0x00,0x20,
    0x80,0x20,0x80,0x27,0xE0,0x78,0x80,0x24,0x80,0x32,0x80,0x6A,0x80,0xA3,0x80,0xA1,
    0x00,0x22,0xC0,0x2C,0x20,0x00,0x00,0x21,0x00,0x21,0x00,0x21,0x00,0x79,0x00,0x27,
    0xE0,0x31,0x00,0x6D,0x00,0xA9,0x00,0x21,0x00,0x21,0x00,0x2F,0xE0,0x00,0x00,0x04,
    0x00,0x7F,0xE0,0x04,0x00,0x04,0x00,0x3F,0xC0,0x24,0x40,0x3F,0xC0,0x0E,0x00,0x15,
    0x80,0xE4,0x40,0x44,0x20,0x00,0x00,0x10,0x00,0x17,0xE0,0x11,0x00,0x79,0x00,0x31,
    0x00,0x39,0x00,0x5D,0x00,0xD1,0x00,0x11,0x00,0x11,0x00,0x1F,0xE0,0x00,0x00,0x08,
    0x00,0x1F,0xC0,0x30,0xC0,0x4B,0x00,0x0F,0x00,0xF0,0xE0,0x04,0x00,0x7F,0xE0,0x15,
    0x80,0x64,0x40,0x4C,0x20,0x00,0x00,0x04,0x00,0x04,0x00,0x7F,0xE0,0x24,0x80,0x14,
    0x80,0x7D,0xE0,0x06,0x00,0x0D,0x00,0x34,0x80,0xE4,0x60,0x04,0x00,0x00,0x00,0x20,
    0x00,0x27,0xC0,0x70,0x80,0x23,0x00,0x27,0xE0,0x72,0xA0,0x6C,0xA0,0xA5,0x20,0x29,
    0x20,0x32,0x40,0x24,0xC0,0x00,0x00,0x21,0x00,0x21,0x00,0x27,0xE0,0x70,0x00,0x27,
    0x80,0x74,0x80,0x6C,0x80,0xA4,0x80,0x24,0xA0,0x24,0xA0,0x28,0x60,0x00,0x00,0x20,
    0x00,0x27,0xE0,0x21,0x00,0x79,0x00,0x31,0x00,0x2B,0xC0,0x65,0x40,0xAD,0x20,0x29,
    0x20,0x21,0x00,0x21,0x00,0x00,0x00,0x04,0x00,0x04,0x00,0x7F,0xE0,0x0E,0x00,0x1D,
    0x00,0x24,0xC0,0xC4,0x20,0x00,0x80,0x2A,0x40,0x29,0x40,0x49,0x20,0x00,0x00,0x20,
    0x80,0x22,0x80,0x22,0x80,0x74,0x40,0x24,0x60,0x79,0x20,0x6A,0x00,0xA2,0x80,0x24,
    0x40,0x27,0xC0,0x28,0x20,0x00,0x00,0x20,0x00,0x27,0xE0,0x24,0x00,0x7C,0x00,0x27,
    0xC0,0x76,0x40,0x6D,0x40,0xA5,0x80,0x28,0x80,0x2B,0xC0,0x36,0x20,0x00,0x00,0x20,
    0x00,0x2F,0xC0,0x24,0x40,0x76,0x80,0x26,0xE0,0x76,0x40,0x6D,0x40,0xA5,0x80,0x24,
    0x80,0x2B,0x40,0x36,0x30,0x00,0x00,0x22,0x00,0x22,0x00,0x27,0xE0,0x7C,0x20,0x2A,
    0x20,0x33,0x20,0x6C,0xA0,0xA7,0xA0,0x24,0xA0,0x20,0x40,0x21,0xC0,0x00,0x00,0x20,
    0x00,0x27,0xE0,0x79,0x00,0x21,0x00,0x21,0x00,0x77,0xE0,0x69,0x00,0xA1,0x00,0x21,
    0x00,0x21,0x00,0x2F,0xE0,0x00,0x00,0x20,0x00,0x27,0xE0,0x24,0x00,0x7C,0x00,0x34,
    0x00,0x2F,0xE0,0x6C,0x80,0xA4,0x80,0x24,0x80,0x24,0x80,0x28,0x80,0x00,0x00,0x21,
    0x00,0x21,0x00,0x77,0xE0,0x25,0x20,0x25,0x20,0x71,0x00,0x6B,0x00,0xA3,0x00,0x25,
    0x20,0x25,0x20,0x38,0xE0,0x00,0x00,0x11,0x00,0x11,0x00,0x11,0x00,0x7B,0xE0,0x31,
    0x80,0x3B,0x80,0x57,0x40,0x55,0x20,0x9D,0x30,0x11,0x00,0x11,0x00,0x00,0x00,0x22,
    0x00,0x22,0x00,0x23,0xE0,0x7C,0x40,0x24,0x40,0x3A,0x40,0x6A,0x80,0xA1,0x80,0x21,
    0x80,0x26,0x40,0x28,0x20,0x00,0x00,0x3F,0xC0,0x24,0x40,0x3F,0xC0,0x24,0x40,0x3F,
    0xC0,0x04,0x00,0x7F,0xE0,0x0D,0x00,0x34,0xC0,0xC4,0x20,0x00,0x00,0x21,0x00,0x21,
    0x00,0x27,0xE0,0x71,0x00,0x21,0x00,0x76,0xC0,0x6C,0x40,0xA2,0x80,0x21,0x00,0x22,
    0x80,0x2C,0x60,0x00,0x00,0x20,0x00,0x27,0xE0,0x24,0x40,0x76,0x40,0x25,0x40,0x74,
    0x80,0x6D,0x80,0xA5,0x40,0x26,0x20,0x24,0x00,0x27,0xE0,0x00,0x00,0x04,0x00,0x7F,
    0xE0,0x04,0x00,0x3F,0xC0,0x26,0x40,0x2D,0x40,0x14,0x80,0xFC,0x60,0x03,0x00,0x38,
    0x00,0x07,0x80,0x00,0x00,0x21,0x00,0x23,0x00,0x22,0x80,0x7C,0x40,0x2F,0xF0,0x74,
    0x40,0x6C,0x40,0xA5,0x80,0x24,0x20,0x24,0x20,0x27,0xC0,0x00,0x00,0x20,0x00,0x2F,
    0xC0,0x28,0x40,0x7E,0xC0,0x2A,0xC0,0x79,0x40,0x69,0x40,0xAB,0x40,0x2A,0xE0,0x2C,
    0xE0,0x30,0x20,0x00,0x00,0x21,0x00,0x21,0x00,0x21,0x00,0x77,0xE0,0x21,0x00,0x71,
    0x00,0x6F,0xC0,0xA4,0x40,0x24,0x40,0x24,0x40,0x27,0xC0,0x00,0x00,0x20,0x00,0x79,
    0xC0,0x26,0x40,0x26,0x40,0x25,0xC0,0x58,0x00,0x04,0x00,0x7F,0xE0,0x0D,0x00,0x34,
    0xC0,0xC4,0x20,0x00,0x00,0x28,0x00,0x28,0x00,0x2C,0xE0,0x7A,0xA0,0x2A,0xA0,0x7A,
    0xA0,0x7A,0xA0,0xAA,0xA0,0x2A,0xA0,0x2A,0xE0,0x36,0xA0,0x00,0x00,0x20,0x00,0x2F,
    0xE0,0x71,0x00,0x21,0x00,0x27,0xE0,0x75,0x20,0x69,0xA0,0xA6,0xA0,0x24,0x60,0x24,
    0x20,0x24,0xE0,0x00,0x00,0x21,0x00,0x21,0x00,0x27,0xE0,0x7C,0x20,0x24,0x20,0x74,
    0x20,0x6F,0xE0,0xA4,0x20,0x24,0x20,0x27,0xE0,0x24,0x20,0x00,0x00,0x10,0x80,0x7F,
    0xE0,0x10,0x80,0x1F,0x80,0x10,0x80,0x1F,0x80,0x04,0x00,0x7F,0xE0,0x0D,0x00,0x34,
    0xC0,0xC4,0x20,0x00,0x00,0x20,0x00,0x24,0x40,0x2F,0xE0,0x74,0x40,0x24,0x40,0x74,
    0x40,0x6F,0xC0,0xA4,0x40,0x24,0x40,0x24,0x40,0x27,0xC0,0x00,0x00,0x22,0x00,0x12,
    0x00,0x67,0xE0,0x1A,0x00,0x1A,0x20,0x65,0xC0,0x04,0x00,0x7F,0xE0,0x0D,0x00,0x34,
    0xC0,0xC4,0x20,0x00,0x00,0x22,0x00,0x32,0x00,0x4F,0x80,0x24,0xA0,0x14,0xA0,0x68,
    0xE0,0x04,0x00,0x7F,0xE0,0x0D,0x00,0x34,0xC0,0xC4,0x20,0x00,0x00,0x3F,0xC0,0x09,
    0x00,0x7F,0xE0,0x0A,0x40,0x7A,0x80,0x04,0x00,0x7F,0xE0,0x0F,0x00,0x34,0xC0,0xC4,
    0x20,0x00,0x00,0x00,0x00,0x20,0x00,0x27,0xE0,0x24,0x00,0x74,0x00,0x27,0xC0,0x34,
    0x40,0x6C,0x40,0xA7,0xC0,0x24,0x00,0x24,0x00,0x27,0xE0,0x00,0x00,0x22,0x00,0x22,
    0x00,0x7F,0xE0,0x25,0x00,0x29,0x00,0x71,0xE0,0x69,0x00,0xA1,0x00,0x21,0xE0,0x21,
    0x00,0x21,0x00,0x00,0x00,0x21,0x00,0x21,0x00,0x27,0xE0,0x74,0x20,0x20,0x00,0x77,
    0xE0,0x69,0x00,0xA1,0x00,0x21,0x00,0x21,0x00,0x23,0x00,0x00,0x00,0x04,0x00,0x7D,
    0xE0,0x06,0x00,0x1D,0x80,0x64,0x60,0xBF,0x80,0x20,0x80,0x3F,0x80,0x3F,0x80,0x00,
    0x00,0x7F,0xE0,0x04,0x00,0x7F,0xE0,0x04,0x00,0x3F,0xC0,0x34,0xC0,0x2D,0x40,0x3F,
    0xC0,0x06,0x00,0x1D,0x00,0x24,0xC0,0xC4,0x20,0x00,0x00,0x20,0x00,0x2F,0xE0,0x20,
    0x40,0x70,0x40,0x27,0x40,0x75,0x40,0x6D,0x40,0xA7,0x40,0x20,0x40,0x20,0x40,0x21,
    0xC0,0x00,0x00,0x21,0x00,0x21,0x00,0x77,0xE0,0x21,0x00,0x21,0x00,0x71,0x00,0x6F,
    0xE0,0xA1,0x00,0x21,0x00,0x21,0x00,0x2F,0xE0,0x00,0x00,0x21,0x00,0x2E,0xE0,0x2A,
    0xA0,0x7A,0xA0,0x2A,0xA0,0x7A,0xA0,0x6A,0xA0,0xAE,0xA0,0x22,0xE0,0x24,0x80,0x28,
    0x80,0x00,0x00,0x09,0x00,0x29,0x60,0x2D,0xC0,0x29,0x20,0x2D,0x20,0x71,0xC0,0x04,
    0x00,0x7F,0xE0,0x1D,0x00,0x24,0xC0,0xC4,0x20,0x00,0x00,0x21,0x00,0x21,0x00,0x2F,
    0xE0,0x71,0x00,0x27,0xC0,0x75,0x20,0x75,0x20,0xA5,0x20,0x25,0x40,0x25,0xC0,0x21,
    0x00,0x00,0x00,0x20,0x00,0x2E,0xC0,0x2A,0xC0,0x7A,0xC0,0x2A,0xC0,0x6F,0xE0,0x7A,
    0xC0,0xAB,0x40,0x2B,0x40,0x2B,0x40,0x37,0xC0,0x00,0x00,0x20,0x00,0x27,0xE0,0x20,
    0x00,0x78,0x00,0x2F,0xE0,0x71,0x00,0x6B,0x40,0xA5,0x40,0x25,0x20,0x29,0x20,0x23,
    0x00,0x00,0x00,0x22,0x80,0x22,0x80,0x22,0x60,0x77,0x80,0x22,0x00,0x77,0xE0,0x69,
    0x60,0xA1,0xC0,0x23,0x20,0x2C,0xA0,0x20,0xC0,0x00,0x00,0x22,0x00,0x22,0x00,0x2F,
    0xE0,0x75,0x00,0x25,0x00,0x77,0xE0,0x69,0x00,0xA5,0x40,0x25,0x40,0x29,0x20,0x3B,
    0x20,0x00,0x00,0x24,0x40,0x22,0x40,0x22,0x80,0x7F,0xE0,0x20,0x00,0x70,0x00,0x6F,
    0xC0,0xA0,0x00,0x20,0x00,0x20,0x00,0x2F,0xE0,0x00,0x00,0x20,0x40,0x2C,0x40,0x22,
    0x40,0x73,0xE0,0x2A,0x40,0x77,0x40,0x74,0xC0,0xA6,0xC0,0x2A,0x40,0x33,0x40,0x20,
    0xC0,0x00,0x00,0x21,0x00,0x23,0x00,0x22,0x80,0x74,0x40,0x2F,0xE0,0x71,0x00,0x69,
    0x00,0xA7,0xC0,0x21,0x00,0x21,0x00,0x2F,0xE0,0x00,0x00,0x20,0x00,0x2F,0xE0,0x72,
    0x80,0x27,0xC0,0x2A,0xA0,0x7A,0xA0,0x6A,0xA0,0xAC,0xE0,0x28,0x20,0x2F,0xE0,0x28,
    0x20,0x00,0x00,0x7F,0xE0,0x09,0x00,0x7F,0xC0,0x49,0x40,0x7F,0xC0,0x04,0x00,0x7F,
    0xE0,0x0D,0x00,0x34,0xC0,0xC4,0x20,0x00,0x00,0x00,0x00,0x21,0x00,0x21,0x00,0x27,
    0xE0,0x72,0x80,0x24,0x40,0x76,0xA0,0x6A,0xA0,0xA1,0x80,0x21,0x00,0x22,0xC0,0x2C,
    0x60,0x00,0x00,0x21,0x00,0x25,0x00,0x27,0xE0,0x75,0x00,0x29,0x00,0x7F,0xE0,0x69,
    0x80,0xA3,0x80,0x25,0x40,0x29,0x30,0x21,0x00,0x00,0x00,0x26,0x40,0x22,0x80,0x27,
    0xE0,0x71,0x00,0x21,0x00,0x77,0xE0,0x69,0x00,0xA1,0x00,0x2F,0xE0,0x21,0x00,0x21,
    0x00,0x00,0x00,0x21,0x00,0x21,0x00,0x2F,0xE0,0x72,0x40,0x24,0x80,0x77,0x80,0x69,
    0x60,0xA6,0x40,0x29,0x80,0x23,0x40,0x2C,0x20,0x00,0x00,0x20,0x00,0x27,0xC0,0x24,
    0x40,0x77,0xC0,0x24,0x40,0x77,0xC0,0x6D,0x20,0xA5,0x40,0x24,0x80,0x25,0x40,0x2E,
    0x20,0x00,0x00,0x22,0x00,0x23,0xC0,0x74,0x40,0x2A,0x80,0x31,0x00,0x76,0xC0,0x68,
    0x20,0xA7,0xC0,0x24,0x40,0x24,0x40,0x27,0xC0,0x00,0x00,0x11,0x00,0x11,0xC0,0x7D,
    0x20,0x11,0x00,0x7F,0xE0,0x11,0x40,0x7F,0x40,0x19,0x80,0x35,0xA0,0xD3,0xA0,0x14,
    0x40,0x00,0x00,0x21,0x00,0x21,0x00,0x27,0xE0,0x71,0x00,0x2F,0xE0,0x70,0x00,0x69,
    0x00,0xA7,0xE0,0x21,0x00,0x21,0x00,0x2F,0xE0,0x00,0x00,0x22,0x80,0x22,0x80,0x2A,
    0xA0,0x76,0xC0,0x26,0xC0,0x72,0x80,0x6E,0xC0,0xAA,0xA0,0x22,0xA0,0x24,0xA0,0x28,
    0xE0,0x00,0x00,0x22,0x00,0x23,0xC0,0x24,0x80,0x7F,0xE0,0x2C,0x00,0x77,0xC0,0x6E,
    0x40,0xA6,0x40,0x2A,0x80,0x2A,0x20,0x39,0xE0,0x00,0x00,0x20,0x00,0x2F,0xE0,0x28,
    0x00,0x7B,0xE0,0x28,0x80,0x7B,0xC0,0x68,0x80,0xA8,0x80,0x2B,0xE0,0x28,0x00,0x2F,
    0xE0,0x00,0x00,0x04,0x00,0x7F,0xC0,0x48,0x40,0x7F,0xE0,0x11,0x80,0x0F,0x00,0x78,
    0xC0,0x7F,0xE0,0x06,0x00,0x3D,0x80,0xC4,0x60,0x00,0x00,0x04,0x00,0x07,0xE0,0x04,
    0x00,0x3F,0xC0,0x3F,0xC0,0x20,0x40,0x3F,0xC0,0x7F,0xE0,0x0E,0x00,0x35,0x80,0xC4,
    0x60,0x00,0x00,0x20,0x00,0x2F,0xE0,0x28,0x20,0x7B,0xA0,0x28,0x20,0x7B,0xA0,0x7A,
    0xA0,0xAA,0xA0,0x2B,0xA0,0x28,0x20,0x28,0xC0,0x00,0x00,0x3F,0xC0,0x1F,0x00,0x70,
    0xC0,0x7F,0xC0,0x3B,0xC0,0x6B,0x60,0x75,0xE0,0x0E,0x00,0x35,0xC0,0xC4,0x20,0x00,
    0x00,0x00,0x00,0x20,0x00,0x2F,0xE0,0x20,0x00,0x77,0xC0,0x24,0x40,0x77,0xC0,0x6C,
    0x40,0xA4,0x40,0x23,0x80,0x20,0x00,0x2F,0xE0,0x00,0x00,0x21,0x00,0x21,0x00,0x27,
    0xE0,0x71,0x00,0x21,0x00,0x76,0xE0,0x68,0x00,0xA7,0xC0,0x24,0x40,0x24,0x40,0x27,
    0xC0,0x00,0x00,0x21,0x00,0x25,0x20,0x25,0x40,0x7B,0x40,0x27,0xE0,0x70,0x20,0x68,
    0x20,0xA7,0xE0,0x20,0x20,0x20,0x20,0x2F,0xE0,0x00,0x00,0x20,0x00,0x27,0xC0,0x71,
    0x00,0x2D,0xE0,0x23,0x00,0x76,0x80,0x6C,0x70,0xBA,0xA0,0x22,0x80,0x24,0x80,0x2C,
    0x80,0x00,0x00,0x11,0x00,0x52,0x00,0x37,0xE0,0x16,0x40,0x31,0x80,0x56,0x00,0x04,
    0x00,0x7F,0xE0,0x0F,0x00,0x34,0xC0,0xC4,0x20,0x00,0x00,0x21,0x80,0x20,0x80,0x27,
    0xE0,0x7C,0x80,0x24,0x80,0x37,0xE0,0x6C,0x80,0xA4,0x80,0x24,0x80,0x28,0x80,0x2B,
    0xE0,0x00,0x00,0x20,0x00,0x27,0xE0,0x22,0xC0,0x71,0x00,0x27,0xE0,0x75,0x20,0x6F,
    0xE0,0xA5,0x20,0x27,0xE0,0x25,0x20,0x25,0x60,0x00,0x00,0x7F,0xC0,0x46,0x40,0x2A,
    0x60,0x14,0x60,0x39,0x80,0x44,0x00,0x7F,0xE0,0x0F,0x00,0x34,0xC0,0xC4,0x20,0x00,
    0x00,0x00,0x00,0x22,0x00,0x27,0xE0,0x74,0x00,0x2F,0xC0,0x27,0x40,0x75,0x40,0x6F,
    0xE0,0xAB,0x40,0x29,0x40,0x26,0xE0,0x21,0xC0,0x00,0x00,0x24,0x00,0x24,0xE0,0x2E,
    0xA0,0x74,0xA0,0x24,0xC0,0x7E,0xC0,0x74,0xA0,0xAE,0xA0,0x24,0xA0,0x24,0xC0,0x28,
    0x80,0x00,0x00,0x20,0x00,0x2F,0xE0,0x21,0x00,0x77,0xC0,0x25,0x20,0x77,0xC0,0x6D,
    0x20,0xA7,0xC0,0x25,0x00,0x23,0x00,0x2C,0xE0,0x00,0x00,0x21,0x00,0x25,0x20,0x23,
    0x40,0x71,0x00,0x26,0xE0,0x74,0x20,0x6F,0xE0,0xA4,0x20,0x27,0xE0,0x24,0x20,0x24,
    0xC0,0x00,0x00,0x10,0x80,0x10,0x80,0x7B,0xE0,0x39,0xC0,0x56,0xB0,0x98,0x80,0x1F,
    0xC0,0x30,0x80,0x4B,0x00,0x0C,0x00,0x70,0x00,0x00,0x00,0x20,0x00,0x2F,0xE0,0x22,
    0x00,0x77,0xC0,0x22,0x40,0x7F,0xE0,0x70,0x00,0xA7,0xC0,0x24,0x40,0x24,0x40,0x27,
    0xC0,0x00,0x00,0x7D,0x40,0x11,0x40,0x7D,0x40,0x39,0x40,0x54,0x40,0x14,0x80,0x7F,
    0xE0,0x0F,0x00,0x34,0xC0,0xC4,0x20,0x00,0x00,0x00,0x00,0x21,0x00,0x22,0x80,0x24,
    0x40,0x77,0xA0,0x22,0xC0,0x7E,0x20,0x6B,0xC0,0xA6,0x40,0x2A,0x80,0x23,0x80,0x2C,
    0x60,0x00,0x00,0x24,0x40,0x22,0x80,0x27,0xC0,0x71,0x20,0x27,0xC0,0x79,0x00,0x6F,
    0xE0,0xA3,0x20,0x27,0x20,0x2D,0x60,0x31,0x00,0x00,0x00,0x21,0x40,0x21,0x40,0x2F,
    0xE0,0x70,0x80,0x2A,0xA0,0x7A,0xC0,0x6F,0xC0,0xAA,0xC0,0x2A,0xA0,0x2B,0x60,0x32,
    0x60,0x00,0x00,0x22,0x00,0x21,0x00,0x2F,0xE0,0x72,0x80,0x25,0xC0,0x7A,0x20,0x75,
    0x80,0xA5,0x80,0x25,0x80,0x29,0xA0,0x39,0x60,0x00,0x00,0x21,0x00,0x23,0x00,0x22,
    0x80,0x74,0x40,0x2F,0xF0,0x7B,0x00,0x75,0x40,0xA5,0x40,0x25,0x80,0x20,0x80,0x2F,
    0xE0,0x00,0x00,0x21,0x00,0x27,0xC0,0x24,0x40,0x77,0xC0,0x24,0x40,0x77,0xC0,0x69,
    0x00,0xAF,0xE0,0x29,0x20,0x29,0x60,0x21,0x00,0x00,0x00,0x24,0x40,0x24,0x40,0x2F,
    0xE0,0x74,0x40,0x27,0xC0,0x74,0x40,0x6F,0xC0,0xAF,0xE0,0x20,0x00,0x26,0xC0,0x2C,
    0x20,0x00,0x00,0x20,0x00,0x27,0xC0,0x24,0x40,0x77,0xC0,0x27,0xC0,0x70,0x00,0x69,
    0x20,0xA6,0xC0,0x25,0x20,0x27,0x20,0x2C,0xE0,0x00,0x00,0x21,0x00,0x2F,0xC0,0x22,
    0x00,0x7F,0xC0,0x22,0x00,0x7F,0xE0,0x75,0x40,0xAF,0xA0,0x31,0x00,0x2F,0xC0,0x21,
    0x00,0x00,0x00,0x21,0x00,0x21,0x00,0x27,0xE0,0x78,0x20,0x33,0xC0,0x78,0x00,0x67,
    0xE0,0xA1,0x00,0x25,0x40,0x29,0x20,0x2B,0x30,0x00,0x00,0x10,0x80,0x10,0x80,0x7F,
    0xE0,0x39,0xC0,0x56,0xA0,0x56,0xA0,0x5A,0xE0,0x31,0x80,0x5A,0xC0,0x96,0xB0,0x14,
    0x80,0x00,0x00,0x20,0x00,0x2E,0xE0,0x2A,0xA0,0x7A,0xA0,0x2E,0xE0,0x7A,0xA0,0x7A,
    0xA0,0xAE,0xE0,0x2B,0x20,0x2B,0x20,0x37,0x60,0x00,0x00,0x24,0xC0,0x14,0x80,0x7F,
    0xE0,0x40,0x20,0x5F,0xA0,0x3B,0x80,0x04,0x00,0x7F,0xE0,0x0F,0x00,0x34,0xC0,0xC4,
    0x20,0x00,0x00,0x04,0x00,0x7D,0xC0,0x06,0x00,0x1D,0x00,0x64,0xE0,0x11,0x00,0x7F,
    0xE0,0x11,0x80,0x3B,0x40,0xD5,0x30,0x11,0x00,0x00,0x00,0x21,0x00,0x27,0xE0,0x21,
    0x00,0x7D,0x60,0x32,0x80,0x74,0x40,0x6B,0xE0,0xA4,0x40,0x2A,0x80,0x23,0x80,0x2C,
    0x60,0x00,0x00,0x20,0x00,0x27,0xC0,0x25,0x40,0x77,0xC0,0x25,0x40,0x77,0xC0,0x69,
    0x00,0xA7,0xE0,0x23,0x80,0x3D,0x70,0x29,0x20,0x00,0x00,0x21,0x00,0x21,0x00,0x2F,
    0xE0,0x78,0x20,0x27,0xC0,0x74,0x40,0x6F,0xC0,0xA4,0x00,0x27,0xC0,0x24,0x40,0x27,
    0xC0,0x00,0x00,0x21,0x00,0x27,0xE0,0x21,0x00,0x72,0xC0,0x2C,0x40,0x7F,0xE0,0x72,
    0x40,0xA5,0x40,0x25,0x40,0x27,0x40,0x20,0xC0,0x00,0x00,0x21,0x00,0x2F,0xE0,0x21,
    0x00,0x77,0xC0,0x24,0x40,0x77,0xC0,0x7F,0xC0,0xA4,0x40,0x27,0xC0,0x24,0x40,0x2F,
    0xE0,0x00,0x00,0x22,0x80,0x24,0x80,0x77,0xE0,0x24,0x80,0x2C,0x80,0x77,0xE0,0x6C,
    0x80,0xA7,0xE0,0x24,0x80,0x27,0xE0,0x24,0x00,0x00,0x00,0x24,0x00,0x25,0xE0,0x26,
    0xA0,0x74,0xA0,0x2F,0xA0,0x74,0xC0,0x6E,0xC0,0xAD,0x40,0x35,0xC0,0x34,0xA0,0x2D,
    0x30,0x00,0x00,0x20,0x80,0x2C,0x80,0x2D,0xE0,0x7D,0x00,0x2D,0xE0,0x7F,0x20,0x7D,
    0xE0,0xAB,0x20,0x2D,0xE0,0x29,0x20,0x29,0x60,0x00,0x00,0x20,0x00,0x2F,0xE0,0x2A,
    0xA0,0x7E,0xA0,0x2A,0xC0,0x7A,0xC0,0x7E,0xA0,0xAA,0xA0,0x2F,0xA0,0x3A,0xC0,0x22,
    0x80,0x00,0x00,0x24,0x00,0x27,0xC0,0x24,0x40,0x73,0xC0,0x2F,0xE0,0x72,0x20,0x6D,
    0xC0,0xA7,0x40,0x2A,0xC0,0x2C,0xA0,0x33,0x00,0x00,0x00,0x21,0x00,0x2F,0xE0,0x22,
    0x00,0x7F,0xC0,0x22,0x00,0x7D,0xE0,0x77,0xC0,0xAC,0x60,0x37,0xC0,0x24,0x40,0x27,
    0xC0,0x00,0x00,0x24,0x00,0x2F,0xE0,0x74,0xA0,0x2E,0xA0,0x25,0x20,0x7F,0xC0,0x75,
    0x00,0xAF,0xE0,0x21,0x00,0x22,0x80,0x3C,0x60,0x00,0x00,0x10,0x80,0x10,0x80,0x7F,
    0xE0,0x39,0xC0,0x56,0xA0,0x7B,0x80,0x04,0x40,0x14,0x40,0x27,0xC0,0x34,0x00,0xCF,
    0xE0,0x00,0x00,0x20,0x00,0x27,0xE0,0x2A,0xA0,0x77,0xE0,0x21,0x00,0x7F,0xE0,0x72,
    0x00,0xA3,0xC0,0x24,0x40,0x24,0x40,0x39,0xC0,0x00,0x00,0x25,0x00,0x25,0x20,0x26,
    0xC0,0x75,0x20,0x26,0xE0,0x79,0x00,0x77,0xC0,0xA4,0x40,0x27,0xC0,0x24,0x40,0x27,
    0xC0,0x00,0x00,0x21,0x00,0x2D,0x40,0x25,0x80,0x7F,0xE0,0x23,0x80,0x7D,0x60,0x72,
    0x00,0xAF,0xE0,0x26,0x80,0x21,0x80,0x2E,0x60,0x00,0x00,0x20,0x00,0x2F,0xE0,0x7B,
    0x40,0x2F,0x40,0x6B,0x40,0x7F,0xE0,0x68,0x80,0xAA,0x80,0x2F,0x60,0x2B,0x60,0x22,
    0x60,0x00,0x00,0x21,0x00,0x22,0x80,0x74,0x40,0x3B,0xA0,0x24,0x20,0x7A,0xA0,0x7E,
    0xA0,0xAA,0xA0,0x2E,0xA0,0x2A,0x20,0x2A,0xC0,0x00,0x00,0x24,0x00,0x26,0xE0,0x79,
    0xA0,0x29,0xA0,0x2E,0xC0,0x79,0xA0,0x6E,0xA0,0xAA,0xA0,0x2A,0xA0,0x2F,0xC0,0x28,
    0x80,0x00,0x00,0x21,0x00,0x2D,0x60,0x22,0x80,0x72,0x80,0x2F,0xE0,0x71,0x00,0x6F,
    0xE0,0xA2,0x00,0x25,0xC0,0x24,0x40,0x39,0xC0,0x00,0x00,0x21,0x00,0x27,0xC0,0x28,
    0x20,0x7A,0xE0,0x2C,0x20,0x77,0xE0,0x76,0x00,0xAB,0xC0,0x22,0x00,0x23,0xE0,0x22,
    0x00,0x00,0x00,0x20,0x00,0x2F,0xE0,0x2A,0xA0,0x7A,0xA0,0x2D,0x60,0x71,0x00,0x77,
    0xC0,0xA5,0x20,0x27,0xC0,0x25,0x20,0x27,0xC0,0x00,0x00,0x21,0x00,0x25,0xC0,0x2A,
    0x20,0x7B,0x20,0x37,0xE0,0x74,0x80,0x7F,0xE0,0xA4,0x80,0x27,0xE0,0x24,0x80,0x27,
    0x60,0x00,0x00,0x21,0x00,0x2F,0xC0,0x29,0x40,0x7F,0xC0,0x29,0x40,0x79,0x40,0x7F,
    0xC0,0xA3,0xC0,0x23,0xE0,0x25,0x20,0x39,0xE0,0x00,0x00,0x22,0x80,0x2A,0x80,0x2A,
    0xE0,0x7A,0x80,0x2B,0x40,0x7B,0x20,0x68,0x00,0xAF,0xC0,0x2A,0xC0,0x2A,0xC0,0x2F,
    0xE0,0x00,0x00,0x22,0x80,0x2F,0xE0,0x72,0x80,0x2F,0xE0,0x2F,0xE0,0x7A,0xA0,0x75,
    0x40,0xA7,0xC0,0x27,0xC0,0x24,0x40,0x27,0xC0,0x00,0x00,0x20,0x80,0x2E,0x80,0x77,
    0xE0,0x2A,0xC0,0x7F,0xA0,0xAE,0xA0,0x24,0x80,0x7F,0xE0,0x06,0x00,0x19,0x00,0x60,
    0xE0,0x00,0x00,0x21,0x00,0x2D,0x60,0x22,0x80,0x7F,0xE0,0x20,0x00,0x77,0xC0,0x77,
    0xC0,0xA6,0xC0,0x21,0x00,0x2F,0xE0,0x21,0x00,0x00,0x00,0x22,0x80,0x2F,0xE0,0x22,
    0x80,0x77,0xC0,0x24,0x40,0x77,0xC0,0x77,0xC0,0xA1,0x00,0x2F,0xE0,0x22,0x80,0x3C,
    0x60,0x00,0x00,0x22,0x80,0x2F,0xE0,0x72,0x80,0x2F,0xE0,0x21,0x00,0x77,0xC0,0x7F,
    0xC0,0xA9,0x40,0x27,0xC0,0x22,0xC0,0x2C,0x20,0x00,0x00,0x20,0x00,0x2E,0xE0,0x2F,
    0x60,0x7F,0x60,0x2F,0x60,0x76,0xA0,0x6B,0x20,0xAF,0xE0,0x24,0x80,0x23,0x80,0x2E,
    0x60,0x00,0x00,0x20,0x00,0x2F,0xC0,0x7F,0xC0,0x2F,0xE0,0x23,0x60,0x76,0xA0,0x79,
    0xC0,0xBF,0xE0,0x3E,0xE0,0x29,0xA0,0x2E,0xE0,0x00,0x00,0x20,0x00,0x2F,0x40,0x2A,
    0xA0,0x74,0xC0,0x2F,0xC0,0x73,0xA0,0x74,0x40,0xA7,0x40,0x24,0x80,0x22,0x80,0x2F,
    0xE0,0x00,0x00,0x22,0x00,0x23,0xC0,0x74,0x80,0x2F,0xE0,0x25,0xE0,0x72,0x00,0x6D,
    0x60,0xA3,0xC0,0x2F,0x40,0x24,0xB0,0x2B,0x20,0x00,0x00,0x20,0x00,0x2F,0xE0,0x28,
    0x20,0x7F,0x20,0x2A,0xE0,0x7D,0x20,0x7F,0xA0,0xA8,0x60,0x2D,0xA0,0x33,0xA0,0x34,
    0x40,0x00,0x00,0x21,0x00,0x2F,0xE0,0x74,0xC0,0x2B,0x20,0x2C,0xA0,0x7F,0xE0,0x60,
    0x00,0xAF,0xC0,0x2F,0xC0,0x27,0x80,0x3F,0xE0,0x00,0x00,0x24,0x80,0x2E,0x80,0x2A,
    0xE0,0x7E,0xA0,0x2F,0xC0,0x74,0xC0,0x7F,0xC0,0xA8,0x40,0x2E,0xC0,0x2A,0xA0,0x37,
    0x20,0x00,0x00,0x22,0x80,0x2F,0xE0,0x72,0x80,0x2F,0xE0,0x2B,0xA0,0x7F,0xE0,0x62,
    0x40,0xAF,0xC0,0x2D,0x40,0x27,0x60,0x3B,0x20,0x00,0x00,0x08,0x00,0x10,0x00,0x1F,
    0xC0,0x20,0x40,0x24,0x40,0x44,0x80,0x06,0x00,0x0A,0x00,0x19,0x00,0x30,0xC0,0x40,
    0x20,0x00,0x00,0x06,0x00,0x44,0x00,0x27,0xE0,0x14,0x40,0x0A,0x40,0x0A,0x40,0x23,
    0x00,0x23,0x00,0x24,0x80,0x48,0xC0,0x50,0x20,0x00,0x00,0x02,0x00,0x7A,0x00,0x0B,
    0xE0,0x4C,0x20,0x55,0x40,0x31,0x00,0x11,0x00,0x31,0x80,0x2A,0x80,0x4C,0x40,0xC8,
    0x20,0x00,0x00,0x01,0x00,0x3D,0x00,0x21,0xE0,0x22,0x20,0x3F,0x40,0x29,0x00,0x29,
    0x80,0x49,0x80,0x49,0x80,0x4A,0x40,0xCC,0x20,0x00,0x00,0x01,0x00,0x7D,0x00,0x43,
    0xE0,0x66,0x20,0x5F,0x40,0x49,0x00,0x59,0x80,0x59,0x80,0x65,0x40,0x7A,0x40,0x04,
    0x20,0x00,0x00,0x01,0x00,0x29,0x00,0x45,0xE0,0x52,0x20,0x2A,0xC0,0x64,0x80,0xFC,
    0x80,0x49,0x80,0x49,0x40,0x7A,0x40,0x06,0x20,0x00,0x00,0x25,0x00,0x25,0x00,0x7D,
    0xE0,0x3E,0x20,0x26,0xC0,0x38,0x80,0x24,0x80,0x7F,0x80,0x29,0x40,0x2E,0x40,0xC6,
    0x20,0x00,0x00,0x11,0x00,0x11,0x00,0x7D,0xE0,0x7E,0x20,0x02,0xC0,0x7C,0xC0,0x00,
    0x80,0x7D,0x80,0x59,0x40,0x56,0x40,0xB6,0x20,0x00,0x00,0x00,0x80,0x7D,0x00,0x7D,
    0xE0,0x45,0x20,0x7E,0xC0,0x20,0x80,0xDC,0x80,0x54,0x80,0x6D,0x40,0x7D,0x40,0x0E,
    0x20,0x00,0x00,0x44,0x80,0x29,0x00,0x7F,0xE0,0x79,0x20,0x2E,0xC0,0xFE,0x80,0x2C,
    0x80,0x7C,0x80,0x2D,0x40,0x6D,0x40,0xAA,0x20,0x00,0x00,0x00,0x80,0x7F,0x00,0x25,
    0xE0,0x55,0x20,0x76,0xC0,0xFE,0x80,0x04,0x80,0x74,0x80,0x55,0x40,0x75,0x40,0x0E,
    0x20,0x00,0x00,0x02,0x00,0x02,0x00,0x12,0x00,0x12,0x00,0x13,0xE0,0x12,0x00,0x12,
    0x00,0x12,0x00,0x12,0x00,0x12,0x00,0x7F,0xE0,0x7F,0xE0,0x02,0x00,0x02,0x00,0x22,
    0x00,0x23,0xC0,0x22,0x00,0x22,0x00,0x22,0x00,0x7F,0xE0,0x00,0x00,0x01,0x00,0x09,
    0x00,0x29,0x20,0x29,0x60,0x2D,0x80,0x29,0x00,0x29,0x00,0x29,0x00,0x2B,0x20,0x3D,
    0x20,0x41,0xE0,0x04,0x00,0x14,0x00,0x17,0xC0,0x14,0x00,0x7D,0xE0,0x02,0x00,0x1A,
    0x40,0x22,0x80,0x41,0x00,0x0E,0x00,0x70,0x00,0x00,0x00,0x01,0x00,0x3D,0xC0,0x01,
    0x40,0x7F,0xE0,0x01,0x00,0x29,0x00,0x2F,0x00,0x29,0x00,0x28,0xA0,0x3E,0xA0,0x40,
    0x60,0x11,0x00,0x11,0x00,0x57,0xE0,0x5D,0x00,0x51,0x00,0x56,0xC0,0x52,0x40,0x51,
    0x80,0x55,0x80,0xFB,0xC0,0x0C,0x20,0x00,0x00,0x7F,0xE0,0x04,0x00,0x3D,0xC0,0xC4,
    0x20,0x7F,0xC0,0x04,0x00,0x23,0xC0,0x24,0x00,0x24,0x00,0x7F,0xE0,0x7F,0xE0,0x0C,
    0x00,0x08,0x00,0x17,0xC0,0x30,0x80,0x49,0x80,0x05,0x00,0x06,0x00,0x0C,0x00,0x70,
    0x00,0x00,0x00,0x7F,0xE0,0x11,0x00,0x21,0x20,0x3D,0x40,0x45,0x80,0x69,0x00,0x99,
    0x00,0x11,0x20,0x21,0x20,0x41,0xC0,0x00,0x00,0x79,0xE0,0x22,0x80,0x30,0x80,0x28,
    0x80,0x4F,0xE0,0xE8,0x80,0x50,0x80,0x10,0x80,0x20,0x80,0x40,0x80,0x00,0x00,0x00,
    0x00,0x01,0x00,0x79,0x00,0x23,0x80,0x25,0x40,0x7D,0x40,0x55,0x40,0x7F,0xE0,0x91,
    0x00,0x22,0x80,0x26,0x40,0x4C,0x20,0x00,0x00,0x01,0x00,0x79,0x00,0x22,0xC0,0x22,
    0x40,0x3F,0xE0,0x48,0x20,0x77,0xC0,0x94,0x40,0x14,0x40,0x24,0x40,0x47,0xC0,0x00,
    0x00,0x02,0x00,0x7A,0x00,0x27,0xE0,0x2C,0x20,0x77,0xA0,0x54,0xA0,0x77,0xA0,0x94,
    0xA0,0x27,0xA0,0x20,0x20,0x40,0xC0,0x00,0x00,0x01,0x00,0x7D,0x00,0x27,0xE0,0x25,
    0x00,0x75,0x00,0x57,0xE0,0xF1,0x80,0x13,0x80,0x25,0x40,0x29,0x30,0x41,0x00,0x00,
    0x00,0x02,0x80,0x7E,0x80,0x22,0x40,0x27,0x80,0x3A,0x00,0x4F,0xE0,0xF1,0x40,0x11,
    0x80,0x13,0x20,0x2C,0xA0,0x40,0xE0,0x00,0x00,0x01,0x00,0x7F,0xE0,0x21,0x00,0x37,
    0xC0,0x4C,0x40,0x57,0xC0,0x77,0xC0,0x94,0x40,0x27,0xC0,0x24,0x40,0x4F,0xE0,0x00,
    0x00,0x7D,0xC0,0x4D,0x40,0x6A,0x40,0x5A,0x20,0x4B,0xC0,0x5A,0x40,0x59,0x40,0x65,
    0x80,0x79,0xC0,0x06,0x20,0x00,0x00,0x00,0x00,0x3B,0xC0,0x22,0x40,0x3A,0x40,0x24,
    0x20,0x27,0xC0,0x3A,0x40,0x22,0x40,0xF9,0x80,0x23,0x80,0x2C,0x60,0x00,0x00,0x00,
    0x00,0x3D,0xC0,0x79,0x40,0x46,0x60,0x3A,0x00,0x7F,0xC0,0x42,0x40,0x79,0x40,0x49,
    0x80,0x49,0xC0,0xDE,0x20,0x00,0x00,0x00,0x00,0x7D,0xC0,0x45,0x40,0x7D,0x60,0x5A,
    0x00,0x7F,0xC0,0x59,0x40,0x7D,0x40,0x5C,0x80,0x55,0x40,0xA2,0x20,0x00,0x00,0x00,
    0x00,0x20,0x00,0x79,0xC0,0x45,0x40,0x6A,0x60,0x46,0x00,0x7B,0xC0,0x02,0x40,0x7D,
    0x40,0x10,0x80,0x3D,0x40,0xC6,0x20,0x00,0x00,0x10,0x00,0x55,0xC0,0x29,0x40,0x2A,
    0x40,0x7E,0x20,0x77,0xC0,0xBA,0x40,0x59,0x40,0x2C,0x80,0xC9,0xC0,0x36,0x20,0x00,
    0x00,0x3F,0xC0,0x24,0x40,0x24,0x40,0x7F,0xE0,0x24,0x40,0x24,0x80,0x24,0x80,0x3F,
    0xE0,0x08,0x80,0x73,0x80,0x00,0x00,0x3F,0xC0,0x24,0x40,0x22,0x40,0x22,0x40,0xFF,
    0xE0,0x2C,0x80,0x22,0x80,0x3F,0xE0,0x00,0x80,0x03,0x80,0x00,0x00,0x10,0x00,0x3F,
    0xE0,0x20,0x00,0x5F,0xC0,0x24,0x40,0x22,0x40,0xFF,0xE0,0x24,0x80,0x22,0x80,0x1D,
    0xE0,0x03,0x80,0x00,0x00,0x04,0x00,0x7F,0xC0,0x3F,0xC0,0x04,0x00,0x7F,0xE0,0x3F,
    0xC0,0x26,0x40,0x7F,0xE0,0x26,0x80,0x3F,0xE0,0x03,0x80,0x00,0x00,0x02,0x00,0x22,
    0x00,0x22,0x20,0x22,0x40,0x3E,0x80,0x23,0x00,0x22,0x00,0x22,0x00,0x26,0x20,0x3A,
    0x20,0x61,0xC0,0x22,0x00,0x22,0x60,0x3E,0xC0,0x23,0x00,0x26,0x20,0x3B,0xE0,0x24,
    0x00,0x04,0x00,0x7F,0xE0,0x04,0x00,0x04,0x00,0x00,0x00,0x22,0x00,0x22,0x60,0x3B,
    0x80,0x22,0x20,0x3B,0x60,0x24,0x80,0x32,0x80,0x51,0x40,0x56,0xA0,0x78,0xA0,0xCF,
    0x80,0x00,0x80,0x7A,0x80,0x5A,0x80,0x5A,0xA0,0x5B,0xC0,0x7A,0x80,0x5A,0x80,0x5A,
    0x80,0x5A,0xA0,0x7B,0xA0,0x04,0xE0,0x22,0x00,0x3A,0xC0,0x23,0x20,0x3B,0xE0,0x40,
    0x00,0x7F,0xE0,0x12,0x20,0x2E,0xC0,0xEB,0x20,0x12,0x20,0xE1,0xC0,0x00,0x00,0x1F,
    0xC0,0x64,0x00,0x04,0x00,0x7F,0xC0,0x04,0x00,0x04,0x60,0x7F,0x80,0x04,0x20,0x04,
    0x20,0x07,0xC0,0x00,0x00,0x01,0x00,0x79,0x00,0xA1,0xE0,0x21,0x00,0x79,0x00,0x27,
    0xC0,0x24,0x40,0xFC,0x40,0x27,0xE0,0x20,0x20,0x3F,0xE0,0x04,0x00,0x7F,0xE0,0x1F,
    0x00,0x20,0x80,0x1F,0x00,0x7F,0xC0,0x7F,0xA0,0x1F,0xC0,0x64,0xA0,0x7F,0x40,0x07,
    0xC0,0x01,0x00,0x7D,0x40,0x23,0x40,0x23,0x80,0x74,0x60,0x25,0x40,0xBF,0xC0,0x61,
    0x00,0x26,0xE0,0x28,0x20,0x3F,0xE0,0x1F,0xC0,0x22,0x00,0x22,0x00,0x22,0x00,0x3F,
    0xE0,0x22,0x00,0x21,0x00,0x25,0x20,0x3D,0xA0,0x20,0xC0,0x00,0x00,0x3F,0xC0,0x20,
    0x40,0x20,0x40,0x3F,0x80,0x22,0x00,0x3F,0xE0,0x21,0x00,0x21,0x20,0x2D,0x20,0x70,
    0xE0,0x00,0x00,0x00,0x00,0x27,0xC0,0x24,0x20,0x7C,0x20,0x47,0xC0,0x44,0x80,0x47,
    0xE0,0x44,0x80,0x44,0x80,0x75,0xA0,0x06,0x60,0x00,0x00,0x00,0x00,0x10,0x00,0x1F,
    0xE0,0x20,0x00,0x5F,0xC0,0xC0,0x00,0x7F,0x80,0x00,0x80,0x00,0x80,0x00,0xA0,0x00,
    0xA0,0x00,0x60,0x00,0x00,0x10,0x00,0x3F,0xE0,0x20,0x00,0xFF,0xC0,0x7F,0x80,0x00,
    0x80,0x7E,0x80,0x17,0x80,0x21,0xA0,0x21,0x60,0xC6,0x60,0x00,0x00,0x10,0x00,0x3F,
    0xE0,0x20,0x00,0x5F,0xC0,0x7F,0x80,0x14,0x80,0x22,0x80,0xFF,0x80,0x12,0x60,0x12,
    0x60,0x6E,0x60,0x00,0x00,0x10,0x00,0x3F,0xE0,0x7F,0xC0,0xC0,0x00,0x3F,0x80,0x7F,
    0x40,0x15,0x40,0x7F,0x40,0x7F,0x60,0x15,0x60,0x66,0x60,0x00,0x00,0x10,0x00,0x3F,
    0xE0,0x7F,0xC0,0xC0,0x00,0x3F,0x80,0x7E,0x40,0x0C,0x40,0x73,0x40,0x3F,0x50,0x08,
    0x50,0x7F,0x60,0x00,0x00,0x10,0x00,0x3F,0xE0,0x7F,0xC0,0xC0,0x00,0x7F,0x80,0x08,
    0x40,0x77,0x40,0x7D,0x40,0x1A,0x60,0x6C,0x60,0x73,0x60,0x00,0x00,0x10,0x00,0x3F,
    0xE0,0x3F,0xC0,0x40,0x00,0x3F,0xC0,0x12,0x40,0x7F,0x40,0x7F,0x40,0x08,0x60,0x7F,
    0x60,0x08,0x60,0x00,0x00,0x10,0x00,0x3F,0xE0,0x20,0x00,0x5F,0xC0,0x3F,0xC0,0x08,
    0x40,0x77,0x40,0x5D,0xC0,0x32,0x40,0x1C,0x70,0x73,0x60,0x00,0x00,0x10,0x00,0x3F,
    0xE0,0x7F,0xC0,0xC0,0x00,0x7F,0x80,0x29,0x40,0x3E,0x40,0x69,0x40,0x3B,0x60,0x0E,
    0x60,0x71,0xE0,0x00,0x00,0x10,0x00,0x3F,0xE0,0x5F,0xC0,0x7F,0x80,0x00,0x40,0x3F,
    0x40,0x3F,0x40,0x7F,0xC0,0x2B,0x60,0x3E,0x60,0x59,0x60,0x00,0x00,0x10,0x00,0x3F,
    0xE0,0x5F,0xC0,0xBF,0x80,0x48,0x40,0x3F,0x40,0x48,0x40,0x3F,0x40,0x3F,0x50,0x3F,
    0x50,0x23,0x60,0x00,0x00,0x04,0x00,0x04,0x00,0x06,0x60,0x7E,0x40,0x0D,0x80,0x15,
    0x00,0x15,0x80,0x24,0x80,0x44,0x40,0xC4,0x20,0x0C,0x00,0x08,0x00,0x07,0x00,0x3C,
    0x00,0x02,0x60,0x02,0xC0,0x7B,0x80,0x13,0x00,0x12,0x80,0x22,0x40,0xC2,0x20,0x0C,
    0x00,0x00,0x00,0x40,0x00,0x27,0xE0,0x10,0x80,0x40,0x80,0x70,0x80,0x20,0x80,0x00,
    0x80,0x10,0x80,0x20,0x80,0x20,0x80,0x43,0x00,0x00,0x00,0x01,0x00,0x61,0x00,0x11,
    0x00,0x41,0x00,0x6F,0xE0,0x31,0x00,0x01,0x00,0x11,0x00,0x21,0x00,0x21,0x00,0x41,
    0x00,0x00,0x00,0x05,0x00,0x04,0x80,0x7F,0xE0,0x04,0x00,0x26,0x40,0x16,0x80,0x0D,
    0x00,0x1C,0x80,0x64,0x40,0x44,0x20,0x0C,0x00,0x00,0x00,0x40,0x00,0x27,0xE0,0x14,
    0x00,0x44,0x00,0x74,0x00,0x24,0x00,0x34,0x00,0x24,0x00,0x24,0x00,0x64,0x00,0x47,
    0xE0,0x6F,0xC0,0x14,0x40,0x44,0x40,0x64,0x40,0x22,0x80,0x02,0x80,0x21,0x00,0x22,
    0x80,0x4C,0x40,0x58,0x20,0x00,0x00,0x00,0x00,0x02,0x00,0x62,0x00,0x13,0xE0,0x44,
    0x20,0x64,0x40,0x3A,0x40,0x09,0xC0,0x20,0x80,0x21,0x00,0x46,0x00,0x4C,0x00,0x00,
    0x00,0x01,0x00,0x61,0x00,0x19,0x40,0x89,0x40,0x69,0x40,0x29,0x40,0x09,0x40,0x29,
    0x40,0x29,0x40,0x4F,0xC0,0x40,0x40,0x00,0x00,0x6F,0xE0,0x11,0x00,0x41,0x00,0x71,
    0x00,0x2F,0xE0,0x01,0x00,0x31,0x00,0x21,0x00,0x21,0x00,0x41,0x00,0x00,0x00,0x00,
    0x00,0x4F,0x80,0x34,0x40,0x44,0x40,0xC4,0x40,0x3F,0x40,0x04,0x40,0x24,0x40,0x24,
    0x60,0x44,0x60,0x44,0x60,0x00,0x00,0x00,0x00,0x02,0x00,0x62,0x00,0x12,0x00,0x0F,
    0xE0,0x44,0x40,0x24,0x80,0x0C,0x80,0x36,0x80,0x21,0x80,0x46,0xC0,0x58,0x20,0x00,
    0x00,0x3F,0xC0,0x04,0x00,0x04,0x00,0x7B,0xE0,0x04,0x40,0x7A,0xC0,0x15,0x00,0x14,
    0x80,0x64,0x60,0xCC,0x20,0x00,0x00,0x67,0xE0,0x11,0x00,0x41,0x00,0x61,0x00,0x11,
    0x00,0x01,0x00,0x11,0x00,0x21,0x00,0x21,0x00,0x4F,0xE0,0x00,0x00,0x00,0x00,0x01,
    0x00,0x69,0x00,0x39,0x20,0x0B,0xC0,0xDD,0x40,0x29,0x40,0x09,0x40,0x29,0xC0,0x29,
    0x20,0x48,0x20,0x47,0xE0,0x00,0x00,0x67,0xC0,0x10,0x00,0x40,0x00,0x6F,0xE0,0x24,
    0x00,0x07,0xC0,0x30,0x40,0x20,0x40,0x20,0x40,0x43,0x80,0x00,0x00,0x00,0x00,0x67,
    0xC0,0x11,0x80,0x42,0x00,0x6F,0xE0,0x25,0x20,0x05,0x20,0x29,0x40,0x3A,0x40,0x52,
    0x40,0x4D,0xC0,0x00,0x00,0x00,0x00,0x6F,0xE0,0x11,0x00,0x41,0x00,0x61,0x00,0x2F,
    0xE0,0x01,0x00,0x21,0x00,0x21,0x00,0x61,0x00,0x5F,0xE0,0x00,0x00,0x00,0x00,0x02,
    0x00,0x62,0x00,0x12,0x00,0x0F,0xE0,0x43,0x00,0x23,0x00,0x03,0x00,0x24,0x80,0x26,
    0xC0,0x4A,0x40,0x51,0x20,0x00,0x00,0x6F,0xC0,0x14,0x80,0x44,0x80,0x64,0xC0,0x26,
    0x40,0x26,0x40,0x29,0x80,0x29,0x80,0x52,0x40,0x5C,0x20,0x00,0x00,0x00,0x00,0x64,
    0x80,0x3A,0xA0,0x4B,0x20,0xE9,0x20,0x2B,0x20,0x0A,0xA0,0x2C,0xA0,0x2C,0xE0,0x48,
    0x20,0x47,0xE0,0x00,0x00,0x00,0x00,0x02,0x00,0x67,0xE0,0x14,0x00,0x4F,0xC0,0x78,
    0x00,0x2F,0x80,0x00,0x80,0x20,0x80,0x20,0xA0,0x40,0x60,0x40,0x60,0x00,0x00,0x00,
    0x80,0x62,0x80,0x14,0x80,0x44,0x40,0x78,0x60,0x2F,0xE0,0x04,0x40,0x24,0x40,0x24,
    0x40,0x48,0x40,0x51,0x80,0x00,0x00,0x62,0x00,0x31,0x00,0x45,0x00,0x6C,0xC0,0x2C,
    0x20,0x0C,0x20,0x34,0x20,0x54,0x60,0x44,0x80,0x43,0x80,0x00,0x00,0x00,0x00,0x67,
    0xE0,0x14,0x00,0x44,0x00,0x67,0x60,0x24,0x80,0x04,0x80,0x24,0x80,0x28,0x80,0x48,
    0x80,0x50,0x80,0x00,0x00,0x00,0x00,0x63,0xE0,0x1D,0x00,0x01,0x00,0x61,0x00,0x2F,
    0xE0,0x03,0x00,0x22,0x80,0x26,0x80,0x4C,0x40,0x58,0x20,0x00,0x00,0x00,0x00,0x01,
    0x00,0x61,0x00,0x3F,0xE0,0x49,0x20,0x6A,0x20,0x23,0x00,0x03,0x00,0x23,0x00,0x25,
    0x20,0x49,0x20,0x50,0xE0,0x00,0x00,0x6F,0xC0,0x28,0x40,0x48,0x40,0x67,0x80,0x24,
    0x80,0x04,0x80,0x24,0x80,0x24,0xA0,0x48,0xA0,0x50,0xE0,0x00,0x00,0x00,0x00,0x08,
    0x00,0x4B,0xE0,0x29,0x20,0x8F,0x20,0x59,0x20,0x29,0x40,0x29,0x40,0x2F,0x40,0x2A,
    0x40,0x42,0x40,0x44,0xC0,0x00,0x00,0x01,0x00,0x61,0x00,0x15,0xC0,0x45,0x40,0x69,
    0x20,0x29,0x20,0x09,0x40,0x20,0x80,0x21,0x00,0x46,0x00,0x58,0x00,0x00,0x00,0x01,
    0x00,0x61,0x00,0x1F,0xE0,0x41,0x00,0x6F,0xC0,0x29,0x40,0x09,0x40,0x29,0x40,0x29,
    0x40,0x49,0xC0,0x41,0x00,0x00,0x00,0x02,0x00,0x64,0x00,0x17,0xE0,0x48,0x20,0x6A,
    0x20,0x15,0x20,0x04,0xA0,0x1B,0xA0,0x2C,0xA0,0x20,0x40,0x41,0xC0,0x00,0x00,0x67,
    0x80,0x14,0x80,0x44,0xC0,0x68,0x20,0x2F,0xC0,0x04,0x40,0x24,0x80,0x23,0x00,0x27,
    0x80,0x58,0x60,0x00,0x00,0x00,0x00,0x6F,0xE0,0x18,0x40,0x4A,0x40,0xE9,0x40,0x28,
    0x80,0x09,0x80,0x2A,0x40,0x2E,0x20,0x48,0x00,0x4F,0xE0,0x00,0x00,0x00,0x00,0x6F,
    0xE0,0x3A,0x00,0x49,0x00,0x6F,0xC0,0x29,0x40,0x29,0x40,0x2A,0x40,0x4A,0x40,0x56,
    0x40,0x5D,0xC0,0x00,0x00,0x00,0x00,0x01,0x00,0x63,0x00,0x12,0x80,0x44,0x40,0x7C,
    0x20,0x24,0xC0,0x07,0x00,0x24,0x00,0x24,0x20,0x24,0x40,0x47,0xC0,0x63,0x00,0x16,
    0x80,0x44,0x40,0x7F,0xA0,0x24,0x80,0x04,0x80,0x25,0x80,0x24,0x40,0x24,0x20,0x47,
    0xC0,0x00,0x00,0x00,0x00,0x01,0x00,0x61,0x00,0x17,0xC0,0x44,0x40,0x64,0x40,0x27,
    0xC0,0x04,0x00,0x28,0x00,0x28,0x00,0x48,0x00,0x50,0x00,0x00,0x00,0x01,0x00,0x61,
    0x00,0x3F,0xE0,0x81,0x00,0x41,0x00,0x2F,0xE0,0x03,0x00,0x25,0x80,0x29,0x40,0x59,
    0x20,0x41,0x00,0x00,0x00,0x6F,0xC0,0x18,0x40,0x48,0x40,0xEF,0xC0,0x28,0x40,0x08,
    0x40,0x2F,0xC0,0x28,0x40,0x48,0x40,0x5F,0xE0,0x00,0x00,0x6F,0xE0,0x10,0x40,0xC0,
    0x40,0x6F,0x40,0x29,0x40,0x09,0x40,0x2F,0x40,0x20,0x40,0x40,0x40,0x41,0xC0,0x00,
    0x00,0x00,0x00,0x05,0x00,0x45,0x00,0x2F,0xC0,0x05,0x40,0xCF,0xC0,0x35,0x00,0x1F,
    0xC0,0x25,0x20,0x25,0x20,0x45,0x60,0x59,0x00,0x00,0x00,0x01,0x00,0x61,0x00,0x3F,
    0xC0,0x49,0x40,0x69,0x40,0x29,0x40,0x0F,0xC0,0x29,0x40,0x29,0x40,0x4F,0xC0,0x48,
    0x40,0x00,0x00,0x02,0x00,0x62,0x00,0x14,0x80,0x04,0x40,0x6F,0xE0,0x20,0x20,0x0F,
    0xC0,0x28,0x40,0x28,0x40,0x48,0x40,0x4F,0xC0,0x00,0x00,0x6F,0xE0,0x12,0x40,0xC4,
    0x40,0x65,0xC0,0x38,0x00,0x0F,0xC0,0x28,0x40,0x28,0x40,0x48,0x40,0x4F,0xC0,0x00,
    0x00,0x00,0x00,0x01,0x00,0x41,0x00,0x3F,0xE0,0x01,0x00,0x41,0x00,0x21,0x00,0x0F,
    0xC0,0x28,0x40,0x28,0x40,0x4F,0xC0,0x48,0x40,0x00,0x00,0x01,0x00,0x61,0x00,0x11,
    0xE0,0x41,0x00,0x41,0x00,0x21,0x00,0x0E,0xC0,0x28,0x40,0x28,0x40,0x28,0x40,0x4F,
    0xC0,0x00,0x00,0x67,0xC0,0x14,0x40,0x44,0x40,0x68,0x60,0x28,0x00,0x0F,0xC0,0x28,
    0x40,0x28,0x40,0x48,0x40,0x4F,0xC0,0x00,0x00,0x00,0x00,0x02,0x40,0x6A,0x40,0x2A,
    0x40,0x9F,0xE0,0x4A,0x40,0x2A,0x40,0x0A,0x40,0x2B,0xC0,0x28,0x00,0x48,0x00,0x4F,
    0xE0,0x00,0x00,0x4F,0xC0,0x2A,0x40,0x8A,0x40,0x4A,0x40,0x2B,0x40,0x0A,0xC0,0x2C,
    0xC0,0x48,0x40,0x48,0x40,0x4F,0xC0,0x00,0x00,0x00,0x00,0x04,0x00,0x3F,0xC0,0x20,
    0x40,0x3F,0xC0,0x20,0x40,0x3F,0xC0,0x06,0x40,0x7E,0x80,0x15,0x80,0x64,0x40,0x8C,
    0x20,0x00,0x00,0x01,0x00,0x62,0x00,0x1F,0xC0,0x48,0x40,0x68,0x40,0x28,0x40,0x0F,
    0xC0,0x28,0x40,0x28,0x40,0x2F,0xC0,0x48,0x40,0x00,0x00,0x02,0x00,0x62,0x40,0x11,
    0x40,0x44,0x80,0x6C,0xC0,0x2D,0x20,0x55,0x20,0x36,0x20,0x44,0x40,0x4C,0x40,0x53,
    0x80,0x00,0x00,0x01,0x00,0x61,0x00,0x1F,0xE0,0x41,0x00,0xE1,0x00,0x3F,0xE0,0x02,
    0x00,0x22,0x80,0x24,0xC0,0x49,0xC0,0x4E,0x20,0x00,0x00,0x67,0xE0,0x18,0x00,0x41,
    0x00,0x2F,0xC0,0x10,0x40,0x20,0x80,0x21,0x00,0x26,0x00,0x4C,0x00,0x53,0xE0,0x00,
    0x00,0x00,0x00,0x01,0x00,0x61,0x00,0x1F,0xE0,0x88,0x20,0x40,0x00,0x2F,0xE0,0x01,
    0x00,0x21,0x00,0x21,0x00,0x41,0x00,0x47,0x00,0x00,0x00,0x04,0x00,0x64,0x00,0x1F,
    0xC0,0x48,0x40,0xDF,0x40,0x29,0x40,0x09,0x40,0x2F,0x40,0x28,0xE0,0x48,0x20,0x47,
    0xE0,0x00,0x00,0x01,0x00,0x61,0x00,0x1F,0xE0,0x49,0x40,0x69,0x00,0x2F,0xC0,0x0C,
    0x40,0x2A,0x80,0x29,0x80,0x52,0x80,0x5C,0x60,0x00,0x00,0x02,0x00,0x61,0x00,0x1F,
    0xE0,0x40,0x00,0xEC,0x40,0x24,0x40,0x04,0x80,0x22,0x80,0x22,0x80,0x41,0x00,0x5F,
    0xE0,0x6F,0xC0,0x18,0x20,0x4F,0xE0,0x68,0x00,0x2A,0x20,0x2A,0xC0,0x2B,0x00,0x2A,
    0x20,0x52,0x20,0x51,0xE0,0x00,0x00,0x00,0x00,0x02,0x00,0x61,0x00,0x1F,0xE0,0x01,
    0x00,0x41,0x00,0x21,0x00,0x0F,0xC0,0x21,0x00,0x21,0x00,0x41,0x00,0x5F,0xE0,0x00,
    0x00,0x6F,0xC0,0x18,0x40,0x48,0x40,0x6F,0xC0,0x28,0x40,0x08,0x40,0x2F,0xC0,0x28,
    0x40,0x4F,0xC0,0x48,0x40,0x00,0x00,0x00,0x00,0x04,0x00,0x7F,0xC0,0x04,0x00,0x3F,
    0xC0,0x08,0x00,0x7F,0xE0,0x14,0x80,0x6D,0x60,0x8F,0x20,0x34,0xC0,0x4C,0x20,0x00,
    0x00,0x06,0x00,0x61,0x00,0x30,0x80,0x0F,0x20,0xC1,0x40,0x3D,0x80,0x05,0x80,0x29,
    0x40,0x29,0x40,0x51,0x20,0x57,0x00,0x00,0x00,0x7F,0xE0,0x18,0x00,0x3F,0xC0,0xD0,
    0x40,0x1F,0xC0,0x02,0x40,0x7A,0x80,0x13,0x80,0x22,0x40,0xCE,0x20,0x00,0x00,0x6F,
    0xE0,0x18,0x20,0x44,0x00,0x67,0xC0,0x24,0x00,0x07,0xC0,0x20,0x40,0x2F,0xC0,0x40,
    0x40,0x41,0xC0,0x00,0x00,0x02,0x80,0x6A,0x40,0x3A,0x40,0x4F,0xE0,0x62,0x00,0x27,
    0xC0,0x24,0x40,0x2A,0x80,0x29,0x80,0x72,0x80,0x4C,0x60,0x00,0x00,0x6F,0xC0,0x14,
    0x40,0x83,0x80,0x47,0xC0,0x39,0x20,0x0F,0xC0,0x21,0x00,0x3F,0xE0,0x41,0x00,0x41,
    0x00,0x00,0x00,0x00,0x00,0x01,0x00,0x61,0x00,0x3F,0xE0,0x41,0x00,0x61,0x00,0x2E,
    0xE0,0x00,0x00,0x2F,0xC0,0x28,0x40,0x48,0x40,0x4F,0xC0,0x00,0x00,0x04,0x40,0x64,
    0x80,0x1F,0xE0,0x41,0x00,0x61,0x00,0x2F,0xE0,0x01,0x00,0x21,0x00,0x3F,0xE0,0x41,
    0x00,0x41,0x00,0x00,0x00,0x40,0x00,0x7F,0xE0,0x23,0x00,0xC3,0x00,0x6F,0xE0,0x2D,
    0x20,0x2C,0xA0,0x2C,0xC0,0x48,0x20,0x4F,0xC0,0x48,0x20,0x00,0x00,0x01,0x00,0x65,
    0x00,0x17,0xE0,0x09,0x00,0x49,0x00,0x3F,0xE0,0x04,0x80,0x24,0x80,0x24,0xA0,0x44,
    0xA0,0x58,0xE0,0x00,0x00,0x02,0x00,0x67,0xC0,0x1C,0x40,0xDC,0x80,0x63,0x00,0x2C,
    0xC0,0x10,0x20,0x2F,0xC0,0x28,0x40,0x48,0x40,0x4F,0xC0,0x00,0x00,0x6F,0xE0,0x28,
    0x20,0xCF,0xA0,0x68,0x20,0x2F,0xA0,0x0C,0xA0,0x2C,0xA0,0x4F,0xA0,0x48,0x20,0x48,
    0xC0,0x00,0x00,0x00,0x00,0x02,0x00,0x6F,0xC0,0x32,0x40,0x9F,0xE0,0x42,0x40,0x2F,
    0xC0,0x02,0x00,0x2F,0xC0,0x22,0x00,0x5F,0xE0,0x42,0x00,0x00,0x00,0x04,0x80,0x64,
    0x80,0x14,0x80,0x8F,0xE0,0x44,0x80,0x24,0x80,0x1F,0xE0,0x20,0x00,0x24,0x80,0x4C,
    0x40,0x50,0x20,0x00,0x00,0x6F,0xE0,0x14,0x40,0x44,0x40,0x67,0xC0,0x24,0x40,0x07,
    0xC0,0x24,0x40,0x24,0x60,0x5F,0xC0,0x40,0x40,0x00,0x00,0x00,0x00,0x04,0x20,0x65,
    0x20,0x35,0x20,0x4D,0xA0,0x4F,0xA0,0x37,0x60,0x37,0x60,0x25,0x20,0x49,0x20,0x49,
    0x20,0x51,0x20,0x00,0x00,0x6F,0xC0,0x31,0x00,0x81,0x00,0x4F,0xE0,0x21,0x00,0x07,
    0x80,0x28,0x40,0x28,0x40,0x48,0x40,0x4F,0xC0,0x00,0x00,0x00,0x00,0x01,0x00,0x61,
    0x00,0x3F,0xC0,0x01,0x00,0xC1,0x00,0x2E,0xE0,0x01,0x00,0x2F,0xC0,0x21,0x00,0x41,
    0x00,0x5F,0xE0,0x00,0x00,0x01,0x00,0x63,0x00,0x14,0x80,0x88,0x40,0x57,0xA0,0x20,
    0x00,0x0F,0xC0,0x28,0x40,0x28,0x40,0x48,0x40,0x4F,0xC0,0x00,0x00,0x00,0x20,0x6F,
    0xC0,0x18,0x00,0x4B,0xC0,0x6A,0x80,0x2A,0xA0,0x2A,0xC0,0x2A,0x80,0x4A,0x40,0x53,
    0x60,0x56,0x20,0x00,0x00,0x02,0x00,0x42,0x00,0x2F,0xE0,0x84,0x80,0x49,0xC0,0x2E,
    0x20,0x0A,0x80,0x2A,0x80,0x4A,0x80,0x4A,0xA0,0x52,0x60,0x00,0x00,0x05,0x00,0x62,
    0x80,0x12,0xE0,0x4F,0x00,0x62,0x20,0x2F,0xC0,0x02,0x40,0x22,0x80,0x23,0x20,0x5D,
    0x20,0x40,0xC0,0x00,0x00,0x11,0x00,0x53,0xE0,0x34,0x60,0x3A,0xC0,0x71,0x00,0x96,
    0x00,0x04,0x40,0x7B,0x80,0x15,0x00,0x24,0xC0,0xCC,0x20,0x00,0x00,0x04,0x00,0x64,
    0xE0,0x3F,0x00,0x42,0xC0,0x63,0x20,0x3D,0xC0,0x1A,0xE0,0x25,0x00,0x25,0x20,0x49,
    0x20,0x50,0xE0,0x00,0x00,0x01,0x00,0x61,0x00,0x1F,0xC0,0x49,0x40,0x69,0x40,0x29,
    0x40,0x0F,0xC0,0x21,0x40,0x21,0x40,0x3F,0xE0,0x40,0x20,0x00,0x00,0x5E,0x40,0x32,
    0xC0,0x96,0xC0,0x56,0xC0,0x36,0xC0,0x36,0xC0,0x56,0xC0,0x4C,0x40,0x4A,0x40,0xF1,
    0xC0,0x00,0x00,0x00,0x00,0x02,0x00,0x61,0x00,0x2E,0xE0,0x84,0x80,0x63,0x00,0x27,
    0xC0,0x18,0x20,0x24,0x80,0x44,0x80,0x48,0x80,0x58,0x80,0x00,0x00,0x6F,0xE0,0x3A,
    0x20,0xCB,0xE0,0x64,0x00,0x25,0x00,0x0F,0xE0,0x21,0x00,0x3F,0xE0,0x41,0x00,0x41,
    0x00,0x00,0x00,0x00,0x00,0x01,0x00,0x62,0x00,0x2F,0xC0,0x8A,0x40,0x42,0x00,0x25,
    0x40,0x0D,0x80,0x3C,0x80,0x34,0x40,0x47,0x60,0x44,0x20,0x00,0x00,0x08,0x00,0x49,
    0xE0,0x3D,0x00,0xC9,0x00,0x49,0xE0,0x2F,0x40,0x19,0x40,0x29,0x40,0x49,0x40,0x4A,
    0x40,0x5E,0x40,0x00,0x00,0x02,0x00,0x62,0x80,0x14,0x40,0x4F,0xA0,0xE4,0xC0,0x3A,
    0x20,0x07,0xC0,0x2C,0x40,0x32,0x80,0x43,0x80,0x5C,0x60,0x00,0x00,0x01,0x80,0x61,
    0x40,0x3F,0xE0,0x41,0x00,0x4F,0xC0,0x29,0x40,0x0F,0xC0,0x29,0x40,0x2F,0xC0,0x49,
    0x40,0x49,0xC0,0x00,0x00,0x01,0x00,0x65,0x00,0x1F,0xE0,0x49,0x00,0x61,0x00,0x3F,
    0xE0,0x00,0x00,0x2F,0xC0,0x28,0x40,0x48,0x40,0x4F,0xC0,0x00,0x00,0x02,0x00,0x47,
    0x80,0x38,0x40,0x88,0x40,0x4F,0xC0,0x28,0x40,0x0F,0x80,0x2A,0x60,0x29,0x80,0x4A,
    0xC0,0x4C,0x20,0x00,0x00,0x6F,0xE0,0x2A,0x40,0x4D,0xC0,0xE0,0x00,0x2F,0xC0,0x01,
    0x80,0x3F,0xE0,0x21,0x00,0x41,0x00,0x46,0x00,0x00,0x00,0x00,0x00,0x66,0x80,0x38,
    0x40,0x5B,0x20,0xE2,0x80,0x24,0x40,0x1F,0xA0,0x28,0x40,0x28,0x40,0x48,0x40,0x4F,
    0xC0,0x00,0x00,0x00,0x00,0x04,0x00,0x67,0xE0,0x18,0x00,0xDF,0xC0,0x6A,0x40,0x29,
    0x40,0x1F,0xE0,0x2A,0x40,0x29,0x40,0x46,0xE0,0x41,0xC0,0x00,0x00,0x6F,0xC0,0x1F,
    0xC0,0xC0,0x40,0x6F,0xC0,0x3F,0xE0,0x30,0x20,0x2F,0xC0,0x24,0x80,0x43,0x00,0x5C,
    0xE0,0x00,0x00,0x00,0x00,0x63,0x00,0x14,0x80,0xC8,0x60,0x77,0xF0,0x21,0x00,0x2F,
    0xE0,0x25,0x40,0x29,0x40,0x49,0x20,0x57,0x20,0x00,0x00,0x00,0x00,0x6F,0xC0,0x18,
    0x40,0x4F,0xC0,0x68,0x40,0x2F,0xC0,0x01,0x00,0x2F,0xE0,0x21,0x00,0x41,0x00,0x5F,
    0xE0,0x00,0x00,0x00,0x00,0x01,0x00,0x69,0x20,0x15,0xC0,0x41,0x00,0x6F,0xC0,0x28,
    0x40,0x0F,0xC0,0x28,0x40,0x2F,0xC0,0x48,0x40,0x48,0xC0,0x00,0x00,0x01,0x00,0x65,
    0x00,0x15,0xE0,0x85,0x00,0x5F,0xE0,0x21,0x00,0x05,0x20,0x29,0x40,0x38,0x80,0x43,
    0x00,0x5C,0x00,0x00,0x00,0x6F,0xC0,0x34,0x80,0x47,0x80,0x69,0x40,0x29,0x40,0x0F,
    0xC0,0x29,0x40,0x2F,0xC0,0x49,0x40,0x49,0xC0,0x00,0x00,0x00,0x00,0x7F,0xE0,0x24,
    0x80,0x89,0x80,0x5D,0x60,0x25,0x80,0x15,0x80,0x2D,0x80,0x48,0x60,0x4E,0x00,0x51,
    0xE0,0x00,0x00,0x00,0x00,0x04,0xC0,0x64,0x80,0x3F,0xC0,0x41,0x40,0xEF,0xC0,0x29,
    0x00,0x2F,0xE0,0x23,0x20,0x25,0x20,0x49,0xC0,0x51,0x00,0x00,0x00,0x02,0x00,0x62,
    0x00,0x3F,0xE0,0x4F,0xC0,0x62,0x00,0x3F,0xE0,0x04,0x40,0x2F,0xE0,0x2C,0x40,0x52,
    0x40,0x41,0x80,0x00,0x00,0x04,0x80,0x64,0x80,0x3F,0xE0,0x40,0x00,0x6F,0xE0,0x2A,
    0x20,0x0F,0x80,0x22,0x40,0x24,0x40,0x44,0x40,0x59,0x80,0x00,0x00,0x01,0x00,0x69,
    0x00,0x2B,0xE0,0x42,0x80,0x5A,0x80,0x2B,0xE0,0x08,0x80,0x2F,0xE0,0x48,0x80,0x5C,
    0x80,0x53,0xE0,0x00,0x00,0x6F,0xC0,0x38,0x40,0x4F,0xC0,0x41,0x00,0x2F,0xE0,0x09,
    0x20,0x2B,0x20,0x2E,0xE0,0x48,0x20,0x48,0xC0,0x00,0x00,0x00,0x00,0x02,0x00,0x67,
    0x80,0x34,0x80,0x48,0x80,0xDF,0xC0,0x29,0x40,0x09,0x40,0x3F,0xE0,0x23,0x00,0x44,
    0x80,0x58,0x60,0x00,0x00,0x02,0x00,0x67,0xC0,0x1C,0x40,0x8A,0x80,0x63,0x80,0x3D,
    0x60,0x01,0x00,0x2F,0xE0,0x25,0xC0,0x49,0x20,0x57,0x20,0x00,0x00,0x08,0x00,0x4B,
    0xE0,0x24,0x20,0x8F,0xA0,0x49,0x20,0x29,0x20,0x0F,0xA0,0x29,0x20,0x4F,0xA0,0x48,
    0x20,0x48,0xC0,0x00,0x00,0x08,0x00,0x6B,0xE0,0x24,0x20,0x4B,0xA0,0xCC,0xA0,0x2C,
    0xA0,0x0B,0xA0,0x2C,0xA0,0x2B,0xA0,0x48,0x20,0x48,0xC0,0x00,0x00,0x01,0x00,0x5D,
    0x20,0x25,0x40,0x8D,0x80,0x51,0x00,0x33,0xE0,0x1D,0x80,0x25,0x40,0x45,0x40,0x45,
    0xA0,0x5B,0x20,0x00,0x00,0x6F,0xE0,0x15,0x20,0x4A,0x40,0xEA,0x40,0x2C,0x80,0x11,
    0x00,0x25,0xE0,0x25,0x00,0x45,0x00,0x5F,0xE0,0x00,0x00,0x02,0x00,0x61,0x00,0x3F,
    0xE0,0x04,0x80,0x44,0x80,0x2F,0xE0,0x00,0x00,0x2F,0xC0,0x28,0x40,0x48,0x40,0x4F,
    0xC0,0x00,0x00,0x6F,0xE0,0x29,0x00,0x8F,0xE0,0x69,0x00,0x2F,0xE0,0x29,0x00,0x2F,
    0xE0,0x51,0x00,0x51,0x00,0x57,0xE0,0x00,0x00,0x00,0x00,0x03,0x00,0x61,0x00,0x2F,
    0xE0,0x45,0x00,0x4B,0xE0,0x2B,0x40,0x1E,0xC0,0x2D,0x40,0x49,0x80,0x49,0xC0,0x4E,
    0x20,0x00,0x00,0x4F,0xC0,0x20,0x80,0x91,0x20,0x5D,0x60,0x32,0xA0,0x13,0x20,0x3D,
    0xA0,0x51,0x60,0x56,0x20,0x5F,0xE0,0x00,0x00,0x00,0x00,0x4F,0xE0,0x31,0x20,0x17,
    0xA0,0x51,0x20,0x31,0x20,0x16,0xA0,0x34,0xA0,0x37,0xA0,0x50,0x20,0x4F,0xE0,0x00,
    0x00,0x00,0x00,0x01,0x00,0x61,0x00,0x1F,0xE0,0x48,0x20,0x6F,0xE0,0x21,0x00,0x05,
    0x00,0x29,0xC0,0x2D,0x00,0x4F,0x00,0x51,0xE0,0x00,0x00,0x05,0x20,0x69,0x40,0x3A,
    0xC0,0x49,0x40,0x65,0x20,0x2F,0xE0,0x09,0x20,0x29,0x20,0x2F,0xE0,0x49,0x20,0x4F,
    0xE0,0x00,0x00,0x08,0x40,0x67,0x80,0x2E,0xC0,0x52,0x20,0x7F,0xE0,0x27,0x80,0x28,
    0x40,0x37,0xC0,0x4F,0xC0,0x48,0x40,0x48,0xC0,0x00,0x00,0x04,0x80,0x44,0x80,0x24,
    0x80,0x5F,0xE0,0xCC,0x80,0x2B,0xC0,0x15,0xC0,0x36,0xA0,0x56,0xB0,0x44,0x80,0x44,
    0x80,0x00,0x00,0x01,0x00,0x49,0x60,0x25,0xC0,0x41,0x00,0xCF,0xC0,0x28,0x20,0x0F,
    0xA0,0x2C,0xA0,0x2B,0xA0,0x48,0x20,0x48,0xC0,0x00,0x00,0x08,0x00,0x69,0xE0,0x27,
    0x20,0x89,0x20,0x5B,0x40,0x24,0xC0,0x56,0xC0,0x36,0x80,0x55,0xC0,0x75,0x20,0x4A,
    0x20,0x00,0x00,0x01,0x00,0x61,0xE0,0x11,0x00,0x4F,0xC0,0x68,0x40,0x2F,0xC0,0x0E,
    0xC0,0x21,0x00,0x3F,0xE0,0x41,0x00,0x41,0x00,0x00,0x00,0x04,0x00,0x67,0xE0,0x38,
    0x20,0x54,0x20,0x6F,0xA0,0x2A,0x20,0x3F,0xA0,0x2A,0xA0,0x2A,0xA0,0x4F,0xA0,0x40,
    0xC0,0x00,0x00,0x01,0x00,0x69,0x60,0x15,0xC0,0x47,0x00,0x64,0xC0,0x39,0x20,0x09,
    0x40,0x25,0xC0,0x23,0x00,0x44,0x80,0x58,0x60,0x00,0x00,0x08,0x80,0x44,0x80,0x3E,
    0xC0,0x09,0x40,0xC9,0x20,0x2E,0xA0,0x4C,0x40,0x2C,0x40,0x55,0x00,0x54,0xC0,0x7C,
    0x60,0x00,0x00,0x6F,0xE0,0x3A,0x40,0xC9,0x40,0x65,0x80,0x2F,0xE0,0x01,0x00,0x3F,
    0xE0,0x21,0x00,0x41,0x00,0x4F,0xE0,0x00,0x00,0x00,0x00,0x02,0x00,0x61,0x00,0x1F,
    0xE0,0x44,0x80,0x64,0x80,0x2B,0x40,0x10,0x20,0x21,0x00,0x3F,0xE0,0x41,0x00,0x41,
    0x00,0x00,0x00,0x05,0x00,0x65,0x00,0x1F,0xE0,0x49,0x00,0xF9,0x00,0x3F,0xE0,0x09,
    0x00,0x2F,0xE0,0x29,0x00,0x4F,0xE0,0x48,0x00,0x00,0x00,0x4F,0xE0,0x28,0x20,0x06,
    0x80,0x48,0x60,0x29,0x00,0x0F,0xE0,0x23,0x00,0x25,0x80,0x59,0x60,0x51,0x20,0x00,
    0x00,0x00,0x00,0x02,0x00,0x6F,0xE0,0x30,0x00,0x4F,0xC0,0x6F,0xC0,0x20,0x00,0x2F,
    0xC0,0x21,0x00,0x3F,0xE0,0x41,0x00,0x47,0x00,0x00,0x00,0x6F,0xC0,0x38,0x40,0x4F,
    0xC0,0x6F,0xC0,0x20,0x00,0x09,0x20,0x2F,0xC0,0x29,0x20,0x4B,0x20,0x5D,0xE0,0x00,
    0x00,0x00,0x00,0x02,0x00,0x42,0x00,0x2F,0xE0,0x86,0x80,0x4A,0x40,0x3F,0xE0,0x0F,
    0xC0,0x2A,0x40,0x2F,0xC0,0x42,0x20,0x41,0xE0,0x00,0x00,0x6F,0xC0,0x32,0x00,0x42,
    0x00,0x7F,0xE0,0x24,0x80,0x0A,0x60,0x36,0xE0,0x4A,0xC0,0x4A,0xA0,0x5E,0x00,0x00,
    0x00,0x00,0x00,0x01,0x00,0x4F,0xE0,0x31,0x00,0x8F,0xC0,0x5F,0xE0,0x20,0x00,0x0F,
    0xC0,0x2F,0xC0,0x2F,0xC0,0x48,0x40,0x48,0xC0,0x00,0x00,0x69,0xA0,0x2D,0xA0,0x4D,
    0xA0,0x49,0x20,0x2F,0xA0,0x0B,0x20,0x2B,0xA0,0x55,0x60,0x59,0x20,0x51,0x20,0x00,
    0x00,0x00,0x00,0x01,0x00,0x6F,0xE0,0x31,0x00,0x4F,0xC0,0x7F,0xE0,0x20,0x00,0x0F,
    0xC0,0x29,0x40,0x2A,0x40,0x43,0x80,0x5C,0x60,0x00,0x00,0x08,0x00,0x49,0xE0,0x3F,
    0x00,0xCD,0x00,0x55,0xE0,0x3F,0x40,0x45,0x40,0x25,0x40,0x5F,0x40,0x45,0x40,0x46,
    0x40,0x00,0x00,0x02,0x00,0x67,0x80,0x18,0x80,0x9F,0xC0,0x49,0x40,0x2F,0xC0,0x09,
    0x40,0x29,0x40,0x2F,0xC0,0x40,0x00,0x5F,0xE0,0x00,0x00,0x02,0x00,0x64,0x80,0x1F,
    0xC0,0x42,0x20,0xDF,0xE0,0x24,0x80,0x1B,0x40,0x25,0xA0,0x2E,0x40,0x41,0x80,0x5E,
    0x00,0x00,0x00,0x01,0x00,0x63,0x00,0x2C,0xC0,0x9F,0xA0,0x44,0x40,0x2A,0xC0,0x0E,
    0xC0,0x2A,0xC0,0x2E,0xC0,0x4A,0x40,0x4E,0xC0,0x00,0x00,0x20,0x00,0x3F,0xE0,0x4F,
    0xC0,0x28,0x40,0x1F,0xC0,0x2F,0xE0,0x40,0x00,0x7F,0xE0,0x0E,0x00,0x35,0x80,0xC4,
    0x60,0x00,0x00,0x01,0x00,0x47,0xE0,0x28,0x00,0x8F,0xE0,0x4A,0x40,0x2B,0xC0,0x48,
    0x00,0x37,0xC0,0x52,0x80,0x51,0x80,0x7E,0x60,0x00,0x00,0x02,0x00,0x62,0x00,0x2F,
    0xE0,0x86,0x80,0x5A,0x60,0x2F,0xC0,0x0F,0xC0,0x28,0x40,0x2F,0xC0,0x40,0x00,0x5F,
    0xE0,0x00,0x00,0x04,0x80,0x5E,0x80,0x24,0x80,0x9F,0xE0,0x52,0xA0,0x2E,0xA0,0x24,
    0xA0,0x26,0xA0,0x5D,0x20,0x45,0x20,0x4A,0xC0,0x00,0x00,0x6F,0xC0,0x28,0x40,0x8F,
    0xC0,0x6F,0xC0,0x20,0x00,0x2F,0xC0,0x2B,0x40,0x4B,0x40,0x4B,0x40,0x5F,0xE0,0x00,
    0x00,0x6F,0xC0,0x2F,0xC0,0x89,0x40,0x4F,0xC0,0x27,0x80,0x08,0x40,0x2F,0xC0,0x2F,
    0xC0,0x48,0x40,0x49,0xC0,0x00,0x00,0x00,0x00,0x04,0x80,0x44,0x80,0x2F,0xE0,0x84,
    0x80,0x5F,0xE0,0x28,0x80,0x1F,0xE0,0x68,0xA0,0x4F,0x80,0x48,0x40,0x4F,0xC0,0x00,
    0x00,0x6F,0xC0,0x1F,0xC0,0x48,0x40,0x6F,0xC0,0x24,0x00,0x0B,0xE0,0x3B,0x20,0x2C,
    0xA0,0x4F,0xA0,0x40,0xC0,0x00,0x00,0x00,0x00,0x08,0x80,0x44,0x80,0x3F,0xE0,0x8B,
    0x00,0x49,0xE0,0x2E,0x40,0x0A,0x80,0x2B,0xE0,0x52,0x80,0x54,0x80,0xED,0x80,0x00,
    0x00,0x00,0x80,0x5C,0x80,0x35,0xC0,0x95,0xA0,0x5D,0xA0,0x35,0x90,0x1E,0xA0,0x34,
    0x40,0x54,0x80,0x5D,0x00,0x46,0x00,0x00,0x00,0x4F,0xE0,0x34,0x80,0x05,0xE0,0xDE,
    0x80,0x24,0x80,0x25,0xE0,0x3E,0x80,0x4B,0xE0,0x48,0x80,0x50,0x80,0x00,0x00,0x00,
    0x00,0x02,0x00,0x6A,0x40,0x2A,0x40,0x45,0x80,0xDF,0xE0,0x22,0x00,0x0F,0xC0,0x2B,
    0x40,0x2B,0x40,0x4B,0x40,0x48,0xC0,0x00,0x00,0x08,0x00,0x49,0xE0,0x3F,0x20,0x89,
    0x20,0x49,0xE0,0x2D,0x20,0x13,0x20,0x33,0xE0,0x33,0x20,0x4D,0x20,0x42,0xC0,0x00,
    0x00,0x08,0x00,0x49,0xE0,0x29,0x20,0x5F,0x20,0xC9,0xE0,0x2D,0x20,0x5B,0x20,0x39,
    0xE0,0x49,0x20,0x49,0xE0,0x49,0x20,0x00,0x00,0x08,0x40,0x5F,0xE0,0x28,0x40,0x8F,
    0xC0,0x48,0x40,0x2F,0xC0,0x1D,0x60,0x2A,0x80,0x4A,0x80,0x4C,0x40,0x4F,0xE0,0x00,
    0x00,0x02,0x00,0x41,0x00,0x2E,0xE0,0x0A,0xC0,0xD2,0xA0,0x2F,0xC0,0x07,0xC0,0x28,
    0x00,0x2F,0xC0,0x40,0x40,0x41,0xC0,0x00,0x00,0x6F,0xC0,0x18,0x40,0x4F,0xC0,0x48,
    0x40,0x27,0x80,0x0A,0xA0,0x2A,0xA0,0x26,0xC0,0x42,0x80,0x5F,0xE0,0x00,0x00,0x00,
    0x00,0x01,0x00,0x6F,0xC0,0x39,0x40,0x8F,0xC0,0x5F,0xE0,0x20,0x00,0x0F,0xC0,0x29,
    0x40,0x2A,0x40,0x47,0x80,0x58,0x60,0x00,0x00,0x01,0x40,0x5F,0x40,0x32,0xA0,0x9B,
    0xC0,0x5A,0x80,0x3B,0xE0,0x3A,0xA0,0x3A,0xC0,0x4C,0xA0,0x4B,0xA0,0x52,0x60,0x00,
    0x00,0x40,0x00,0x7D,0xE0,0x35,0x80,0x9D,0x80,0x75,0x80,0x35,0xE0,0x78,0x80,0x54,
    0x80,0x55,0xA0,0x5B,0xA0,0x42,0x60,0x00,0x00,0x6F,0xE0,0x29,0x00,0xCB,0xC0,0x6C,
    0x20,0x2B,0xC0,0x4C,0x20,0x2B,0xC0,0x53,0x40,0x55,0x20,0x7B,0x10,0x00,0x00,0x00,
    0x00,0x02,0x00,0x6D,0xE0,0x2C,0xA0,0xCB,0x20,0x7F,0xE0,0x22,0x00,0x2F,0xC0,0x29,
    0x40,0x2F,0xC0,0x49,0x40,0x4F,0xC0,0x00,0x00,0x04,0x40,0x64,0x80,0x3F,0xE0,0x40,
    0x00,0x66,0x80,0x28,0x60,0x3F,0xE0,0x2A,0xC0,0x4A,0xC0,0x4A,0xC0,0x5F,0xE0,0x00,
    0x00,0x7F,0xE0,0x39,0x40,0x4B,0x40,0x6C,0x80,0x23,0x40,0x0F,0xC0,0x22,0x20,0x5F,
    0xE0,0x43,0x80,0x5C,0x60,0x00,0x00,0x00,0x00,0x12,0x00,0x4D,0xC0,0x3F,0x40,0x85,
    0x40,0x57,0xC0,0x37,0x40,0x17,0xC0,0x5F,0x40,0x49,0x40,0x49,0x40,0x52,0xC0,0x00,
    0x00,0x02,0x00,0x67,0xC0,0x28,0x20,0xCA,0xA0,0x4D,0x40,0x33,0x20,0x24,0xC0,0x3F,
    0xE0,0x28,0x40,0x48,0x40,0x4F,0xC0,0x00,0x00,0x6F,0xE0,0x22,0x20,0x8F,0xE0,0x49,
    0x00,0x2F,0xE0,0x33,0x20,0x2A,0xA0,0x2F,0xE0,0x52,0x20,0x4C,0xC0,0x00,0x00,0x00,
    0x00,0x5C,0x80,0x35,0x40,0x96,0x20,0x5B,0xD0,0x34,0x80,0x17,0xE0,0x34,0x80,0x5E,
    0xC0,0x52,0xA0,0x55,0xA0,0x00,0x00,0x00,0x00,0x01,0x00,0x4F,0xE0,0x31,0x00,0x0F,
    0xC0,0xCF,0xC0,0x2F,0xC0,0x08,0x40,0x2F,0xC0,0x3F,0xE0,0x44,0x80,0x58,0x60,0x00,
    0x00,0x04,0xC0,0x64,0x80,0x3F,0xE0,0x04,0x80,0x4B,0x20,0x33,0x40,0x1D,0xC0,0x24,
    0x80,0x2C,0xC0,0x5F,0xE0,0x52,0x20,0x00,0x00,0x4F,0xC0,0x2F,0x40,0x89,0x40,0x5F,
    0xE0,0x30,0x20,0x0F,0xC0,0x2F,0xC0,0x2F,0xC0,0x48,0x40,0x48,0xC0,0x00,0x00,0x00,
    0x00,0x02,0x00,0x67,0xC0,0x28,0x20,0x49,0x20,0x6F,0xC0,0x24,0x80,0x1F,0xE0,0x21,
    0x00,0x3F,0xE0,0x41,0x00,0x41,0x00,0x00,0x00,0x6F,0xE0,0x3A,0x20,0x89,0x40,0x64,
    0xC0,0x2E,0xC0,0x08,0x20,0x2E,0xC0,0x28,0x20,0x48,0x20,0x4F,0xE0,0x00,0x00,0x02,
    0x00,0x6F,0xE0,0x24,0x80,0x8C,0x40,0x52,0xA0,0x24,0x80,0x0F,0x40,0x27,0x40,0x2C,
    0x80,0x55,0x40,0x46,0x20,0x00,0x00,0x0A,0x40,0x4A,0x40,0x3F,0xE0,0x8A,0x40,0x5F,
    0xE0,0x32,0x20,0x02,0x00,0x2F,0xC0,0x4A,0x40,0x4A,0xC0,0x42,0x00,0x00,0x00,0x04,
    0x80,0x5F,0xE0,0x24,0x80,0x5F,0xE0,0xC2,0x80,0x2F,0xE0,0x2A,0xA0,0x2E,0xA0,0x4D,
    0x60,0x4B,0x20,0x48,0xC0,0x00,0x00,0x02,0x00,0x61,0xE0,0x12,0x00,0x4D,0xE0,0x6D,
    0xA0,0x2A,0x20,0x29,0xC0,0x2E,0xC0,0x4E,0xA0,0x56,0x60,0x5B,0x80,0x00,0x00,0x02,
    0x80,0x6A,0x80,0x2A,0xE0,0x4B,0x80,0x6B,0x40,0x2A,0x20,0x20,0x00,0x2F,0xC0,0x4B,
    0x40,0x4B,0x40,0x5F,0xE0,0x00,0x00,0x02,0x00,0x41,0x00,0x3F,0xE0,0x4C,0xC0,0xCC,
    0xC0,0x34,0xA0,0x01,0x00,0x3F,0xE0,0x25,0x80,0x49,0x40,0x51,0x20,0x00,0x00,0x01,
    0x00,0x61,0x00,0x3E,0xE0,0x43,0xC0,0x64,0x00,0x27,0xE0,0x24,0x80,0x24,0x80,0x3F,
    0xE0,0x44,0x80,0x58,0x60,0x00,0x00,0x01,0xC0,0x5D,0x40,0x27,0xE0,0x96,0x40,0x56,
    0x40,0x2B,0xE0,0x2A,0x40,0x2B,0xE0,0x56,0x40,0x57,0xE0,0x72,0x00,0x00,0x00,0x02,
    0x00,0x6B,0x60,0x24,0x80,0x44,0x80,0x6B,0x60,0x2F,0xA0,0x29,0x20,0x2F,0xA0,0x2C,
    0xA0,0x4F,0xA0,0x48,0xC0,0x00,0x00,0x5F,0xE0,0x25,0x00,0x9F,0xC0,0x5F,0xC0,0x20,
    0x00,0x0F,0xC0,0x3E,0xE0,0x41,0x00,0x4D,0xC0,0x56,0x20,0x00,0x00,0x00,0x00,0x01,
    0x00,0x6D,0xE0,0x23,0x00,0x45,0xC0,0xD9,0x20,0x26,0x80,0x29,0x70,0x35,0x80,0x43,
    0x80,0x4D,0x40,0x56,0x20,0x00,0x00,0x4F,0xC0,0x30,0x20,0x5F,0xC0,0xCF,0xE0,0x31,
    0x00,0x17,0xE0,0x5B,0xE0,0x59,0xA0,0x5B,0x60,0x69,0x60,0x00,0x00,0x00,0x00,0x02,
    0x00,0x6F,0xE0,0x24,0x80,0x4B,0x40,0x6C,0xC0,0x2F,0xC0,0x22,0x00,0x2F,0xE0,0x2A,
    0xA0,0x4F,0xA0,0x48,0x40,0x00,0x00,0x02,0x00,0x4F,0xC0,0x30,0x20,0x57,0xE0,0x61,
    0x00,0x2F,0xC0,0x0F,0xC0,0x29,0x40,0x2F,0xC0,0x44,0x80,0x58,0x60,0x00,0x00,0x04,
    0x80,0x6F,0xE0,0x34,0x80,0x4F,0xC0,0x68,0x40,0x2F,0xC0,0x0F,0xC0,0x21,0x00,0x3F,
    0xE0,0x46,0x80,0x58,0x60,0x00,0x00,0x6F,0xC0,0x3F,0xC0,0x4F,0xC0,0x4B,0x40,0x34,
    0xA0,0x1F,0xE0,0x2F,0xC0,0x24,0xC0,0x43,0x00,0x5C,0xE0,0x00,0x00,0x00,0x00,0x04,
    0x80,0x44,0x80,0x3E,0xE0,0x85,0x20,0x5F,0xA0,0x36,0xC0,0x5E,0x80,0x2C,0x80,0x56,
    0xC0,0x75,0x20,0x46,0x30,0x00,0x00,0x02,0x00,0x4F,0xE0,0x24,0x80,0x1F,0xE0,0xC0,
    0x00,0x2F,0xC0,0x0F,0xC0,0x2E,0xC0,0x21,0x00,0x5F,0xE0,0x41,0x00,0x00,0x00,0x04,
    0x40,0x64,0x80,0x2B,0x60,0x4F,0xC0,0xDF,0xE0,0x23,0x00,0x0F,0xA0,0x21,0x40,0x3D,
    0x80,0x49,0x40,0x57,0x20,0x00,0x00,0x09,0xC0,0x49,0x40,0x2D,0xE0,0x56,0x40,0x5A,
    0x40,0x2F,0xE0,0x4A,0x40,0x3D,0xE0,0x42,0x40,0x5D,0xE0,0x42,0x00,0x00,0x00,0x7F,
    0xC0,0x2A,0x40,0xDF,0xE0,0x66,0x80,0x2A,0x40,0x3F,0xF0,0x2A,0x40,0x2F,0xC0,0x4A,
    0x40,0x4F,0xC0,0x00,0x00,0x00,0x00,0x04,0x80,0x7F,0xE0,0x24,0x80,0xDF,0xE0,0x4C,
    0xC0,0x2B,0x20,0x1F,0xF0,0x28,0x40,0x2F,0xC0,0x48,0x40,0x4F,0xC0,0x00,0x00,0x00,
    0x80,0x5D,0xC0,0x35,0x40,0x93,0x40,0x5C,0x80,0x37,0x60,0x54,0x20,0x55,0xC0,0x55,
    0x40,0x7F,0xC0,0xC1,0x40,0x00,0x00,0x01,0x00,0x6E,0xE0,0x23,0x00,0x4C,0xE0,0x6F,
    0xC0,0x38,0x60,0x2F,0xC0,0x2A,0x40,0x4D,0x80,0x49,0x40,0x56,0x20,0x00,0x00,0x7F,
    0xE0,0x2F,0xC0,0x8A,0xA0,0x4F,0xC0,0x2F,0xC0,0x0F,0xC0,0x28,0x40,0x27,0x80,0x5F,
    0xE0,0x41,0x00,0x00,0x00,0x00,0x00,0x08,0x00,0x49,0xE0,0x3F,0x20,0x1F,0x20,0xD3,
    0xE0,0x3F,0x20,0x13,0x20,0x2D,0xE0,0x5F,0x20,0x49,0x20,0x4A,0xC0,0x00,0x00,0x5F,
    0xC0,0x35,0x20,0x8C,0xC0,0x4F,0x40,0x37,0xA0,0x08,0x40,0x2B,0x40,0x44,0x80,0x44,
    0x80,0x5F,0xE0,0x00,0x00,0x00,0x00,0x08,0x80,0x56,0x80,0x2C,0xE0,0xCF,0x20,0x51,
    0x40,0x3E,0xC0,0x32,0xC0,0x3E,0xC0,0x5E,0xC0,0x52,0xC0,0x57,0x20,0x00,0x00,0x04,
    0x00,0x44,0x60,0x3F,0x40,0x9F,0x80,0x40,0x20,0x2E,0x40,0x52,0x80,0x2C,0x20,0x4A,
    0x40,0x4F,0xC0,0x51,0x00,0x00,0x00,0x10,0x00,0x4B,0xE0,0x2A,0x20,0x97,0xA0,0x57,
    0xA0,0x3E,0xA0,0x5B,0xA0,0x36,0x20,0x57,0xA0,0x5A,0xA0,0x52,0x40,0x00,0x00,0x6F,
    0xC0,0x3F,0xC0,0x80,0x00,0x4F,0xC0,0x3F,0xC0,0x00,0x00,0x3F,0xE0,0x47,0x80,0x4A,
    0x40,0x72,0x20,0x00,0x00,0x00,0x00,0x02,0x00,0x6F,0xC0,0x3D,0xC0,0xCD,0xC0,0x6F,
    0xC0,0x2B,0x40,0x2D,0xC0,0x21,0x00,0x3F,0xE0,0x46,0x80,0x58,0x60,0x00,0x00,0x04,
    0x80,0x5E,0x80,0x32,0xE0,0x9F,0x40,0x5F,0x40,0x25,0xC0,0x1E,0xC0,0x48,0xC0,0x4E,
    0xC0,0x53,0x40,0x6F,0x20,0x00,0x00,0x04,0x00,0x55,0xE0,0x36,0x80,0x95,0xE0,0x5F,
    0x20,0x25,0xA0,0x57,0xA0,0x35,0xA0,0x65,0xA0,0x48,0xC0,0x73,0x20,0x00,0x00,0x6F,
    0xC0,0x2F,0xC0,0x8F,0xC0,0x44,0x80,0x3F,0xE0,0x1F,0xE0,0x2A,0xC0,0x76,0xA0,0x4E,
    0xC0,0x56,0x20,0x00,0x00,0x00,0x00,0x04,0x80,0x7F,0xE0,0x24,0x80,0x5B,0x60,0x4F,
    0xE0,0x2F,0xE0,0x09,0x00,0x3F,0xE0,0x4F,0xE0,0x49,0x00,0x4F,0xE0,0x00,0x00,0x04,
    0x00,0x04,0x00,0x44,0x60,0x24,0x40,0x14,0x80,0x16,0x80,0x06,0x00,0x09,0x00,0x19,
    0x80,0x30,0xC0,0x40,0x20,0x00,0x00,0x7F,0xE0,0x04,0x00,0x64,0x40,0x24,0x40,0x17,
    0x80,0x16,0x80,0x0B,0x00,0x19,0x00,0x30,0xC0,0xC0,0x20,0x00,0x00,0x20,0x00,0x27,
    0xE0,0xA8,0x80,0x68,0x80,0x78,0x80,0x60,0x80,0x20,0x80,0x30,0x80,0x28,0x80,0x48,
    0x80,0xC3,0x80,0x00,0x00,0x10,0x00,0x10,0x00,0x7F,0xE0,0x12,0x00,0x12,0x40,0x1A,
    0x40,0x27,0x80,0x23,0x00,0x44,0x80,0x48,0x40,0xB0,0x20,0x00,0x00,0x3F,0xC0,0x00,
    0x40,0x3F,0xC0,0x00,0x40,0x3F,0xC0,0x64,0x40,0x34,0x80,0x16,0x80,0x19,0x80,0xE0,
    0x60,0x00,0x00,0x21,0x00,0x21,0x00,0x6D,0x00,0x69,0x00,0x7F,0xE0,0x61,0x00,0x21,
    0x00,0x31,0x00,0x29,0x00,0x41,0x00,0xC7,0xE0,0x00,0x00,0x04,0x00,0x1F,0x80,0x31,
    0x80,0x42,0x00,0x1D,0xC0,0x64,0x20,0x24,0x40,0x17,0x80,0x0E,0x00,0x19,0x80,0xE0,
    0x60,0x00,0x00,0x21,0x00,0x22,0x00,0xAB,0xC0,0x6C,0x40,0x54,0x40,0x62,0x40,0x21,
    0x40,0x31,0x40,0x28,0x40,0x48,0x40,0xC1,0xC0,0x00,0x00,0x04,0x00,0x04,0x00,0x7F,
    0xE0,0x44,0x20,0x24,0x40,0x24,0x40,0x17,0x80,0x06,0x00,0x09,0x00,0x30,0x80,0x60,
    0x60,0x00,0x00,0x21,0x00,0x21,0x00,0xAD,0x40,0x75,0x40,0x75,0x40,0x65,0x40,0x25,
    0x40,0x25,0x40,0x35,0x40,0x4D,0x40,0xC2,0xC0,0x00,0x00,0x21,0x00,0x21,0x00,0xAF,
    0xC0,0x6C,0x40,0x74,0x40,0x67,0xC0,0x24,0x00,0x34,0x00,0x34,0x00,0x48,0x00,0xC8,
    0x00,0x00,0x00,0x22,0x00,0x22,0x00,0xAB,0xE0,0x6C,0x20,0x75,0x40,0x61,0x00,0x21,
    0x00,0x32,0x80,0x2A,0x80,0x4C,0x40,0xC8,0x20,0x00,0x00,0x04,0x00,0x24,0x40,0x14,
    0x80,0x16,0x00,0x19,0x80,0x64,0x60,0x24,0x40,0x17,0x80,0x0E,0x00,0x19,0x80,0x60,
    0x60,0x00,0x00,0x21,0x00,0x21,0x00,0xAB,0x40,0x6D,0x40,0x75,0x20,0x65,0x20,0x29,
    0x40,0x30,0x80,0x31,0x80,0x4A,0x00,0xCC,0x00,0x00,0x00,0x21,0x00,0x21,0x00,0xAF,
    0xC0,0x71,0x40,0x71,0x40,0x61,0x40,0x2F,0xE0,0x23,0x00,0x32,0x80,0x5C,0xC0,0xD8,
    0x20,0x00,0x00,0x21,0x00,0x21,0x00,0xAF,0xE0,0x70,0x00,0x77,0x80,0x64,0x80,0x24,
    0x80,0x34,0x80,0x34,0xA0,0x4C,0xA0,0xC8,0x60,0x00,0x00,0x0C,0x00,0x1F,0xC0,0x28,
    0xC0,0x65,0x00,0x1E,0x00,0x74,0x40,0x24,0xC0,0x17,0x80,0x0F,0x00,0x19,0x80,0x60,
    0x60,0x00,0x00,0x20,0x00,0x27,0xE0,0xAC,0x00,0x74,0x00,0x77,0xC0,0x64,0x40,0x24,
    0x40,0x37,0xC0,0x34,0x00,0x4C,0x00,0xC7,0xE0,0x00,0x00,0x02,0x00,0x22,0x40,0x3F,
    0xC0,0x10,0x00,0x7F,0xE0,0x12,0x00,0x1A,0x40,0x2E,0x80,0x2B,0x00,0x44,0x80,0xB8,
    0x60,0x00,0x00,0x02,0x00,0x24,0x00,0xAF,0xC0,0xB8,0x40,0x7F,0x40,0x65,0x40,0x25,
    0x40,0x27,0x40,0x54,0xE0,0x54,0x20,0x87,0xE0,0x00,0x00,0x20,0x00,0x2F,0xE0,0xB8,
    0x20,0xBB,0xA0,0x6A,0xA0,0x6A,0xA0,0x2A,0xA0,0x2B,0xA0,0x58,0x20,0x58,0x20,0x88,
    0xC0,0x00,0x00,0x20,0x00,0x2F,0xE0,0xA9,0x00,0x71,0x00,0x7F,0xE0,0x69,0x20,0x29,
    0xA0,0x2A,0xA0,0x54,0x60,0x58,0x20,0xC8,0xC0,0x00,0x00,0x22,0x00,0x22,0x00,0xAB,
    0xE0,0x6D,0x00,0x7D,0x00,0x61,0xE0,0x21,0x00,0x31,0x00,0x39,0xE0,0x49,0x00,0xC1,
    0x00,0x00,0x00,0x04,0x00,0x04,0x00,0x07,0xE0,0x04,0x00,0x3F,0xC0,0x20,0x40,0x20,
    0x40,0x3F,0xC0,0x2A,0x40,0x49,0x40,0xC9,0x20,0x00,0x00,0x21,0x00,0x22,0x00,0xAF,
    0xE0,0x72,0x00,0x7F,0x00,0x65,0x00,0x27,0xE0,0x25,0x40,0x55,0x40,0x55,0x20,0xCB,
    0x20,0x00,0x00,0x20,0x00,0x27,0xC0,0x6C,0x40,0x6C,0x40,0x74,0x40,0x64,0x40,0x27,
    0xC0,0x32,0x80,0x32,0x40,0x4C,0x40,0xC8,0x20,0x00,0x00,0x20,0x00,0x27,0xE0,0xAC,
    0x00,0x75,0x00,0x75,0x00,0x67,0xE0,0x21,0x00,0x35,0x40,0x55,0x20,0x49,0x20,0xCB,
    0x20,0x00,0x00,0x24,0x40,0x22,0x40,0xAA,0x80,0x6F,0xE0,0x70,0x00,0x60,0x00,0x27,
    0xC0,0x30,0x00,0x28,0x00,0x40,0x00,0xCF,0xE0,0x00,0x00,0x20,0x00,0x27,0xC0,0xA8,
    0xC0,0x69,0x80,0x72,0xC0,0x6C,0x20,0x26,0xC0,0x31,0x00,0x31,0x00,0x49,0x00,0xCF,
    0xE0,0x00,0x00,0x00,0x40,0x7F,0x40,0x11,0x40,0x3D,0x40,0x65,0x40,0x59,0x40,0x18,
    0x40,0x20,0xC0,0x6A,0x40,0x29,0x40,0x45,0x20,0x00,0x00,0x24,0x80,0x24,0x80,0xAC,
    0x80,0x77,0xE0,0x74,0x80,0x64,0x80,0x2F,0xE0,0x20,0x00,0x32,0x80,0x54,0x40,0xC8,
    0x20,0x00,0x00,0x22,0x00,0x23,0xC0,0xAC,0x40,0x7A,0x80,0x61,0x00,0x66,0xC0,0x28,
    0x20,0x27,0xC0,0x34,0x40,0x4C,0x40,0xC7,0xC0,0x00,0x00,0x21,0x00,0x21,0x00,0xAF,
    0xC0,0x75,0x40,0x75,0x40,0x65,0x40,0x27,0xC0,0x31,0x40,0x31,0x40,0x5F,0xE0,0xC0,
    0x20,0x00,0x00,0x20,0x00,0x2F,0xE0,0xA9,0x20,0x79,0x20,0x7B,0xA0,0x69,0x20,0x29,
    0x20,0x2A,0xA0,0x5C,0xA0,0x58,0x20,0xCF,0xE0,0x00,0x00,0x22,0x00,0x22,0x20,0xAF,
    0xC0,0x72,0x80,0x7F,0xE0,0x62,0x00,0x2F,0xE0,0x37,0x80,0x50,0x40,0x58,0x40,0x83,
    0x80,0x00,0x00,0x20,0x00,0x2F,0xE0,0xA9,0x00,0x77,0xC0,0x74,0x40,0x65,0x40,0x25,
    0x40,0x35,0x40,0x3D,0xC0,0x52,0x40,0xCC,0x20,0x00,0x00,0x24,0x00,0x22,0xE0,0xBF,
    0x00,0xB2,0xC0,0x63,0x20,0x6C,0xE0,0x2B,0x60,0x24,0x80,0x54,0xA0,0x44,0xA0,0x98,
    0xE0,0x00,0x00,0x20,0x00,0x21,0x80,0xAA,0x80,0x74,0x40,0x7F,0xE0,0x60,0x00,0x2D,
    0xE0,0x22,0x00,0x32,0x80,0x54,0xC0,0xCF,0x20,0x00,0x00,0x40,0x00,0x37,0xC0,0x43,
    0x00,0x2F,0xE0,0x25,0x20,0x29,0x40,0x52,0xC0,0x24,0x40,0x16,0x80,0x09,0x00,0xF0,
    0xE0,0x00,0x00,0x20,0x00,0x27,0xC0,0x6C,0x40,0xB4,0x40,0x77,0xC0,0x64,0x80,0x26,
    0x40,0x29,0xE0,0x30,0x30,0x57,0x00,0xC0,0x80,0x00,0x00,0x22,0x00,0x22,0x00,0x7F,
    0xC0,0x22,0x40,0x3E,0x40,0xE3,0x60,0x24,0xE0,0x68,0x60,0x2A,0x40,0x49,0x40,0x49,
    0x20,0x00,0x00,0x20,0x40,0x2E,0xC0,0xAB,0x80,0x7E,0x60,0x6F,0xE0,0x62,0x00,0x25,
    0x00,0x2F,0xE0,0x55,0x20,0x55,0x40,0x81,0x00,0x00,0x00,0x21,0x00,0x21,0x00,0xAF,
    0xE0,0xB8,0x20,0x77,0xC0,0x60,0x00,0x2F,0xE0,0x32,0x80,0x52,0x80,0x54,0xA0,0x88,
    0xE0,0x00,0x00,0x04,0x00,0x7F,0xE0,0x00,0x00,0x3F,0xC0,0x3F,0xC0,0x7F,0xC0,0x03,
    0x00,0x04,0x00,0x2A,0x40,0x29,0x40,0x49,0x20,0x00,0x00,0x22,0x00,0x27,0xC0,0xB4,
    0x40,0x7B,0x80,0x6E,0xE0,0x61,0x00,0x2F,0xE0,0x2F,0xC0,0x51,0x00,0x4F,0xE0,0x81,
    0x00,0x00,0x00,0x7F,0xE0,0x27,0xC0,0x24,0x00,0x7F,0xE0,0x3F,0xC0,0x20,0x00,0x3F,
    0xC0,0x55,0x40,0x52,0xC0,0x49,0xC0,0x00,0x00,0x00,0x00,0x20,0x00,0x27,0xC0,0x6C,
    0x40,0x6F,0xC0,0x77,0xC0,0x60,0x00,0x27,0xE0,0x21,0x00,0x3F,0xE0,0x49,0x00,0x41,
    0x00,0x00,0x00,0x22,0x00,0x23,0xC0,0xB4,0x80,0x78,0x80,0x7F,0xC0,0x65,0x40,0x25,
    0x40,0x2F,0xE0,0x31,0x00,0x52,0x80,0xDC,0x60,0x00,0x00,0x21,0x00,0x21,0x00,0xAF,
    0xE0,0x72,0x40,0x72,0x80,0x6F,0xE0,0x20,0x00,0x27,0xC0,0x34,0x40,0x54,0x40,0x47,
    0xC0,0x00,0x00,0x10,0x80,0x10,0x80,0x7F,0xE0,0x39,0x80,0x76,0xC0,0xD4,0xA0,0x24,
    0x40,0x14,0x80,0x16,0x80,0x19,0x80,0x60,0x60,0x00,0x00,0x12,0x00,0x22,0x00,0x3F,
    0xE0,0x62,0x00,0xBF,0xC0,0x3F,0xC0,0x22,0x00,0x3F,0xE0,0x22,0x40,0x29,0x40,0x49,
    0x20,0x00,0x00,0x22,0x00,0x23,0xC0,0xAC,0x40,0x7C,0x80,0x72,0x00,0x64,0xE0,0x24,
    0x20,0x26,0xE0,0x34,0x20,0x54,0x20,0xC7,0xE0,0x00,0x00,0x11,0x00,0x19,0x40,0x25,
    0x20,0x37,0xE0,0xC9,0x00,0x29,0x80,0x12,0x40,0x64,0x20,0x2A,0x40,0x29,0x40,0x49,
    0x20,0x00,0x00,0x21,0x00,0x27,0xC0,0xB4,0x40,0x77,0xC0,0x74,0x40,0x67,0xC0,0x2F,
    0xE0,0x21,0x00,0x3F,0xC0,0x51,0x00,0xCF,0xE0,0x00,0x00,0x11,0x80,0x09,0x00,0x7F,
    0xE0,0x3D,0x40,0x45,0x40,0x7D,0x40,0x3D,0x40,0x45,0xC0,0x08,0x40,0x6B,0x40,0x49,
    0x20,0x00,0x00,0x21,0x00,0x39,0x00,0xCB,0xE0,0x7E,0x40,0x05,0x40,0x7C,0x80,0x05,
    0xC0,0x7E,0x20,0x2A,0x40,0x49,0x40,0x49,0x20,0x00,0x00,0x24,0x40,0x2F,0xE0,0xB4,
    0x40,0x77,0xC0,0x64,0x40,0x67,0xC0,0x21,0x00,0x3F,0xE0,0x33,0x80,0x4D,0x60,0xD1,
    0x20,0x00,0x00,0x7F,0xC0,0x4A,0x40,0x4A,0xC0,0x7C,0x00,0x4B,0xC0,0x4C,0x40,0x7B,
    0xC0,0x2A,0x40,0x49,0x40,0x49,0x20,0x00,0x00,0x00,0x00,0x04,0x00,0x3F,0x40,0x04,
    0x80,0x7F,0xE0,0x0C,0x00,0xFF,0x80,0x1F,0x80,0x10,0x40,0x0F,0x80,0x29,0x40,0x49,
    0x20,0x00,0x00,0x21,0x00,0x2F,0xC0,0xA8,0x40,0x7F,0xC0,0x68,0x00,0x6F,0xE0,0x2D,
    0xA0,0x2B,0xA0,0x5F,0xE0,0x49,0x20,0xD6,0xC0,0x00,0x00,0x21,0x00,0x27,0xC0,0xB8,
    0x40,0xB7,0xC0,0x68,0x40,0x6F,0xC0,0x27,0xC0,0x21,0x00,0x5D,0x60,0x4C,0xA0,0xD3,
    0xA0,0x00,0x00,0x11,0x00,0x29,0xE0,0x7D,0x20,0x39,0xE0,0x46,0x00,0x3D,0xE0,0x3D,
    0x20,0x45,0x20,0x48,0xC0,0x29,0x40,0x49,0x20,0x00,0x00,0x3E,0xC0,0x7F,0xE0,0x0F,
    0x00,0x34,0xC0,0x2D,0x40,0x16,0x80,0x3F,0xC0,0x7F,0xE0,0x2A,0x40,0x49,0x20,0x00,
    0x00,0x00,0x00,0x21,0x00,0x27,0xC0,0xA8,0x20,0x7A,0xA0,0x65,0x60,0x6A,0xA0,0x24,
    0x40,0x2F,0xE0,0x54,0x40,0x54,0x40,0xC7,0xC0,0x00,0x00,0x7D,0xC0,0x49,0x40,0x5D,
    0x40,0x55,0x80,0x5D,0x20,0x49,0x20,0x7D,0xC0,0x2A,0x40,0x49,0x40,0x49,0x20,0x00,
    0x00,0x00,0x00,0x11,0x00,0x7D,0x00,0x7B,0xC0,0x7D,0x40,0x03,0x40,0x7D,0x40,0xFD,
    0xD0,0x12,0x20,0x24,0x40,0x2B,0x40,0x49,0x20,0x00,0x00,0x11,0x00,0x7D,0x00,0x11,
    0xE0,0x7E,0x40,0x7D,0x40,0x38,0x80,0x25,0xC0,0x5A,0x20,0xAA,0x40,0x29,0x40,0x49,
    0x20,0x00,0x00,0x24,0x80,0x24,0xC0,0xB7,0xA0,0x7D,0xE0,0x6A,0x80,0x76,0xC0,0x25,
    0x40,0x2B,0x30,0x5A,0xC0,0x5A,0xA0,0xCA,0xA0,0x00,0x00,0x21,0x00,0x2F,0xE0,0xB3,
    0x00,0x7E,0xE0,0x67,0xC0,0x7C,0x60,0x27,0xC0,0x26,0x40,0x55,0x80,0x49,0x40,0x93,
    0x20,0x00,0x00,0x09,0x00,0x7F,0xE0,0x09,0x00,0x1F,0x80,0x64,0xA0,0x1A,0xC0,0x2A,
    0xA0,0x5E,0xE0,0x29,0x40,0x29,0x20,0x49,0x20,0x00,0x00,0x20,0x00,0x27,0xC0,0xB7,
    0xC0,0x70,0x00,0x6E,0xC0,0x6A,0xA0,0x24,0x40,0x2F,0xE0,0x53,0x80,0x55,0x40,0x99,
    0x20,0x00,0x00,0x20,0x00,0x2F,0xC0,0xAF,0xC0,0x7F,0xC0,0x62,0x80,0x6F,0xE0,0x2F,
    0xE0,0x35,0x40,0x5B,0xB0,0x47,0xC0,0xCB,0x20,0x00,0x00,0x1F,0xC0,0x24,0x80,0x24,
    0x80,0x24,0x80,0x24,0x80,0x24,0x80,0x24,0x40,0x24,0x40,0x44,0x20,0xC4,0x20,0x00,
    0x00,0x00,0x00,0x7F,0xC0,0x5A,0xA0,0x5A,0xA0,0x5B,0xE0,0x5A,0x00,0x56,0x20,0x56,
    0x20,0x55,0xC0,0x53,0x00,0x90,0xE0,0x00,0x00,0x00,0x00,0x7F,0xC0,0x24,0x80,0x7F,
    0xE0,0x48,0x20,0x7F,0xC0,0x10,0x00,0x1F,0xC0,0x29,0x80,0xC7,0x00,0x38,0xE0,0x00,
    0x00,0x00,0x00,0x00,0x60,0x7F,0x80,0x14,0x80,0x7F,0xC0,0x7F,0xC0,0x38,0x40,0x47,
    0xE0,0x7E,0x40,0x79,0x40,0x49,0x40,0x75,0xC0,0x00,0x00,0x09,0x00,0x10,0x80,0x20,
    0x40,0x50,0xA0,0x09,0x00,0x0B,0x00,0x06,0x00,0x0F,0x00,0x31,0xC0,0xC0,0x60,0x00,
    0x00,0x00,0x00,0x09,0x00,0x19,0x80,0x69,0x60,0x06,0x00,0x1B,0x80,0xE0,0x60,0x7F,
    0xC0,0x08,0x40,0x08,0x40,0x0B,0x80,0x08,0x00,0x00,0x00,0x09,0x00,0x10,0xC0,0x6B,
    0x20,0x0F,0x00,0xF0,0xE0,0x3F,0xC0,0x24,0x40,0x3F,0xC0,0x20,0x00,0x20,0x20,0x3F,
    0xC0,0x09,0x00,0x31,0xC0,0x4E,0x20,0xB9,0xC0,0x4F,0xA0,0x71,0x80,0x0E,0x00,0x77,
    0xC0,0x78,0xC0,0x07,0x00,0x78,0x00,0x00,0x00,0x04,0x00,0x7F,0xE0,0x04,0x00,0x3D,
    0xC0,0x34,0xC0,0x4D,0x20,0x34,0xC0,0x3F,0xC0,0x46,0x20,0x19,0x80,0xE0,0x60,0x00,
    0x00,0x01,0x00,0x21,0x00,0x21,0x00,0x1F,0xE0,0x20,0x00,0x20,0x00,0x3F,0x00,0x21,
    0x00,0x21,0x00,0x61,0x00,0x41,0x00,0x00,0x00,0x10,0x00,0x53,0xE0,0x54,0x00,0x54,
    0x00,0x3B,0xE0,0x45,0x40,0x35,0x40,0x54,0xC0,0x54,0x80,0x55,0x40,0xDE,0x30,0x00,
    0x00,0x01,0x00,0x53,0xC0,0x55,0x20,0x55,0x20,0x7F,0xE0,0x45,0x20,0x77,0xE0,0x52,
    0x80,0x5F,0xE0,0x50,0x80,0x90,0x80,0x00,0x00,0x7F,0xE0,0x31,0x00,0x21,0x00,0x21,
    0x00,0x3F,0xE0,0x05,0x00,0x09,0x00,0x11,0x00,0x61,0x00,0x87,0x00,0x00,0x00,0x02,
    0x00,0x12,0x00,0x22,0x00,0x3F,0xC0,0x22,0x00,0x42,0x00,0x7F,0xE0,0x02,0x00,0x02,
    0x00,0x02,0x00,0x02,0x00,0x00,0x00,0x04,0x00,0x09,0x00,0x10,0x80,0x7F,0xC0,0x14,
    0x40,0x3F,0xC0,0x24,0x00,0x44,0x00,0x7F,0xE0,0x04,0x00,0x04,0x00,0x00,0x00,0x11,
    0x00,0x51,0x00,0x51,0x00,0x79,0x00,0x57,0xE0,0x51,0x00,0x19,0x00,0xF1,0x00,0x11,
    0x00,0x11,0x00,0x16,0xE0,0x00,0x00,0x04,0x00,0x04,0x00,0x7B,0xE0,0x52,0x20,0x12,
    0x00,0x3F,0xC0,0x22,0x00,0x7F,0xE0,0x02,0x00,0x02,0x00,0x02,0x00,0x00,0x00,0x11,
    0x00,0x52,0x00,0x53,0xE0,0x7A,0x40,0x56,0x40,0x56,0x40,0x1A,0x80,0xF1,0x80,0x11,
    0x80,0x12,0x40,0x1C,0x20,0x00,0x00,0x22,0x00,0x62,0x00,0x67,0xE0,0x75,0xA0,0x6A,
    0xA0,0xA2,0xA0,0x3C,0xA0,0xE9,0x20,0x2A,0x20,0x26,0x40,0x25,0xC0,0x00,0x00,0x11,
    0x00,0x55,0x00,0x55,0x00,0x7F,0xE0,0x55,0x00,0x9D,0x00,0x1F,0xE0,0xF1,0x00,0x11,
    0x00,0x11,0x00,0x1F,0xE0,0x00,0x00,0x04,0x00,0x7F,0xC0,0x06,0x00,0x39,0xC0,0x7F,
    0xC0,0x54,0x20,0x1F,0xC0,0x22,0x00,0x02,0x00,0x7F,0xE0,0x02,0x00,0x00,0x00,0x11,
    0x00,0x51,0x00,0x57,0xE0,0x79,0x00,0x5F,0xE0,0x90,0x40,0x3F,0xE0,0xD4,0x40,0x12,
    0x40,0x12,0x40,0x11,0x80,0x00,0x00,0x20,0x00,0x6F,0xE0,0x62,0x80,0x77,0xC0,0x6A,
    0xA0,0xAA,0xA0,0x3A,0xA0,0xEC,0xE0,0x28,0x20,0x2F,0xE0,0x28,0x20,0x00,0x00,0x3F,
    0xC0,0x3F,0xC0,0x20,0x00,0x3E,0xE0,0x26,0xC0,0x3A,0x20,0x2F,0xC0,0x52,0x00,0x5F,
    0xE0,0xC2,0x00,0x00,0x00,0x00,0x00,0x7D,0x40,0x11,0x40,0x7D,0x40,0x3C,0x40,0x50,
    0xC0,0x12,0x00,0x3F,0xC0,0x22,0x00,0x7F,0xE0,0x02,0x00,0x00,0x00,0x00,0x00,0x21,
    0x00,0x67,0xE0,0x61,0x00,0x7F,0xE0,0xA4,0xA0,0x62,0xC0,0x3E,0x80,0xE0,0x80,0x2F,
    0x60,0x23,0xC0,0x2C,0x20,0x00,0x00,0x04,0x00,0x05,0x80,0x04,0x40,0x04,0x00,0x7F,
    0xE0,0x06,0x00,0x06,0x00,0x0B,0x00,0x11,0x80,0x30,0xC0,0xC0,0x20,0x00,0x00,0x4F,
    0xC0,0x34,0x40,0x34,0x40,0xD4,0x40,0x14,0x40,0x35,0xC0,0x54,0x00,0x94,0x20,0x14,
    0x20,0x33,0xE0,0x00,0x00,0x11,0x00,0x11,0xC0,0x51,0x60,0x51,0x00,0x3F,0xE0,0x11,
    0x00,0x31,0x00,0x72,0x80,0x92,0x80,0x14,0x40,0x18,0x20,0x00,0x00,0x42,0x00,0x5A,
    0x80,0x32,0x40,0x6F,0xE0,0xD3,0x00,0x33,0x00,0x73,0x00,0xD5,0x00,0x15,0x20,0x1D,
    0x20,0x68,0xE0,0x00,0x00,0x4F,0xE0,0x31,0x00,0x61,0x00,0xD1,0x00,0x37,0xE0,0x71,
    0x00,0xD1,0x00,0x11,0x00,0x11,0x00,0x7F,0xE0,0x00,0x00,0x01,0x00,0x49,0x00,0x3D,
    0x20,0x25,0x40,0xD5,0x40,0x15,0x40,0x31,0x00,0xD2,0x80,0x12,0x80,0x14,0x40,0x78,
    0x20,0x00,0x00,0x4F,0xC0,0x34,0x40,0xE5,0x40,0x55,0x40,0x15,0x40,0x35,0x40,0xD5,
    0x40,0x11,0x80,0x16,0x40,0x78,0x20,0x00,0x00,0x00,0x00,0x57,0xC0,0x25,0x40,0x65,
    0x40,0xA5,0x40,0x25,0x40,0x56,0x40,0x9A,0xC0,0x1A,0xA0,0x1B,0xA0,0x74,0xB0,0x00,
    0x00,0x00,0x00,0x02,0x00,0x5A,0x00,0x37,0xC0,0x68,0x40,0x57,0x40,0x35,0x40,0x55,
    0x40,0xD5,0x40,0x17,0x40,0x10,0x40,0x61,0xC0,0x00,0x00,0x5F,0xC0,0x34,0x40,0xE4,
    0x40,0x57,0xC0,0x34,0x40,0x74,0x40,0xD7,0xC0,0x14,0x40,0x14,0x40,0x6F,0xE0,0x00,
    0x00,0x00,0x00,0x01,0x00,0x59,0x00,0x37,0xE0,0xE4,0x20,0x50,0x00,0x3F,0xE0,0x71,
    0x00,0xD1,0x00,0x11,0x00,0x11,0x00,0x67,0x00,0x00,0x00,0x5F,0xC0,0x34,0x40,0x67,
    0xC0,0xD4,0x40,0x37,0xC0,0x75,0x20,0xD5,0x40,0x14,0x80,0x15,0x40,0x66,0x20,0x00,
    0x00,0x00,0x00,0x01,0x00,0x49,0x00,0x3F,0xE0,0x62,0x80,0xE4,0x40,0x3C,0xA0,0x7A,
    0xA0,0xD2,0x80,0x11,0x00,0x16,0x80,0x7C,0x60,0x00,0x00,0x01,0x00,0x59,0x00,0x37,
    0xC0,0x65,0x20,0x95,0x20,0x35,0x20,0x57,0xC0,0x91,0x40,0x11,0x20,0x1F,0xE0,0x60,
    0x20,0x00,0x00,0x01,0x00,0x59,0x00,0x3F,0xE0,0x65,0x20,0x95,0x40,0x33,0x40,0x7F,
    0xE0,0xD1,0x00,0x12,0x80,0x14,0x40,0x68,0x20,0x00,0x00,0x04,0x00,0x55,0xE0,0x2C,
    0x80,0x6D,0xE0,0xAD,0xA0,0x2D,0xA0,0x6D,0xA0,0xAD,0xA0,0x25,0xA0,0x25,0xC0,0x68,
    0x80,0x00,0x00,0x02,0x00,0x57,0x80,0x2C,0x80,0x6F,0xC0,0xE1,0x40,0x2F,0xE0,0x51,
    0x40,0x91,0x40,0x1F,0x80,0x11,0x00,0x66,0x00,0x00,0x80,0x5C,0xC0,0x24,0xA0,0x63,
    0xE0,0xAC,0x80,0x24,0x80,0x54,0x80,0xD5,0x40,0x17,0x40,0x1E,0x20,0x62,0x20,0x00,
    0x00,0x40,0x00,0x57,0xC0,0x25,0x40,0x67,0xC0,0xE5,0x40,0x35,0x40,0x53,0x80,0xD1,
    0x00,0x1F,0xE0,0x11,0x00,0x6F,0xE0,0x01,0x00,0x5B,0x80,0x34,0x40,0x64,0x40,0x97,
    0xC0,0x34,0x40,0x77,0x80,0xD5,0x60,0x14,0x80,0x15,0x40,0x66,0x20,0x00,0x00,0x02,
    0x80,0x5A,0x80,0x3F,0xE0,0x62,0x80,0x9F,0xE0,0x30,0x00,0x77,0xC0,0xD4,0x40,0x17,
    0xC0,0x14,0x40,0x67,0xC0,0x00,0x00,0x5F,0xC0,0x34,0x40,0x67,0xC0,0xD7,0xC0,0x30,
    0x00,0x77,0xE0,0xD4,0x20,0x17,0xE0,0x14,0x20,0x67,0xE0,0x00,0x00,0x00,0x00,0x57,
    0xC0,0x20,0x80,0x6F,0xE0,0xA1,0x00,0x23,0x00,0x50,0x00,0xDF,0xC0,0x1A,0xA0,0x1A,
    0xA0,0x6F,0xE0,0x00,0x00,0x00,0x00,0x01,0x00,0x57,0xE0,0x21,0x00,0x67,0xC0,0xAF,
    0xE0,0x30,0x00,0x57,0xC0,0x97,0xC0,0x14,0x40,0x17,0xC0,0x64,0xC0,0x00,0x00,0x40,
    0x00,0x57,0xC0,0x27,0xC0,0x64,0x40,0xA7,0xC0,0x25,0x00,0x5F,0xE0,0xD9,0x00,0x17,
    0xC0,0x11,0x00,0x6F,0xE0,0x02,0x00,0x4A,0x20,0x37,0xC0,0x62,0x80,0x5F,0xE0,0x33,
    0x00,0x37,0xC0,0xDC,0x40,0x17,0xC0,0x14,0x40,0x67,0xC0,0x00,0x00,0x42,0x80,0x5A,
    0x80,0x2F,0xE0,0x62,0x80,0xA7,0xC0,0x39,0x40,0x59,0x40,0xD7,0xC0,0x19,0x40,0x19,
    0x40,0x6E,0xC0,0x00,0x00,0x10,0x80,0x10,0xC0,0xFE,0xA0,0x10,0x80,0x6D,0xE0,0x6C,
    0x80,0x7C,0x80,0x54,0x80,0x7D,0x40,0x55,0x40,0x56,0x20,0x00,0x00,0x04,0x00,0x55,
    0xC0,0x24,0x40,0x6B,0xE0,0xA9,0x00,0x3B,0xE0,0x6A,0x80,0xDB,0xE0,0x18,0x80,0x19,
    0x40,0x6E,0x20,0x00,0x00,0x57,0xC0,0x27,0x40,0x65,0x40,0xAF,0xE0,0x2B,0xA0,0x54,
    0x40,0xD7,0xC0,0x17,0xC0,0x14,0x40,0x64,0xC0,0x00,0x00,0x00,0x00,0x01,0x00,0x5F,
    0xE0,0x31,0x00,0x6F,0xE0,0xE3,0x80,0x34,0x40,0x77,0xC0,0xD3,0x20,0x14,0xC0,0x1A,
    0xC0,0x67,0x20,0x00,0x00,0x08,0x80,0x58,0xC0,0x6F,0x40,0x6C,0xC0,0xBB,0x20,0x3B,
    0xA0,0x7F,0xA0,0xAD,0xA0,0x3B,0xA0,0x39,0xC0,0x6A,0x20,0x00,0x00,0x04,0x00,0x04,
    0x00,0x7F,0xE0,0x0C,0x00,0x08,0x80,0x31,0x00,0x3E,0x00,0x05,0x80,0x08,0x80,0x3F,
    0xC0,0x20,0x60,0x00,0x00,0x04,0x00,0x7F,0xE0,0x04,0x00,0x49,0x60,0x3E,0x80,0x15,
    0x80,0x7F,0x60,0x04,0x80,0x7F,0xE0,0x04,0x00,0x04,0x00,0x00,0x00,0x7F,0xE0,0x04,
    0x00,0x04,0x00,0x04,0x00,0x7F,0xC0,0x05,0x80,0x04,0x80,0x04,0x40,0x04,0x00,0x7F,
    0xE0,0x7F,0xC0,0x04,0x00,0x04,0x00,0x04,0x00,0x3F,0xC0,0x04,0x00,0x04,0x00,0x04,
    0x00,0x04,0x00,0x7F,0xE0,0x02,0x00,0x7A,0x00,0x23,0xC0,0x24,0x40,0x24,0x80,0x7C,
    0x80,0x21,0x80,0x21,0x80,0x3A,0x40,0xE4,0x20,0x08,0x30,0x00,0x00,0x7F,0xC0,0x24,
    0x40,0x24,0x40,0x24,0x40,0x77,0xE0,0x20,0x20,0x20,0x20,0x27,0xA0,0xF8,0x40,0x01,
    0xC0,0x00,0x00,0x7F,0xE0,0x20,0x00,0x20,0x00,0x27,0xE0,0x72,0x80,0x22,0x80,0x22,
    0x80,0x3A,0xA0,0xC4,0xA0,0x08,0x60,0x00,0x00,0x02,0x00,0x7A,0x00,0x23,0xE0,0x24,
    0x40,0x24,0x40,0x7E,0x80,0x22,0x80,0x21,0x80,0x3B,0x80,0xE6,0x40,0x08,0x20,0x00,
    0x00,0x7F,0xE0,0x21,0x00,0x21,0x00,0x23,0x00,0x7B,0xC0,0x25,0x40,0x29,0x20,0x29,
    0x00,0xF1,0x00,0x01,0x00,0x00,0x00,0x77,0xC0,0x24,0x40,0x25,0x40,0x25,0x40,0x75,
    0x40,0x25,0x40,0x25,0x40,0x3B,0x20,0xE5,0x20,0x18,0xE0,0x00,0x00,0x00,0x00,0x01,
    0x00,0x79,0x80,0x22,0x80,0x25,0x40,0x29,0x30,0x71,0x00,0x27,0xC0,0x20,0x40,0x2E,
    0x80,0xF1,0x00,0x00,0xC0,0x00,0x00,0x01,0x00,0x71,0x00,0x27,0xE0,0x25,0x60,0x25,
    0x00,0x77,0xC0,0x26,0x40,0x2A,0x80,0x39,0x80,0xCB,0xC0,0x14,0x60,0x00,0x00,0x7E,
    0xC0,0x2A,0xC0,0x2A,0xC0,0x2A,0xC0,0x7F,0xE0,0x2A,0xC0,0x2B,0x40,0x3B,0x40,0xCB,
    0x40,0x17,0xC0,0x00,0x00,0x00,0x00,0x01,0x00,0x72,0x80,0x22,0x80,0x24,0xE0,0x29,
    0x20,0x76,0x40,0x29,0x80,0x23,0x20,0x34,0xC0,0xE3,0x00,0x0C,0x00,0x00,0x00,0x01,
    0x00,0x59,0x00,0x27,0xE0,0x21,0x00,0x21,0x00,0x71,0x00,0x2F,0xE0,0x22,0x80,0x2A,
    0x40,0x74,0x40,0x0F,0xA0,0x00,0x00,0x01,0x00,0x75,0x00,0x27,0xE0,0x25,0x00,0x29,
    0x00,0x7F,0xE0,0x21,0x80,0x23,0x80,0x3D,0x40,0xD9,0x30,0x09,0x00,0x00,0x00,0x02,
    0x00,0x73,0xE0,0x2A,0x40,0x2A,0x40,0x2A,0x40,0x7B,0xE0,0x2A,0x40,0x22,0x40,0x32,
    0x40,0xE4,0x40,0x09,0xE0,0x00,0x00,0x01,0x80,0x51,0x40,0x2F,0xE0,0x21,0x00,0x29,
    0x20,0x75,0x40,0x23,0x80,0x25,0x40,0x29,0x40,0xF1,0x30,0x07,0x00,0x00,0x00,0x01,
    0x00,0x73,0x80,0x24,0x40,0x24,0x40,0x27,0xC0,0x74,0x40,0x27,0x80,0x25,0x60,0x2C,
    0x80,0xF5,0x40,0x0E,0x20,0x00,0x00,0x77,0xC0,0x25,0x20,0x27,0xC0,0x25,0x20,0x75,
    0x20,0x23,0xC0,0x21,0x00,0x27,0xE0,0xF1,0x00,0x0F,0xE0,0x02,0x00,0xF1,0x00,0x2F,
    0xE0,0x24,0x80,0x25,0xC0,0x7A,0x20,0x25,0x80,0x25,0x80,0x35,0x80,0xE9,0xA0,0x19,
    0x60,0x00,0x00,0x01,0x00,0x7D,0x20,0x27,0x40,0x21,0x00,0x27,0xC0,0x75,0x20,0x25,
    0x20,0x25,0x20,0x3D,0xA0,0xE2,0x40,0x1C,0x20,0x00,0x00,0x7F,0xE0,0x23,0x00,0x26,
    0x20,0x29,0x40,0x77,0x80,0x2D,0x40,0x33,0x40,0x35,0x20,0xD9,0x30,0x03,0x00,0x00,
    0x00,0x04,0x80,0x04,0x80,0x74,0x80,0x2F,0xE0,0x24,0x80,0x7E,0xC0,0x2D,0xC0,0x35,
    0xA0,0x36,0xB0,0xE4,0x80,0x04,0x80,0x00,0x00,0x7F,0xE0,0x7F,0xC0,0x10,0x80,0x7F,
    0xE0,0x06,0x00,0x1D,0x80,0xE2,0x70,0x3F,0x80,0x01,0x00,0x06,0x00,0x00,0x00,0x00,
    0x00,0x7F,0xE0,0x10,0x80,0x7F,0xC0,0x10,0x80,0x6F,0x60,0x22,0x60,0x3F,0xC0,0x22,
    0x00,0x2E,0x20,0x33,0xE0,0x00,0x00,0x00,0x00,0x7F,0xE0,0x7F,0xE0,0x10,0x80,0x7F,
    0xE0,0x00,0x00,0x3F,0xC0,0x24,0x40,0x3B,0x80,0x20,0x20,0x3F,0xE0,0x00,0x00,0x01,
    0x00,0x71,0x00,0x2F,0xE0,0x23,0x80,0x24,0x40,0x74,0x40,0x27,0xC0,0x21,0x00,0x35,
    0x40,0xE9,0x20,0x1B,0x20,0x00,0x00,0x04,0x00,0x54,0xE0,0x2F,0x20,0x25,0x20,0x24,
    0xE0,0x7F,0x20,0x2B,0x20,0x2B,0xE0,0x2B,0x20,0xFF,0x20,0x03,0x40,0x00,0x00,0x01,
    0x00,0x79,0x40,0x29,0x40,0x26,0x80,0x2E,0xE0,0x71,0x00,0x2F,0xE0,0x2A,0xA0,0x3A,
    0xA0,0xCA,0xA0,0x08,0x40,0x00,0x00,0x7F,0xE0,0x10,0x80,0x7F,0xE0,0x10,0x80,0x7F,
    0xE0,0x04,0x80,0x33,0x40,0x56,0x20,0x78,0xA0,0x4F,0x80,0x01,0x00,0x7F,0xC0,0x29,
    0x40,0x29,0x40,0x2F,0xC0,0x79,0x40,0x2F,0xC0,0x23,0xC0,0x2B,0xC0,0xF5,0x60,0x19,
    0xE0,0x00,0x00,0x7F,0xE0,0x29,0x20,0x25,0x40,0x24,0x40,0x77,0xE0,0x29,0x00,0x2F,
    0xE0,0x35,0x20,0xE5,0x20,0x07,0xC0,0x00,0x00,0x00,0x00,0x01,0x00,0x7F,0xE0,0x22,
    0x80,0x29,0x20,0x2A,0xA0,0x77,0xC0,0x21,0x00,0x2E,0xE0,0x3A,0xA0,0xEB,0x60,0x08,
    0x60,0x00,0x00,0x3F,0xC0,0x24,0x80,0x24,0x80,0x24,0x80,0x24,0x80,0x24,0x80,0x26,
    0x40,0x29,0x40,0x4F,0x20,0xD9,0xA0,0x00,0x00,0x00,0x00,0x7D,0xE0,0x2A,0xC0,0x7E,
    0xC0,0x7E,0xC0,0x02,0xC0,0x7E,0xA0,0x7F,0xA0,0x5B,0x60,0x57,0xE0,0xB5,0x50,0x00,
    0x00,0x00,0x00,0x20,0x40,0x2F,0x40,0x7E,0xE0,0x5E,0xA0,0x5E,0xA0,0xFD,0xE0,0x2D,
    0x40,0x7F,0xE0,0x2F,0x40,0x37,0x40,0x59,0xC0,0x00,0x00,0x10,0x00,0x7F,0xE0,0x0A,
    0xC0,0x76,0xC0,0x2A,0xC0,0x7E,0xC0,0x7E,0xC0,0x7F,0x40,0x37,0x60,0xEB,0xE0,0x35,
    0x70,0x00,0x00,0x7F,0xE0,0x10,0x00,0x10,0x00,0x1F,0x80,0x20,0x80,0x2C,0x80,0x22,
    0x80,0x20,0xA0,0x2E,0xA0,0x30,0xE0,0x09,0x00,0x10,0x80,0x66,0x40,0xC9,0x20,0x16,
    0x80,0x7F,0xE0,0x10,0x00,0x1F,0x80,0x2C,0x80,0x22,0xA0,0x7E,0xE0,0x00,0x00,0x48,
    0x00,0x2B,0xE0,0x31,0x00,0x7E,0x00,0x2B,0xC0,0x2A,0x40,0x7F,0xC0,0x2A,0xC0,0x4A,
    0x60,0x4B,0xE0,0xCA,0x60,0x00,0x00,0x44,0x00,0x27,0xC0,0x1A,0x40,0x33,0x00,0x4C,
    0xC0,0x7F,0xE0,0x10,0x00,0x1F,0x80,0x2C,0x80,0x22,0xA0,0x7E,0xE0,0x00,0x00,0x7F,
    0xE0,0x29,0x00,0x7D,0x80,0x6D,0x40,0x7E,0x40,0x13,0xC0,0x7E,0xC0,0x12,0x40,0x17,
    0xE0,0xEA,0x60,0x20,0x80,0x10,0x80,0x7F,0xE0,0x10,0x80,0x10,0x80,0x10,0x80,0x1F,
    0x80,0x10,0x80,0x10,0x80,0x10,0x80,0x1F,0x80,0x00,0x00,0x10,0x80,0x7F,0xE0,0x10,
    0x80,0x1F,0x80,0x10,0x80,0x1F,0x80,0xDA,0xE0,0x25,0x00,0x29,0x80,0x30,0x40,0x3F,
    0xE0,0x02,0x40,0x7A,0x40,0x17,0xE0,0x12,0x40,0x7A,0x40,0x12,0x40,0x7B,0xC0,0x4A,
    0x40,0x4A,0x40,0x4B,0xC0,0x7A,0x40,0x00,0x00,0x02,0x00,0x12,0x00,0x22,0x00,0x3F,
    0xE0,0x42,0x00,0x42,0x00,0x3F,0xC0,0x02,0x00,0x02,0x00,0x02,0x00,0x7F,0xE0,0x10,
    0x00,0x57,0xE0,0x55,0x20,0x7F,0xE0,0x55,0x20,0x17,0xE0,0x79,0x00,0x17,0xE0,0x1A,
    0x20,0x72,0x20,0x0C,0xC0,0x00,0x00,0x3F,0xC0,0x24,0x40,0x24,0x40,0x3F,0xC0,0x24,
    0x40,0x24,0x40,0x3F,0xC0,0x24,0x40,0x44,0x40,0xC4,0xC0,0x00,0x00,0x3F,0xC0,0x24,
    0x40,0x24,0x40,0x3F,0xC0,0x24,0x40,0x3F,0xC0,0x24,0x40,0x44,0xE0,0x44,0x20,0xC3,
    0xE0,0x00,0x00,0x04,0x80,0x04,0xC0,0x7F,0xE0,0x04,0x00,0x3F,0xC0,0x24,0x40,0x3F,
    0xC0,0x24,0x40,0x3F,0xC0,0x24,0x40,0x24,0xC0,0x00,0x00,0x7F,0xE0,0x06,0x00,0x3D,
    0xC0,0xC0,0x20,0x3F,0xC0,0x3F,0xC0,0x24,0x40,0x3F,0xC0,0x24,0x40,0x44,0xC0,0x00,
    0x00,0x7F,0xC0,0x44,0x40,0x44,0x40,0x44,0x40,0x7F,0xC0,0x44,0x40,0x44,0x40,0x44,
    0x40,0x7F,0xC0,0x40,0x40,0x00,0x00,0x04,0x00,0x04,0x00,0x3F,0xC0,0x24,0x40,0x24,
    0x40,0x24,0x40,0x3F,0xC0,0x24,0x40,0x24,0x40,0x3F,0xC0,0x20,0x40,0x00,0x00,0x7F,
    0xC0,0x44,0x40,0x44,0x40,0x7F,0xC0,0x44,0x40,0x44,0x40,0x7F,0xC0,0x04,0x00,0x04,
    0x00,0x04,0x00,0x00,0x00,0x04,0x00,0x04,0x00,0x7F,0xC0,0x44,0x40,0x44,0x40,0x7F,
    0xC0,0x44,0x40,0x44,0x40,0x7F,0xC0,0x04,0x00,0x04,0x00,0x00,0x00,0x04,0x00,0x04,
    0x00,0x3F,0xC0,0x24,0x40,0x24,0x40,0x3F,0xC0,0x24,0x40,0x3F,0xC0,0x04,0x20,0x04,
    0x20,0x07,0xE0,0x3F,0xC0,0x24,0x40,0x3F,0xC0,0x24,0x40,0x3F,0xC0,0x04,0x00,0x7F,
    0xC0,0x08,0x40,0x10,0x40,0x61,0x80,0x00,0x00,0x00,0x00,0x10,0x00,0x1F,0xC0,0x20,
    0x40,0x56,0x40,0x69,0x40,0x29,0x40,0x3F,0x40,0x29,0x40,0x29,0x40,0x3F,0x40,0x01,
    0xC0,0x00,0x00,0x7F,0xE0,0x00,0x00,0x5F,0x40,0x55,0x40,0x5F,0x40,0x55,0x40,0x55,
    0x40,0x4A,0x40,0x40,0x40,0x3F,0xC0,0x00,0x00,0x20,0x00,0x23,0xC0,0x78,0x80,0x69,
    0x00,0x6F,0xE0,0x7A,0xA0,0x6A,0xA0,0x6A,0xA0,0x7D,0x20,0x2B,0x40,0x26,0xC0,0x00,
    0x00,0x3F,0xC0,0x24,0x40,0x3F,0xC0,0x24,0x40,0x1F,0x80,0x19,0x00,0x69,0xC0,0x89,
    0x20,0x11,0x00,0x21,0x00,0x00,0x00,0x00,0x00,0x3F,0xC0,0x24,0x40,0x3F,0xC0,0x3F,
    0xC0,0x00,0x00,0x7F,0xE0,0x24,0x40,0x27,0x80,0x25,0x80,0x38,0x60,0x00,0x00,0x00,
    0x00,0x00,0x80,0x7C,0xA0,0x5A,0xA0,0x5A,0xC0,0x58,0x80,0x7B,0xE0,0x58,0x80,0x5F,
    0xE0,0x58,0x80,0x78,0x80,0x00,0x80,0x00,0x00,0x04,0x00,0x7B,0xE0,0x49,0x20,0x4A,
    0x40,0x76,0xC0,0x04,0x00,0x3F,0xC0,0x24,0x40,0x3F,0xC0,0x24,0x40,0x3F,0xC0,0x00,
    0x00,0x04,0x00,0x7F,0xE0,0x08,0x80,0x3F,0x00,0x0C,0x80,0x7F,0xE0,0x00,0x00,0x3F,
    0xC0,0x3F,0xC0,0x24,0x40,0x3F,0xC0,0x00,0x00,0x01,0x00,0x79,0xC0,0x6A,0x40,0x6D,
    0x40,0x68,0x80,0x7B,0x40,0x6C,0x20,0x6B,0xC0,0x6A,0x40,0x7A,0x40,0x03,0xC0,0x00,
    0x00,0x01,0x00,0x79,0x00,0x6F,0xE0,0x69,0x00,0x69,0x00,0x7E,0xE0,0x69,0x00,0x6F,
    0xE0,0x69,0x00,0x79,0x00,0x07,0xE0,0x7F,0xC0,0x14,0x80,0x7F,0xE0,0x0D,0x00,0x34,
    0xC0,0xFF,0xE0,0x24,0x40,0x3F,0xC0,0x24,0x40,0x3F,0xC0,0x00,0x00,0x00,0x00,0x01,
    0x00,0x79,0x00,0x6F,0xE0,0x6F,0xC0,0x69,0x00,0x7F,0xE0,0x6A,0x40,0x6B,0xE0,0x6E,
    0x40,0x79,0x40,0x08,0xC0,0x00,0x00,0x00,0x80,0x7A,0xE0,0x69,0x00,0x69,0xC0,0x6E,
    0x20,0x7F,0xE0,0x69,0x40,0x6A,0xC0,0x6A,0xC0,0x7B,0x40,0x00,0xC0,0x00,0x00,0x77,
    0xE0,0x17,0xC0,0x77,0xC0,0x47,0xC0,0x7F,0xE0,0x72,0xC0,0x55,0x20,0xF7,0xE0,0x12,
    0xC0,0x3F,0xE0,0x00,0x00,0x00,0x00,0x01,0x00,0x79,0x00,0x17,0xE0,0x12,0x80,0x55,
    0xC0,0x5A,0x20,0x55,0x40,0x55,0x40,0x55,0x40,0xFD,0x60,0x09,0x60,0x00,0x00,0x40,
    0x00,0x5B,0xE0,0x66,0x40,0x39,0x80,0x27,0xE0,0x78,0xA0,0x52,0x80,0x7E,0xE0,0x12,
    0x80,0x2D,0x80,0x4C,0xE0,0x00,0x00,0x02,0x00,0x02,0x00,0x9F,0xE0,0x60,0x00,0x6F,
    0xC0,0x20,0x80,0xE1,0x00,0x21,0x00,0x21,0x00,0x21,0x00,0x47,0x00,0x00,0x00,0x02,
    0x00,0x1B,0xE0,0xA4,0x00,0x64,0x00,0x6B,0xE0,0x30,0x00,0xEF,0x80,0x23,0x00,0x24,
    0x20,0x28,0x20,0x4F,0xC0,0x00,0x00,0x02,0x00,0x02,0x00,0xBD,0xE0,0x62,0x00,0x67,
    0x80,0x28,0x80,0xF9,0x00,0x21,0x00,0x22,0x80,0x4C,0x40,0x50,0x20,0x00,0x00,0x02,
    0x00,0x02,0x00,0x7D,0xE0,0x60,0x00,0x67,0xC0,0x24,0x00,0xE4,0x00,0x2F,0xE0,0x24,
    0x00,0x24,0x00,0x47,0xE0,0x00,0x00,0x02,0x00,0x3F,0xE0,0xA0,0x00,0x6F,0xC0,0x61,
    0x80,0x26,0x00,0xEF,0xE0,0x25,0x20,0x29,0x20,0x52,0x40,0x44,0xC0,0x00,0x00,0x02,
    0x00,0x1F,0xE0,0xA0,0x00,0x66,0x80,0x69,0x40,0x29,0x40,0xEF,0xC0,0x28,0x00,0x28,
    0x20,0x48,0x20,0x47,0xE0,0x00,0x00,0x02,0x00,0x02,0x00,0x7D,0xE0,0x63,0x00,0x66,
    0x80,0x28,0x70,0xF4,0xA0,0x24,0x80,0x24,0x80,0x24,0x80,0x58,0x80,0x00,0x00,0x02,
    0x00,0x02,0x00,0xBD,0xE0,0x67,0x80,0x64,0x80,0x38,0x60,0xEF,0xC0,0x24,0x40,0x27,
    0x80,0x47,0x00,0x58,0xE0,0x00,0x00,0x02,0x00,0x1E,0xE0,0xE3,0x00,0x67,0x80,0x6C,
    0xC0,0x37,0xA0,0xE8,0x80,0x28,0x80,0x29,0x60,0x28,0x40,0x47,0xC0,0x00,0x00,0x02,
    0x00,0x1F,0xE0,0xA0,0x00,0x6F,0xC0,0x68,0x40,0x2C,0xC0,0x6B,0x40,0xA9,0x40,0x2B,
    0x70,0x4C,0xE0,0xD4,0xA0,0x00,0x00,0x02,0x00,0x1F,0xE0,0xA0,0x00,0x67,0xC0,0x69,
    0x20,0x29,0x60,0xEF,0xC0,0x2A,0x40,0x2A,0x80,0x4B,0x80,0x5C,0x60,0x00,0x00,0x02,
    0x00,0x02,0x00,0x7D,0xE0,0x62,0x80,0x6A,0xA0,0x2B,0xC0,0xEA,0x80,0x2A,0x80,0x2A,
    0xA0,0x4F,0xA0,0x50,0xE0,0x00,0x00,0x02,0x00,0x1E,0xE0,0xA1,0x00,0x63,0x00,0x6C,
    0xC0,0x33,0x20,0xEC,0x80,0x23,0x20,0x2C,0x40,0x43,0x80,0x5C,0x00,0x00,0x00,0x02,
    0x00,0x02,0x00,0xBD,0xE0,0x67,0x80,0x6C,0x40,0x33,0x80,0x67,0x80,0xBC,0x60,0x23,
    0x80,0x4C,0x00,0x43,0xC0,0x00,0x00,0x02,0x00,0x02,0x00,0xBD,0xE0,0x6F,0xC0,0x68,
    0x40,0x2F,0xC0,0xE8,0x40,0x28,0x40,0x2F,0xC0,0x28,0x40,0x5F,0xE0,0x00,0x00,0x02,
    0x00,0x02,0x00,0xBF,0xE0,0x64,0x00,0x6F,0xC0,0x29,0x00,0x61,0x00,0xAF,0xE0,0x23,
    0x00,0x24,0xC0,0x58,0x20,0x00,0x00,0x02,0x00,0x02,0x00,0xBD,0xE0,0x6E,0xE0,0x61,
    0x00,0x27,0xC0,0xE9,0x20,0x2B,0x20,0x2E,0xA0,0x4C,0x40,0x48,0xC0,0x00,0x00,0x02,
    0x00,0x02,0x00,0xBD,0xE0,0x60,0x00,0x6F,0xE0,0x21,0x00,0xE9,0xE0,0x29,0x00,0x29,
    0x00,0x49,0x00,0x5F,0xE0,0x00,0x00,0x02,0x00,0x1F,0xE0,0xA0,0x00,0x6F,0xC0,0x69,
    0x40,0x2F,0xC0,0xE9,0x40,0x29,0x40,0x2F,0xC0,0x49,0x40,0x51,0xC0,0x00,0x00,0x02,
    0x00,0x02,0x00,0xBD,0xE0,0x6F,0x00,0x60,0xC0,0x23,0x80,0xFC,0x60,0x2F,0xC0,0x21,
    0x00,0x41,0x00,0x5F,0xE0,0x00,0x00,0x02,0x00,0x02,0x00,0xBD,0xE0,0x63,0x80,0x6C,
    0x40,0x3F,0xE0,0xE2,0x00,0x2F,0xC0,0x22,0x00,0x42,0x00,0x5F,0xE0,0x00,0x00,0x02,
    0x00,0x1B,0x20,0xA4,0xC0,0x64,0x80,0x6F,0xE0,0x21,0x00,0xEF,0xC0,0x21,0x00,0x3F,
    0xE0,0x41,0x00,0x41,0x00,0x00,0x00,0x02,0x00,0x3F,0xE0,0xA2,0x00,0x6F,0xC0,0x61,
    0x00,0x3F,0xE0,0xE0,0x80,0x3F,0xE0,0x28,0x80,0x44,0x80,0x41,0x80,0x00,0x00,0x02,
    0x00,0x1F,0xE0,0xA0,0x00,0x6F,0xC0,0x68,0x40,0x2F,0xC0,0xE8,0x40,0x2F,0xA0,0x29,
    0xC0,0x4A,0x80,0x4C,0x60,0x00,0x00,0x02,0x00,0x02,0x00,0x7D,0xE0,0x6F,0xE0,0x60,
    0x00,0x2F,0xC0,0x68,0x40,0xAF,0xC0,0x24,0x40,0x46,0x80,0x5F,0xE0,0x00,0x00,0x02,
    0x00,0x3F,0xE0,0xA0,0x00,0x6F,0xC0,0x63,0x80,0x2F,0xC0,0xE9,0x20,0x2F,0xE0,0x2F,
    0xC0,0x49,0x20,0x49,0xC0,0x00,0x00,0x02,0x00,0x3F,0xE0,0xA0,0x00,0x6F,0xE0,0x63,
    0x00,0x25,0xC0,0xF9,0x20,0x2F,0xC0,0x28,0x40,0x68,0x40,0x4F,0xC0,0x00,0x00,0x02,
    0x00,0x1F,0xE0,0xA0,0x00,0x6E,0x20,0x64,0xA0,0x3E,0xA0,0xE4,0xA0,0x2E,0xA0,0x35,
    0xA0,0x54,0x20,0x44,0xC0,0x00,0x00,0x02,0x00,0x02,0x00,0xBD,0xE0,0x67,0x80,0x68,
    0x80,0x3F,0xC0,0x69,0x40,0xBF,0xE0,0x21,0x00,0x22,0x80,0x5C,0x60,0x00,0x00,0x02,
    0x00,0x3F,0xE0,0xA0,0x00,0x69,0x40,0x67,0x80,0x26,0xC0,0xF9,0x20,0x29,0x40,0x27,
    0x80,0x24,0x80,0x58,0x60,0x00,0x00,0x02,0x00,0x1F,0xE0,0xE0,0x00,0x68,0x00,0x6E,
    0xE0,0x35,0x20,0x7F,0x20,0xA5,0x20,0x25,0x20,0x4A,0xE0,0x53,0x20,0x00,0x00,0x02,
    0x00,0x3F,0xE0,0xA0,0x00,0x6F,0xC0,0x69,0x40,0x2F,0xC0,0xEF,0xC0,0x20,0x00,0x3F,
    0xE0,0x44,0x80,0x4C,0x80,0x10,0x00,0x02,0x00,0x3F,0xE0,0xA2,0x00,0x6B,0x60,0x64,
    0x80,0x24,0x80,0xEB,0x40,0x31,0x20,0x3F,0xE0,0x41,0x00,0x41,0x00,0x00,0x00,0x02,
    0x00,0x3F,0xE0,0xA0,0x00,0x6F,0xC0,0x6F,0xC0,0x28,0x40,0xE7,0x80,0x2F,0xC0,0x2B,
    0x40,0x4B,0x40,0x5F,0xE0,0x00,0x00,0x02,0x00,0x3F,0xE0,0xA2,0x00,0x6D,0xE0,0x6B,
    0x20,0x2D,0xC0,0xE3,0x00,0x2F,0xC0,0x2F,0xC0,0x49,0x40,0x4F,0xC0,0x00,0x00,0x02,
    0x00,0x3F,0xE0,0xA2,0x00,0x6E,0xC0,0x6E,0xC0,0x2A,0x40,0xEF,0xC0,0x2F,0xC0,0x2C,
    0xC0,0x43,0x00,0xDC,0xE0,0x00,0x00,0x02,0x00,0x3F,0xE0,0xA4,0x80,0x7F,0xE0,0x67,
    0x80,0x24,0x80,0xFF,0xE0,0x20,0x00,0x2F,0xC0,0x48,0x40,0x4F,0xC0,0x00,0x00,0x02,
    0x00,0x3F,0xE0,0xA2,0x00,0x6D,0xC0,0x6F,0xC0,0x2F,0xC0,0xEF,0xC0,0x24,0xC0,0x3B,
    0xA0,0x4C,0x40,0x47,0xC0,0x00,0x00,0x02,0x00,0x3F,0xE0,0xA2,0x80,0x7E,0x80,0x67,
    0xE0,0x3F,0xE0,0xEA,0x80,0x2B,0xE0,0x36,0x80,0x57,0xE0,0x62,0x00,0x00,0x00,0x02,
    0x00,0x3F,0xE0,0xA2,0x00,0x6F,0xE0,0x7F,0xE0,0x20,0x00,0x6F,0xC0,0xAF,0xC0,0x2F,
    0xC0,0x5F,0xE0,0x41,0x00,0x00,0x00,0x02,0x00,0x3F,0xE0,0xA8,0x00,0x7E,0xE0,0x6B,
    0xE0,0x35,0x00,0xEF,0xC0,0x2B,0xA0,0x2D,0x40,0x4E,0xA0,0x48,0xC0,0x00,0x00,0x02,
    0x00,0x3F,0xE0,0xA0,0x00,0x6F,0xC0,0x6F,0xC0,0x3F,0xE0,0xF3,0x20,0x3F,0xE0,0x29,
    0x20,0x49,0x20,0xC6,0xE0,0x00,0x00,0x02,0x00,0x3F,0xE0,0xA8,0xA0,0x6E,0xC0,0x7D,
    0xE0,0x36,0x80,0x6F,0xE0,0xB6,0x80,0x2F,0xE0,0x46,0x80,0x58,0x80,0x00,0x00,0x02,
    0x00,0x7E,0xC0,0x4B,0x20,0x29,0xC0,0x10,0x80,0x6F,0x40,0xC4,0x20,0x7F,0xC0,0x06,
    0x00,0x09,0x80,0x70,0x40,0x00,0x00,0x02,0x40,0x7F,0x80,0x4A,0x20,0x31,0xC0,0x2F,
    0xC0,0xDF,0x20,0x20,0x80,0x3F,0x80,0x11,0x00,0x09,0x00,0x7F,0xE0,0x04,0x00,0x04,
    0x00,0x3F,0xC0,0x20,0x40,0x20,0x40,0x20,0x40,0x3F,0xC0,0x20,0x40,0x20,0x40,0x20,
    0x40,0x3F,0xC0,0x00,0x00,0x7F,0xE0,0x04,0x00,0x3F,0xC0,0x20,0x40,0x20,0x40,0x3F,
    0xC0,0x20,0x40,0x20,0x40,0x3F,0xC0,0x20,0x40,0x00,0x00,0x04,0x00,0x3F,0xC0,0x20,
    0x40,0x3F,0xC0,0x20,0x40,0x3F,0xC0,0x08,0x00,0xBF,0xE0,0x48,0x00,0x08,0x40,0x0F,
    0xC0,0x11,0x00,0x11,0x00,0x7B,0xE0,0x4A,0x20,0x4E,0x20,0x4A,0x20,0x79,0x20,0x48,
    0xA0,0x48,0x20,0x48,0x40,0x78,0xC0,0x00,0x00,0x22,0x00,0x22,0x40,0x3B,0x80,0x26,
    0x20,0x7B,0xC0,0x04,0x00,0x3F,0xC0,0x20,0x40,0x3F,0xC0,0x20,0x40,0x3F,0xC0,0x00,
    0x00,0x04,0x00,0x3F,0xC0,0x20,0x40,0x3F,0xC0,0x20,0x40,0x3F,0xC0,0x7B,0xE0,0x04,
    0x00,0x3F,0xC0,0x04,0x00,0x7F,0xE0,0x04,0x00,0x3F,0xC0,0x20,0x40,0x3F,0xC0,0x3F,
    0xC0,0x04,0x00,0x7F,0xE0,0x15,0x80,0x24,0x40,0xDF,0xA0,0x04,0x00,0x00,0x00,0x21,
    0x00,0x25,0x20,0x75,0x20,0x52,0xC0,0x50,0x00,0x57,0xC0,0x70,0x40,0x57,0xC0,0x54,
    0x20,0x54,0x20,0x77,0xE0,0x21,0x00,0x21,0x00,0x7F,0xE0,0x58,0x20,0x57,0xC0,0x50,
    0x00,0x7F,0xE0,0x52,0x80,0x52,0x80,0x74,0xA0,0x08,0xE0,0x00,0x00,0x02,0x00,0x02,
    0x00,0x3F,0xE0,0x22,0x40,0x22,0x00,0x3F,0xC0,0x28,0x80,0x2D,0x80,0x47,0x00,0x4D,
    0x80,0xF0,0x60,0x00,0x00,0x20,0x80,0x30,0x80,0x4B,0xE0,0xD4,0xA0,0x7C,0x80,0x0B,
    0xC0,0x0D,0x40,0x7D,0x40,0x0C,0x80,0x7D,0x40,0x0E,0x20,0x00,0x00,0x3F,0xC0,0x29,
    0x40,0x29,0x40,0x29,0x40,0x29,0x40,0x29,0x40,0x29,0x40,0x29,0x40,0x7F,0xE0,0x00,
    0x00,0x3F,0xC0,0x02,0x00,0x7F,0xE0,0x02,0x00,0x0E,0x00,0x00,0x00,0x3F,0xC0,0x29,
    0x40,0x29,0x40,0x7F,0xE0,0x04,0x00,0x04,0x00,0x3F,0xC0,0x24,0x40,0x3F,0xC0,0x04,
    0x00,0x00,0x00,0x3F,0xC0,0x29,0x40,0x29,0x40,0x7F,0xE0,0x0A,0x00,0x09,0x00,0x30,
    0x80,0xDF,0xE0,0x08,0x80,0x13,0x80,0x60,0x00,0x3F,0xC0,0x29,0x40,0x29,0x40,0x7F,
    0xE0,0x7F,0x80,0x10,0x80,0x1F,0x40,0x2A,0x40,0x4E,0x40,0xD1,0x80,0x3F,0xC0,0x29,
    0x40,0x29,0x40,0x7F,0xE0,0x00,0x00,0x10,0x80,0x19,0x80,0x7F,0xE0,0x00,0x00,0x19,
    0x80,0x20,0x40,0x7F,0xE0,0x29,0x40,0x29,0x40,0x29,0x40,0x7F,0xE0,0x1F,0x80,0x24,
    0x40,0x24,0x40,0x7F,0xE0,0x0B,0x00,0xF0,0xE0,0x3F,0xC0,0x29,0x40,0x29,0x40,0x7F,
    0xE0,0x00,0x00,0x0B,0x00,0x09,0xC0,0x7E,0x00,0x07,0xE0,0x7C,0x40,0x07,0xA0,0x79,
    0xA0,0x3F,0xC0,0x29,0x40,0x29,0x40,0xFF,0xE0,0x11,0x00,0x11,0x00,0x7D,0x80,0x11,
    0x40,0x11,0x20,0x7D,0x00,0x00,0x00,0x3F,0xC0,0x29,0x40,0x29,0x40,0x7F,0xE0,0x09,
    0x00,0x29,0x00,0x2B,0xE0,0x2B,0x00,0x2C,0x80,0x2C,0x40,0x00,0x00,0x3F,0xC0,0x29,
    0x40,0x29,0x40,0x7F,0xE0,0x04,0x00,0x0F,0x00,0x30,0x80,0xDF,0x60,0x3F,0x80,0x20,
    0x80,0x3F,0x80,0x15,0x80,0x2A,0x40,0x2A,0x40,0x7F,0xE0,0x10,0x00,0x7F,0xE0,0x10,
    0x00,0x1A,0x40,0x27,0x80,0x45,0x80,0xD8,0x60,0x3F,0xC0,0x29,0x40,0x29,0x40,0x7F,
    0xE0,0x10,0x80,0x09,0x00,0x7F,0xC0,0x3F,0xC0,0x04,0x00,0x7F,0xE0,0x00,0x00,0x3F,
    0xC0,0x2A,0x40,0x2A,0x40,0x7F,0xE0,0x02,0x00,0x67,0xA0,0x38,0x40,0x1A,0x40,0x23,
    0x00,0x4C,0xC0,0x50,0x20,0x3F,0xC0,0x29,0x40,0x29,0x40,0x7F,0xE0,0x04,0x00,0x1F,
    0xC0,0x14,0x40,0x12,0x40,0x7F,0xE0,0x24,0x40,0x23,0x80,0x7F,0xC0,0x29,0x40,0x29,
    0x40,0x7F,0xE0,0x02,0x80,0x02,0x40,0x3F,0xA0,0x3E,0x40,0x25,0x80,0x49,0x20,0x56,
    0xE0,0xFF,0xC0,0x2A,0x40,0x2A,0x40,0x7F,0xE0,0x3B,0xC0,0x4B,0xC0,0x3A,0x40,0x4B,
    0xC0,0x3C,0x40,0x04,0xC0,0x3F,0xC0,0x29,0x40,0x29,0x40,0x7F,0xE0,0x00,0x00,0x3F,
    0xC0,0x20,0x40,0x20,0x40,0x3F,0xC0,0x20,0x40,0x20,0x40,0x3F,0xC0,0x20,0x40,0x3F,
    0xC0,0x20,0x40,0x00,0x00,0x7F,0xE0,0x48,0x80,0x48,0x80,0x78,0x80,0x48,0x80,0x78,
    0x80,0x48,0x80,0x48,0x80,0x78,0x80,0x03,0x80,0x00,0x00,0x04,0x00,0x7F,0xE0,0x20,
    0x00,0x3F,0xC0,0x00,0x00,0x3F,0xC0,0x20,0x40,0x3F,0xC0,0x3F,0xC0,0x20,0x40,0x3F,
    0xC0,0x00,0x00,0x7F,0xE0,0x04,0x00,0x3F,0x80,0x20,0x40,0x3F,0x80,0x20,0x40,0x3F,
    0xC0,0x3F,0x80,0x20,0x40,0x7F,0xE0,0x00,0x00,0x20,0x00,0x27,0xE0,0x24,0x20,0x7C,
    0x20,0x27,0xE0,0x34,0x20,0x6C,0x20,0xE7,0xE0,0x24,0x20,0x27,0xE0,0x24,0x20,0x00,
    0x00,0x00,0x80,0x72,0x80,0x52,0x40,0x54,0x40,0x7C,0x20,0x57,0xE0,0x72,0x40,0x52,
    0x40,0x52,0x40,0x74,0x40,0x09,0x80,0x00,0x00,0x3F,0xC0,0x22,0x00,0x3F,0xE0,0x22,
    0x00,0x2F,0xC0,0x2F,0xC0,0x28,0x40,0x4F,0xC0,0x48,0x40,0xCF,0xC0,0x00,0x00,0x00,
    0x00,0x04,0x00,0x15,0x80,0x24,0xC0,0x43,0x20,0x1C,0x00,0xFF,0xC0,0x3F,0xC0,0x20,
    0x40,0x3F,0xC0,0x20,0x40,0x3F,0xC0,0x00,0x00,0x3F,0xE0,0x22,0x20,0x3F,0xE0,0x20,
    0x00,0x2F,0xC0,0x2F,0xC0,0x48,0x40,0x4F,0xC0,0x48,0x40,0x8F,0xC0,0x00,0x00,0x00,
    0x00,0x7F,0xC0,0x04,0x00,0x3B,0xC0,0x7F,0xE0,0x10,0x00,0x3F,0x80,0x5F,0x80,0x9F,
    0xC0,0x10,0x40,0x1F,0x80,0x00,0x00,0x00,0x00,0x04,0x00,0x7F,0xE0,0x04,0x00,0x3F,
    0x80,0x3F,0x80,0x3F,0x80,0x20,0x80,0x3F,0x80,0xFF,0xE0,0x19,0x80,0x60,0x60,0x00,
    0x00,0x77,0xE0,0x54,0x20,0x54,0x20,0x77,0xC0,0x54,0x80,0x57,0xE0,0x74,0x80,0x54,
    0x80,0x75,0x60,0x06,0x60,0x00,0x00,0x00,0x00,0x77,0xE0,0x50,0x00,0x51,0x00,0x77,
    0xC0,0x50,0x40,0x70,0x80,0x51,0x00,0x56,0x00,0x76,0x00,0x09,0xE0,0x00,0x00,0x01,
    0x00,0x70,0x80,0x4F,0xE0,0x49,0x00,0x72,0x60,0x4D,0xC0,0x4E,0x80,0x79,0x40,0x4A,
    0x40,0x7F,0xE0,0x04,0x20,0x00,0x00,0x01,0x00,0x75,0x20,0x55,0x40,0x53,0x40,0x71,
    0x00,0x57,0xE0,0x71,0x80,0x53,0x40,0x55,0x60,0x79,0x30,0x01,0x00,0x00,0x00,0x77,
    0xE0,0x54,0x00,0x57,0xE0,0x74,0x80,0x57,0xC0,0x54,0x80,0x74,0x80,0x57,0xE0,0x74,
    0x00,0x07,0xE0,0x24,0xC0,0x14,0x80,0x7F,0xE0,0x04,0x00,0x7F,0xE0,0x10,0x80,0x7F,
    0xC0,0x9F,0xB0,0x3F,0x80,0x20,0x80,0x1F,0x80,0x00,0x00,0x02,0x80,0x72,0x80,0x5A,
    0xA0,0x56,0xC0,0x76,0xC0,0x52,0x80,0x76,0xC0,0x5A,0xA0,0x52,0x80,0x74,0xA0,0x08,
    0xE0,0x00,0x00,0x77,0xC0,0x54,0x40,0x57,0xC0,0x74,0x40,0x57,0xC0,0x75,0x20,0x55,
    0x40,0x54,0x80,0x75,0x40,0x06,0x20,0x00,0x00,0x00,0x00,0x10,0x80,0x7B,0xE0,0x04,
    0x00,0x7F,0xC0,0xEF,0xE0,0x10,0x00,0x1F,0xC0,0x3F,0xC0,0xD0,0x40,0x1F,0xC0,0x1F,
    0xC0,0x00,0x00,0x02,0x00,0x73,0x80,0x54,0x80,0x5F,0xC0,0x71,0x40,0x5F,0xE0,0x71,
    0x40,0x51,0x40,0x57,0x80,0x71,0x00,0x03,0x00,0x01,0x00,0x77,0xE0,0x51,0x00,0x57,
    0xE0,0x7F,0xE0,0x50,0x00,0x57,0xC0,0x77,0xC0,0x57,0xC0,0x74,0x40,0x04,0xC0,0x00,
    0x00,0x77,0xC0,0x51,0x00,0x5F,0xE0,0x75,0x40,0x5F,0xE0,0x75,0x40,0x55,0x40,0x5F,
    0xE0,0x71,0x00,0x07,0xE0,0x00,0x00,0x10,0x00,0x1F,0xC0,0x11,0x40,0x7D,0x80,0x5D,
    0xC0,0x52,0x20,0x3F,0xC0,0x3F,0xC0,0x20,0x40,0x3F,0xC0,0x3F,0xC0,0x00,0x00,0x01,
    0x00,0x71,0x00,0x57,0xE0,0x51,0x00,0x77,0xE0,0x52,0xC0,0x5D,0x20,0x77,0xC0,0x51,
    0x00,0x71,0x00,0x0F,0xE0,0x01,0x00,0x7F,0xE0,0x51,0x00,0x57,0xC0,0x71,0x40,0x5F,
    0xE0,0x77,0xC0,0x55,0x00,0x55,0xE0,0x7B,0x00,0x19,0xE0,0x00,0x00,0x77,0xE0,0x55,
    0x20,0x55,0x40,0x73,0xC0,0x51,0x00,0x57,0xE0,0x71,0x80,0x53,0x40,0x7D,0x20,0x01,
    0x00,0x00,0x00,0x00,0x00,0x01,0x00,0x71,0x20,0x57,0xC0,0x51,0x40,0x77,0xE0,0x53,
    0x00,0x57,0xC0,0x7C,0x40,0x53,0xC0,0x74,0x40,0x03,0xC0,0x00,0x00,0x02,0x80,0x72,
    0x80,0x57,0xE0,0x52,0x80,0x77,0xC0,0x55,0x20,0x75,0x20,0x57,0xC0,0x55,0x20,0x77,
    0xE0,0x04,0x20,0x00,0x00,0x00,0x80,0x7E,0x80,0x55,0xA0,0x55,0xA0,0x7F,0xA0,0x55,
    0xC0,0x56,0x80,0x7E,0xC0,0x55,0x40,0x55,0x20,0x26,0x20,0x00,0x00,0x01,0x00,0x73,
    0xC0,0x54,0x20,0x57,0xC0,0x71,0x00,0x57,0xC0,0x5F,0xE0,0x71,0x00,0x57,0xC0,0x74,
    0x40,0x07,0xC0,0x00,0x00,0x02,0x80,0x7F,0xE0,0x52,0x80,0x5F,0xE0,0x72,0x80,0x57,
    0xE0,0x5A,0xA0,0x7A,0xA0,0x5B,0xE0,0x75,0x20,0x08,0x60,0x00,0x00,0x10,0x80,0x75,
    0xA0,0x7D,0x40,0x5F,0x40,0x74,0xC0,0x57,0x20,0x3F,0xC0,0x3F,0xC0,0x20,0x40,0x3F,
    0xC0,0x3F,0xC0,0x00,0x00,0x02,0x80,0x74,0x80,0x57,0xE0,0x54,0x80,0x7F,0xE0,0x57,
    0xE0,0x54,0x80,0x77,0xE0,0x56,0xA0,0x7A,0xA0,0x0A,0xA0,0x00,0x00,0x7F,0xE0,0x5F,
    0xE0,0x5C,0x60,0x7B,0x80,0x5B,0xC0,0x7B,0xC0,0x5B,0xC0,0x5C,0xA0,0x7F,0xE0,0x14,
    0x60,0x00,0x00,0x00,0x00,0x00,0x80,0x7F,0x40,0x5A,0xA0,0x54,0xC0,0x77,0xC0,0x5B,
    0xA0,0x54,0x40,0x75,0x40,0x52,0x80,0x72,0x80,0x0F,0xE0,0x7F,0xC0,0x55,0x40,0x55,
    0x40,0x7A,0xA0,0x5C,0x40,0x56,0xE0,0x7B,0x40,0x57,0xE0,0x74,0x40,0x08,0x40,0x00,
    0x00,0x00,0x00,0x01,0x00,0x7F,0xE0,0x52,0x80,0x5F,0xE0,0x72,0x80,0x55,0x40,0x57,
    0xC0,0x77,0xC0,0x57,0xE0,0x71,0x00,0x0F,0xE0,0x02,0x00,0x77,0xC0,0x5E,0xA0,0x59,
    0x40,0x7A,0xA0,0x57,0xE0,0x5B,0xC0,0x7B,0xC0,0x59,0xC0,0x7A,0x20,0x1B,0xC0,0x00,
    0x00,0x04,0x00,0x7F,0xE0,0x3B,0x80,0x3F,0x80,0x3F,0x80,0x40,0x60,0x7F,0xE0,0x7B,
    0x60,0x4B,0xE0,0x7B,0xC0,0x7F,0xE0,0x3F,0xC0,0x10,0x80,0x0F,0x00,0x02,0x00,0x7F,
    0xE0,0x0A,0x40,0x12,0x80,0x22,0x00,0xC2,0x00,0x0E,0x00,0x00,0x00,0x00,0x00,0x10,
    0x00,0x10,0x00,0x3F,0xC0,0x24,0x00,0x44,0x00,0x04,0x00,0x7F,0xE0,0x06,0x00,0x09,
    0x00,0x10,0x80,0x60,0x60,0x00,0x00,0x04,0x00,0x09,0x00,0x33,0x80,0x2C,0x40,0x10,
    0x00,0x3F,0xC0,0x44,0x00,0x7F,0xE0,0x06,0x00,0x19,0x80,0x60,0x60,0x00,0x00,0x20,
    0x00,0x23,0xC0,0x7E,0x40,0x52,0x40,0x52,0x40,0x7E,0x40,0x12,0x40,0x12,0x40,0x2A,
    0x40,0x27,0xC0,0x42,0x40,0x00,0x00,0x20,0x00,0x47,0xE0,0x7C,0x00,0x54,0x00,0x57,
    0xC0,0x7C,0x40,0x24,0x40,0x37,0xC0,0x34,0x00,0x4C,0x00,0xC7,0xE0,0x00,0x00,0x20,
    0x00,0x47,0xE0,0x79,0x00,0x61,0x00,0x2E,0xE0,0x7A,0x80,0x24,0x60,0x2A,0xB0,0x32,
    0x80,0x4C,0x80,0xCC,0x80,0x00,0x00,0x20,0x00,0x27,0xE0,0x78,0x00,0x57,0xC0,0x94,
    0x40,0x7C,0x40,0x17,0xC0,0x32,0x40,0x3A,0x40,0x4A,0x80,0xCF,0xE0,0x00,0x00,0x60,
    0x00,0x47,0xE0,0x71,0x00,0x6F,0xE0,0xE3,0x80,0xFD,0x60,0x22,0x00,0x2F,0xE0,0x36,
    0x80,0x49,0x80,0xCE,0x60,0x00,0x00,0x7F,0xE0,0x04,0x00,0x08,0x00,0x18,0x00,0x1F,
    0xC0,0x70,0x40,0xD0,0x40,0x10,0x40,0x1F,0xC0,0x10,0x40,0x00,0x00,0x01,0x00,0x79,
    0x00,0x23,0xE0,0x22,0x20,0x26,0x20,0x5F,0x40,0xC9,0x40,0xC8,0x80,0x49,0x00,0x3A,
    0x00,0x04,0x00,0x00,0x00,0x7B,0x80,0x22,0x40,0x22,0x40,0x3B,0x40,0x4D,0x40,0xAC,
    0x80,0x2C,0x40,0x2C,0x60,0x3C,0x60,0x08,0x60,0x00,0x00,0x00,0x80,0x78,0x80,0x23,
    0xE0,0x22,0x00,0x42,0x00,0x7A,0x00,0xAC,0x00,0x2C,0x00,0x2C,0x00,0x34,0x00,0x08,
    0x00,0x00,0x00,0x7F,0xC0,0x22,0x40,0x22,0x40,0x22,0x40,0x5B,0xE0,0xA8,0x20,0x28,
    0x20,0x2F,0xA0,0x38,0x20,0x00,0xC0,0x00,0x00,0x01,0x00,0x79,0x00,0x23,0x40,0x23,
    0x40,0x25,0x20,0x5D,0x20,0xAD,0x40,0x28,0xC0,0x29,0x80,0x33,0x00,0x0C,0x00,0x00,
    0x00,0x04,0x00,0x7D,0xE0,0x24,0xA0,0x26,0xA0,0x7C,0xA0,0x55,0x20,0xD5,0x20,0x57,
    0x20,0x55,0x20,0x72,0x20,0x02,0xC0,0x00,0x00,0x02,0x00,0x7A,0x00,0x23,0xE0,0x24,
    0x20,0x45,0x40,0x79,0x00,0xA9,0x00,0x29,0x80,0x2A,0x80,0x3C,0x40,0x08,0x20,0x00,
    0x00,0x00,0x80,0x7C,0x80,0x24,0xA0,0x24,0xA0,0x77,0xC0,0x54,0x80,0xD4,0x80,0xD4,
    0x80,0x55,0xA0,0x37,0xA0,0x04,0xE0,0x00,0x00,0x7F,0xE0,0x22,0x40,0x22,0x40,0x32,
    0x40,0x4F,0xE0,0xAA,0x40,0x2A,0x40,0x2A,0x40,0x34,0x40,0x0C,0x40,0x00,0x00,0x01,
    0x00,0x79,0x00,0x27,0xE0,0x22,0x00,0x3F,0xE0,0x4A,0x00,0xAB,0xC0,0x28,0x40,0x2E,
    0xC0,0x39,0x80,0x00,0xC0,0x00,0x00,0x7F,0xC0,0x24,0x40,0x25,0x40,0x65,0x40,0x55,
    0x40,0xD5,0x40,0x55,0xC0,0x52,0xA0,0x32,0xA0,0x0C,0xE0,0x00,0x00,0x00,0x00,0x01,
    0x00,0x79,0x00,0x21,0xE0,0x21,0x00,0x21,0x00,0x79,0x00,0x4A,0xE0,0xAA,0x20,0x2A,
    0x20,0x3A,0x20,0x03,0xE0,0x00,0x00,0x7F,0xE0,0x21,0x00,0x25,0x20,0x43,0x40,0x7B,
    0x40,0xAF,0xE0,0x29,0x00,0x29,0x00,0x31,0x00,0x01,0x00,0x00,0x00,0x01,0x00,0x79,
    0x00,0x27,0xE0,0x25,0x20,0x45,0x00,0x77,0xC0,0xD6,0x40,0x55,0x40,0x55,0x80,0x39,
    0xC0,0x0E,0x20,0x00,0x00,0x01,0x00,0x79,0x00,0x27,0xE0,0x25,0x20,0x45,0x20,0x77,
    0xE0,0xD5,0x20,0x55,0x20,0x57,0xE0,0x31,0x00,0x01,0x00,0x00,0x00,0x77,0xE0,0x24,
    0x80,0x27,0xE0,0x66,0xA0,0x56,0xA0,0xD6,0xA0,0x56,0xA0,0x56,0xC0,0x74,0x80,0x07,
    0xE0,0x00,0x00,0x7B,0xE0,0x24,0x00,0x24,0x80,0x64,0x80,0x57,0xE0,0xB0,0x80,0x32,
    0xC0,0x34,0xA0,0x34,0xA0,0x07,0x00,0x00,0x00,0x00,0x00,0x01,0x00,0x7D,0x20,0x25,
    0x20,0x25,0x20,0x25,0x20,0x57,0xC0,0x55,0x20,0xD5,0x20,0x55,0x20,0x75,0x20,0x07,
    0xE0,0x00,0x00,0x01,0x00,0x79,0x00,0x27,0xE0,0x21,0x00,0x27,0xE0,0x70,0x00,0x49,
    0x00,0xAF,0xE0,0x29,0x00,0x29,0x00,0x17,0xE0,0x7F,0xE0,0x22,0x80,0x23,0xC0,0x76,
    0xA0,0x56,0xA0,0xD6,0xA0,0x56,0xE0,0x54,0x20,0x77,0xE0,0x04,0x20,0x00,0x00,0x00,
    0x00,0x7F,0xE0,0x21,0x00,0x27,0xC0,0x64,0x40,0x55,0x40,0xD5,0x40,0x55,0x40,0x55,
    0xC0,0x32,0x40,0x0C,0x20,0x00,0x00,0x01,0x00,0x7D,0x20,0x23,0x40,0x21,0x00,0x46,
    0xE0,0x74,0x20,0xD7,0xE0,0x54,0x20,0x57,0xE0,0x34,0x20,0x04,0xC0,0x00,0x00,0x01,
    0x00,0x71,0x00,0x27,0xE0,0x22,0x80,0x44,0xC0,0x7B,0x20,0xD5,0x40,0x55,0x40,0x55,
    0x40,0x75,0x60,0x19,0x60,0x00,0x00,0x7F,0xE0,0x21,0x00,0x27,0xE0,0x75,0x20,0x57,
    0xE0,0xD5,0x20,0x57,0xC0,0x53,0x00,0x33,0x00,0x0C,0xE0,0x00,0x00,0x00,0x00,0x01,
    0x00,0x7B,0xC0,0x24,0xC0,0x2F,0xE0,0x45,0x20,0x77,0xE0,0xD5,0x20,0x55,0x20,0x57,
    0xE0,0x35,0x20,0x09,0x40,0x00,0x00,0x01,0x00,0x79,0x80,0x22,0x80,0x24,0x40,0x4B,
    0xF0,0x71,0x00,0xD5,0x40,0x55,0x40,0x53,0x40,0x30,0x80,0x07,0xE0,0x76,0xE0,0x2A,
    0xA0,0x2A,0xA0,0x76,0xE0,0x5A,0xA0,0xDA,0xA0,0x5E,0xE0,0x5A,0xA0,0x7B,0x20,0x1F,
    0x60,0x00,0x00,0x00,0x00,0x77,0xE0,0x25,0x20,0x27,0xA0,0x45,0x20,0x77,0xE0,0xD4,
    0x20,0x57,0xA0,0x5A,0xA0,0x7B,0xA0,0x08,0xE0,0x00,0x00,0x7F,0xC0,0x20,0x40,0x27,
    0xC0,0x40,0x40,0x77,0xA0,0xD5,0xA0,0x53,0xC0,0x53,0x40,0x3D,0x20,0x03,0x00,0x00,
    0x00,0x00,0x00,0x7F,0xC0,0x27,0xC0,0x24,0x40,0x67,0xC0,0x57,0xA0,0xD0,0x40,0x57,
    0xE0,0x54,0x40,0x32,0x40,0x01,0xC0,0x00,0x00,0x00,0x00,0x01,0x00,0x79,0x00,0x27,
    0xE0,0x22,0x40,0x42,0xC0,0x75,0xA0,0xD8,0x20,0x51,0x00,0x57,0xE0,0x31,0x00,0x01,
    0x00,0x00,0x00,0x01,0x00,0x7B,0xC0,0x25,0x20,0x25,0x20,0x47,0xE0,0x75,0x20,0xD7,
    0xC0,0x52,0x80,0x5F,0xE0,0x70,0x80,0x00,0x80,0x00,0x00,0x01,0x00,0x71,0x00,0x26,
    0xE0,0x26,0x20,0x47,0xE0,0x75,0xA0,0xDE,0xA0,0x5A,0xC0,0x52,0xA0,0x34,0xA0,0x08,
    0xE0,0x00,0x00,0x72,0x80,0x27,0xC0,0x26,0xA0,0x46,0xA0,0x77,0xE0,0xD6,0xA0,0x5F,
    0xE0,0x50,0x00,0x76,0xC0,0x0C,0x20,0x00,0x00,0x00,0x00,0x01,0x40,0x75,0x40,0x2F,
    0xE0,0x25,0x40,0x45,0xC0,0x77,0xE0,0xD1,0x00,0x5F,0xE0,0x53,0x80,0x35,0x70,0x09,
    0x20,0x00,0x00,0x01,0x00,0x7B,0xC0,0x14,0x40,0x7B,0xC0,0x1C,0x40,0x63,0x80,0x7F,
    0xE0,0x18,0x00,0x3F,0xC0,0xD0,0x40,0x1F,0xC0,0x00,0x00,0x02,0x40,0x7A,0x40,0x27,
    0xE0,0x22,0x80,0x4A,0xA0,0x76,0xA0,0xD6,0xA0,0x56,0xC0,0x52,0x80,0x32,0x80,0x0F,
    0xE0,0x00,0xC0,0x70,0xC0,0x27,0xE0,0x28,0x80,0x4B,0xA0,0x78,0xA0,0xDB,0xC0,0x5D,
    0x40,0x5B,0xA0,0x78,0xE0,0x19,0x60,0x00,0x00,0x01,0x00,0x75,0x20,0x27,0xE0,0x24,
    0x00,0x4F,0xE0,0x75,0x00,0xD6,0xA0,0x56,0xC0,0x55,0x80,0x79,0x40,0x16,0x20,0x00,
    0x00,0x01,0x00,0x7F,0x60,0x21,0x80,0x23,0x40,0x6D,0x30,0x57,0xC0,0xD7,0xC0,0x54,
    0x40,0x57,0xC0,0x30,0x00,0x0F,0xE0,0x77,0xE0,0x24,0x20,0x27,0xE0,0x65,0x40,0x57,
    0xE0,0xD5,0x40,0x57,0xA0,0x5A,0xE0,0x3A,0x40,0x0B,0x20,0x00,0x00,0x06,0x40,0x72,
    0x40,0x2F,0xE0,0x24,0x80,0x45,0xA0,0x7B,0x40,0xDF,0xC0,0x54,0x40,0x56,0xC0,0x7A,
    0xE0,0x0D,0x20,0x00,0x00,0x01,0x00,0x75,0xA0,0x22,0x40,0x22,0x80,0x47,0xE0,0x71,
    0x00,0xDF,0xE0,0x52,0x00,0x53,0xC0,0x74,0x40,0x09,0xC0,0x00,0x00,0x7F,0xE0,0x10,
    0x00,0x3F,0xC0,0x5F,0xC0,0x00,0x00,0x7F,0xE0,0x21,0x00,0x7B,0xC0,0xA5,0x20,0x39,
    0xC0,0x00,0x00,0x00,0x00,0x02,0x40,0x72,0x40,0x27,0xE0,0x21,0x00,0x47,0xE0,0x71,
    0x00,0xDE,0xE0,0x52,0xC0,0x55,0x00,0x79,0x00,0x07,0xE0,0x10,0x00,0x3D,0xC0,0x36,
    0x60,0x7F,0xC0,0x35,0x40,0x55,0xC0,0x4A,0x20,0x7F,0xE0,0x1F,0xC0,0xF0,0x40,0x1F,
    0xC0,0x00,0x00,0x01,0x00,0x71,0x00,0x27,0xC0,0x2D,0x60,0x42,0x80,0x74,0x40,0xDF,
    0xA0,0x57,0xC0,0x5A,0xC0,0x7A,0xC0,0x0F,0xE0,0x02,0x00,0x3F,0xE0,0x28,0x80,0x3F,
    0xE0,0x2C,0xC0,0x3B,0xA0,0x3B,0xE0,0x44,0x00,0x4F,0xC0,0x78,0x40,0x8F,0xC0,0x00,
    0x00,0x05,0x00,0x75,0x60,0x23,0x40,0x2D,0xA0,0x47,0x40,0x7D,0x70,0xD6,0xE0,0x5B,
    0x40,0x57,0xE0,0x74,0x40,0x08,0x40,0x00,0x00,0x02,0x80,0x77,0xE0,0x22,0x80,0x2F,
    0xE0,0x41,0x00,0x77,0xC0,0xD7,0xE0,0x55,0x20,0x57,0xC0,0x32,0xC0,0x0C,0x20,0x00,
    0x00,0x02,0x80,0x7C,0x80,0x27,0xE0,0x24,0x80,0x4F,0xE0,0x77,0xE0,0xD4,0x80,0x57,
    0xE0,0x54,0xA0,0x36,0xA0,0x09,0xA0,0x00,0x00,0x3F,0xC0,0x00,0x00,0x00,0x00,0x7F,
    0xE0,0x04,0x00,0x14,0x80,0x24,0x40,0x24,0x40,0xC4,0x20,0x0C,0x00,0x00,0x00,0x21,
    0x00,0x11,0x00,0x79,0x00,0x09,0x00,0x11,0x00,0x11,0x00,0x3D,0x00,0xD5,0x00,0x11,
    0x20,0x11,0x20,0x11,0xE0,0x00,0x00,0x21,0x00,0x21,0x00,0x79,0x00,0x11,0x00,0x17,
    0xE0,0x31,0x00,0x69,0x00,0xA5,0x00,0x21,0x00,0x21,0x00,0x2F,0xE0,0x00,0x00,0x20,
    0x00,0x13,0xE0,0x7A,0x40,0x0A,0x40,0x12,0x40,0x32,0xC0,0x5E,0x40,0x96,0x20,0x12,
    0x20,0x12,0xC0,0x12,0x00,0x00,0x00,0x20,0x00,0x23,0xE0,0x74,0x00,0x14,0x00,0x14,
    0x00,0x37,0xE0,0x6C,0x80,0xA4,0x80,0x24,0x80,0x24,0x80,0x28,0x80,0x00,0x00,0x20,
    0x00,0x27,0xC0,0x74,0x40,0x14,0x40,0x17,0xC0,0x34,0x40,0x6C,0x40,0xA7,0xC0,0x24,
    0x40,0x24,0x40,0x2F,0xE0,0x00,0x00,0x20,0x00,0x27,0xC0,0x74,0x40,0x14,0x40,0x24,
    0x40,0x27,0xC0,0x7A,0x80,0xA2,0x80,0x22,0xA0,0x24,0xA0,0x28,0xE0,0x00,0x00,0x21,
    0x00,0x21,0x00,0x77,0xE0,0x15,0x20,0x25,0x20,0x37,0xE0,0x6D,0x20,0xA5,0x20,0x27,
    0xE0,0x21,0x00,0x21,0x00,0x00,0x00,0x04,0x00,0x24,0x40,0x3F,0xC0,0x44,0x40,0x3F,
    0xC0,0x3F,0xC0,0x00,0x00,0x7F,0xE0,0x14,0x00,0x25,0xC0,0xCC,0x20,0x00,0x00,0x26,
    0x40,0x22,0x40,0x77,0xE0,0x11,0x00,0x11,0x00,0x37,0xE0,0x69,0x00,0xAF,0xE0,0x21,
    0x00,0x21,0x00,0x21,0x00,0x00,0x00,0x7F,0xE0,0x3F,0x80,0x49,0x40,0x3F,0xC0,0x00,
    0x00,0x3F,0xC0,0x7F,0xE0,0x04,0x00,0x34,0xC0,0x4C,0x20,0x00,0x00,0x12,0x00,0x1F,
    0xE0,0x26,0x40,0x59,0x40,0xE8,0x80,0x3F,0x40,0x40,0x30,0xBF,0xC0,0x12,0x80,0x24,
    0x40,0x4C,0x20,0x00,0x00,0x21,0x00,0x21,0x00,0x77,0xE0,0x17,0xC0,0x22,0x00,0x2F,
    0xE0,0x7C,0x40,0xA7,0xE0,0x2A,0x40,0x31,0x40,0x21,0xC0,0x00,0x00,0x20,0x00,0x27,
    0xC0,0x74,0x40,0x17,0xC0,0x21,0x00,0x2F,0xE0,0x79,0x20,0xA9,0xA0,0x2A,0xE0,0x2C,
    0x20,0x28,0xE0,0x00,0x00,0x10,0x80,0x7E,0xE0,0x11,0x80,0x3E,0xC0,0xD4,0xA0,0x3F,
    0xC0,0x00,0x00,0x7F,0xE0,0x13,0x00,0x32,0xC0,0x4C,0x20,0x00,0x00,0x20,0x00,0x27,
    0xC0,0x70,0x40,0x17,0xC0,0x2E,0xE0,0x21,0x00,0x75,0x20,0xA5,0xC0,0x27,0x40,0x29,
    0x20,0x23,0x00,0x00,0x00,0x20,0x00,0x2F,0xE0,0x70,0x00,0x17,0xC0,0x27,0xC0,0x20,
    0x00,0x7F,0xE0,0xA5,0x20,0x27,0xE0,0x25,0x20,0x27,0xE0,0x00,0x00,0x7F,0xC0,0x04,
    0x00,0x3F,0xC0,0x24,0x40,0x1F,0x80,0x7F,0xC0,0x44,0x40,0x45,0x40,0x5A,0xC0,0x40,
    0xC0,0x00,0x00,0x00,0x00,0x04,0x00,0x7F,0xE0,0x19,0x00,0x26,0x40,0x39,0x40,0x3F,
    0xC0,0x04,0x00,0x7F,0xC0,0x49,0x40,0x5F,0xC0,0x40,0xC0,0x00,0x00,0x04,0x00,0x0B,
    0x00,0x76,0xC0,0x9D,0x20,0x2E,0x40,0x39,0x40,0x3F,0xC0,0x3F,0xC0,0x49,0x40,0x5F,
    0x40,0x40,0xC0,0x00,0x00,0x3F,0xC0,0x04,0x00,0x04,0x00,0x7F,0xE0,0x06,0x00,0x0D,
    0x00,0x14,0x80,0x24,0x40,0xC4,0x20,0x04,0x00,0x00,0x00,0x00,0x00,0x3F,0xC0,0x04,
    0x00,0x7F,0xE0,0x0D,0x00,0x34,0xC0,0x5F,0x20,0x09,0x00,0x08,0xC0,0x10,0x40,0x61,
    0x80,0x00,0x00,0x00,0x00,0x01,0x00,0x7D,0x00,0x11,0x00,0x11,0x00,0x7D,0x00,0x32,
    0x80,0x7A,0x40,0x56,0x40,0x94,0x40,0x17,0xE0,0x10,0x20,0x00,0x00,0x7F,0xC0,0x04,
    0x00,0x7F,0xE0,0x0F,0x00,0x34,0x80,0xC0,0x60,0x1F,0x00,0x11,0x20,0x11,0x20,0x61,
    0xE0,0x00,0x00,0x00,0x00,0x7B,0xE0,0x10,0x80,0x10,0x80,0x78,0x80,0x27,0xE0,0x38,
    0x80,0x58,0x80,0x90,0x80,0x10,0x80,0x10,0x80,0x00,0x00,0x00,0x00,0x3F,0xC0,0x7F,
    0xE0,0x04,0x00,0x3F,0xC0,0x7F,0xE0,0x04,0x40,0x3F,0xC0,0x0E,0x00,0x35,0xC0,0xC4,
    0x20,0x00,0x00,0x00,0x00,0x01,0x00,0x79,0x00,0x25,0x20,0x25,0x40,0x7D,0x40,0x23,
    0x40,0x71,0x00,0x69,0x80,0xA2,0x80,0x24,0x40,0x28,0x20,0x00,0x00,0x01,0x00,0x79,
    0x00,0x23,0xC0,0x25,0x20,0x7D,0x20,0x25,0x20,0x75,0x20,0x6F,0xE0,0xA1,0x00,0x21,
    0x00,0x21,0x00,0x00,0x00,0x00,0x80,0x7A,0x80,0x22,0x80,0x21,0x80,0x7C,0x80,0x22,
    0x80,0x31,0x80,0x6F,0xE0,0xA0,0x80,0x20,0x80,0x20,0x80,0x00,0x00,0x01,0x00,0x79,
    0x00,0x23,0x40,0x25,0x40,0x7D,0x20,0x25,0x30,0x7D,0x40,0x68,0xC0,0xA1,0x80,0x22,
    0x00,0x2C,0x00,0x00,0x00,0x02,0x00,0x79,0x40,0x20,0xC0,0x22,0x40,0x76,0x40,0x26,
    0xA0,0x7B,0x20,0x6B,0x20,0xA2,0x40,0x2E,0x40,0x3B,0xC0,0x00,0x00,0x7F,0xC0,0x24,
    0x40,0x24,0x40,0x7F,0xC0,0x24,0x40,0x7C,0x40,0x6F,0xC0,0xA4,0x40,0x24,0x40,0x2F,
    0xE0,0x00,0x00,0x00,0x00,0x7F,0xE0,0x21,0x00,0x25,0x60,0x7B,0x40,0x23,0x40,0x77,
    0xE0,0x69,0x00,0xA1,0x00,0x21,0x00,0x21,0x00,0x00,0x00,0x00,0x00,0x04,0x00,0x7F,
    0xC0,0x04,0x00,0x3F,0xC0,0x6E,0xE0,0x11,0x00,0x2F,0xC0,0xC4,0x20,0x3F,0x80,0x1F,
    0x80,0x64,0x40,0x00,0x00,0x01,0x00,0x79,0x00,0x27,0xC0,0x25,0x40,0x7D,0x40,0x35,
    0x40,0x7F,0xE0,0x69,0x00,0xA2,0x80,0x26,0x40,0x38,0x20,0x00,0x00,0x01,0x00,0x7D,
    0x00,0x25,0x00,0x27,0xE0,0x7D,0x00,0x21,0x00,0x7F,0xE0,0x69,0x80,0xA2,0x80,0x26,
    0x40,0x28,0x20,0x00,0x00,0x7F,0xC0,0x24,0x40,0x24,0x40,0x7C,0x40,0x34,0x40,0x7F,
    0xC0,0x6A,0x80,0xA2,0x40,0x24,0x20,0x28,0x20,0x00,0x00,0x00,0x00,0x02,0x00,0x7A,
    0x00,0x27,0xE0,0x24,0x40,0x7D,0x40,0x25,0x40,0x7D,0x40,0x75,0x40,0xA9,0x20,0x29,
    0x20,0x23,0x00,0x00,0x00,0x01,0x00,0x79,0x00,0x27,0xE0,0x21,0x00,0x79,0x00,0x26,
    0xE0,0x70,0x00,0x6F,0xC0,0xA4,0x40,0x24,0x40,0x27,0xC0,0x00,0x00,0x01,0x00,0x79,
    0xE0,0x22,0x20,0x26,0xC0,0x79,0x00,0x2F,0x80,0x73,0xE0,0x6E,0x40,0xA9,0xC0,0x21,
    0x00,0x2E,0x00,0x00,0x00,0x01,0x00,0x7D,0x20,0x25,0x20,0x27,0xE0,0x72,0x00,0x33,
    0xE0,0x6C,0x40,0x6B,0x40,0xA0,0x80,0x23,0x00,0x2C,0x00,0x00,0x00,0x00,0x20,0x76,
    0xC0,0x23,0x80,0x2E,0x60,0x7F,0xE0,0x32,0x00,0x75,0x00,0x6F,0xE0,0xB5,0x20,0x25,
    0x60,0x21,0x00,0x00,0x00,0x7F,0xC0,0x24,0x40,0x27,0xC0,0x78,0x00,0x27,0xE0,0x31,
    0x00,0x6F,0xC0,0xA1,0x00,0x21,0x00,0x2F,0xE0,0x00,0x00,0x00,0x00,0x01,0x00,0x75,
    0x20,0x23,0x40,0x21,0x00,0x7E,0xE0,0x24,0x20,0x77,0xE0,0x6C,0x20,0xA7,0xE0,0x24,
    0x20,0x24,0xC0,0x00,0x00,0x00,0x40,0x76,0x40,0x22,0x80,0x27,0xC0,0x74,0x40,0x24,
    0x40,0x77,0xC0,0x6A,0x80,0xA2,0xA0,0x24,0xA0,0x28,0xE0,0x00,0x00,0x01,0x00,0x73,
    0xC0,0x25,0x20,0x25,0x20,0x77,0xE0,0x25,0x20,0x77,0xC0,0x6A,0x80,0xAF,0xE0,0x20,
    0x80,0x20,0x80,0x00,0x00,0x02,0x80,0x7A,0x80,0x27,0xE0,0x24,0x80,0x7C,0x80,0x2F,
    0xE0,0x74,0x80,0x6F,0xE0,0xA4,0x80,0x27,0xE0,0x24,0x00,0x00,0x00,0x77,0xE0,0x29,
    0x20,0x2B,0xA0,0x79,0x20,0x2B,0xA0,0x78,0x20,0x6B,0xA0,0xAA,0xA0,0x2B,0xA0,0x38,
    0xC0,0x00,0x00,0x00,0x00,0x02,0x00,0x73,0xC0,0x24,0x80,0x2F,0xC0,0x70,0x40,0x27,
    0xC0,0x7E,0xC0,0x61,0x00,0xAB,0x60,0x2A,0x60,0x2B,0xA0,0x00,0x00,0x7F,0xE0,0x25,
    0x20,0x25,0x40,0x74,0x40,0x36,0xE0,0x74,0x20,0x6E,0xE0,0xA4,0x20,0x24,0x20,0x27,
    0xE0,0x00,0x00,0x00,0x00,0x01,0x00,0x77,0xC0,0x28,0x20,0x2F,0xE0,0x71,0x00,0x27,
    0x60,0x7B,0x80,0x65,0x40,0xAA,0xC0,0x24,0xB0,0x2B,0x00,0x00,0x00,0x02,0x80,0x72,
    0x40,0x2F,0xA0,0x24,0xA0,0x7C,0xC0,0x27,0x20,0x77,0xC0,0x6F,0xC0,0xA7,0xC0,0x24,
    0x40,0x27,0xC0,0x00,0x00,0x01,0x00,0x7F,0xE0,0x20,0x00,0x27,0xC0,0x77,0xC0,0x20,
    0x00,0x77,0xE0,0x7B,0xA0,0xAA,0xA0,0x2B,0xA0,0x28,0x60,0x00,0x00,0x01,0x00,0x77,
    0xE0,0x24,0x20,0x27,0xE0,0x7F,0xE0,0x23,0x40,0x7C,0xA0,0x6F,0x40,0xA3,0xA0,0x2C,
    0xC0,0x2F,0x00,0x00,0x00,0x01,0x00,0x7F,0xE0,0x21,0x00,0x2F,0xE0,0x77,0xC0,0x2F,
    0xA0,0x71,0x40,0x6F,0xE0,0xAB,0x40,0x2B,0xE0,0x33,0xA0,0x00,0x00,0x04,0x00,0x04,
    0x00,0x7F,0xC0,0x40,0x20,0x49,0x20,0x09,0x00,0x09,0x00,0x11,0x80,0x10,0x80,0x20,
    0x40,0x40,0x20,0x00,0x00,0x04,0x00,0x02,0x00,0x7F,0xC0,0x49,0x20,0x30,0xC0,0x48,
    0x20,0x3F,0x00,0x09,0x00,0x09,0x20,0x11,0x20,0x60,0xE0,0x00,0x00,0x04,0x00,0x02,
    0x00,0x7D,0xE0,0x49,0x20,0x30,0xC0,0x48,0x20,0x7F,0xC0,0x08,0x40,0x08,0x40,0x30,
    0x80,0x63,0x80,0x00,0x00,0x04,0x00,0x02,0x00,0x7F,0xC0,0x49,0x20,0x19,0x80,0x60,
    0x60,0x3F,0xC0,0x04,0x00,0x04,0x00,0x04,0x00,0x7F,0xE0,0x04,0x00,0x7F,0xE0,0x42,
    0x20,0x59,0xA0,0x6E,0xE0,0x11,0x00,0x21,0x00,0x3F,0xE0,0x05,0x00,0x39,0x00,0xC7,
    0x00,0x00,0x00,0x04,0x00,0x02,0x00,0x7D,0xE0,0x4B,0x20,0x30,0xC0,0x45,0xA0,0x7F,
    0xE0,0x04,0x00,0x0E,0x00,0x19,0x80,0xE0,0x60,0x00,0x00,0x04,0x00,0x3F,0xC0,0x40,
    0x20,0x5B,0xA0,0x60,0x60,0x27,0xC0,0xFA,0x40,0x22,0x40,0x2A,0x40,0x34,0x40,0x09,
    0xC0,0x00,0x00,0x04,0x00,0x3F,0xC0,0x40,0x20,0x5B,0xA0,0x70,0x40,0x1F,0xE0,0x28,
    0x00,0x4F,0xC0,0x08,0x00,0x0F,0xC0,0x08,0x00,0x00,0x00,0x04,0x00,0x7F,0xE0,0x40,
    0x20,0x5B,0xA0,0x20,0x40,0x7F,0xE0,0x22,0x00,0x23,0xC0,0x20,0x40,0x78,0x40,0x01,
    0xC0,0x00,0x00,0x04,0x00,0x7F,0xE0,0x40,0x20,0x3B,0xC0,0x50,0x20,0x3F,0xC0,0x24,
    0x00,0x7F,0xE0,0x24,0x40,0x24,0x40,0x3F,0xC0,0x00,0x00,0x04,0x00,0x7F,0xC0,0x40,
    0x20,0x3B,0xC0,0x7F,0xE0,0x09,0x00,0x3F,0xC0,0x04,0x40,0x3F,0xC0,0x04,0x00,0x7F,
    0xE0,0x04,0x00,0x7F,0xE0,0x48,0x20,0x31,0xC0,0x52,0x20,0x2F,0xC0,0x7F,0xE0,0x00,
    0x00,0x3F,0xC0,0x20,0x40,0x3F,0xC0,0x00,0x00,0x04,0x00,0x7F,0xE0,0x49,0x20,0x74,
    0xC0,0x3F,0xE0,0x24,0x40,0x2F,0x40,0x3D,0x40,0x27,0x40,0x38,0x40,0x3F,0xC0,0x00,
    0x00,0x04,0x00,0x7F,0xC0,0x4B,0x20,0x30,0xC0,0x7F,0xC0,0x7F,0xE0,0x10,0x40,0x7F,
    0x80,0x3F,0xC0,0xD0,0x40,0x1F,0xC0,0x00,0x00,0x04,0x00,0x7F,0xE0,0x48,0x20,0x35,
    0xC0,0x7F,0xE0,0x24,0x40,0x3F,0xC0,0x3F,0xC0,0x24,0x40,0x3F,0xC0,0x04,0x00,0x00,
    0x00,0x04,0x00,0x7F,0xE0,0x49,0x20,0x30,0xC0,0x5F,0xA0,0x1B,0x80,0x04,0x00,0x3F,
    0xC0,0x26,0x40,0x39,0xC0,0x21,0xC0,0x00,0x00,0x04,0x00,0x7F,0xE0,0x49,0x20,0x70,
    0xE0,0x3F,0xC0,0x3F,0xC0,0x22,0x00,0x2F,0xC0,0x22,0x00,0x52,0x40,0xDF,0xC0,0x00,
    0x00,0x04,0x00,0x7F,0xE0,0x46,0x20,0x79,0xC0,0x27,0xC0,0x7C,0x40,0x25,0x40,0x7D,
    0x40,0x25,0x40,0x3B,0x20,0xCC,0xE0,0x00,0x00,0x04,0x00,0x7F,0xC0,0x4B,0x20,0x32,
    0xC0,0x75,0xC0,0x5B,0x80,0x6F,0xE0,0x55,0x00,0x5B,0xE0,0x77,0xC0,0x4F,0xE0,0x00,
    0x00,0x04,0x00,0x04,0x00,0x7F,0xE0,0x00,0x00,0x30,0x80,0x10,0x80,0x11,0x00,0x09,
    0x00,0x09,0x00,0x02,0x00,0x7F,0xE0,0x08,0x00,0x4F,0xC0,0x4A,0x40,0x4B,0x80,0x4B,
    0x80,0x4C,0x60,0x04,0x00,0x7F,0xC0,0x10,0x80,0x09,0x00,0x7F,0xE0,0x21,0x00,0x21,
    0x00,0x79,0xE0,0x01,0x00,0x49,0x00,0x49,0x00,0x36,0xC0,0x34,0x40,0x14,0x40,0xFC,
    0x40,0x07,0xC0,0x00,0x00,0x04,0x00,0x7F,0xC0,0x09,0x00,0x7F,0xE0,0x00,0x00,0x3F,
    0x80,0x20,0x80,0x3F,0x80,0x0A,0x20,0x1A,0x20,0x61,0xC0,0x00,0x00,0x04,0x00,0x7F,
    0xC0,0x09,0x00,0x7F,0xE0,0x00,0x00,0x3F,0xC0,0x3F,0xC0,0x20,0x40,0x1F,0x80,0x19,
    0x20,0x61,0xE0,0x00,0x00,0x04,0x00,0x7F,0xC0,0x09,0x00,0xFF,0xE0,0x00,0x00,0x3F,
    0xC0,0x3F,0xC0,0x3B,0xC0,0x04,0x00,0x7F,0xE0,0x04,0x00,0x00,0x00,0x21,0x00,0x22,
    0x80,0x7E,0x40,0x07,0xA0,0x52,0xC0,0x5E,0x20,0x53,0xC0,0x56,0x40,0x29,0x80,0xFB,
    0x80,0x0C,0x60,0x00,0x00,0x04,0x00,0x7F,0xC0,0x11,0x00,0x7F,0xE0,0x1B,0x80,0x24,
    0x40,0x3F,0xC0,0x3F,0xC0,0x04,0x00,0x3F,0xC0,0x7F,0xE0,0x20,0x00,0x27,0xC0,0x77,
    0xC0,0x04,0x40,0x57,0xC0,0x54,0x00,0x5F,0xE0,0x5D,0x20,0x16,0xA0,0xF7,0xA0,0x00,
    0xC0,0x00,0x00,0x21,0x00,0x29,0x40,0x79,0x40,0x06,0x80,0x5F,0xE0,0x51,0x00,0x5F,
    0xC0,0x6A,0xA0,0x2A,0xA0,0xFA,0xA0,0x0A,0x40,0x00,0x00,0x11,0x00,0x21,0x00,0x3F,
    0xE0,0x62,0x80,0xE4,0x80,0x64,0x80,0x20,0x80,0x20,0x80,0x20,0x80,0x20,0x80,0x21,
    0x80,0x00,0x00,0x11,0x00,0x21,0x00,0x3E,0xE0,0x4A,0x40,0x3B,0xC0,0x04,0x00,0x04,
    0x00,0x7F,0xE0,0x04,0x00,0x04,0x00,0x04,0x00,0x00,0x00,0x21,0x00,0x3D,0xE0,0x52,
    0x80,0xCE,0x40,0x3F,0xC0,0x24,0x40,0x24,0x40,0x3F,0xC0,0x20,0x20,0x20,0x20,0x3F,
    0xE0,0x11,0x00,0x3D,0xE0,0x52,0x80,0x4A,0xC0,0x7F,0xC0,0x08,0x40,0x7F,0xE0,0x08,
    0x40,0x7F,0xC0,0x10,0x00,0x60,0x00,0x00,0x00,0x11,0x00,0x3D,0xE0,0x32,0x80,0x4A,
    0x40,0x3F,0xC0,0x04,0x00,0x04,0x00,0x7F,0xE0,0x06,0x00,0x19,0x80,0x60,0x60,0x00,
    0x00,0x11,0x00,0x3D,0xE0,0x32,0x80,0x4A,0x80,0x7F,0xC0,0x04,0x00,0x3F,0xC0,0x04,
    0x20,0x7F,0xC0,0x04,0x20,0x07,0xC0,0x11,0x00,0x3D,0xE0,0x32,0x80,0x4A,0x40,0x04,
    0x00,0x3F,0xC0,0x24,0x40,0x3F,0xC0,0x24,0x40,0x24,0x40,0x3F,0xC0,0x00,0x00,0x11,
    0x00,0x2D,0x60,0x52,0x80,0xCE,0x40,0x10,0x80,0x2F,0xE0,0x64,0x80,0xE4,0x80,0x22,
    0x80,0x20,0x80,0x23,0x80,0x00,0x00,0x11,0x00,0x3D,0xE0,0x32,0x80,0x4A,0x40,0x7D,
    0xE0,0x06,0x00,0x0D,0x00,0x14,0x80,0x64,0x40,0xDF,0xA0,0x04,0x00,0x00,0x00,0x11,
    0x00,0x3D,0xE0,0x52,0x80,0x7B,0x80,0x04,0x40,0x3F,0xC0,0x24,0x00,0x3F,0xC0,0x0C,
    0x40,0x34,0xC0,0xC4,0x00,0x00,0x00,0x11,0x00,0x3D,0xE0,0x52,0x80,0x5F,0x40,0x0F,
    0xC0,0x78,0x00,0x0B,0xE0,0x74,0x40,0x05,0x80,0x1E,0x20,0x61,0xC0,0x00,0x00,0x11,
    0x00,0x3D,0xE0,0x32,0x80,0x4B,0x40,0x09,0x00,0x7F,0xE0,0x0A,0x40,0x12,0x80,0x13,
    0x20,0x2E,0x20,0x53,0xC0,0x00,0x00,0x11,0x00,0x3F,0xE0,0x52,0x80,0x5C,0xC0,0x3F,
    0xC0,0x04,0x00,0x7B,0xE0,0x7F,0xE0,0x10,0x80,0x08,0x80,0x03,0x00,0x00,0x00,0x11,
    0x00,0x3D,0x60,0x32,0x80,0x4A,0x40,0x39,0x00,0x2F,0xC0,0x39,0x40,0x29,0x40,0x3A,
    0x40,0x4A,0x40,0xDC,0xC0,0x00,0x00,0x11,0x00,0x3D,0xE0,0x52,0x80,0x5B,0x40,0x12,
    0x80,0x27,0xE0,0x6A,0x40,0xE2,0x80,0x23,0x00,0x3D,0x20,0x20,0xC0,0x00,0x00,0x31,
    0x00,0x3F,0xE0,0x52,0x80,0x7F,0xE0,0x40,0x00,0x5F,0xC0,0x42,0x00,0x5F,0xC0,0x5F,
    0xC0,0x40,0x00,0x7F,0xE0,0x21,0x00,0x3D,0xE0,0x52,0x80,0x4A,0x40,0x7F,0x80,0x24,
    0x80,0x26,0x80,0x25,0x80,0x3D,0xA0,0xE4,0xA0,0x18,0x60,0x00,0x00,0x21,0x00,0x3F,
    0xE0,0x52,0x80,0x7F,0x80,0x40,0x40,0x5F,0x40,0x40,0x40,0x4F,0x40,0x49,0x40,0x4F,
    0x40,0x40,0xC0,0x00,0x00,0x11,0x00,0x3D,0xE0,0x52,0x80,0xCE,0x40,0x0B,0x00,0x30,
    0xC0,0xDF,0xA0,0x3F,0x80,0x20,0x80,0x20,0x80,0x3F,0x80,0x00,0x00,0x11,0x00,0x3D,
    0xE0,0x52,0x80,0x4C,0x80,0x7F,0xE0,0x1F,0x80,0x24,0x40,0x26,0xC0,0x0D,0x00,0x34,
    0xC0,0xC4,0x20,0x00,0x00,0x11,0x00,0x3D,0xE0,0x52,0x80,0x48,0xC0,0x57,0xE0,0x51,
    0x00,0x57,0xC0,0x55,0x40,0x55,0x40,0x25,0xC0,0x61,0x00,0x00,0x00,0x11,0x00,0x3F,
    0xE0,0x52,0x80,0x6E,0x40,0x77,0xC0,0x6A,0x40,0x6A,0x40,0xAF,0xE0,0x23,0x00,0x24,
    0x80,0x38,0x60,0x00,0x00,0x11,0x00,0x3D,0xE0,0x5A,0x80,0x77,0xC0,0x08,0x00,0x3F,
    0xC0,0x7F,0xE0,0x10,0x80,0x3F,0xE0,0x68,0x80,0xC7,0x80,0x00,0x00,0x11,0x00,0x21,
    0x00,0x3E,0xE0,0x4E,0x40,0x0B,0x00,0x30,0xC0,0xDF,0xA0,0x24,0x40,0x14,0x80,0x13,
    0x80,0x7F,0xE0,0x00,0x00,0x31,0x00,0x3F,0xE0,0x52,0x80,0x7C,0x00,0x1F,0xC0,0x4F,
    0x40,0x49,0x40,0x4F,0x40,0x49,0x40,0x4F,0x40,0x40,0xC0,0x00,0x00,0x21,0x00,0x3F,
    0xE0,0x52,0x80,0x6F,0xE0,0x78,0x80,0x2B,0xC0,0x2A,0xC0,0xFA,0xC0,0x2A,0xC0,0x28,
    0x80,0x6F,0xE0,0x11,0x00,0x3D,0xE0,0x52,0x80,0x6B,0x40,0x3F,0xC0,0x48,0x40,0x28,
    0x40,0x2F,0xC0,0x28,0x40,0x2F,0xC0,0x48,0x40,0x00,0x00,0x11,0x00,0x3D,0xE0,0x4A,
    0x40,0x50,0x80,0x3F,0xE0,0x1F,0x80,0x10,0x80,0x1F,0x80,0xFF,0xE0,0x09,0x80,0x70,
    0x60,0x00,0x00,0x11,0x00,0x3F,0xE0,0x52,0x80,0x7F,0xC0,0x3F,0xC0,0x20,0x40,0x3F,
    0xC0,0x3F,0xC0,0x11,0x00,0xFF,0xE0,0x61,0x00,0x00,0x00,0x11,0x00,0x3D,0xE0,0x52,
    0x80,0x5C,0x40,0x6B,0xE0,0x3F,0x80,0x20,0x80,0x3F,0x80,0x3F,0xC0,0x20,0x40,0x3F,
    0xC0,0x00,0x00,0x11,0x00,0x3D,0xE0,0x4A,0x40,0x7F,0xC0,0x49,0x40,0x3F,0xC0,0x08,
    0x00,0x3F,0xC0,0x49,0x80,0x06,0x00,0x78,0x00,0x00,0x00,0x21,0x00,0x3F,0xE0,0x4A,
    0x80,0x51,0x40,0x7F,0xE0,0x38,0x40,0x45,0x40,0x7D,0x40,0x7D,0x40,0x44,0x40,0x4D,
    0xC0,0x00,0x00,0x31,0x00,0x3F,0xE0,0x52,0x80,0x7E,0x80,0x27,0xC0,0x7C,0x40,0x37,
    0xC0,0x6C,0x40,0xA7,0xC0,0x24,0x40,0x27,0xC0,0x00,0x00,0x21,0x00,0x3F,0xE0,0x4A,
    0x40,0x1F,0x80,0x3F,0x80,0x7F,0xE0,0x1C,0x40,0x6F,0x80,0x76,0x80,0x3A,0x40,0x4E,
    0x20,0x00,0x00,0x21,0x00,0x3D,0xE0,0x52,0x80,0x7F,0xC0,0x20,0x40,0x3F,0xC0,0x2A,
    0x80,0x35,0x40,0x5F,0xC0,0x55,0x40,0xD5,0xC0,0x00,0x00,0x21,0x00,0x3F,0xE0,0x5A,
    0x80,0x74,0x80,0x7F,0xE0,0x0F,0x00,0xF4,0xE0,0x6E,0x60,0x11,0x80,0x2F,0x00,0x78,
    0xE0,0x00,0x00,0x21,0x00,0x3D,0xE0,0x52,0x80,0x7F,0xE0,0x1F,0x00,0x20,0x80,0x1F,
    0x00,0x7F,0xC0,0x4F,0x40,0x49,0x40,0x46,0xC0,0x00,0x00,0x31,0x00,0x3F,0xE0,0x4A,
    0x80,0x35,0x40,0x3F,0xC0,0x3F,0xC0,0x1F,0x80,0x7F,0xE0,0x34,0x80,0xCB,0x60,0x1F,
    0x80,0x00,0x00,0x11,0x00,0x3F,0xE0,0x52,0x80,0x4F,0xC0,0x2B,0xE0,0x2B,0x80,0x2C,
    0x40,0x3F,0xC0,0x29,0x40,0x29,0x40,0xFF,0xE0,0x11,0x00,0x3F,0xE0,0x52,0x80,0x7F,
    0xE0,0x29,0x40,0x3F,0x40,0x3F,0xC0,0x36,0x80,0x49,0x40,0x5F,0x40,0x40,0xC0,0x00,
    0x00,0x31,0x00,0x3F,0xE0,0x52,0x80,0x4F,0xC0,0x3F,0x80,0x1C,0xE0,0x6F,0xC0,0x2F,
    0xC0,0x3F,0xE0,0x61,0x00,0x9F,0xE0,0x11,0x00,0x3F,0xE0,0x56,0x80,0x7A,0x40,0x7B,
    0xA0,0x26,0xE0,0x3D,0x00,0x2F,0xE0,0x29,0x00,0x49,0x80,0xF6,0x60,0x00,0x00,0x11,
    0x00,0x3F,0xE0,0x4A,0x80,0x7F,0xC0,0x09,0x00,0x7F,0xE0,0x3F,0xC0,0x3F,0xC0,0x24,
    0x40,0x1B,0x80,0x70,0xE0,0x00,0x00,0x11,0x00,0x3F,0xE0,0x4A,0x40,0x6F,0xE0,0x37,
    0x80,0x4A,0x40,0x2F,0xC0,0x0F,0xC0,0x33,0xE0,0x4C,0x80,0x45,0x80,0x00,0x00,0x31,
    0x00,0x3F,0xE0,0x4A,0x80,0x22,0x40,0x7F,0xE0,0x7F,0xE0,0x20,0x00,0x7F,0xC0,0x37,
    0xC0,0xEC,0x40,0x27,0xC0,0x00,0x00,0x04,0x00,0x64,0x40,0x34,0x80,0x15,0x80,0x04,
    0x00,0x7F,0xE0,0x0E,0x00,0x1D,0x00,0x34,0xC0,0xC4,0x20,0x04,0x00,0x00,0x00,0x04,
    0x00,0x24,0xC0,0x15,0x80,0x7F,0xE0,0x0F,0x00,0x34,0xC0,0x44,0x20,0x7F,0xE0,0x06,
    0x00,0x19,0x00,0xE0,0xE0,0x00,0x00,0x10,0x00,0x5B,0xE0,0x58,0x40,0x58,0x80,0x10,
    0x80,0x6F,0xE0,0x30,0x80,0x58,0x80,0x58,0x80,0x90,0x80,0x13,0x00,0x00,0x00,0x20,
    0x80,0x6B,0x80,0x6A,0x40,0x6A,0x40,0x7C,0x20,0x27,0xE0,0x32,0x40,0x6A,0x40,0xAA,
    0x40,0x24,0x40,0x29,0xC0,0x00,0x00,0x21,0x00,0x69,0x00,0x6F,0xE0,0x68,0x00,0x22,
    0x40,0x7A,0x40,0x32,0x40,0x6A,0x80,0xAA,0x80,0x20,0x80,0x2F,0xE0,0x00,0x00,0x20,
    0x80,0xE9,0x00,0x6F,0xC0,0x6C,0x40,0x24,0x40,0x7C,0x40,0x37,0xC0,0x6C,0x40,0xA4,
    0x40,0x27,0xC0,0x24,0x40,0x00,0x00,0x20,0x00,0x6B,0xC0,0x6A,0x40,0x6A,0x40,0x23,
    0xC0,0x7A,0x40,0x32,0x40,0x6B,0xC0,0xAA,0x40,0x22,0x40,0x2F,0xE0,0x00,0x00,0x21,
    0x00,0x69,0x00,0x69,0xE0,0x69,0x00,0x79,0x00,0x21,0x00,0x37,0xC0,0x6C,0x40,0xEC,
    0x40,0x24,0x40,0x27,0xC0,0x00,0x00,0x7F,0xE0,0x09,0x00,0x3F,0xC0,0x49,0x40,0x36,
    0x80,0x14,0x80,0x7F,0xE0,0x0E,0x00,0x35,0xC0,0xC4,0x20,0x00,0x00,0x00,0x00,0x04,
    0x00,0x3F,0xC0,0x35,0x40,0x3F,0xC0,0x2B,0x40,0x34,0xC0,0x1B,0x80,0x7F,0xE0,0x1F,
    0x80,0x20,0x40,0x03,0x80,0x00,0x00,0x04,0x00,0x74,0xE0,0x1D,0x20,0x1D,0x20,0x74,
    0xE0,0x4F,0x80,0x74,0xE0,0x1F,0x20,0x1D,0x20,0x2C,0x20,0x64,0xC0,0x00,0x00,0x24,
    0x80,0x14,0x80,0x7F,0xE0,0x0F,0x00,0xF4,0xE0,0x11,0x00,0x7F,0xC0,0x11,0x00,0x7F,
    0xE0,0x09,0x80,0x70,0x60,0x00,0x00,0x21,0x00,0xAB,0x80,0x6C,0x40,0x74,0x40,0x27,
    0xC0,0x7C,0x40,0x37,0x80,0x6D,0x60,0xAC,0x80,0x25,0x40,0x26,0x20,0x00,0x00,0x40,
    0x00,0x3F,0xC0,0x46,0x40,0x2A,0x60,0x35,0xA0,0x48,0x80,0x34,0x80,0x7F,0xE0,0x0E,
    0x00,0x35,0x80,0xC4,0x60,0x00,0x00,0x20,0x00,0xAF,0xE0,0x69,0x00,0x77,0xC0,0x7D,
    0x20,0x27,0xC0,0x35,0x20,0x77,0xC0,0xAF,0x00,0x23,0x00,0x2C,0xE0,0x00,0x00,0x21,
    0x00,0x69,0x00,0x6F,0xE0,0x6A,0x40,0x7A,0xC0,0x25,0xA0,0x3C,0x20,0x69,0x00,0x67,
    0xE0,0xA1,0x00,0x21,0x00,0x00,0x00,0x01,0x00,0x6F,0xE0,0x69,0x00,0x77,0xC0,0x77,
    0xE0,0x20,0x00,0x37,0xC0,0x6F,0xC0,0xA4,0x40,0x27,0xC0,0x24,0xC0,0x00,0x00,0x24,
    0x00,0xB4,0xE0,0x7E,0xA0,0x74,0xA0,0x74,0xE0,0x2E,0xA0,0x6A,0xA0,0x7A,0xE0,0xAB,
    0x20,0x2F,0x20,0x23,0x60,0x00,0x00,0x22,0x40,0xAA,0x80,0x6F,0xE0,0x71,0x00,0x7F,
    0xE0,0x21,0x00,0x31,0x00,0x6F,0xE0,0xA6,0xA0,0x26,0xA0,0x29,0xA0,0x00,0x00,0x21,
    0x00,0xB7,0xE0,0x78,0x00,0x7B,0xC0,0x29,0x40,0x7F,0xE0,0x3B,0xC0,0x79,0x00,0xAB,
    0xC0,0x2A,0x40,0x3B,0xC0,0x00,0x00,0x20,0x80,0x69,0x80,0x77,0xE0,0x72,0x80,0x73,
    0xE0,0x2C,0x00,0x35,0xC0,0x6D,0x40,0xA5,0xC0,0x2C,0x00,0x3B,0xE0,0x00,0x00,0x02,
    0x00,0x3F,0xE0,0x28,0x80,0x3F,0xE0,0x2C,0xC0,0x3B,0xA0,0x2A,0x40,0x4E,0x80,0x5F,
    0xE0,0x4E,0xC0,0xB2,0x20,0x00,0x00,0x22,0x80,0x6F,0xE0,0x72,0x80,0x77,0xE0,0x27,
    0xE0,0x7A,0xA0,0x35,0x40,0x77,0xC0,0xAF,0xC0,0x24,0x40,0x27,0xC0,0x00,0x00,0x21,
    0x00,0xAF,0xE0,0x79,0x00,0x7B,0xE0,0x78,0xA0,0x2F,0xE0,0x7B,0xE0,0x6C,0xA0,0xAB,
    0x40,0x2A,0xE0,0x35,0x20,0x00,0x00,0x20,0x00,0xB7,0xC0,0x7F,0xE0,0x79,0x20,0x7F,
    0xE0,0x20,0x00,0x6F,0xE0,0x7F,0xC0,0xAA,0xA0,0x2A,0xA0,0x2A,0xC0,0x00,0x00,0x7F,
    0xC0,0x0C,0x80,0x11,0x80,0x3E,0x00,0x0C,0x80,0x3F,0xC0,0x42,0x20,0x13,0x80,0x62,
    0x60,0xCC,0x20,0x00,0x00,0x00,0x00,0x04,0x00,0x7F,0xE0,0x11,0x80,0x0E,0x00,0xFD,
    0xE0,0x09,0x80,0x3E,0x80,0x1B,0xC0,0x64,0x20,0x35,0xC0,0xCC,0x20,0x00,0x00,0x04,
    0x00,0x7F,0xE0,0x04,0x00,0x3F,0xC0,0x7F,0xE0,0x19,0x80,0x3E,0x80,0x19,0xC0,0x66,
    0x20,0x33,0xC0,0xCC,0x20,0x00,0x00,0x04,0x00,0x7F,0xC0,0x04,0x00,0x7F,0xE0,0x4C,
    0xA0,0x3F,0x00,0x04,0x80,0x7F,0xC0,0x15,0x20,0x34,0xC0,0xCC,0x20,0x00,0x00,0x10,
    0x00,0x57,0xC0,0x52,0xC0,0x53,0x80,0x54,0x60,0x19,0x80,0x26,0x80,0x1B,0xC0,0x64,
    0x20,0x35,0xC0,0xCC,0x20,0x00,0x00,0x0A,0x00,0x4A,0x60,0x4D,0x80,0x4E,0x20,0x75,
    0xC0,0x19,0x00,0x26,0x80,0x3B,0xC0,0x44,0x20,0x35,0xC0,0x4C,0x20,0x00,0x00,0x3F,
    0xC0,0x3F,0xC0,0x24,0x40,0x3F,0xC0,0x19,0x80,0x3E,0x80,0x1B,0xC0,0x64,0x20,0x35,
    0xC0,0xCC,0x20,0x00,0x00,0x00,0x00,0x10,0x00,0x7D,0xC0,0x26,0x40,0x7A,0x40,0x75,
    0xC0,0x09,0x80,0x3E,0x80,0x18,0x40,0x67,0xC0,0x35,0xC0,0x4C,0x20,0x00,0x00,0x21,
    0x00,0x7D,0xE0,0x7F,0x40,0x6F,0x40,0x54,0xC0,0x2F,0xA0,0x3F,0x00,0x0C,0x80,0x7F,
    0xE0,0x35,0xC0,0x4C,0x20,0x00,0x00,0x21,0x00,0x3F,0xE0,0x7F,0xC0,0x3F,0xC0,0x3F,
    0xC0,0x08,0x00,0x7F,0xE0,0x3B,0xC0,0xCE,0xA0,0x15,0xC0,0x6C,0x60,0x00,0x00,0x10,
    0x40,0x12,0x40,0x2E,0x40,0x4A,0x40,0x72,0x40,0x12,0x40,0x2A,0x40,0x73,0xC0,0x02,
    0x40,0x7C,0x40,0x00,0x40,0x00,0x00,0x10,0x00,0x10,0x00,0x27,0xE0,0x49,0x00,0x71,
    0x00,0x11,0x00,0x29,0x00,0x71,0x00,0x01,0x00,0x79,0x00,0x07,0xE0,0x10,0x00,0x11,
    0xE0,0x26,0x80,0x48,0x80,0x70,0x80,0x17,0xE0,0x38,0x80,0x60,0x80,0x00,0x80,0xFC,
    0x80,0x00,0x80,0x00,0x00,0x11,0x00,0x12,0x00,0x2B,0xE0,0x4A,0x20,0x74,0x40,0x12,
    0x40,0x29,0x40,0x71,0x40,0x00,0x40,0x38,0x40,0x41,0xC0,0x20,0x00,0x27,0xC0,0x2A,
    0x40,0x52,0x80,0x72,0xE0,0x26,0x40,0x75,0x40,0x45,0x80,0x04,0x80,0xFB,0x40,0x16,
    0x20,0x00,0x00,0x10,0x00,0x27,0xC0,0x28,0x40,0x48,0x40,0x70,0x40,0x13,0xC0,0x2A,
    0x00,0x72,0x00,0x02,0x20,0xFA,0x20,0x03,0xE0,0x10,0x00,0x27,0xE0,0x29,0x20,0x4D,
    0x20,0x75,0x40,0x25,0x40,0x29,0x40,0x72,0x40,0x02,0x40,0xFC,0x40,0x0D,0xC0,0x00,
    0x00,0x31,0x00,0x21,0x00,0x27,0xE0,0x59,0x00,0x77,0xC0,0x21,0x00,0x4F,0xE0,0x71,
    0x20,0x01,0x20,0xF9,0xC0,0x01,0x00,0x00,0x00,0x31,0x00,0x21,0x00,0x2F,0xE0,0x51,
    0x00,0x75,0x40,0x25,0x40,0x3D,0x40,0x63,0x80,0x01,0x20,0x79,0x20,0x01,0xE0,0x31,
    0x00,0x21,0x00,0x2B,0x40,0x4B,0x40,0x75,0x20,0x25,0x20,0x29,0x40,0x70,0x40,0x01,
    0x80,0xFB,0x00,0x0C,0x00,0x00,0x00,0x27,0xE0,0x24,0x20,0x56,0xA0,0x75,0xA0,0x25,
    0x20,0x45,0xA0,0x76,0xA0,0x06,0x60,0xF4,0x20,0x04,0xC0,0x00,0x00,0x00,0x00,0x01,
    0x00,0x21,0x00,0x27,0xE0,0x5D,0x20,0x75,0x20,0x25,0xA0,0x25,0xA0,0x76,0x60,0x04,
    0x60,0xFC,0x20,0x04,0xC0,0x00,0x00,0x14,0x80,0x24,0x80,0x2C,0x80,0x54,0x80,0x76,
    0x80,0x26,0x80,0x75,0xC0,0x4C,0xC0,0x0D,0x40,0xF9,0x20,0x1A,0x30,0x00,0x00,0x31,
    0x00,0x21,0x80,0x2A,0x80,0x54,0x40,0x7E,0x30,0x22,0xC0,0x2B,0x80,0x72,0x00,0x02,
    0x20,0xFA,0x20,0x03,0xC0,0x30,0x80,0x22,0x80,0x2A,0x40,0x54,0x40,0x74,0x20,0x2F,
    0xE0,0x2A,0x40,0x72,0x40,0x02,0x40,0xFC,0x40,0x09,0x80,0x00,0x00,0x30,0x00,0x27,
    0xE0,0x2C,0x80,0x4C,0x80,0x74,0x80,0x27,0xE0,0x2C,0x80,0x74,0x80,0x04,0xA0,0x7F,
    0x60,0x04,0x60,0x00,0x00,0x31,0x00,0x21,0x00,0x2F,0xE0,0x54,0x40,0x72,0x40,0x22,
    0x40,0x2A,0x80,0x71,0x80,0x01,0x80,0xFE,0xC0,0x0C,0x20,0x00,0x00,0x31,0x00,0x21,
    0x00,0x27,0xE0,0x4A,0x00,0x72,0x00,0x23,0xC0,0x3A,0x40,0x42,0x40,0x04,0x40,0x7C,
    0x40,0x09,0xC0,0x00,0x00,0x30,0x00,0x27,0xC0,0x2A,0x40,0x4A,0x40,0x72,0x40,0x27,
    0xC0,0x3A,0x40,0x62,0x40,0x02,0x40,0xFA,0x40,0x0F,0xE0,0x32,0x80,0x22,0x80,0x2A,
    0x40,0x4F,0x80,0x72,0x00,0x27,0xE0,0x22,0x60,0x71,0x80,0x01,0x20,0xFF,0x20,0x08,
    0xC0,0x00,0x00,0x31,0x00,0x21,0x00,0x27,0xE0,0x5A,0x00,0x77,0x00,0x24,0x80,0x27,
    0xE0,0x76,0xC0,0x04,0xC0,0xF4,0xA0,0x0B,0x20,0x00,0x00,0x37,0xC0,0x24,0x40,0x4C,
    0x40,0x77,0xC0,0x24,0x40,0x2C,0x40,0x77,0xC0,0x04,0x40,0xFC,0x40,0x0F,0xE0,0x00,
    0x00,0x21,0x00,0x21,0x00,0x3F,0xE0,0x55,0x20,0x75,0x20,0x27,0xE0,0x25,0x20,0x75,
    0x20,0x07,0xE0,0xF9,0x00,0x01,0x00,0x00,0x00,0x20,0x00,0x27,0xE0,0x2D,0x20,0x55,
    0x20,0x75,0x20,0x27,0xE0,0x45,0x20,0x75,0x20,0x05,0x20,0xF7,0xE0,0x04,0x20,0x00,
    0x00,0x30,0x00,0x27,0xC0,0x2C,0x40,0x54,0x40,0x74,0x40,0x24,0x40,0x57,0xC0,0x62,
    0x80,0x02,0x40,0xFC,0x20,0x0C,0x20,0x00,0x00,0x22,0x00,0x23,0x80,0x2C,0x40,0x56,
    0x40,0x69,0x80,0x23,0x80,0x5C,0x60,0x63,0x80,0x00,0x40,0xF7,0x00,0x00,0xC0,0x00,
    0x00,0x11,0x00,0x25,0x20,0x25,0x40,0x4B,0x40,0x71,0x00,0x27,0xE0,0x29,0x00,0x7F,
    0xE0,0x01,0x00,0xF9,0x00,0x01,0x00,0x00,0x00,0x10,0x00,0x27,0xE0,0x2A,0x20,0x4A,
    0x20,0x72,0xC0,0x2C,0x00,0x2F,0xC0,0x74,0x20,0x04,0x20,0xFC,0x20,0x07,0xE0,0x00,
    0x00,0x20,0x00,0x27,0xC0,0x2C,0x40,0x53,0x80,0x73,0xC0,0x2D,0x20,0x47,0xE0,0x71,
    0x00,0x0F,0xE0,0xF1,0x00,0x01,0x00,0x00,0x00,0x30,0x00,0x27,0xC0,0x28,0x40,0x48,
    0x80,0x73,0xC0,0x2C,0x20,0x2E,0xC0,0x71,0x00,0x01,0x00,0xF1,0x00,0x0F,0xE0,0x24,
    0x00,0x24,0xE0,0x2E,0xA0,0x54,0xA0,0x74,0xC0,0x2E,0xA0,0x54,0xA0,0x6F,0xA0,0x04,
    0xA0,0xF4,0xC0,0x08,0x80,0x00,0x00,0x21,0x40,0x21,0x40,0x47,0xE0,0x51,0x00,0xF5,
    0x20,0x25,0x40,0x4E,0xC0,0x74,0x80,0x04,0xA0,0xF9,0xA0,0x1A,0x60,0x00,0x00,0x31,
    0x00,0x21,0x00,0x27,0xE0,0x49,0x00,0x71,0x00,0x26,0xE0,0x28,0x00,0x77,0xC0,0x04,
    0x40,0x7C,0x40,0x87,0xC0,0x00,0x00,0x24,0x00,0x22,0x60,0x57,0x80,0x52,0xC0,0xE3,
    0x20,0x2C,0xE0,0x50,0x00,0x67,0xE0,0x04,0x80,0xF4,0xA0,0x18,0xE0,0x00,0x00,0x20,
    0x00,0x21,0x80,0x2A,0x80,0x54,0x40,0x7B,0xE0,0x20,0x00,0x4D,0xE0,0x72,0x00,0x02,
    0xC0,0xFC,0xC0,0x07,0x20,0x00,0x00,0x21,0x00,0x21,0x80,0x2A,0x80,0x54,0x40,0x7B,
    0xE0,0x20,0x00,0x4F,0xC0,0x74,0x40,0x04,0x40,0xFC,0x40,0x07,0xC0,0x00,0x00,0x22,
    0x00,0x22,0x00,0x37,0xC0,0x5C,0x40,0x77,0x40,0x25,0x40,0x4F,0x40,0x75,0x40,0x07,
    0x40,0xF8,0x40,0x01,0xC0,0x00,0x00,0x32,0x00,0x23,0xC0,0x2C,0x40,0x5E,0x80,0x71,
    0x80,0x26,0xC0,0x78,0x20,0x47,0xC0,0x04,0x40,0xFC,0x40,0x07,0xC0,0x00,0x00,0x22,
    0x00,0x23,0xC0,0x4C,0x40,0xDC,0x80,0x77,0xC0,0x25,0x40,0x55,0x40,0x67,0xC0,0x04,
    0x20,0xF4,0x20,0x07,0xC0,0x11,0x00,0x21,0x00,0x27,0xE0,0x4A,0x80,0x72,0x40,0x24,
    0x60,0x2A,0xA0,0x72,0x80,0x01,0x00,0xFA,0xC0,0x0C,0x20,0x00,0x00,0x21,0x00,0x21,
    0x00,0x2F,0xE0,0x52,0x80,0x74,0x40,0x2F,0xE0,0x22,0xA0,0x72,0x80,0x04,0xA0,0xFC,
    0xA0,0x18,0xE0,0x00,0x00,0x30,0x00,0x27,0xC0,0x2C,0x40,0x4F,0xC0,0x70,0x00,0x27,
    0xE0,0x27,0xE0,0x74,0x20,0x07,0xE0,0xFC,0x20,0x04,0xC0,0x00,0x00,0x20,0x00,0x2F,
    0xC0,0x51,0x00,0x5F,0xE0,0xE3,0x80,0x2D,0x60,0x4F,0xA0,0x72,0x80,0x04,0x60,0xF4,
    0x40,0x18,0xC0,0x00,0x00,0x20,0x00,0x2F,0xE0,0x25,0x20,0xD5,0x40,0x75,0x40,0x22,
    0x00,0x5F,0xE0,0x64,0x40,0x03,0x80,0xF3,0xC0,0x0C,0x20,0x00,0x00,0x22,0x00,0x23,
    0xC0,0x2C,0x40,0x56,0x80,0x73,0xC0,0x2C,0x20,0x21,0x00,0x77,0xE0,0x05,0x40,0xF5,
    0x20,0x0B,0x20,0x00,0x00,0x21,0x00,0x2A,0xA0,0x2A,0xC0,0x59,0xC0,0x7B,0xE0,0x28,
    0x80,0x49,0xC0,0x7A,0xE0,0x0C,0xA0,0x78,0x80,0x87,0xE0,0x21,0x00,0x2F,0xE0,0x21,
    0x00,0x57,0xC0,0x7F,0xE0,0x20,0x00,0x47,0xC0,0x75,0x40,0x05,0x40,0xF2,0x80,0x0C,
    0x60,0x00,0x00,0x32,0x00,0x22,0x20,0x2F,0xC0,0x52,0xC0,0x7F,0xE0,0x23,0x00,0x37,
    0xC0,0x6C,0x40,0x07,0xC0,0xFC,0x40,0x07,0xC0,0x00,0x00,0x21,0x00,0x27,0xE0,0x31,
    0x00,0x5F,0xE0,0x74,0xA0,0x22,0xC0,0x46,0x80,0x71,0x00,0x0F,0xE0,0xF3,0xC0,0x0C,
    0x20,0x00,0x00,0x31,0x00,0x21,0xE0,0x29,0x00,0x57,0xC0,0x74,0x40,0x27,0xC0,0x2C,
    0x40,0x73,0x80,0x0F,0xE0,0x71,0x00,0x01,0x00,0x00,0x00,0x20,0x00,0x27,0xC0,0x2C,
    0x40,0x57,0xC0,0x77,0x80,0x29,0x40,0x27,0xC0,0x79,0x40,0x07,0xC0,0x71,0x20,0x01,
    0xE0,0x22,0x80,0x24,0x80,0x2F,0xE0,0x54,0x80,0x7C,0x80,0x2F,0xE0,0x54,0x80,0x67,
    0xE0,0x04,0x80,0xFF,0xE0,0x04,0x00,0x00,0x00,0x31,0x00,0x27,0xE0,0x2C,0x20,0x57,
    0xE0,0x74,0x20,0x27,0xE0,0x29,0x00,0x77,0xE0,0x0D,0x20,0x75,0x20,0x01,0x40,0x00,
    0x00,0x20,0x00,0x2E,0xE0,0x5A,0xA0,0x5A,0xA0,0x6E,0xE0,0x2A,0xA0,0x7A,0xA0,0x4E,
    0xE0,0x0A,0xA0,0xFB,0x20,0x17,0x40,0x00,0x00,0x20,0x00,0x27,0xE0,0x39,0x20,0x5B,
    0xA0,0x69,0x20,0x2B,0xA0,0x78,0x20,0x0B,0xA0,0x0A,0xA0,0xFB,0xA0,0x18,0xC0,0x00,
    0x00,0x21,0x00,0x21,0x00,0x3F,0xE0,0x54,0x20,0xF3,0xC0,0x20,0x00,0x57,0xE0,0x61,
    0x00,0x05,0x40,0xF5,0x20,0x0B,0x20,0x00,0x00,0x21,0x00,0x21,0x00,0x2F,0xE0,0x54,
    0x20,0x77,0xE0,0x21,0x00,0x55,0x00,0x64,0xE0,0x05,0x00,0xFB,0x00,0x09,0xE0,0x00,
    0x00,0x20,0x00,0x27,0xC0,0x28,0x40,0x57,0xC0,0x7E,0xE0,0x21,0x00,0x5D,0x20,0x65,
    0xC0,0x17,0x40,0xE9,0x20,0x03,0x00,0x00,0x00,0x20,0x00,0x2E,0xE0,0x5B,0x40,0xD4,
    0xC0,0x66,0xC0,0x29,0x20,0x5F,0xC0,0x6A,0xC0,0x04,0xC0,0xFE,0xC0,0x1B,0x20,0x00,
    0x00,0x20,0xC0,0x20,0xC0,0x5F,0xE0,0xD8,0x80,0x6F,0xA0,0x28,0xC0,0x7F,0xC0,0x4D,
    0xC0,0x0F,0xA0,0xF9,0x60,0x12,0x60,0x00,0x00,0x20,0x00,0x2F,0xE0,0x51,0x00,0xDF,
    0xE0,0x6A,0xA0,0x2B,0xA0,0x5A,0xA0,0x6B,0xA0,0x0A,0xA0,0xFA,0xA0,0x0D,0x60,0x00,
    0x00,0x22,0x80,0x2A,0x80,0x2A,0xE0,0x5B,0x40,0x62,0x20,0x27,0xC0,0x45,0x40,0x75,
    0x40,0x07,0x40,0xF7,0x20,0x08,0xE0,0x00,0x00,0x20,0x00,0x27,0xC0,0x3C,0x40,0x53,
    0x80,0x7F,0xE0,0x24,0x40,0x5F,0xC0,0x67,0xC0,0x04,0x40,0xFF,0xE0,0x00,0x40,0x00,
    0x00,0x20,0x00,0x2E,0xC0,0x29,0x40,0x5F,0x40,0x69,0x20,0x29,0xE0,0x4F,0x40,0x78,
    0xC0,0x0E,0x80,0xF9,0xC0,0x0A,0x20,0x00,0x00,0x20,0x00,0x2F,0xE0,0x35,0x40,0x5F,
    0xE0,0x62,0x00,0x2F,0xE0,0x54,0x00,0x67,0xC0,0x1A,0x80,0xE9,0x80,0x1E,0x60,0x00,
    0x00,0x21,0x00,0x21,0x00,0x3E,0xE0,0x52,0x80,0x7F,0xE0,0x29,0x20,0x57,0xC0,0x65,
    0x40,0x05,0x40,0xF5,0xC0,0x01,0x00,0x00,0x00,0x21,0x00,0x2D,0x40,0x55,0x80,0xDF,
    0xE0,0x67,0x80,0x29,0x60,0x52,0x00,0x6D,0xE0,0x04,0x80,0xF3,0x80,0x1C,0x60,0x00,
    0x00,0x21,0x00,0x27,0xC0,0x28,0x20,0x5F,0xC0,0x68,0x00,0x2F,0xE0,0x7D,0xA0,0x4D,
    0xA0,0x1F,0xE0,0xED,0xA0,0x15,0xE0,0x00,0x00,0x22,0x00,0x27,0xC0,0x4C,0x40,0x53,
    0xC0,0x6F,0xE0,0x22,0x20,0x5D,0xC0,0x67,0x40,0x0A,0xC0,0xF4,0xA0,0x0B,0x00,0x00,
    0x00,0x21,0x40,0x2F,0xE0,0x31,0x00,0x57,0xC0,0x77,0xE0,0x25,0x20,0x2F,0xC0,0x70,
    0x40,0x0F,0xE0,0x72,0x40,0x81,0xC0,0x00,0x00,0x21,0x00,0x29,0xC0,0x4B,0x40,0x55,
    0xC0,0x6A,0xA0,0x2B,0xE0,0x48,0x80,0x7B,0xE0,0x0B,0xE0,0xFC,0x80,0x13,0xE0,0x00,
    0x00,0x21,0x00,0x2F,0xE0,0x48,0x00,0x5B,0xC0,0x6A,0xA0,0x2B,0xC0,0x5B,0xE0,0x68,
    0x80,0x0B,0xE0,0x78,0x80,0x17,0xE0,0x00,0x00,0x20,0x00,0x2E,0xE0,0x5E,0xE0,0x5E,
    0xE0,0x6E,0xA0,0x26,0xE0,0x4B,0x20,0x7F,0xE0,0x04,0x80,0xF3,0x80,0x1E,0x60,0x00,
    0x00,0x21,0x00,0x21,0x00,0x4E,0xE0,0x54,0x00,0x67,0xE0,0x24,0xC0,0x4D,0x20,0x7D,
    0x20,0x05,0xE0,0xF5,0x20,0x05,0xE0,0x00,0x00,0x22,0x40,0x22,0x80,0x3D,0x60,0x57,
    0xE0,0x61,0x00,0x2F,0xE0,0x45,0x40,0x7A,0xA0,0x07,0xC0,0xF4,0x40,0x07,0xC0,0x00,
    0x00,0x24,0x80,0x24,0x80,0x5A,0xE0,0x5E,0xA0,0xEF,0xA0,0x24,0xC0,0x4F,0xC0,0x68,
    0x40,0x0E,0x40,0xFA,0xA0,0x17,0x20,0x00,0x00,0x20,0x00,0x23,0x60,0x7C,0x80,0x50,
    0x80,0x10,0x80,0x7C,0x80,0x54,0x80,0x54,0x80,0x54,0x80,0x54,0x80,0x7F,0xE0,0x21,
    0x00,0x21,0x00,0x7B,0xC0,0x51,0x40,0x11,0x40,0xF9,0x40,0x5F,0xE0,0x59,0x00,0x5A,
    0x80,0x7A,0x40,0x0C,0x20,0x00,0x00,0x22,0x80,0x4F,0xE0,0x72,0x80,0xA5,0xE0,0x7E,
    0xE0,0x27,0xE0,0x74,0x80,0x7F,0xE0,0x77,0xE0,0x74,0x80,0x07,0xE0,0x00,0x00,0x7F,
    0xC0,0x44,0x40,0x56,0xC0,0x5A,0xC0,0x49,0x40,0x49,0x40,0x56,0xC0,0x56,0xC0,0x64,
    0x40,0x40,0xC0,0x00,0x00,0x00,0x00,0x7F,0xC0,0x40,0x40,0x19,0x80,0x60,0x60,0x3F,
    0x80,0x04,0x00,0x04,0x00,0x7F,0xE0,0x04,0x00,0x04,0x00,0x00,0x00,0x7F,0xC0,0x49,
    0x40,0x7F,0xC0,0x08,0x00,0x1F,0x80,0x30,0x40,0x58,0x80,0x07,0x00,0x0C,0x00,0x70,
    0x00,0x00,0x00,0x00,0x00,0x3F,0xC0,0x49,0x40,0x3F,0xC0,0x20,0x40,0x1A,0x40,0x62,
    0x40,0x22,0x40,0x22,0x40,0x28,0x40,0x31,0xC0,0x00,0x00,0x00,0x00,0x3F,0xC0,0x49,
    0x40,0x3F,0xC0,0x04,0x00,0x3F,0xC0,0x04,0x00,0x7F,0xE0,0x09,0x00,0x10,0x80,0x7F,
    0x40,0x00,0x00,0x00,0x00,0x7F,0xC0,0x7F,0xC0,0x04,0x00,0x07,0xE0,0x3F,0xC0,0x3F,
    0xC0,0x20,0x40,0x1F,0x80,0x7F,0xE0,0x04,0x00,0x00,0x00,0x00,0x00,0x7F,0xC0,0x49,
    0x40,0x7F,0xC0,0x09,0x00,0x79,0xE0,0x09,0x00,0x79,0xE0,0x09,0x00,0x79,0xE0,0x09,
    0x00,0x00,0x00,0x00,0x00,0x3F,0xC0,0x7B,0xC0,0x04,0x00,0x7F,0xE0,0x3F,0x80,0x3F,
    0xC0,0x20,0x40,0x3F,0xC0,0x3F,0x80,0x7F,0xE0,0x7F,0xC0,0x7B,0xC0,0x04,0x00,0x3F,
    0x40,0x7D,0xE0,0x06,0x00,0x3F,0x80,0xDF,0xC0,0x10,0x40,0x1F,0x80,0x00,0x00,0x00,
    0x00,0x10,0x80,0x19,0x00,0x7F,0xE0,0x04,0x00,0x04,0x00,0x3F,0xC0,0x04,0x00,0x04,
    0x00,0x7F,0xE0,0x04,0x00,0x04,0x00,0x00,0x00,0x10,0x80,0x11,0x00,0x7F,0xE0,0x04,
    0x00,0x3F,0xC0,0x04,0x00,0x7F,0xE0,0x06,0x00,0x0A,0x20,0x32,0x20,0xC3,0xC0,0x00,
    0x00,0x10,0x80,0x09,0x00,0x7F,0xC0,0x3F,0xC0,0x04,0x00,0x7F,0xE0,0x04,0x00,0x7F,
    0xE0,0x06,0x00,0x19,0x00,0xE0,0xE0,0x00,0x00,0x10,0x80,0x09,0x00,0x7F,0xC0,0x04,
    0x00,0x3F,0xC0,0x04,0x00,0x04,0x00,0x7F,0xE0,0x2A,0x40,0x49,0x40,0x49,0x20,0x00,
    0x00,0x49,0x00,0x31,0x80,0x5A,0xC0,0x27,0x40,0x25,0x20,0x78,0x80,0x27,0xC0,0x78,
    0x40,0x26,0x80,0x21,0x80,0x40,0xC0,0x00,0x00,0x10,0x80,0x09,0x00,0x7F,0xE0,0x3F,
    0xC0,0x08,0x00,0x7F,0xE0,0x1B,0x80,0x24,0x40,0x5F,0x80,0x84,0x80,0x7F,0xE0,0x10,
    0x80,0x7F,0xE0,0x04,0x00,0x3F,0xC0,0x7F,0xE0,0x04,0x00,0x67,0xC0,0x2A,0x40,0x3B,
    0x40,0x25,0x80,0x58,0x60,0x00,0x00,0x03,0x40,0x79,0x40,0x2B,0xE0,0x7C,0x80,0x28,
    0x80,0x7B,0xE0,0x20,0x80,0x78,0x80,0x67,0xE0,0xA4,0x80,0x38,0x80,0x00,0x00,0x10,
    0x80,0x7F,0xE0,0x2E,0x40,0x55,0xA0,0x2A,0x40,0x59,0xA0,0x26,0xC0,0x3F,0xC0,0x7F,
    0xE0,0x7F,0xE0,0xF9,0xE0,0x00,0x00,0x7B,0xC0,0x08,0x40,0x6A,0x40,0x29,0x40,0x29,
    0x40,0x18,0xC0,0x6B,0x40,0x8A,0x40,0x08,0x40,0x19,0xC0,0x00,0x00,0x09,0x00,0x14,
    0x80,0xEA,0x40,0x53,0x20,0x2C,0x80,0x7B,0xC0,0x4A,0x40,0x29,0x40,0x19,0xC0,0x6A,
    0x40,0x18,0xC0,0x00,0x00,0x20,0x00,0x26,0xC0,0x7A,0x20,0x26,0xA0,0x26,0xA0,0x52,
    0x40,0x5D,0xA0,0x32,0x20,0x26,0xC0,0x50,0x00,0x8F,0xE0,0x7B,0xC0,0x2A,0x40,0x29,
    0x40,0x3B,0xC0,0x44,0x40,0x7F,0xC0,0x00,0x00,0x10,0x80,0x09,0x00,0x7F,0xE0,0x00,
    0x00,0x48,0x00,0x56,0xE0,0x79,0x20,0x25,0xA0,0x25,0xA0,0x75,0xA0,0x22,0x60,0x7D,
    0xA0,0x21,0x20,0x21,0x20,0x46,0xC0,0x00,0x00,0x40,0x00,0x4F,0xC0,0xF5,0x40,0x3D,
    0xC0,0x2B,0xC0,0xD9,0x40,0xAF,0xC0,0x51,0x40,0x52,0xC0,0x50,0x20,0x8F,0xE0,0x00,
    0x00,0x7F,0xC0,0x25,0x40,0x1D,0xC0,0x76,0x40,0x3F,0xE0,0x62,0x00,0xBF,0xC0,0x3F,
    0xC0,0x22,0x00,0x3F,0xE0,0x00,0x00,0x00,0x00,0x7B,0xC0,0x25,0x40,0x39,0xC0,0x46,
    0x40,0x7F,0xC0,0x11,0x00,0x7E,0x80,0x24,0x40,0x7F,0xE0,0x04,0x00,0x00,0x00,0x00,
    0x00,0x21,0x00,0x21,0x80,0x7A,0x40,0x7C,0x20,0x4F,0xC0,0x7D,0xC0,0x4D,0xC0,0x31,
    0x40,0xFF,0xC0,0x21,0x40,0x26,0xC0,0x00,0x00,0x10,0x00,0x7B,0xE0,0x49,0x20,0x7B,
    0xA0,0x7B,0x60,0x13,0x60,0x7D,0x60,0x2F,0xA0,0xD5,0x20,0x79,0x20,0x13,0x60,0x00,
    0x00,0x7F,0x60,0x59,0x20,0x7F,0xA0,0x3B,0x60,0x55,0x60,0xFD,0x60,0x57,0xA0,0x79,
    0x20,0x55,0x20,0x7B,0x60,0x00,0x00,0x00,0x00,0x7F,0xC0,0x1D,0xC0,0x66,0x40,0x3D,
    0xC0,0x3F,0xC0,0x3F,0xC0,0x7F,0xE0,0x11,0x00,0x6F,0xE0,0x78,0xE0,0x00,0x00,0x00,
    0x00,0x20,0x00,0x6F,0xE0,0x6D,0xA0,0x73,0x60,0x25,0xA0,0x7F,0xE0,0x54,0x80,0x5F,
    0xE0,0x57,0xE0,0x5C,0x80,0x97,0xE0,0x00,0x00,0x04,0x00,0x04,0x40,0x3F,0x40,0x04,
    0x80,0x7F,0xE0,0x06,0x00,0x08,0x40,0x33,0x80,0xDC,0x00,0x10,0x40,0x1F,0xC0,0x08,
    0x00,0x08,0x40,0x3F,0x80,0x09,0x00,0x7F,0xE0,0x0C,0x00,0x3F,0xC0,0xDF,0x00,0x00,
    0x80,0x00,0x80,0x07,0x80,0x00,0x00,0x04,0x00,0x04,0x40,0x3F,0xC0,0x05,0x80,0x7F,
    0xE0,0x0C,0x00,0x3F,0x80,0xD0,0x40,0x1F,0x80,0x10,0x40,0x1F,0x80,0x00,0x00,0x7F,
    0xE0,0x04,0x00,0x04,0x00,0x3F,0xC0,0x49,0x40,0x49,0x40,0x49,0x40,0x49,0x40,0x49,
    0x40,0x40,0xC0,0x00,0x00,0x7F,0xE0,0x04,0x00,0x3B,0xC0,0x29,0x40,0x29,0xC0,0x08,
    0x00,0x7F,0xE0,0x39,0x00,0x07,0x00,0x78,0xE0,0x00,0x00,0x00,0x00,0x00,0x40,0x7E,
    0x40,0x10,0x40,0x11,0xE0,0x6E,0x40,0x6B,0x40,0x6A,0xC0,0x6A,0xC0,0x6A,0x40,0x6A,
    0x40,0x44,0xC0,0x20,0x40,0x22,0x40,0x7A,0x40,0x27,0xE0,0x7A,0x40,0x7A,0x40,0x27,
    0xE0,0x32,0x40,0x6A,0x40,0xA4,0x40,0x2C,0x40,0x00,0x00,0x20,0x00,0x23,0xE0,0x7D,
    0x00,0x21,0x00,0x7F,0xC0,0x79,0x00,0x21,0x60,0x37,0x80,0x69,0x20,0xA1,0x20,0x21,
    0xE0,0x00,0x00,0x10,0x00,0x13,0xE0,0x78,0x00,0x78,0x00,0x17,0xE0,0x59,0x00,0x21,
    0x00,0x32,0x40,0x5A,0x40,0x97,0xE0,0x14,0x20,0x00,0x00,0x20,0x00,0x27,0xC0,0x7D,
    0x40,0x7D,0x40,0x25,0x40,0x7F,0xC0,0x24,0x00,0x34,0x00,0x6C,0x20,0xA4,0x20,0x27,
    0xE0,0x00,0x00,0x21,0x00,0x25,0x60,0x72,0x80,0x22,0x80,0x77,0xE0,0xF9,0x20,0x2F,
    0xE0,0x72,0x00,0x6B,0xC0,0xA4,0x40,0x29,0xC0,0x00,0x00,0x7F,0xE0,0x10,0x80,0x1F,
    0x80,0x10,0x80,0x10,0x80,0x1F,0x80,0x10,0x80,0x3F,0xE0,0x40,0x80,0x00,0x80,0x00,
    0x00,0x7D,0xE0,0x49,0x20,0x39,0x40,0x49,0x40,0x49,0x40,0x39,0x20,0x49,0x20,0x7D,
    0xA0,0x89,0x40,0x09,0x00,0x00,0x00,0x00,0x00,0x11,0x00,0x11,0x80,0x2E,0xC0,0x44,
    0x20,0x7F,0xE0,0x20,0x80,0x3F,0x80,0x3F,0x80,0x20,0x80,0xFF,0xE0,0x00,0x80,0x00,
    0x00,0x00,0x80,0x78,0x80,0x48,0x80,0x7A,0x80,0x4A,0xE0,0x4A,0x80,0x7A,0x80,0x4A,
    0x80,0x5E,0x80,0xEA,0x80,0x0F,0xE0,0x00,0x00,0x01,0x00,0x79,0x00,0x4F,0xE0,0x7D,
    0x20,0x4D,0x20,0x49,0x80,0x71,0x80,0x49,0x80,0x7A,0xA0,0xCE,0xA0,0x0C,0xE0,0x00,
    0x00,0x01,0x00,0x79,0x00,0x4D,0x20,0x7D,0x20,0x4B,0x40,0x4B,0xC0,0x79,0x80,0x49,
    0x80,0x7E,0x40,0x8A,0x60,0x0C,0x20,0x00,0x00,0x7F,0xE0,0x3F,0x80,0x20,0x80,0x3F,
    0x80,0x7F,0xE0,0x00,0x00,0x7B,0xC0,0x69,0x40,0x39,0x80,0xC6,0x60,0x00,0x00,0x00,
    0x00,0x01,0x00,0x7E,0xE0,0x55,0xA0,0x75,0xA0,0x55,0xA0,0x55,0xA0,0x76,0xA0,0x56,
    0xA0,0x7A,0xE0,0x92,0x80,0x14,0x80,0x00,0x00,0x09,0x00,0x6D,0xA0,0x12,0x40,0x17,
    0xA0,0x7B,0xE0,0x7F,0xE0,0x20,0x80,0x3F,0x80,0x1F,0x80,0x7F,0xE0,0x00,0x80,0x00,
    0x00,0x7B,0xC0,0x4A,0x40,0x7A,0x40,0x4A,0x40,0x4A,0x40,0x7B,0xC0,0x49,0x40,0x7A,
    0x40,0x8A,0x20,0x0C,0x20,0x00,0x00,0x02,0x40,0x7A,0x40,0x52,0x80,0x77,0xE0,0x51,
    0x00,0x51,0x00,0x77,0xE0,0x51,0x00,0x59,0x80,0xF2,0x40,0x1C,0x20,0x00,0x00,0x01,
    0x00,0x7F,0xE0,0x55,0x20,0x77,0xE0,0x55,0x20,0x52,0xC0,0x77,0xE0,0x52,0x00,0x7B,
    0xC0,0x90,0x40,0x11,0xC0,0x00,0x00,0x7F,0xC0,0x3A,0x40,0x79,0x80,0x49,0xC0,0xFE,
    0x20,0x7F,0x80,0x0C,0x40,0x77,0x80,0x1C,0xC0,0xE4,0x20,0x00,0x00,0x00,0x00,0x02,
    0x40,0x7A,0x40,0x57,0xC0,0x74,0x40,0x54,0x40,0x57,0xC0,0x71,0x00,0x57,0x40,0x7E,
    0xA0,0x96,0x60,0x1B,0x80,0x00,0x00,0x04,0x00,0x3F,0xC0,0x04,0x40,0x7F,0xE0,0x04,
    0x40,0x7F,0xC0,0x25,0x40,0x2D,0x40,0x35,0x40,0x54,0xC0,0xC4,0x40,0x00,0x00,0x41,
    0x00,0x7F,0xC0,0x49,0x40,0x7F,0xE0,0x21,0x40,0x7F,0xC0,0x51,0x00,0x7F,0xE0,0x21,
    0x00,0x3F,0xE0,0xC9,0x00,0x00,0x00,0x01,0x00,0x7F,0xC0,0x41,0x40,0x7F,0xE0,0x79,
    0x40,0x47,0xC0,0xF9,0x00,0x37,0xE0,0x49,0x00,0x7F,0xE0,0x09,0x00,0x00,0x00,0x11,
    0x00,0x7B,0xE0,0x45,0x80,0x7B,0xC0,0xFF,0xA0,0x04,0x40,0x7F,0xE0,0x3F,0xC0,0x7F,
    0xC0,0x7F,0xE0,0x04,0x00,0x00,0x00,0x04,0x00,0x04,0x00,0x7F,0xC0,0x44,0x40,0x4F,
    0x40,0x54,0xC0,0x44,0x40,0x47,0x40,0x58,0xC0,0x40,0x40,0x41,0xC0,0x00,0x00,0x01,
    0x00,0x79,0x00,0x49,0x00,0x4F,0xC0,0x79,0x40,0x49,0x40,0x7A,0x40,0x4A,0x40,0x4A,
    0x40,0x4C,0x40,0x9D,0xC0,0x00,0x00,0x7B,0x80,0x4A,0x80,0x4A,0x80,0x7A,0x80,0x4A,
    0x80,0x7A,0x80,0x4A,0x80,0x4A,0xA0,0x4C,0xA0,0x9C,0x60,0x00,0x00,0x04,0x00,0x24,
    0x40,0x14,0x80,0x1F,0x80,0x20,0x40,0x20,0x40,0x3F,0xC0,0x20,0x40,0x3F,0xC0,0x20,
    0x40,0x21,0xC0,0x00,0x00,0x00,0x40,0x78,0x40,0x48,0x40,0x4F,0xE0,0x7A,0x40,0x4A,
    0x40,0x7A,0x40,0x49,0x40,0x48,0x40,0x48,0x40,0xD9,0x80,0x00,0x00,0x00,0x80,0x78,
    0x80,0x48,0x80,0x48,0x80,0x7B,0xE0,0x48,0x80,0x78,0x80,0x48,0x80,0x48,0x80,0x48,
    0x80,0xDF,0xE0,0x00,0x00,0x3B,0xE0,0x48,0x80,0x48,0x80,0x38,0x80,0x48,0x80,0x78,
    0x80,0x48,0x80,0x48,0x80,0x48,0x80,0xDF,0xE0,0x00,0x00,0x7B,0xE0,0x48,0x80,0x48,
    0x80,0x78,0x80,0x4F,0xE0,0x78,0x80,0x48,0x80,0x48,0x80,0x48,0x80,0xD8,0x80,0x00,
    0x00,0x77,0xC0,0x48,0x80,0x4B,0x00,0x77,0xE0,0x4A,0xA0,0x7A,0xA0,0x4D,0x20,0x4D,
    0x20,0x4A,0x40,0xB6,0xC0,0x00,0x00,0x00,0x00,0x3B,0xC0,0x4A,0x40,0x4A,0x40,0x3C,
    0x20,0x4F,0xC0,0x7A,0x40,0x4A,0x40,0x49,0x80,0x4B,0x80,0xDC,0x60,0x00,0x00,0x01,
    0x00,0x79,0x00,0x4F,0xE0,0x49,0x00,0x79,0x00,0x4E,0xC0,0x7A,0x40,0x4A,0x80,0x49,
    0x80,0x4B,0xC0,0xDC,0x60,0x00,0x00,0x01,0x00,0x79,0x00,0x4F,0xE0,0x49,0x00,0x79,
    0x00,0x4F,0xE0,0x79,0x00,0x49,0x80,0x4A,0x80,0x4A,0x40,0xDC,0x20,0x00,0x00,0x77,
    0xC0,0x55,0x40,0x55,0x40,0x75,0x40,0x57,0xC0,0x74,0x00,0x54,0x00,0x54,0x20,0x54,
    0x20,0xB3,0xE0,0x00,0x00,0x02,0x00,0x3F,0xC0,0x20,0x40,0x3F,0xC0,0x20,0x00,0x2F,
    0xC0,0x30,0x40,0x2F,0xC0,0x5F,0xC0,0x50,0x40,0xD1,0xC0,0x00,0x00,0x01,0x00,0x78,
    0x80,0x4F,0xE0,0x4A,0x00,0x7A,0x00,0x4B,0xC0,0x7A,0x40,0x4A,0x40,0x4A,0x40,0x4C,
    0x40,0xBD,0xC0,0x00,0x00,0x01,0x00,0x79,0x00,0x4F,0xE0,0x48,0x00,0x7B,0xC0,0x4A,
    0x40,0x7A,0x40,0x4A,0x40,0x4A,0x60,0x4C,0x60,0xBC,0x60,0x00,0x00,0x04,0x00,0x23,
    0xC0,0x24,0x00,0x7F,0xE0,0x00,0x00,0x3F,0xC0,0x20,0x40,0x3F,0xC0,0x3F,0xC0,0x20,
    0x40,0x21,0xC0,0x00,0x00,0x04,0x00,0x7F,0xE0,0x09,0x00,0x3F,0xC0,0x40,0x60,0x3F,
    0xC0,0x20,0x40,0x3F,0xC0,0x3F,0xC0,0x20,0x40,0x21,0xC0,0x00,0x00,0x01,0x00,0x71,
    0x00,0x57,0xE0,0x51,0x00,0x77,0xE0,0x55,0x20,0x75,0x20,0x55,0x20,0x55,0x20,0x55,
    0x40,0xB1,0x00,0x00,0x00,0x10,0x00,0x57,0xC0,0x52,0x40,0x51,0x80,0x56,0xE0,0x1F,
    0x80,0x20,0x40,0x3F,0xC0,0x3F,0xC0,0x20,0x40,0x21,0xC0,0x00,0x00,0x01,0x00,0x71,
    0x00,0x4F,0xE0,0x4D,0x20,0x75,0x20,0x4D,0x20,0x7D,0x20,0x4F,0xE0,0x49,0x00,0x49,
    0x00,0x91,0x00,0x00,0x00,0x02,0x00,0x72,0x60,0x4A,0xC0,0x4B,0x00,0x72,0x00,0x4F,
    0xE0,0x72,0x80,0x4A,0x80,0x4A,0x40,0x4B,0x60,0xD6,0x20,0x00,0x00,0x01,0x00,0x71,
    0x00,0x57,0xC0,0x51,0x40,0x75,0x40,0x55,0x60,0x56,0x60,0x7A,0x60,0x52,0x40,0x54,
    0x40,0xDD,0x80,0x00,0x00,0x7F,0xC0,0x7F,0xC0,0x44,0x40,0x7F,0xC0,0x3F,0xC0,0x20,
    0x40,0x3F,0xC0,0x3F,0xC0,0x20,0x40,0x21,0x80,0x00,0x00,0x00,0x00,0x3B,0xC0,0x4A,
    0x20,0x4A,0x20,0x3B,0xC0,0x4A,0x20,0x3A,0x20,0x4B,0xC0,0x48,0x00,0x48,0x00,0xD7,
    0xE0,0x00,0x00,0x0A,0x00,0x7A,0xE0,0x09,0x00,0x39,0x20,0x49,0xC0,0x3F,0xC0,0x20,
    0x40,0x3F,0xC0,0x3F,0xC0,0x20,0x40,0x21,0x80,0x00,0x00,0x01,0x00,0x79,0x00,0x4A,
    0x40,0x4A,0x40,0x7F,0xE0,0x48,0x20,0x7B,0xC0,0x4A,0x20,0x4A,0x20,0x4A,0x20,0xB3,
    0xE0,0x00,0x00,0x01,0x00,0x7D,0x20,0x4D,0x20,0x4B,0x40,0x79,0x00,0x4F,0xE0,0x79,
    0x00,0x4F,0xE0,0x49,0x00,0x49,0x00,0x91,0x00,0x00,0x00,0x7F,0xE0,0x48,0x80,0x49,
    0x00,0x79,0x80,0x4B,0x40,0x7D,0x20,0x49,0x20,0x49,0x00,0x48,0x00,0xB7,0xE0,0x00,
    0x00,0x00,0x00,0x00,0x80,0x72,0x80,0x4C,0x80,0x4F,0xE0,0x74,0x80,0x48,0x80,0x7F,
    0xE0,0x48,0x80,0x48,0x80,0x48,0x80,0xB7,0xE0,0x00,0x00,0x02,0x00,0x72,0x00,0x55,
    0xC0,0x54,0x40,0x7F,0x40,0x55,0x40,0x75,0x40,0x56,0x40,0x54,0xA0,0x54,0x20,0xB7,
    0xE0,0x00,0x00,0x10,0x00,0x13,0xC0,0x7E,0x40,0x12,0x40,0x13,0xC0,0x7A,0x40,0x4A,
    0x40,0x4B,0xC0,0x4A,0x40,0x7A,0x40,0x04,0xC0,0x00,0x00,0x01,0x00,0x71,0x00,0x56,
    0xE0,0x52,0x40,0x77,0xA0,0x58,0x20,0x7F,0xE0,0x54,0x00,0x53,0xC0,0x50,0x40,0xB1,
    0xC0,0x00,0x00,0x01,0x00,0x77,0xE0,0x51,0x00,0x57,0xC0,0x71,0x40,0x57,0xC0,0x77,
    0xC0,0x51,0x20,0x51,0x40,0x52,0x80,0xBC,0x60,0x00,0x00,0x01,0x00,0x73,0xC0,0x56,
    0x40,0x5E,0xC0,0x71,0x80,0x52,0xC0,0x7C,0x20,0x57,0xC0,0x54,0x40,0x54,0x40,0xB7,
    0xC0,0x00,0x00,0x01,0x00,0x71,0x00,0x4F,0xE0,0x4A,0x80,0x72,0x40,0x4E,0xE0,0x4A,
    0xA0,0x79,0x80,0x49,0x80,0x4A,0xC0,0xBC,0x20,0x00,0x00,0x02,0x00,0x74,0x00,0x57,
    0xE0,0x5D,0x20,0x77,0xA0,0x56,0xA0,0x77,0xA0,0x55,0xA0,0x54,0xA0,0x53,0x20,0xB0,
    0xC0,0x00,0x00,0x01,0x00,0x70,0x80,0x57,0xE0,0x55,0x20,0x71,0x00,0x57,0xE0,0x72,
    0x40,0x56,0x80,0x51,0x80,0x53,0xC0,0xBC,0x20,0x00,0x00,0x11,0x00,0x29,0x20,0x65,
    0xC0,0x7D,0x20,0x7D,0x60,0x44,0x80,0x7D,0x20,0x45,0xC0,0x7D,0x20,0x45,0x20,0x4D,
    0xE0,0x00,0x00,0x04,0x00,0x74,0xE0,0x57,0x00,0x54,0x20,0x73,0xE0,0x50,0x00,0x77,
    0xC0,0x54,0x40,0x57,0xC0,0x54,0x40,0xB7,0xC0,0x00,0x00,0x02,0x00,0x73,0xC0,0x54,
    0x40,0x5F,0xE0,0x74,0x00,0x55,0xC0,0x55,0x40,0x75,0x40,0x55,0x80,0x55,0x20,0xB9,
    0xE0,0x00,0x00,0x02,0x00,0x71,0x80,0x50,0x80,0x57,0x20,0x71,0x40,0x5F,0x80,0x53,
    0x80,0x75,0x40,0x55,0x60,0x59,0x30,0xB3,0x00,0x00,0x00,0x04,0x00,0x74,0xC0,0x0F,
    0x80,0x7A,0x60,0x11,0x80,0xFF,0xE0,0x20,0x40,0x3F,0xC0,0x3F,0xC0,0x20,0x40,0x21,
    0x80,0x00,0x00,0x00,0x80,0x70,0x80,0x57,0xE0,0x54,0x80,0x74,0x80,0x54,0x80,0x75,
    0xE0,0x54,0x80,0x54,0x80,0x54,0x80,0xDB,0xE0,0x00,0x00,0x01,0x00,0x71,0x00,0x56,
    0xE0,0x52,0x40,0x71,0x80,0x53,0xC0,0x7C,0x20,0x52,0x40,0x52,0x40,0x54,0x40,0xBC,
    0x40,0x00,0x00,0x01,0x00,0x71,0x00,0x57,0xE0,0x52,0x40,0x76,0xA0,0x55,0xA0,0x55,
    0xA0,0x76,0xA0,0x56,0x60,0x54,0x20,0xB7,0xE0,0x00,0x00,0x01,0x00,0x71,0x00,0x57,
    0xE0,0x55,0x20,0x73,0x20,0x53,0x40,0x76,0x80,0x5A,0x80,0x52,0x40,0x53,0x20,0xB6,
    0x20,0x00,0x00,0x01,0x00,0x77,0xE0,0x51,0x00,0x57,0xE0,0x74,0x20,0x53,0xC0,0x70,
    0x80,0x51,0x00,0x57,0xE0,0x51,0x00,0xB3,0x00,0x00,0x00,0x04,0x00,0x74,0xE0,0x5E,
    0xA0,0x54,0xA0,0x74,0xA0,0x5F,0xA0,0x74,0xA0,0x56,0xA0,0x59,0xA0,0x5F,0xC0,0xB0,
    0x80,0x00,0x00,0x01,0x40,0x71,0x20,0x57,0xE0,0x51,0x00,0x77,0xE0,0x55,0x20,0x57,
    0xE0,0x75,0x20,0x57,0xE0,0x55,0x20,0xB5,0x60,0x00,0x00,0x06,0x40,0x72,0x40,0x52,
    0x80,0x57,0xC0,0x74,0x40,0x54,0x40,0x77,0xC0,0x52,0x80,0x52,0xA0,0x52,0xA0,0xBC,
    0xE0,0x00,0x00,0x01,0x00,0x71,0x80,0x52,0x80,0x54,0x40,0x7B,0xF0,0x51,0x00,0x75,
    0x40,0x55,0x40,0x53,0x40,0x50,0x80,0xF7,0xE0,0x00,0x00,0x01,0x00,0x73,0xC0,0x55,
    0x20,0x55,0x20,0x77,0xE0,0x55,0x20,0x57,0xC0,0x72,0x80,0x5F,0xE0,0x50,0x80,0xB0,
    0x80,0x00,0x00,0x02,0x80,0x72,0x80,0x57,0xC0,0x56,0xA0,0x76,0xA0,0x57,0xC0,0x56,
    0xA0,0x7F,0xE0,0x50,0x00,0x52,0xC0,0xBC,0x20,0x00,0x00,0x02,0x80,0x72,0x80,0x57,
    0xE0,0x52,0x80,0x77,0xE0,0x50,0x00,0x57,0xC0,0x74,0x40,0x57,0xC0,0x54,0x40,0xB7,
    0xC0,0x00,0x00,0x01,0x00,0x71,0x00,0x57,0xE0,0x55,0x00,0x75,0xE0,0x56,0xA0,0x5F,
    0x40,0x75,0x40,0x54,0x80,0x55,0x40,0xF6,0x20,0x00,0x00,0x02,0x00,0x3F,0xE0,0x28,
    0x40,0x2F,0xE0,0x3B,0x40,0x2A,0xC0,0x3F,0xC0,0x53,0x40,0x5E,0xC0,0x5F,0xC0,0xD0,
    0xC0,0x00,0x00,0x01,0x00,0x70,0x80,0x57,0x60,0x55,0x40,0x76,0xE0,0x56,0x40,0x56,
    0xC0,0x76,0xC0,0x56,0xC0,0x5A,0x40,0xBA,0xC0,0x00,0x00,0x01,0x00,0x71,0x00,0x57,
    0xE0,0x54,0xA0,0x73,0x40,0x54,0x20,0x50,0x00,0x77,0xC0,0x51,0x00,0x51,0x00,0xB7,
    0xE0,0x00,0x00,0x01,0x00,0x77,0xC0,0x58,0x20,0x5C,0x20,0x77,0xC0,0x55,0xA0,0x7E,
    0xA0,0x5A,0xC0,0x52,0xA0,0x54,0xA0,0xB8,0xE0,0x00,0x00,0x77,0xC0,0x57,0xC0,0x54,
    0x40,0x77,0xC0,0x55,0x00,0x77,0xE0,0x59,0x00,0x57,0xC0,0x51,0x00,0xBF,0xE0,0x00,
    0x00,0x00,0x00,0x77,0xC0,0x55,0x20,0x57,0xC0,0x75,0x20,0x57,0xE0,0x71,0x00,0x56,
    0xA0,0x56,0xA0,0x5A,0x60,0xB3,0xC0,0x00,0x00,0x00,0x00,0x7F,0xE0,0x52,0x80,0x57,
    0xC0,0x7A,0xA0,0x57,0xC0,0x72,0x00,0x5F,0xE0,0x56,0x80,0x51,0x80,0xBE,0x60,0x00,
    0x00,0x02,0x00,0x73,0xE0,0x54,0x00,0x5F,0xC0,0x77,0xC0,0x54,0x40,0x77,0xC0,0x53,
    0xC0,0x5E,0x40,0x51,0x80,0xBE,0x60,0x00,0x00,0x01,0x00,0x77,0xC0,0x54,0x40,0x57,
    0xC0,0x74,0x40,0x57,0xC0,0x51,0x20,0x7F,0xC0,0x55,0x40,0x55,0x60,0xBB,0x20,0x00,
    0x00,0x00,0xC0,0x70,0xA0,0x5F,0xE0,0x57,0x80,0x70,0x80,0x5F,0x80,0x77,0x80,0x5B,
    0x40,0x5B,0x60,0x55,0x60,0xB8,0xE0,0x00,0x00,0x01,0x00,0x75,0x40,0x57,0xE0,0x51,
    0x00,0x7F,0xE0,0x54,0x40,0x7B,0xB0,0x54,0x80,0x53,0x60,0x5F,0xA0,0xB0,0xC0,0x00,
    0x00,0x7D,0xC0,0x55,0x40,0x51,0xC0,0x7D,0x40,0x55,0x80,0x75,0xE0,0x55,0x40,0x57,
    0xA0,0x5C,0x00,0xB3,0xE0,0x00,0x00,0x00,0x00,0x01,0x00,0x7D,0xA0,0x52,0x40,0x52,
    0x80,0x77,0xE0,0x51,0x00,0x7F,0xE0,0x52,0x00,0x53,0xC0,0x54,0x40,0xB9,0xC0,0x00,
    0x00,0x01,0x40,0x77,0xE0,0x51,0x00,0x57,0xC0,0x77,0xE0,0x55,0x20,0x57,0xC0,0x70,
    0x40,0x5F,0xE0,0x52,0x40,0xB1,0xC0,0x00,0x00,0x04,0x00,0x7F,0xE0,0x3F,0x80,0x3F,
    0x80,0x7F,0xE0,0x5F,0xA0,0x1F,0x80,0x3F,0xC0,0x3F,0xC0,0x3F,0xC0,0x21,0xC0,0x00,
    0x00,0x7F,0xE0,0x57,0xC0,0x5A,0xA0,0x7F,0xE0,0x50,0x00,0x77,0xC0,0x5E,0xE0,0x51,
    0x00,0x55,0x40,0xBB,0x20,0x00,0x00,0x00,0x00,0x01,0x00,0x75,0x40,0x5F,0xE0,0x58,
    0x20,0x7F,0xE0,0x54,0x40,0x57,0xC0,0x71,0x00,0x57,0xC0,0x51,0x00,0xBF,0xE0,0x00,
    0x00,0x02,0x80,0x77,0xE0,0x52,0x80,0x57,0xC0,0x74,0x40,0x57,0xC0,0x77,0xC0,0x51,
    0x00,0x57,0xE0,0x53,0x80,0xBC,0x60,0x00,0x00,0x01,0x00,0x77,0xE0,0x51,0x00,0x57,
    0xC0,0x79,0x20,0x52,0x80,0x7D,0x70,0x53,0x40,0x53,0x80,0x55,0x40,0xBB,0x20,0x00,
    0x00,0x02,0x00,0x72,0x20,0x5F,0x40,0x5F,0x80,0x70,0x20,0x57,0x40,0x59,0x80,0x76,
    0x20,0x55,0x20,0x57,0x40,0xB9,0x80,0x00,0x00,0x02,0x40,0x72,0x80,0x55,0x60,0x57,
    0xE0,0x71,0x00,0x5F,0xE0,0x53,0x40,0x7C,0xA0,0x57,0xC0,0x54,0x40,0xB7,0xC0,0x00,
    0x00,0x7D,0xC0,0x7D,0x60,0x7F,0xC0,0x75,0x40,0x59,0xC0,0xA6,0x20,0x39,0xC0,0x3F,
    0xC0,0x3F,0xC0,0x21,0xC0,0x00,0x00,0x00,0x00,0x00,0x80,0x7B,0xE0,0x39,0x40,0x53,
    0xE0,0x6B,0xE0,0xB8,0x80,0x3F,0xC0,0x3F,0xC0,0x20,0x40,0x3F,0xC0,0x21,0xC0,0x00,
    0x00,0x01,0x00,0x7F,0xE0,0x55,0x00,0x57,0x40,0x7B,0xE0,0x57,0xE0,0x77,0x40,0x5F,
    0xE0,0x55,0x40,0x55,0xE0,0xB9,0x00,0x00,0x00,0x01,0x00,0x77,0xE0,0x52,0x40,0x5F,
    0xE0,0x77,0xC0,0x54,0x40,0x77,0xC0,0x57,0xC0,0x57,0x40,0x5A,0xE0,0xBB,0xA0,0x00,
    0x00,0x3F,0xE0,0x22,0x00,0x22,0x00,0x3F,0xC0,0x20,0x40,0x20,0x40,0x3F,0xC0,0x22,
    0x00,0x22,0x00,0x3F,0xE0,0x00,0x00,0x04,0x00,0x04,0x00,0x3F,0xC0,0x20,0x40,0x3F,
    0xC0,0x20,0x40,0x20,0x40,0x3F,0xC0,0x20,0x40,0x3F,0xC0,0x20,0x40,0x00,0x00,0x04,
    0x00,0x3F,0xC0,0x20,0x40,0x3F,0xC0,0x3F,0xC0,0x20,0x40,0x3F,0xC0,0x04,0x80,0x7F,
    0xE0,0x0B,0x00,0xF0,0xE0,0x00,0x00,0x7F,0xE0,0x0D,0x00,0x10,0x80,0x7F,0xC0,0x00,
    0x40,0x04,0x00,0x3F,0xC0,0x04,0x00,0x04,0x00,0x7F,0xE0,0x01,0x00,0x7D,0x00,0x21,
    0xE0,0x2A,0x40,0x7A,0x40,0x16,0x40,0x11,0x80,0x7D,0x80,0x11,0x80,0x7F,0x40,0x86,
    0x20,0x00,0x00,0x01,0x00,0x7F,0xE0,0x21,0x00,0x57,0xC0,0x77,0x60,0x2A,0x80,0x27,
    0xC0,0x79,0x20,0x27,0xC0,0x7B,0xC0,0x8D,0x20,0x00,0x00,0x3F,0xC0,0x40,0x40,0x40,
    0x40,0x40,0x40,0x7B,0xC0,0x40,0x40,0x40,0x40,0x40,0x40,0x7F,0xC0,0x40,0x40,0x00,
    0x00,0x00,0x00,0x7F,0xE0,0x24,0x40,0x32,0x80,0x2C,0x80,0x33,0xC0,0x20,0x40,0x3F,
    0xC0,0x20,0x40,0x20,0x40,0x3F,0xC0,0x00,0x00,0x00,0x00,0x04,0x00,0x3B,0xC0,0x3B,
    0xC0,0x3F,0xC0,0x00,0x00,0x3F,0xC0,0x3F,0xC0,0x3F,0xC0,0x7F,0xC0,0x08,0x40,0x71,
    0xC0,0x00,0x00,0x04,0x00,0x7F,0xC0,0x44,0x40,0x7A,0xC0,0x4F,0x40,0x32,0xC0,0x4F,
    0x40,0xFF,0xE0,0x08,0x00,0x11,0x80,0x60,0x60,0x00,0x00,0x7F,0xC0,0x04,0x00,0x04,
    0x00,0x7F,0xE0,0x04,0x00,0x04,0x00,0x3B,0xC0,0x20,0x40,0x20,0x40,0x3F,0xC0,0x00,
    0x00,0x00,0x00,0x04,0x00,0x0E,0x00,0x11,0x80,0xFF,0xE0,0x04,0x00,0x7F,0xE0,0x04,
    0x00,0x3F,0xC0,0x20,0x40,0x20,0x40,0x3F,0xC0,0x00,0x00,0x10,0x00,0x3B,0xE0,0x6E,
    0x40,0xFD,0x80,0x10,0x80,0x7F,0xE0,0x10,0xA0,0x78,0xE0,0x48,0x80,0x48,0x80,0x7B,
    0x00,0x00,0x00,0x7F,0xE0,0x21,0x00,0x21,0x00,0x7E,0xE0,0x22,0x40,0x75,0x20,0x5D,
    0xE0,0x55,0xA0,0x5D,0x60,0x73,0x00,0x00,0x00,0x00,0x00,0x7F,0xC0,0x24,0x80,0x3F,
    0x80,0x50,0x40,0x60,0x80,0x3B,0xE0,0x6A,0x80,0x57,0xE0,0x30,0x80,0x40,0x80,0x00,
    0x00,0x00,0x00,0x10,0x00,0x3F,0xE0,0x55,0x40,0x7F,0xE0,0x15,0x40,0x7F,0xE0,0x10,
    0x80,0x3F,0xE0,0x6A,0x80,0x13,0xE0,0x60,0x80,0x00,0x00,0x04,0x00,0x04,0x00,0x1B,
    0x80,0x14,0x80,0x12,0x80,0xFF,0xE0,0x10,0x80,0x24,0x80,0x22,0x80,0x20,0x80,0x41,
    0x80,0x00,0x00,0x11,0x00,0x30,0x80,0x4F,0xE0,0x58,0x00,0x5B,0xC0,0xFA,0x40,0x4A,
    0x40,0x5A,0x40,0x5A,0x60,0x4A,0x60,0x5C,0x60,0x00,0x00,0x10,0x00,0x11,0xC0,0x2A,
    0x40,0x3A,0x40,0x3A,0x20,0xFB,0xC0,0x4A,0x40,0x59,0x40,0x59,0x80,0x49,0xC0,0xDE,
    0x20,0x00,0x00,0x10,0x00,0x23,0xC0,0x5A,0x40,0x6B,0x40,0x5B,0x40,0xFB,0x40,0x4B,
    0x40,0x7B,0xC0,0x59,0xA0,0x4A,0xA0,0xDC,0xE0,0x00,0x00,0x10,0x00,0x79,0x80,0x49,
    0x40,0x7A,0x40,0x5F,0xF0,0x7A,0x40,0x4A,0x40,0x5A,0xC0,0x5A,0x20,0x4A,0x20,0xDB,
    0xC0,0x00,0x00,0x11,0x00,0x30,0x80,0x4F,0xE0,0x7C,0x20,0x5A,0x00,0xFA,0x40,0x4B,
    0x80,0x7A,0x00,0x5A,0x20,0x4A,0x20,0x59,0xC0,0x00,0x00,0x10,0x80,0x30,0x80,0x4B,
    0xE0,0x7A,0x20,0x5A,0x20,0xFA,0x20,0x4B,0xE0,0x7A,0x20,0x5A,0x20,0x4B,0xE0,0xDA,
    0x20,0x00,0x00,0x11,0x00,0x30,0x80,0x4F,0xE0,0x59,0x00,0x5A,0x60,0xFA,0x40,0x4D,
    0x80,0x59,0x40,0x59,0x40,0x4B,0xE0,0xDC,0x20,0x00,0x00,0x10,0x00,0x3B,0xC0,0x4A,
    0x40,0x5A,0x40,0x5E,0x60,0x7A,0x00,0x4B,0xC0,0x5A,0x40,0x5A,0x40,0x4A,0x40,0xDB,
    0xC0,0x00,0x00,0x10,0x00,0x37,0xE0,0x4A,0x40,0x6C,0x40,0x55,0xE0,0xF2,0x40,0x4A,
    0x40,0x6E,0x40,0x57,0xE0,0x4E,0x00,0xBD,0xE0,0x00,0x00,0x21,0x00,0x27,0xC0,0x55,
    0x40,0x77,0xC0,0x55,0x40,0xF7,0xC0,0x51,0x00,0x77,0xC0,0x52,0x80,0x51,0x80,0xBE,
    0x60,0x00,0x00,0x04,0x00,0x3F,0x80,0x20,0x80,0x20,0x80,0x3F,0x80,0x20,0x80,0x3F,
    0xC0,0x24,0xC0,0x23,0x00,0x2D,0x80,0x70,0x60,0x00,0x00,0x77,0xC0,0x14,0x40,0x57,
    0xC0,0x54,0x40,0x37,0xC0,0x35,0x20,0x35,0x40,0x4C,0x80,0x4D,0x40,0x86,0x20,0x00,
    0x00,0x00,0x00,0x08,0x00,0x1F,0x80,0x31,0x00,0x63,0x00,0xFF,0xC0,0x24,0x40,0x3F,
    0xC0,0x20,0x00,0x20,0x20,0x20,0x20,0x3F,0xC0,0x22,0x00,0x23,0xC0,0x74,0x40,0x2C,
    0x80,0x27,0xC0,0x75,0x40,0x25,0x40,0xFF,0xC0,0x24,0x20,0x24,0x20,0x27,0xC0,0x00,
    0x00,0x09,0x00,0x09,0x00,0x7F,0xE0,0x09,0x00,0x3F,0x80,0x01,0x00,0x06,0x00,0x18,
    0x00,0x20,0x20,0x60,0x20,0x3F,0xC0,0x09,0x00,0x09,0x00,0x7F,0xE0,0x09,0x00,0x20,
    0x80,0x10,0x80,0x09,0x00,0x0F,0x00,0x06,0x00,0x19,0x80,0xE0,0x60,0x00,0x00,0x11,
    0x00,0x11,0x00,0x7F,0xE0,0x11,0x00,0x00,0x00,0x7F,0xC0,0x08,0x40,0x08,0x40,0x08,
    0x40,0x0B,0x80,0x08,0x00,0x00,0x00,0x09,0x00,0x7F,0xE0,0x09,0x00,0x00,0x00,0x3F,
    0xC0,0x02,0x00,0x02,0x00,0x7F,0xE0,0x02,0x00,0x02,0x00,0x0C,0x00,0x09,0x00,0x09,
    0x00,0x7F,0xE0,0x11,0x00,0x1F,0xC0,0x20,0x40,0x58,0x40,0x4C,0x40,0x04,0x40,0x00,
    0x40,0x03,0x80,0x00,0x00,0x11,0x00,0x11,0x00,0x7F,0xE0,0x15,0x00,0x02,0x00,0x7F,
    0xE0,0x20,0x00,0x20,0x00,0x20,0x00,0x20,0x00,0x3F,0xC0,0x09,0x00,0x7F,0xE0,0x09,
    0x00,0x00,0x00,0x3F,0xC0,0x04,0x00,0x7F,0xE0,0x06,0x00,0x0A,0x20,0x12,0x20,0x63,
    0xC0,0x00,0x00,0x11,0x00,0x7F,0xE0,0x11,0x00,0x15,0x00,0x3F,0x00,0x00,0xC0,0x01,
    0x00,0x06,0x00,0x38,0x00,0x50,0x00,0xCF,0xE0,0x11,0x00,0x7F,0xE0,0x11,0x00,0x06,
    0x00,0x0B,0x00,0x10,0x80,0xE9,0x60,0x09,0x00,0x11,0x00,0x11,0x00,0x61,0x00,0x00,
    0x00,0x08,0x80,0x7F,0xE0,0x08,0x80,0x06,0x00,0x3F,0xC0,0x20,0x40,0x20,0x40,0x3F,
    0xC0,0x20,0x00,0x40,0x00,0xC0,0x00,0x00,0x00,0x11,0x00,0x7F,0xE0,0x11,0x00,0x0A,
    0x00,0x11,0x00,0x20,0xC0,0xFF,0xA0,0x08,0x80,0x08,0x80,0x10,0x80,0x67,0x00,0x00,
    0x00,0x09,0x00,0x7F,0xE0,0x09,0x00,0x00,0x00,0x3F,0xC0,0x24,0x40,0x3F,0xC0,0x20,
    0x00,0x20,0x20,0x20,0x20,0x3F,0xC0,0x11,0x00,0x11,0x00,0x7F,0xE0,0x11,0x00,0x04,
    0x00,0x32,0x40,0x52,0x40,0x50,0x20,0x50,0xA0,0xD0,0xA0,0x0F,0x00,0x09,0x00,0x09,
    0x00,0x7F,0xE0,0x01,0x00,0x12,0x20,0x22,0xC0,0x63,0x00,0xD6,0x00,0x1A,0x20,0x12,
    0x20,0x11,0xC0,0x00,0x00,0x09,0x00,0x7F,0xE0,0x09,0x00,0x04,0x00,0x7F,0xE0,0x08,
    0x00,0x0F,0x80,0x10,0x80,0x10,0x80,0x20,0x80,0x43,0x80,0x00,0x00,0x09,0x00,0x7F,
    0xE0,0x09,0x00,0x00,0x40,0x3F,0x80,0x20,0x00,0x3F,0xE0,0x21,0x00,0x21,0x00,0x21,
    0x00,0x41,0x00,0x00,0x00,0x09,0x00,0x7F,0xE0,0x09,0x00,0x7E,0xE0,0x01,0x00,0x21,
    0x00,0x3F,0xE0,0x07,0x00,0x0D,0x00,0x31,0x00,0xC3,0x00,0x00,0x00,0x09,0x00,0x7F,
    0xE0,0x09,0x00,0x04,0x00,0x7F,0xE0,0x3F,0xC0,0x04,0x00,0x7F,0xC0,0x04,0x40,0x04,
    0xC0,0x05,0x00,0x00,0x00,0x11,0x00,0x7F,0xE0,0x11,0x00,0x06,0x00,0x19,0x80,0x6F,
    0xE0,0x90,0xA0,0x10,0x80,0x13,0x40,0x10,0x40,0x1F,0xC0,0x11,0x00,0x7F,0xE0,0x11,
    0x00,0x04,0x00,0x7F,0x80,0x08,0x80,0x28,0xC0,0x28,0xE0,0x48,0xB0,0x10,0x80,0x63,
    0x00,0x00,0x00,0x09,0x00,0x7F,0xE0,0x09,0x00,0x30,0x00,0x3F,0xC0,0x26,0x40,0x6A,
    0x40,0xDA,0xC0,0x12,0x20,0x22,0x20,0x41,0xC0,0x00,0x00,0x11,0x00,0x11,0x00,0x7F,
    0xE0,0x0D,0x00,0x10,0x80,0x7F,0xC0,0x00,0x20,0x3F,0xC0,0x20,0x40,0x20,0x40,0x3F,
    0xC0,0x00,0x00,0x09,0x00,0x7F,0xE0,0x09,0x00,0x00,0x00,0x3F,0xC0,0x24,0x40,0x24,
    0x40,0x3F,0xC0,0x24,0x40,0x3F,0xC0,0x20,0x40,0x00,0x00,0x09,0x00,0x7F,0xE0,0x09,
    0x00,0x00,0x00,0xFF,0xE0,0x00,0x40,0x3E,0x40,0x22,0x40,0x3E,0x40,0x00,0x40,0x01,
    0x80,0x00,0x00,0x09,0x00,0x7F,0xE0,0x09,0x00,0x3F,0xC0,0x20,0x40,0x7E,0x40,0xA2,
    0x40,0x3E,0x40,0x21,0xA0,0x20,0x20,0x3F,0xE0,0x00,0x00,0x09,0x00,0x7F,0xE0,0x09,
    0x00,0x10,0x00,0x3F,0xC0,0x40,0x40,0xBE,0x40,0x22,0x40,0x22,0x40,0x1C,0x40,0x01,
    0xC0,0x00,0x00,0x11,0x00,0x11,0x00,0x7F,0xE0,0x04,0x00,0x7F,0xE0,0x08,0x00,0x10,
    0x00,0x3F,0xC0,0xD0,0x40,0x1F,0xC0,0x10,0x40,0x00,0x00,0x11,0x00,0x7F,0xE0,0x11,
    0x00,0x04,0x00,0x7F,0xE0,0x04,0x00,0x04,0x00,0x3F,0xC0,0x20,0x40,0x20,0x40,0x3F,
    0xC0,0x00,0x00,0x11,0x00,0x7F,0xE0,0x11,0x00,0x15,0x00,0x07,0xE0,0x04,0x00,0x1F,
    0x80,0x20,0x40,0x20,0x40,0x20,0x40,0x3F,0xC0,0x00,0x00,0x11,0x00,0x7F,0xE0,0x11,
    0x00,0x04,0x00,0x7F,0xE0,0x0E,0x00,0x0D,0x00,0x34,0x80,0x64,0x60,0xDF,0xA0,0x04,
    0x00,0x00,0x00,0x11,0x00,0x11,0x00,0x7F,0xE0,0x04,0x00,0x3F,0xC0,0x24,0x40,0x24,
    0x40,0x7F,0xE0,0x06,0x00,0x19,0x00,0x60,0xE0,0x00,0x00,0x09,0x00,0x7F,0xE0,0x09,
    0x00,0x7B,0xE0,0x04,0x00,0x24,0x40,0x15,0x80,0x04,0x00,0x7F,0xE0,0x04,0x00,0x04,
    0x00,0x00,0x00,0x11,0x00,0x7F,0xE0,0x11,0x00,0x04,0x00,0x24,0x40,0x24,0x40,0x3F,
    0xC0,0x24,0x40,0x24,0x40,0x24,0x40,0x3F,0xC0,0x00,0x00,0x11,0x00,0x7F,0xE0,0x11,
    0x00,0x04,0x80,0x3F,0xE0,0x24,0x00,0x22,0xC0,0x23,0x80,0x23,0x20,0x4D,0x20,0xD0,
    0xC0,0x00,0x00,0x09,0x00,0x7F,0xE0,0x09,0x00,0x20,0x00,0x17,0xC0,0x44,0x40,0x34,
    0x40,0x25,0x80,0x34,0x20,0x24,0x20,0x47,0xE0,0x00,0x00,0x09,0x00,0x7F,0xE0,0x09,
    0x00,0x20,0x00,0x7D,0xC0,0x25,0x40,0x25,0x40,0x25,0x40,0x25,0x40,0x49,0xC0,0xD9,
    0x40,0x00,0x00,0x09,0x00,0x7F,0xE0,0x09,0x00,0x3F,0xC0,0x08,0x80,0x0F,0x00,0x7F,
    0xE0,0x0E,0x40,0x12,0xC0,0x62,0x00,0x8E,0x00,0x00,0x00,0x09,0x00,0x7F,0xE0,0x09,
    0x00,0x3E,0x00,0x01,0x80,0x07,0x00,0xF8,0xE0,0x3F,0xE0,0x04,0x00,0x04,0x00,0x7F,
    0xE0,0x11,0x00,0x7F,0xE0,0x11,0x00,0x04,0x00,0x3F,0xC0,0x24,0x40,0x24,0x40,0x3F,
    0xC0,0x04,0x40,0x0F,0xC0,0x70,0x20,0x00,0x00,0x09,0x00,0x7F,0xE0,0x09,0x00,0x44,
    0x00,0x27,0xE0,0x38,0x40,0x0A,0x40,0x23,0x00,0x23,0x00,0x4C,0xC0,0x58,0x60,0x00,
    0x00,0x09,0x00,0x7F,0xE0,0x09,0x00,0x48,0x00,0x31,0x00,0x4F,0xE0,0x24,0x00,0x04,
    0x00,0x34,0x00,0x24,0x00,0x47,0xE0,0x00,0x00,0x11,0x00,0x7F,0xE0,0x11,0x00,0x0C,
    0x00,0x7F,0xE0,0x11,0x00,0x21,0x00,0xEF,0xC0,0x21,0x00,0x21,0x00,0x2F,0xE0,0x00,
    0x00,0x09,0x00,0x7F,0xE0,0x09,0x00,0x3F,0xC0,0x24,0x40,0x3F,0xC0,0x24,0x40,0x26,
    0x40,0x39,0xC0,0x20,0x40,0x3F,0xC0,0x00,0x00,0x11,0x00,0x7F,0xE0,0x11,0x00,0x06,
    0x00,0x19,0x00,0x64,0xC0,0xBF,0xE0,0x04,0x00,0x15,0x80,0x24,0x40,0x4C,0x20,0x00,
    0x00,0x09,0x00,0x7F,0xE0,0x09,0x00,0x7F,0xE0,0x20,0x80,0x3F,0x80,0x20,0x80,0x3F,
    0x80,0x20,0x80,0xFF,0xE0,0x00,0x80,0x00,0x00,0x09,0x00,0x09,0x00,0x7F,0xE0,0x39,
    0x00,0x23,0xC0,0x7E,0x40,0x2A,0x40,0x4A,0x40,0x3A,0x40,0x3B,0xC0,0xC6,0x40,0x00,
    0x00,0x24,0x40,0x24,0x20,0x7E,0xA0,0x24,0xA0,0x7E,0xA0,0x24,0xA0,0x24,0xA0,0x7E,
    0xA0,0x24,0xA0,0x24,0x20,0x44,0xC0,0x00,0x00,0x7F,0xE0,0x09,0x00,0x3F,0xC0,0x20,
    0x40,0x3F,0xC0,0x20,0x40,0x3F,0xC0,0x04,0x00,0x7F,0xE0,0x04,0x00,0x00,0x00,0x00,
    0x00,0x11,0x00,0x7F,0xE0,0x19,0x00,0x6F,0xE0,0x18,0x00,0x17,0xC0,0x20,0xC0,0xEF,
    0xE0,0x21,0x00,0x21,0x00,0x23,0x00,0x00,0x00,0x11,0x00,0x7F,0xE0,0x15,0x00,0x04,
    0x00,0x7F,0xE0,0x20,0x00,0x3F,0xC0,0x14,0x80,0x14,0x80,0x24,0xA0,0xC4,0xE0,0x00,
    0x00,0x09,0x00,0x7F,0xE0,0x09,0x00,0x77,0x80,0x08,0x40,0x31,0xC0,0x41,0x00,0x7F,
    0xC0,0x25,0x40,0x2A,0x40,0xDE,0xC0,0x00,0x00,0x09,0x00,0x7F,0xE0,0x09,0x00,0x04,
    0x00,0x7F,0xC0,0x24,0x80,0x15,0x80,0x7F,0xE0,0x06,0x00,0x19,0x00,0x60,0xE0,0x00,
    0x00,0x09,0x00,0x7F,0xE0,0x09,0x00,0x6F,0xC0,0x11,0x80,0x46,0x00,0x2F,0xC0,0x25,
    0x40,0x29,0x40,0x3A,0x40,0x46,0xC0,0x00,0x00,0x09,0x00,0x7F,0xE0,0x09,0x00,0x00,
    0x00,0x7F,0xC0,0x44,0x20,0x7F,0xE0,0x06,0x00,0x1D,0x00,0xE4,0xE0,0x44,0x20,0x00,
    0x00,0x09,0x00,0x7F,0xE0,0x09,0x00,0x7F,0xE0,0x48,0x20,0x3F,0xC0,0x12,0x00,0x3F,
    0xC0,0x02,0x00,0x7F,0xE0,0x02,0x00,0x00,0x00,0x09,0x00,0x7F,0xE0,0x09,0x00,0x00,
    0x00,0x7F,0xE0,0x44,0x20,0x24,0xC0,0x17,0x80,0x0E,0x00,0x19,0x80,0x60,0x60,0x00,
    0x00,0x09,0x00,0x7F,0xE0,0x09,0x00,0x7B,0xC0,0x4A,0x40,0x53,0xC0,0x52,0x40,0x4A,
    0x40,0x5B,0xC0,0x44,0x40,0x48,0xC0,0x00,0x00,0x09,0x00,0x7F,0xE0,0x09,0x00,0x12,
    0x00,0x2B,0xC0,0x7C,0x40,0x16,0x40,0x39,0x40,0x41,0x40,0x1C,0x40,0x61,0xC0,0x09,
    0x00,0x7F,0xE0,0x09,0x00,0x10,0x00,0x2F,0xE0,0x60,0x40,0x6F,0x40,0xA9,0x40,0x2F,
    0x40,0x20,0x40,0x21,0xC0,0x00,0x00,0x11,0x00,0x7F,0xE0,0x11,0x80,0x7F,0xE0,0x04,
    0x00,0x3F,0xC0,0x24,0x40,0x3F,0xC0,0x3F,0xC0,0x24,0x40,0x24,0xC0,0x00,0x00,0x09,
    0x00,0x7F,0xE0,0x09,0x00,0x0C,0x40,0x71,0x40,0x11,0x40,0x7D,0x40,0x39,0x40,0x75,
    0x40,0xD4,0x40,0x10,0xC0,0x00,0x00,0x09,0x00,0x7F,0xE0,0x09,0x00,0x61,0x00,0x15,
    0xC0,0x45,0x40,0x29,0x20,0x09,0x40,0x21,0x80,0x26,0x00,0x58,0x00,0x00,0x00,0x09,
    0x00,0x7F,0xE0,0x09,0x00,0x3F,0xC0,0x20,0x40,0x3F,0xC0,0x3F,0xC0,0x04,0x00,0x7F,
    0xE0,0x0F,0x00,0xF0,0xE0,0x00,0x00,0x11,0x00,0x7F,0xE0,0x11,0x00,0x5F,0x80,0x24,
    0x40,0x14,0x80,0x7D,0xE0,0x06,0x00,0x1D,0x00,0xA4,0xC0,0x44,0x20,0x00,0x00,0x09,
    0x00,0x7F,0xE0,0x0B,0x00,0x6B,0xE0,0x24,0x00,0x09,0x00,0x6F,0xC0,0x21,0x00,0x2F,
    0xE0,0x51,0x00,0x8F,0xE0,0x09,0x00,0x7F,0xE0,0x09,0x00,0x49,0x40,0x31,0x60,0x77,
    0xE0,0x11,0x00,0x31,0x00,0xCA,0x80,0x16,0x40,0x3C,0x20,0x00,0x00,0x09,0x00,0x7F,
    0xE0,0x09,0x00,0x3F,0xC0,0x40,0x20,0x7B,0xE0,0x04,0x00,0x3F,0x40,0x04,0x80,0x04,
    0x80,0x7F,0xE0,0x11,0x00,0x7F,0xE0,0x11,0x00,0x04,0x80,0x7F,0xE0,0x0B,0x00,0xF0,
    0xE0,0x11,0x00,0x7F,0xE0,0x11,0x00,0x61,0x00,0x00,0x00,0x09,0x00,0x7F,0xE0,0x09,
    0x00,0x21,0x00,0x73,0xE0,0x29,0x00,0x29,0x00,0x4B,0xC0,0x32,0x40,0x3A,0x40,0x4B,
    0xC0,0x00,0x00,0x09,0x00,0x7F,0xE0,0x29,0x00,0x3F,0xC0,0x45,0x40,0x75,0x40,0x77,
    0xC0,0x0C,0x40,0x17,0x40,0x65,0xC0,0x45,0xC0,0x09,0x00,0x7F,0xE0,0x09,0x00,0x3F,
    0xC0,0x43,0xC0,0x5C,0x40,0x5F,0xC0,0x46,0x40,0x5D,0xC0,0x44,0x40,0x3F,0xC0,0x00,
    0x00,0x09,0x00,0x7F,0xE0,0x09,0x00,0x40,0x00,0x3F,0xE0,0x40,0x40,0x6F,0x40,0x09,
    0x40,0x2F,0x40,0x20,0x40,0x41,0xC0,0x00,0x00,0x09,0x00,0x7F,0xE0,0x09,0x00,0x7F,
    0xC0,0x24,0x40,0x12,0x80,0x14,0x80,0x7F,0xE0,0x0D,0x00,0xB4,0xC0,0x44,0x20,0x00,
    0x00,0x09,0x00,0x7F,0xE0,0x09,0x00,0x61,0x00,0x1F,0xE0,0x49,0x40,0x2F,0xC0,0x0C,
    0x40,0x2A,0x80,0x53,0x80,0x7C,0x60,0x00,0x00,0x11,0x00,0x7F,0xE0,0x15,0x00,0x7F,
    0xC0,0x11,0x00,0x09,0x00,0x76,0xE0,0x3F,0x80,0x20,0x80,0x20,0x80,0x3F,0x80,0x00,
    0x00,0x11,0x00,0x7F,0xE0,0x11,0x00,0x3F,0xC0,0x04,0x00,0x7F,0xE0,0x38,0xC0,0x5F,
    0xA0,0x29,0x00,0x46,0x00,0x79,0xE0,0x00,0x00,0x09,0x00,0x7F,0xE0,0x09,0x00,0x09,
    0x00,0x79,0xE0,0x09,0x00,0x79,0xC0,0x09,0x00,0x09,0x00,0x79,0xE0,0x09,0x00,0x00,
    0x00,0x09,0x00,0x7F,0xE0,0x29,0x00,0x3F,0xC0,0x50,0x40,0x7F,0x40,0x24,0x40,0x5F,
    0xC0,0x25,0x40,0x3F,0x40,0x01,0xC0,0x00,0x00,0x09,0x00,0x7F,0xE0,0x09,0x00,0x33,
    0xC0,0x4A,0x40,0x4B,0xC0,0x7A,0x40,0x4A,0x40,0x4B,0xC0,0x7C,0x40,0x0C,0xC0,0x00,
    0x00,0x09,0x00,0x7F,0xE0,0x09,0x00,0x4F,0xE0,0x31,0x00,0x49,0x60,0x25,0xC0,0x21,
    0x00,0x2F,0xE0,0x21,0x00,0x41,0x00,0x00,0x00,0x09,0x00,0x7F,0xE0,0x09,0x00,0x3F,
    0xC0,0x7F,0xE0,0x0F,0x00,0xF4,0xE0,0x7F,0xE0,0x11,0x00,0x0F,0x00,0x78,0xE0,0x00,
    0x00,0x09,0x00,0x7F,0xE0,0x09,0x00,0x3F,0xC0,0x49,0x40,0x3F,0xC0,0x1F,0x00,0x30,
    0xC0,0x49,0x80,0x0E,0x00,0x70,0x00,0x00,0x00,0x09,0x00,0x7F,0xE0,0x09,0x00,0x7F,
    0xE0,0x44,0x20,0x5F,0xA0,0x24,0x40,0x24,0x40,0x1F,0x80,0x04,0x40,0x7F,0xA0,0x00,
    0x00,0x09,0x00,0xFF,0xE0,0x09,0x00,0x7F,0xC0,0x5F,0xA0,0x20,0x80,0x1F,0x80,0x00,
    0x00,0x3F,0xC0,0x20,0x40,0x3F,0xC0,0x11,0x00,0x7F,0xE0,0x15,0x00,0x3F,0xC0,0x7F,
    0xE0,0x04,0x40,0x3F,0xC0,0x2D,0x40,0x2D,0x40,0x34,0xC0,0xC4,0x40,0x00,0x00,0x09,
    0x00,0x7F,0xE0,0x09,0x00,0x71,0x00,0x57,0xE0,0x52,0x40,0x57,0xE0,0x54,0x00,0x54,
    0x00,0x64,0x00,0x48,0x00,0x00,0x00,0x11,0x00,0x7F,0xE0,0x15,0x00,0x67,0xC0,0x2C,
    0xC0,0xD3,0x00,0x3E,0xE0,0x27,0x80,0x28,0x40,0x48,0x40,0x4F,0xC0,0x00,0x00,0x11,
    0x00,0x7F,0xE0,0x15,0x00,0x3F,0x40,0x04,0x80,0x7F,0xE0,0x0C,0x00,0xF3,0xC0,0x1F,
    0xC0,0x10,0x40,0x1F,0xC0,0x00,0x00,0x09,0x00,0x7F,0xE0,0x1F,0x80,0x20,0x40,0x3F,
    0xC0,0x3F,0xC0,0x1B,0x80,0x64,0x40,0xAF,0xC0,0x3E,0x40,0x01,0xC0,0x00,0x00,0x09,
    0x00,0x7F,0xE0,0x29,0x00,0x3F,0xC0,0x7F,0xC0,0x88,0x40,0x3F,0x40,0x3F,0x40,0x29,
    0x40,0x3F,0x40,0x2B,0xC0,0x00,0x00,0x11,0x00,0x7F,0xE0,0x09,0x00,0x3E,0xC0,0x7F,
    0xE0,0x3F,0xC0,0x3F,0xC0,0x24,0x40,0x1F,0x80,0x3F,0xC0,0x7F,0xE0,0x09,0x00,0x7F,
    0xE0,0x09,0x00,0x10,0x00,0x7F,0xC0,0x12,0x40,0x7B,0xC0,0x4A,0x40,0x4B,0xC0,0x7A,
    0x40,0x04,0xC0,0x00,0x00,0x09,0x00,0x7F,0xE0,0x09,0x00,0x7F,0xE0,0x3E,0xC0,0x67,
    0x20,0x39,0xE0,0x49,0x00,0x7F,0xE0,0x11,0x00,0x31,0x00,0x00,0x00,0x09,0x00,0x7F,
    0xE0,0x19,0x00,0x3F,0xC0,0x25,0x40,0x7F,0x40,0x32,0xC0,0x45,0xC0,0x32,0x40,0x52,
    0xA0,0x4F,0x20,0x11,0x00,0x7F,0xE0,0x11,0x00,0x7E,0xC0,0x29,0x20,0x11,0xC0,0x2F,
    0xC0,0xC4,0x20,0x3F,0xC0,0x0F,0x00,0x70,0xC0,0x00,0x00,0x11,0x00,0x7F,0xE0,0x15,
    0x00,0x7F,0xE0,0x09,0x00,0x7F,0xE0,0x44,0x20,0x3F,0x80,0x24,0x40,0x24,0x40,0x25,
    0x80,0x00,0x00,0x09,0x00,0x7F,0xE0,0x0B,0x00,0x13,0xC0,0x5C,0x40,0x53,0x80,0x5E,
    0x40,0x3F,0xE0,0xD4,0x40,0x12,0x40,0x11,0x80,0x00,0x00,0x09,0x00,0x7F,0xE0,0x09,
    0x00,0x7F,0xE0,0x5F,0xA0,0x7F,0xE0,0x0C,0x40,0x7F,0x80,0x36,0x80,0x5A,0x40,0xEE,
    0x20,0x00,0x00,0x11,0x00,0x7F,0xE0,0x09,0x00,0x00,0x00,0x7B,0xC0,0x00,0x00,0x7F,
    0xE0,0x3A,0xC0,0x56,0xA0,0x54,0xA0,0xF5,0xA0,0x00,0x00,0x09,0x00,0x7F,0xE0,0x09,
    0x40,0x7F,0xE0,0x21,0x00,0x4F,0xC0,0x29,0x40,0x2F,0xC0,0x2F,0xC0,0x49,0x40,0x49,
    0xC0,0x00,0x00,0x09,0x00,0x7F,0xE0,0x09,0x00,0x3F,0x80,0x03,0x20,0x7D,0xC0,0x34,
    0x80,0xCC,0x60,0x3F,0x80,0x2A,0x40,0x49,0x20,0x00,0x00,0x11,0x00,0x7F,0xE0,0x04,
    0x00,0x7F,0xE0,0x3F,0x00,0x0C,0xC0,0x7F,0xA0,0x3F,0xC0,0x3F,0xC0,0x24,0x40,0x3F,
    0xC0,0x00,0x00,0x11,0x00,0x7F,0xE0,0x15,0x00,0x7F,0xE0,0x49,0x20,0x34,0xC0,0x4B,
    0x20,0x30,0xC0,0xFF,0xA0,0x20,0x80,0x3F,0x80,0x00,0x00,0x11,0x00,0x7F,0xE0,0x15,
    0x00,0x7F,0xE0,0x3F,0x80,0xFF,0xE0,0x20,0x40,0x3F,0x80,0x1A,0xC0,0xF1,0x80,0x1E,
    0x60,0x00,0x00,0x11,0x00,0x7F,0xE0,0x15,0x00,0x3F,0xC0,0x2F,0x40,0x39,0x40,0x3F,
    0xC0,0x22,0x40,0x3F,0x80,0x2E,0x20,0x73,0xE0,0x00,0x00,0x09,0x00,0x7F,0xE0,0x09,
    0x00,0x29,0x00,0x2B,0xE0,0x2A,0x80,0x2C,0x40,0x3F,0xC0,0x29,0x40,0x29,0x40,0x7F,
    0xE0,0x09,0x00,0x7F,0xE0,0x09,0x00,0x3C,0x40,0x65,0x40,0x7D,0x40,0x3D,0x40,0x4B,
    0x40,0x3D,0x40,0x06,0x40,0x78,0xC0,0x09,0x00,0x7F,0xE0,0x4D,0x00,0x2F,0xC0,0x33,
    0x00,0x5C,0xE0,0x2F,0xC0,0x2F,0xC0,0x3F,0xE0,0x61,0x00,0x9F,0xE0,0x09,0x00,0x7F,
    0xE0,0x09,0x00,0x3F,0xC0,0x29,0x40,0x16,0x80,0x3F,0xE0,0x22,0x40,0x39,0x80,0x47,
    0x20,0xD8,0xE0,0x00,0x00,0x09,0x00,0x7F,0xE0,0x3F,0xC0,0x36,0xC0,0x29,0x40,0x36,
    0x80,0x49,0x40,0x7F,0xC0,0x3F,0xC0,0x0F,0x00,0x7B,0xE0,0x00,0x00,0x09,0x00,0x7F,
    0xE0,0x0B,0x00,0x3F,0xE0,0x20,0x00,0x3F,0xE0,0x28,0x80,0x2F,0x80,0x40,0x00,0x55,
    0x40,0xF5,0x20,0x00,0x00,0x09,0x00,0x7F,0xE0,0x09,0x00,0x3E,0x40,0x3F,0xE0,0x20,
    0x40,0x3F,0x40,0x3E,0xC0,0x5A,0xC0,0x5A,0x40,0xBA,0xC0,0x00,0x00,0x09,0x00,0x7F,
    0xE0,0x09,0x00,0x3F,0xE0,0x75,0x40,0x69,0x80,0x1F,0xC0,0xE0,0x20,0x3F,0xC0,0x33,
    0xC0,0x4C,0x20,0x00,0x00,0x09,0x00,0x7F,0xE0,0x09,0x00,0x7F,0xC0,0x27,0xC0,0x7F,
    0xE0,0x3F,0xC0,0x20,0x00,0x3F,0xC0,0x55,0x40,0x56,0xC0,0x00,0x00,0x11,0x00,0x7F,
    0xE0,0x11,0x00,0x79,0x00,0x16,0xE0,0x54,0xC0,0x57,0xA0,0x5D,0x40,0x55,0x40,0x7D,
    0x60,0x89,0x60,0x00,0x00,0x11,0x00,0x7F,0xE0,0x15,0x00,0x7F,0xE0,0x14,0x80,0xFF,
    0xE0,0x1F,0x80,0x20,0x40,0x2F,0x40,0x2F,0x40,0x3F,0xC0,0x00,0x00,0x09,0x00,0x7F,
    0xE0,0x49,0x00,0x2E,0xC0,0x2F,0xC0,0x6F,0xC0,0x26,0xC0,0x39,0x20,0x2A,0xA0,0x3F,
    0x40,0x20,0xC0,0x00,0x00,0x09,0x00,0x7F,0xE0,0x09,0x00,0x54,0x80,0x35,0xE0,0x7D,
    0x40,0x5B,0x40,0x7A,0xC0,0x74,0x80,0x52,0xC0,0x57,0x20,0x00,0x00,0x09,0x00,0x7F,
    0xE0,0x2B,0x00,0x3F,0xE0,0x22,0x00,0xFF,0xC0,0x3F,0xC0,0x22,0x00,0x3F,0xE0,0x29,
    0x40,0x49,0x20,0x00,0x00,0x09,0x00,0x7F,0xE0,0x09,0x00,0x34,0x40,0x52,0xC0,0x4F,
    0x20,0x10,0x80,0x7B,0xC0,0x67,0x20,0x6F,0x60,0x39,0xC0,0x09,0x00,0x7F,0xE0,0x09,
    0x00,0x27,0xC0,0x5F,0xC0,0x74,0x40,0x23,0x80,0x77,0xC0,0x0A,0xC0,0xFA,0xC0,0x0F,
    0xE0,0x09,0x00,0x7F,0xE0,0x00,0x00,0x3F,0xC0,0x7F,0xE0,0x5D,0xA0,0x1D,0x80,0x3F,
    0xC0,0x3F,0xC0,0x24,0x40,0x3F,0xC0,0x00,0x00,0x09,0x00,0x7F,0xE0,0x08,0x40,0x7F,
    0xE0,0x2F,0xC0,0x4F,0xC0,0x2A,0x40,0x2F,0xC0,0x3F,0xE0,0x4C,0x80,0x45,0x80,0x00,
    0x00,0x09,0x00,0x7F,0xE0,0x19,0x00,0x79,0xA0,0x4A,0x40,0x79,0x40,0x47,0xE0,0x78,
    0x80,0x4B,0xE0,0x48,0x80,0x78,0x80,0x00,0x00,0x09,0x00,0x7F,0xE0,0x19,0x00,0x7D,
    0xE0,0x29,0x00,0x7D,0x00,0x11,0xE0,0x7D,0x40,0x3A,0x40,0x56,0x40,0x76,0x40,0x00,
    0x00,0x09,0x00,0x7F,0xE0,0x36,0x80,0x49,0x40,0x3F,0xC0,0x3F,0x40,0x7F,0xE0,0x0C,
    0x00,0xF3,0xC0,0x1F,0x80,0x1F,0x80,0x00,0x00,0x09,0x00,0x7F,0xE0,0x09,0x00,0x7F,
    0xE0,0x12,0x40,0x7F,0xE0,0x10,0x00,0x6B,0xC0,0x3B,0xC0,0xDA,0x40,0x13,0xC0,0x00,
    0x00,0x09,0x00,0x7F,0xE0,0x09,0x40,0x5F,0xE0,0x50,0x80,0x7F,0xA0,0x3F,0xC0,0x59,
    0xC0,0x5F,0x80,0x6B,0x60,0xAF,0x60,0x00,0x00,0x09,0x00,0x7F,0xE0,0x09,0x00,0x77,
    0xC0,0x2C,0x40,0x37,0xC0,0x54,0x40,0x6F,0xC0,0x3A,0x80,0xCA,0xA0,0x34,0xE0,0x00,
    0x00,0x09,0x00,0x7F,0xE0,0x09,0x00,0x7F,0xC0,0x27,0xC0,0x75,0x40,0x7B,0x80,0x27,
    0xE0,0x75,0xA0,0xAB,0xE0,0x24,0x40,0x00,0x00,0x09,0x00,0x7F,0xE0,0x09,0x00,0x75,
    0x40,0x57,0xE0,0x7D,0x60,0x52,0x80,0x75,0x60,0x5B,0xA0,0x57,0x40,0xFB,0x20,0x00,
    0x00,0x09,0x00,0x7F,0xE0,0x48,0x00,0x3F,0xC0,0x26,0x80,0x5F,0xE0,0x2A,0x40,0x1F,
    0xE0,0x2F,0xC0,0x4A,0x40,0x4F,0xC0,0x00,0x00,0x11,0x00,0x7F,0xE0,0x40,0x00,0x2F,
    0xC0,0x1F,0xC0,0xCF,0xC0,0x2F,0xC0,0x22,0x00,0x3F,0xE0,0x4E,0xC0,0x52,0x20,0x00,
    0x00,0x08,0x80,0x7F,0xE0,0x0A,0x80,0x3F,0xE0,0x3F,0xE0,0x2D,0xC0,0x3A,0xA0,0x5F,
    0xE0,0x4F,0x80,0x78,0x40,0xCF,0xC0,0x00,0x00,0x09,0x00,0x7F,0xE0,0x09,0x80,0x7F,
    0xE0,0x3A,0x80,0x77,0xE0,0x7B,0xE0,0x4A,0x80,0x7B,0xE0,0x4B,0xA0,0x7D,0x60,0x00,
    0x00,0x04,0x00,0x07,0xC0,0x1F,0xC0,0x20,0x20,0x3F,0x80,0x24,0x40,0x23,0xC0,0x2F,
    0x00,0x29,0x20,0x49,0x20,0xD0,0xE0,0x00,0x00,0x04,0x00,0x07,0xC0,0x3F,0xE0,0x24,
    0x20,0x3F,0x80,0x26,0xC0,0x21,0x00,0x3F,0xC0,0x44,0x40,0x4C,0x40,0xF1,0xC0,0x00,
    0x00,0x04,0x00,0x07,0xC0,0x3F,0xE0,0x24,0x20,0x3F,0x80,0x27,0xC0,0x20,0x00,0x2F,
    0xC0,0x5F,0xE0,0x48,0x00,0xCF,0xE0,0x00,0x00,0x04,0x00,0x07,0xC0,0x3F,0xE0,0x20,
    0x20,0x3F,0xC0,0x24,0x40,0x23,0x80,0x2D,0x40,0x55,0x20,0x54,0xA0,0xE7,0x80,0x00,
    0x00,0x04,0x00,0x07,0xC0,0x3F,0xE0,0x24,0x20,0x3F,0x80,0x24,0x40,0x23,0x80,0x35,
    0x40,0x4D,0x40,0x45,0x00,0xFF,0xE0,0x00,0x00,0x04,0x00,0x07,0xC0,0x3F,0xE0,0x3F,
    0xA0,0x27,0xC0,0x2F,0xC0,0x2A,0x40,0x3D,0xC0,0x42,0x00,0x5F,0xE0,0xFC,0xE0,0x00,
    0x00,0x04,0x00,0x04,0x00,0x3F,0xC0,0x24,0x40,0x24,0x40,0x24,0x40,0x3F,0xC0,0x04,
    0x80,0x04,0x40,0x3F,0xC0,0x40,0x20,0x00,0x00,0x7F,0x80,0x00,0x80,0x7F,0x80,0x08,
    0x80,0x7E,0x80,0x4A,0x80,0x7E,0x80,0x0A,0x60,0x1F,0x60,0x61,0x60,0x00,0x00,0x00,
    0x00,0x10,0x00,0x13,0xE0,0x78,0x80,0x58,0x80,0x58,0x80,0x58,0x80,0x78,0x80,0x18,
    0x80,0x18,0x80,0xFC,0x80,0x07,0x60,0x3F,0x80,0x20,0x80,0x3F,0x80,0x04,0x00,0x3F,
    0xC0,0x24,0x40,0x3F,0xC0,0x04,0x40,0x04,0xC0,0x7F,0x20,0x00,0x00,0x00,0x00,0x10,
    0x00,0x17,0xE0,0x79,0x00,0x59,0x00,0x59,0x80,0x59,0x40,0x79,0x20,0x19,0x20,0x15,
    0x00,0xFD,0x00,0x05,0x00,0x00,0x00,0x21,0x00,0x21,0x00,0x7F,0xC0,0x55,0x40,0x75,
    0x40,0xA5,0x40,0x27,0xC0,0x21,0x40,0x29,0x20,0x3F,0xE0,0x20,0x20,0x00,0x00,0x11,
    0x00,0x11,0x20,0x7C,0xA0,0x5B,0x40,0x5A,0x40,0x5A,0x40,0x79,0x80,0x19,0x80,0x19,
    0x80,0xFE,0x40,0x04,0x20,0x00,0x00,0x20,0x00,0x23,0xC0,0x7A,0x40,0x6A,0x40,0x6A,
    0x40,0x6B,0xE0,0x78,0x20,0x28,0x20,0x2F,0xA0,0xF8,0x20,0x04,0xC0,0x00,0x00,0x21,
    0x00,0x21,0x00,0x7F,0xE0,0x6A,0x40,0x6A,0x40,0x6A,0x40,0x79,0x80,0x29,0x80,0x29,
    0x80,0xFA,0x40,0x04,0x20,0x00,0x00,0x10,0x80,0x10,0x80,0x7B,0xE0,0x58,0x80,0x58,
    0x80,0x5B,0xE0,0x78,0x80,0x18,0x80,0x1F,0xE0,0x7C,0x80,0x04,0x80,0x00,0x00,0x3F,
    0xC0,0x04,0x00,0x7F,0xE0,0x19,0x00,0x64,0xC0,0xBF,0xA0,0x24,0x40,0x3F,0x80,0x04,
    0x40,0x7F,0xE0,0x00,0x00,0x10,0x00,0x13,0xE0,0x78,0x40,0x5A,0x40,0x5A,0x40,0x5B,
    0xE0,0x78,0xC0,0x19,0x40,0x1A,0x40,0xFA,0x40,0x05,0xC0,0x00,0x00,0x7F,0xC0,0x15,
    0x80,0x0E,0x00,0x3B,0xC0,0xC4,0x20,0x3F,0xC0,0x24,0x40,0x3F,0xC0,0x04,0x40,0x7F,
    0xE0,0x00,0x00,0x00,0x00,0x21,0x00,0x20,0x80,0x7F,0xE0,0x68,0x80,0x68,0x80,0x68,
    0x80,0x7B,0xE0,0x28,0x80,0x28,0x80,0xF8,0x80,0x07,0xE0,0x20,0x00,0x23,0xC0,0x7A,
    0x40,0x6A,0x40,0x6B,0xC0,0x6A,0x40,0x7A,0x40,0x2B,0xC0,0x2A,0x40,0xFA,0x40,0x07,
    0xE0,0x21,0x00,0x20,0x80,0x7F,0xE0,0x6C,0x20,0x6A,0x00,0x6A,0x40,0x7B,0x80,0x2A,
    0x00,0x2A,0x20,0xFA,0x20,0x05,0xC0,0x04,0x00,0x3F,0xC0,0x24,0x40,0x3F,0xC0,0x04,
    0x80,0x7F,0xC0,0x00,0x20,0x3F,0xC0,0x29,0x40,0x29,0x40,0x7F,0xE0,0x7F,0xE0,0x24,
    0x40,0x27,0xC0,0x3F,0xE0,0x40,0x00,0x3F,0xC0,0x24,0x40,0x3F,0xC0,0x04,0x40,0x7F,
    0xE0,0x00,0x20,0x00,0x00,0x20,0x00,0x27,0xE0,0x74,0x20,0x75,0xA0,0x76,0xA0,0x76,
    0xA0,0x76,0xA0,0x3D,0xA0,0x2C,0x20,0xFF,0xE0,0x0C,0x20,0x00,0x00,0x20,0x80,0x20,
    0x80,0x7B,0xE0,0x68,0x80,0x68,0x80,0x6F,0x60,0x78,0x80,0x2B,0xE0,0x28,0x80,0xF8,
    0x80,0x07,0xE0,0x20,0x80,0x22,0x80,0x7B,0xE0,0x6C,0x80,0x6C,0x80,0x6F,0xE0,0x79,
    0x80,0x2A,0xC0,0x3A,0xC0,0xEC,0xA0,0x04,0x80,0x00,0x00,0x21,0x00,0x21,0x80,0x7A,
    0x80,0x6A,0x40,0x6F,0xE0,0x68,0x00,0x7B,0xC0,0x2A,0x40,0x2A,0x40,0xFA,0x40,0x0B,
    0xC0,0x00,0x00,0x04,0x00,0x04,0x00,0x7B,0xE0,0x19,0x80,0x69,0x60,0x84,0x20,0x3F,
    0xC0,0x24,0x40,0x3F,0xC0,0x04,0x40,0x7F,0xE0,0x00,0x00,0x12,0x00,0x7F,0x80,0x12,
    0x40,0x7E,0x40,0x13,0xE0,0x3C,0x60,0x3F,0xC0,0x24,0x40,0x3F,0xC0,0x04,0x40,0x7F,
    0xE0,0x00,0x00,0x20,0x00,0x27,0xE0,0x7A,0x40,0x69,0x80,0x6F,0x60,0x6D,0x20,0x7F,
    0xE0,0x2D,0x20,0x2F,0xE0,0xFD,0x20,0x0D,0x60,0x00,0x00,0x20,0x80,0x27,0xC0,0x72,
    0xA0,0x6A,0x80,0x6F,0xE0,0x6A,0xA0,0x73,0xA0,0x36,0xC0,0x2A,0x90,0xFB,0x60,0x06,
    0x60,0x00,0x00,0x3F,0xC0,0x49,0x40,0x3F,0xC0,0x3F,0xC0,0x48,0x40,0xBF,0x40,0x29,
    0x40,0x1F,0x40,0x7F,0x40,0x01,0xC0,0x00,0x00,0x00,0x00,0x21,0x00,0x23,0xC0,0x76,
    0x40,0x69,0x80,0x6E,0xE0,0x69,0x00,0x77,0xE0,0x3F,0xE0,0x29,0x00,0xFF,0xE0,0x09,
    0x00,0x00,0x00,0x20,0x00,0x27,0xE0,0x72,0x40,0x75,0x40,0x77,0x60,0x73,0x40,0x7B,
    0x40,0x37,0x40,0x35,0xE0,0xFE,0x00,0x09,0xE0,0x00,0x00,0x22,0x40,0x22,0x40,0x7A,
    0x80,0x6F,0xC0,0x6C,0x40,0x6C,0x40,0x7F,0xC0,0x2A,0x80,0x2A,0x80,0xFA,0xA0,0x0C,
    0xE0,0x00,0x00,0x20,0x00,0x23,0xC0,0x7A,0x40,0x6B,0xC0,0x68,0x80,0x6F,0xE0,0x7D,
    0x20,0x2D,0xA0,0x2D,0x60,0xFE,0x20,0x0C,0x60,0x00,0x00,0x24,0x00,0x24,0x00,0x77,
    0xE0,0x76,0xA0,0x7E,0xA0,0x77,0xA0,0x72,0xA0,0x32,0xA0,0x36,0xA0,0xFD,0xE0,0x08,
    0xA0,0x00,0x00,0x04,0x00,0x7F,0xE0,0x44,0xA0,0x33,0x40,0x56,0xC0,0x3F,0xA0,0x44,
    0x00,0x3F,0xC0,0x3F,0xC0,0x04,0x40,0x7F,0xE0,0x00,0x00,0x22,0x40,0x22,0x40,0x7F,
    0xE0,0x6A,0x40,0x6F,0xE0,0x68,0x00,0x7B,0xC0,0x24,0x40,0x2B,0xC0,0xFC,0x40,0x0B,
    0xC0,0x00,0x00,0x20,0x00,0x27,0xC0,0x74,0x40,0x6F,0xC0,0x6B,0x80,0x6D,0x40,0x77,
    0xC0,0x25,0x40,0x2F,0xC0,0xF9,0x20,0x09,0xE0,0x22,0x40,0x22,0x40,0x7F,0xE0,0x6D,
    0x20,0x6F,0xE0,0x6D,0x20,0x7F,0xE0,0x29,0x00,0x2F,0xE0,0x79,0x00,0x09,0x00,0x00,
    0x00,0x20,0x00,0x27,0xC0,0x77,0xC0,0x6C,0x40,0x6F,0xC0,0x6A,0x00,0x75,0xE0,0x2D,
    0x20,0x2E,0xE0,0xFF,0xA0,0x08,0xC0,0x00,0x00,0x21,0x00,0x27,0xC0,0x7C,0x40,0x6F,
    0xC0,0x6C,0x40,0x6F,0xC0,0x7F,0xE0,0x29,0x00,0x2F,0xE0,0xF9,0x00,0x07,0xE0,0x22,
    0x00,0x22,0xE0,0x77,0xA0,0x72,0xA0,0x72,0xE0,0x76,0xA0,0x76,0xA0,0x26,0xE0,0x36,
    0xA0,0xFF,0x20,0x09,0x60,0x00,0x00,0x21,0x40,0x25,0x40,0x7F,0xE0,0x6D,0x40,0x6D,
    0xC0,0x6B,0xE0,0x79,0x00,0x37,0xE0,0x2B,0x80,0xFF,0x70,0x05,0x20,0x00,0x00,0x00,
    0x80,0x7C,0x80,0x3B,0xE0,0x46,0xA0,0x7A,0xA0,0x12,0xA0,0x6F,0xE0,0x6C,0x80,0x7C,
    0xA0,0x55,0xE0,0x5E,0x20,0x00,0x00,0x20,0x00,0x27,0xE0,0x74,0x20,0x6B,0xC0,0x6F,
    0xC0,0x6C,0x40,0x73,0xC0,0x29,0x00,0x2F,0xE0,0xFB,0xC0,0x04,0x20,0x00,0x00,0x20,
    0x00,0x27,0xE0,0x77,0xE0,0x6D,0x20,0x6F,0xE0,0x6A,0x40,0x77,0xC0,0x32,0xE0,0x2D,
    0x20,0xFF,0x60,0x0B,0x20,0x00,0x00,0x20,0x00,0x3B,0xE0,0x7D,0x40,0x7E,0x80,0x57,
    0xE0,0x7F,0xE0,0x5C,0x80,0x3F,0xC0,0x24,0x40,0x1F,0xC0,0x7F,0xE0,0x00,0x00,0x20,
    0x00,0x27,0xC0,0x77,0xE0,0x79,0x20,0x7B,0xE0,0x70,0x00,0x7F,0xE0,0x27,0xE0,0x36,
    0xA0,0xFE,0xA0,0x0E,0xE0,0x00,0x00,0x04,0x00,0x7F,0xC0,0x3F,0xC0,0x7F,0xE0,0x3F,
    0x80,0xDF,0xE0,0x1F,0x80,0x31,0x80,0x5A,0xC0,0x39,0xC0,0xFF,0xE0,0x00,0x00,0x04,
    0x00,0x04,0x00,0x3F,0xC0,0x29,0x40,0x29,0x40,0x29,0x40,0x29,0x40,0x29,0x40,0x29,
    0x40,0x29,0x40,0xFF,0xE0,0x10,0x80,0x12,0xA0,0x7E,0xA0,0x6D,0xC0,0x6C,0x80,0x6F,
    0xE0,0x6C,0x80,0x6F,0xE0,0x6C,0x80,0xFC,0x80,0x00,0x80,0x00,0x00,0x10,0x00,0x17,
    0xE0,0x20,0x00,0x50,0x00,0x1F,0x60,0x20,0x80,0x60,0x80,0xA0,0x80,0x20,0x80,0x20,
    0x80,0x23,0x80,0x00,0x00,0x10,0x00,0x2D,0xE0,0x62,0x00,0x58,0x00,0x25,0xE0,0x24,
    0x40,0x64,0x40,0xA4,0x40,0x24,0x40,0x28,0x40,0x28,0xC0,0x00,0x00,0x14,0x00,0x24,
    0xE0,0x4B,0x00,0xD8,0x00,0x2E,0xE0,0x64,0x40,0x7F,0x40,0xA4,0x40,0x24,0x40,0x26,
    0x40,0x24,0xC0,0x00,0x00,0x04,0x00,0x34,0xE0,0x4F,0x00,0xD4,0x00,0x3F,0xE0,0x60,
    0x40,0x64,0x40,0xAF,0x40,0x24,0x40,0x3F,0x40,0x20,0xC0,0x00,0x00,0x20,0x00,0x2F,
    0xE0,0x44,0x00,0xEE,0x00,0x29,0xE0,0x7F,0x40,0x60,0x40,0xAF,0x40,0x29,0x40,0x2F,
    0x40,0x20,0xC0,0x00,0x00,0x24,0x00,0x2E,0xE0,0x52,0x00,0xAF,0x00,0x3F,0xE0,0x55,
    0x40,0xAF,0x40,0x24,0x40,0x3F,0x40,0x2E,0x40,0x31,0xC0,0x00,0x00,0x04,0x00,0x04,
    0x00,0x7F,0xE0,0x04,0x00,0x0C,0x40,0x12,0x80,0x33,0x00,0x51,0x00,0x90,0x80,0x16,
    0x60,0x18,0x00,0x00,0x00,0x21,0x00,0x21,0x00,0x79,0x00,0x11,0x00,0x15,0x80,0x29,
    0x60,0x51,0x20,0xAD,0x00,0x21,0x00,0x21,0x00,0x21,0x00,0x00,0x00,0x04,0x00,0x7F,
    0xC0,0x04,0x00,0x3F,0xC0,0x04,0x00,0x7F,0xE0,0x04,0x40,0x1A,0xC0,0x69,0x00,0x8A,
    0xC0,0x1C,0x20,0x00,0x00,0x20,0x40,0x20,0xC0,0x79,0x00,0x16,0x00,0x1C,0x40,0x29,
    0x80,0x72,0x00,0xAC,0x20,0x20,0xC0,0x23,0x00,0x26,0x00,0x00,0x00,0x20,0x40,0x20,
    0x40,0x70,0x40,0x17,0xE0,0x36,0x40,0x2A,0x40,0x72,0x40,0xA9,0x40,0x20,0x40,0x20,
    0x40,0x21,0xC0,0x00,0x00,0x04,0x00,0x7F,0xE0,0x00,0x00,0x3F,0x80,0x7F,0xE0,0x20,
    0x80,0x3F,0x80,0x0A,0x40,0x33,0x80,0xD2,0xC0,0x1C,0x20,0x00,0x00,0x04,0x00,0x7F,
    0xE0,0x04,0x00,0x3F,0xC0,0x24,0x40,0x3F,0xC0,0x04,0x00,0x0C,0xC0,0x73,0x00,0x92,
    0xC0,0x1C,0x20,0x00,0x00,0x04,0x00,0x3F,0xC0,0x04,0x00,0x7F,0xE0,0x00,0x00,0x3F,
    0xC0,0x3F,0xC0,0x0E,0x40,0x33,0xC0,0xD2,0x80,0x1C,0x60,0x00,0x00,0x20,0x00,0x21,
    0xE0,0x77,0x00,0x11,0x00,0x21,0x00,0x2F,0xE0,0x71,0x00,0xAA,0x80,0x2A,0x80,0x24,
    0x40,0x28,0x20,0x00,0x00,0x14,0x80,0x12,0x40,0x27,0xE0,0x69,0x00,0x25,0xA0,0x04,
    0x40,0x7F,0xE0,0x0A,0x40,0x31,0x80,0xD2,0xC0,0x1C,0x20,0x00,0x00,0x22,0x00,0x24,
    0x00,0x77,0xC0,0x18,0x40,0x2F,0x40,0x75,0x40,0x75,0x40,0xBE,0x40,0x24,0xE0,0x24,
    0x20,0x27,0xE0,0x00,0x00,0x20,0x00,0x27,0xC0,0x74,0x40,0x14,0x40,0x27,0xC0,0x2C,
    0x40,0x74,0x40,0xAF,0xC0,0x20,0x00,0x20,0x00,0x2F,0xE0,0x00,0x00,0x21,0x00,0x21,
    0x00,0x77,0xE0,0x15,0x20,0x25,0x20,0x3D,0x20,0x77,0xE0,0xBD,0x20,0x25,0x20,0x27,
    0xE0,0x24,0x20,0x00,0x00,0x21,0x00,0x21,0x00,0x77,0xE0,0x11,0x00,0x21,0x00,0x2F,
    0xE0,0x71,0x80,0xAB,0x80,0x25,0x40,0x29,0x30,0x21,0x00,0x00,0x00,0x21,0x00,0x21,
    0x00,0x77,0xE0,0x15,0x60,0x25,0x00,0x37,0xC0,0x76,0x40,0xB6,0x80,0x29,0x80,0x29,
    0xC0,0x36,0x20,0x00,0x00,0x09,0x00,0x7D,0xA0,0x0A,0x40,0x13,0x80,0x3E,0x20,0x45,
    0xC0,0x7F,0xE0,0x0E,0x40,0x33,0x80,0xD2,0x80,0x1C,0x60,0x00,0x00,0x22,0x80,0x22,
    0xC0,0x74,0xA0,0x17,0xE0,0x2C,0x80,0x2C,0x80,0x74,0x80,0xB5,0x40,0x2D,0x40,0x25,
    0x20,0x26,0x20,0x00,0x00,0x11,0x00,0x7D,0xC0,0x11,0x20,0x77,0xE0,0x09,0x00,0x11,
    0x60,0x7F,0x40,0x36,0x80,0x6C,0xA0,0xAD,0xA0,0x32,0x40,0x00,0x00,0x00,0x40,0x7F,
    0x40,0x1D,0x40,0x25,0x40,0x58,0x40,0x34,0xC0,0x7F,0xE0,0x06,0x40,0x1A,0xC0,0xEB,
    0x80,0x1C,0x60,0x00,0x00,0x09,0x00,0x69,0x00,0x2F,0xE0,0x39,0x00,0x4F,0xE0,0x04,
    0x00,0x7F,0xE0,0x0A,0x40,0x33,0x80,0xCA,0x80,0x1C,0x60,0x00,0x00,0x04,0x00,0x7F,
    0xE0,0x0E,0x40,0x71,0x80,0x9E,0xE0,0x3F,0xC0,0x2B,0x40,0x30,0xC0,0x2F,0x40,0x2F,
    0x40,0x20,0xC0,0x00,0x00,0x20,0x00,0x22,0xC0,0x74,0x60,0x19,0x20,0x22,0x80,0x3E,
    0x40,0x7B,0xB0,0xBC,0x40,0x24,0x40,0x24,0x40,0x27,0xC0,0x00,0x00,0x20,0x00,0x2F,
    0xC0,0x72,0x40,0x1F,0xE0,0x22,0x40,0x7F,0xC0,0x64,0x00,0xB7,0xC0,0x2C,0x40,0x34,
    0x40,0x27,0xC0,0x00,0x00,0x21,0x00,0x20,0x80,0x77,0x60,0x15,0x00,0x27,0xE0,0x36,
    0x80,0x77,0xE0,0xB8,0x80,0x2F,0xE0,0x28,0x80,0x38,0x80,0x00,0x00,0x24,0x80,0x14,
    0x80,0x7F,0xE0,0x4F,0x20,0x10,0x80,0x1F,0x80,0x7F,0xA0,0x04,0x40,0x1A,0x80,0xF3,
    0x80,0x1C,0x60,0x00,0x00,0x09,0x00,0x79,0xE0,0x09,0x00,0x79,0xC0,0x79,0xE0,0x0D,
    0x00,0x7F,0xE0,0x0C,0x40,0x33,0x80,0xCA,0xC0,0x1C,0x20,0x00,0x00,0x20,0x00,0x27,
    0xC0,0x75,0x40,0x17,0xC0,0x25,0x40,0x77,0xC0,0x7F,0xE0,0xB1,0x00,0x23,0x80,0x2D,
    0x60,0x39,0x20,0x00,0x00,0x04,0x00,0x7F,0xE0,0x00,0x00,0x3F,0xC0,0x24,0x40,0x1F,
    0x80,0x7F,0xE0,0x34,0xC0,0x4A,0xA0,0xF1,0x80,0x1E,0x60,0x00,0x00,0x22,0x80,0x22,
    0x80,0x7F,0x80,0x12,0x80,0x2F,0x80,0x72,0xE0,0x72,0xB0,0xBF,0x80,0x32,0x80,0x2F,
    0x80,0x20,0x80,0x00,0x00,0x20,0x00,0x27,0xC0,0x77,0xC0,0x14,0x40,0x27,0xC0,0x7C,
    0x00,0x77,0xE0,0xBD,0x20,0x36,0xA0,0x27,0xA0,0x20,0xC0,0x00,0x00,0x04,0x00,0x7F,
    0xE0,0x17,0x80,0x28,0x40,0x67,0x80,0xEF,0xE0,0x2D,0xC0,0x37,0x60,0x1A,0x80,0xE9,
    0x80,0x1E,0x60,0x00,0x00,0x20,0x00,0x2F,0xE0,0x7B,0xC0,0x18,0x00,0x2F,0xE0,0x3A,
    0xC0,0x6B,0x60,0xB8,0x40,0x2F,0xE0,0x2B,0x40,0x30,0xC0,0x00,0x00,0x28,0x00,0x2B,
    0xC0,0x66,0x40,0x23,0xC0,0x2A,0x40,0x77,0x80,0x77,0xE0,0xB6,0x40,0x27,0xA0,0x2C,
    0x00,0x33,0xE0,0x00,0x00,0x04,0x00,0x7F,0xE0,0x3B,0xC0,0x26,0x40,0x19,0x80,0x7F,
    0xC0,0x3F,0xC0,0x7F,0xE0,0x0C,0x40,0xF3,0x80,0x1E,0xE0,0x00,0x00,0x24,0x80,0x24,
    0x80,0x7F,0xE0,0x2E,0xA0,0x35,0xA0,0x70,0x00,0x6F,0xC0,0xBF,0xE0,0x25,0x80,0x2D,
    0x40,0x33,0x20,0x00,0x00,0x7F,0xE0,0x09,0x00,0x3F,0x80,0x49,0x40,0x49,0x40,0x49,
    0x40,0x71,0xC0,0x40,0x40,0x7F,0xC0,0x40,0x40,0x00,0x00,0x00,0x00,0x7F,0xE0,0x09,
    0x00,0x3F,0xC0,0x49,0x40,0x3F,0xC0,0x08,0x00,0xFF,0xE0,0x39,0x00,0x07,0x00,0x78,
    0xC0,0x00,0x00,0x00,0x00,0x7F,0xE0,0x3F,0xC0,0x3F,0xC0,0x27,0xE0,0x4F,0xC0,0x77,
    0xC0,0x27,0xC0,0xE7,0xC0,0x3E,0x80,0x3F,0xE0,0x00,0x00,0x00,0x00,0x3F,0x80,0x20,
    0x80,0x24,0x80,0x24,0x80,0x24,0x80,0x24,0x80,0x26,0x80,0x0A,0x20,0x32,0x20,0xE3,
    0xC0,0x00,0x00,0x00,0x00,0x67,0xC0,0x14,0x40,0x55,0x40,0x55,0x40,0x35,0x40,0x25,
    0x40,0x35,0x40,0x73,0x20,0x4D,0x20,0x88,0xE0,0x00,0x00,0x00,0x00,0x20,0x00,0x27,
    0xC0,0x7C,0x40,0x25,0x40,0x25,0x40,0x7D,0x40,0x25,0x40,0x35,0x40,0x3A,0xA0,0x4E,
    0xA0,0xCC,0xE0,0x00,0x00,0x7F,0xC0,0x24,0x40,0x12,0x80,0x3F,0x80,0x20,0x40,0x24,
    0x40,0x26,0x40,0x06,0x20,0x1A,0x20,0x63,0xE0,0x00,0x00,0x00,0x00,0x20,0x00,0x27,
    0xC0,0x74,0x40,0x15,0x40,0x25,0x40,0x25,0x40,0x7D,0x40,0xA5,0x40,0x23,0x20,0x25,
    0x20,0x28,0xE0,0x00,0x00,0x09,0x00,0x2B,0xE0,0x2A,0x00,0x2D,0x80,0x28,0x40,0x3F,
    0x80,0x24,0x80,0x24,0x80,0x26,0xA0,0x0A,0x20,0x73,0xE0,0x00,0x00,0x24,0x40,0x14,
    0x80,0x7F,0xE0,0x40,0x20,0x5F,0xA0,0x10,0x80,0x14,0x80,0x14,0x80,0x16,0xA0,0x1A,
    0x20,0x63,0xE0,0x00,0x00,0x08,0x00,0x1F,0x80,0x21,0x00,0x7F,0xC0,0x62,0x40,0x22,
    0x40,0x3F,0xC0,0x22,0x40,0x3F,0xC0,0x42,0x40,0xC2,0xC0,0x00,0x00,0x10,0x00,0x3B,
    0xE0,0x49,0x20,0xFD,0xC0,0x57,0x00,0x7E,0x80,0x57,0xE0,0x7E,0x80,0x57,0xE0,0x54,
    0x80,0xDC,0x80,0x00,0x00,0x20,0x80,0x38,0x80,0x4B,0xE0,0xFA,0xA0,0x56,0xA0,0x7A,
    0xA0,0x57,0xE0,0x78,0xE0,0x54,0xA0,0x57,0xE0,0xC8,0x20,0x00,0x00,0x04,0x00,0x04,
    0x00,0x7F,0xE0,0x3F,0xC0,0x00,0x00,0x3F,0xC0,0x00,0x00,0x3F,0xC0,0x20,0x40,0x20,
    0x40,0x3F,0xC0,0x00,0x00,0x08,0x00,0x1F,0x80,0x3B,0x60,0x64,0x80,0x3A,0x40,0x3F,
    0xE0,0x3F,0xC0,0x3F,0xC0,0x5F,0xC0,0x50,0x40,0xDF,0xC0,0x00,0x00,0x24,0x40,0x14,
    0x80,0x7F,0xE0,0x15,0x00,0x3F,0xC0,0xC0,0x20,0x3F,0xC0,0x3F,0xC0,0x3F,0xC0,0x20,
    0x40,0x3F,0xC0,0x00,0x00,0x24,0x80,0x14,0x80,0x7F,0xE0,0x7F,0xE0,0x15,0x00,0x3F,
    0xC0,0xFF,0xE0,0x3F,0xC0,0x1F,0x80,0x20,0x40,0x3F,0xC0,0x00,0x00,0x10,0x00,0x7B,
    0xC0,0x1B,0x60,0x72,0x80,0x34,0x80,0x7F,0xE0,0x3F,0xC0,0x3F,0xC0,0x1F,0x80,0x20,
    0x40,0x3F,0xC0,0x00,0x00,0x28,0x80,0x7F,0xE0,0x7F,0x40,0xB4,0xC0,0x77,0x60,0x0C,
    0x00,0xFB,0xE0,0x3F,0xC0,0x3F,0xC0,0x3F,0xC0,0x3F,0xC0,0x00,0x00,0x00,0x80,0x7B,
    0xE0,0x39,0x40,0x7A,0xA0,0xEB,0xE0,0x14,0x80,0x7B,0x60,0x3F,0xC0,0x3F,0xC0,0x3F,
    0xC0,0x3F,0xC0,0x00,0x00,0x21,0x00,0x21,0x00,0x11,0x00,0x01,0x00,0x6F,0xE0,0x21,
    0x00,0x21,0x00,0x21,0x00,0x2D,0x00,0x31,0x00,0x21,0x00,0x00,0x00,0x20,0x00,0x67,
    0xE0,0x30,0x80,0x10,0x80,0x60,0x80,0x20,0x80,0x20,0x80,0x20,0x80,0x28,0x80,0x30,
    0x80,0x23,0x80,0x00,0x00,0x21,0x00,0x21,0x00,0x11,0x00,0x01,0x00,0x61,0x80,0x21,
    0x40,0x21,0x20,0x21,0x00,0x29,0x00,0x31,0x00,0x21,0x00,0x00,0x00,0x01,0x00,0x61,
    0x00,0x11,0x00,0x01,0x00,0x61,0x00,0x21,0x00,0x22,0x80,0x2A,0x80,0x3C,0x40,0x3C,
    0x40,0x38,0x20,0x00,0x00,0x67,0x80,0x34,0x80,0x04,0x80,0xE4,0x80,0x24,0x80,0x24,
    0x80,0x24,0x80,0x34,0xA0,0x3C,0xA0,0x28,0xE0,0x00,0x00,0x00,0x00,0x00,0x40,0x60,
    0x40,0x10,0x40,0x0F,0xE0,0xE4,0x40,0x24,0x40,0x22,0x40,0x22,0x40,0x28,0x40,0x30,
    0x40,0x21,0x80,0x00,0x00,0x01,0x00,0x61,0x00,0x11,0x00,0x11,0x00,0x61,0xE0,0x21,
    0x00,0x21,0x00,0x21,0x00,0x29,0x00,0x31,0x00,0x2F,0xE0,0x62,0x00,0x22,0x00,0x17,
    0xE0,0x08,0x00,0x6F,0xC0,0x20,0x80,0x21,0x00,0x22,0x00,0x2C,0x20,0x38,0x20,0x27,
    0xC0,0x65,0x40,0x25,0x40,0x05,0x40,0x65,0x40,0x25,0x40,0x25,0x40,0x25,0x40,0x39,
    0x40,0x29,0x40,0x18,0x40,0x00,0x00,0x00,0x00,0x02,0x00,0x62,0x40,0x39,0x40,0x05,
    0x40,0x64,0x40,0x24,0x80,0x22,0x80,0x21,0x00,0x3B,0x80,0x34,0xC0,0x38,0x20,0x00,
    0x00,0x4F,0xC0,0x24,0x40,0x04,0x40,0x64,0x40,0x2F,0x40,0x24,0x40,0x24,0x40,0x2C,
    0x50,0x34,0x60,0x24,0x60,0x00,0x00,0x00,0x00,0x67,0xC0,0x30,0x40,0x00,0x40,0x60,
    0x40,0x27,0xC0,0x24,0x00,0x24,0x00,0x2C,0x20,0x34,0x20,0x27,0xE0,0x00,0x00,0x44,
    0x80,0x24,0x80,0x34,0x80,0x0F,0xE0,0xE4,0x80,0x24,0x80,0x2F,0xE0,0x24,0x80,0x34,
    0x80,0x34,0x80,0x28,0x80,0x00,0x00,0x02,0x00,0x62,0x00,0x3F,0xE0,0x02,0x00,0xEF,
    0xC0,0x22,0x00,0x2F,0xE0,0x22,0x20,0x2A,0x20,0x32,0xC0,0x22,0x00,0x00,0x00,0x6F,
    0xE0,0x20,0x80,0x04,0x80,0x64,0x80,0x2F,0xE0,0x21,0x80,0x22,0x80,0x34,0x80,0x68,
    0x80,0x11,0x80,0x00,0x00,0x00,0x00,0x02,0x00,0x64,0x00,0x37,0xE0,0x05,0x00,0x69,
    0x00,0x21,0x00,0x2F,0xE0,0x21,0x00,0x29,0x00,0x31,0x00,0x21,0x00,0x00,0x00,0x05,
    0x00,0x65,0x00,0x35,0x20,0x2D,0x40,0x6D,0xC0,0x35,0x80,0x37,0x00,0x27,0x00,0x35,
    0x20,0x35,0x20,0x24,0xE0,0x00,0x00,0x01,0x00,0x63,0x00,0x32,0x80,0x04,0x40,0xFC,
    0x30,0x24,0xC0,0x27,0x00,0x24,0x00,0x2C,0x20,0x34,0x40,0x27,0xC0,0x00,0x80,0x62,
    0x80,0x34,0x80,0x04,0x40,0x6B,0x40,0x32,0x20,0x22,0x00,0x26,0x80,0x34,0x40,0x2F,
    0xC0,0x28,0x60,0x00,0x00,0x6F,0xC0,0x28,0x40,0x0C,0xC0,0x6B,0x40,0x2B,0x40,0x29,
    0x40,0x2B,0x40,0x3C,0xE0,0x6C,0xE0,0x10,0x20,0x00,0x00,0x00,0x00,0x67,0x80,0x14,
    0x80,0x04,0x60,0x68,0x00,0x2F,0xC0,0x24,0x40,0x22,0x80,0x29,0x00,0x32,0x80,0x2C,
    0x60,0x00,0x00,0x00,0x00,0x01,0x00,0x61,0x00,0x3F,0xE0,0x02,0x00,0x62,0x00,0x23,
    0xC0,0x24,0x40,0x24,0x40,0x3C,0x40,0x34,0x40,0x29,0x80,0x00,0x00,0x02,0x00,0x62,
    0x00,0x3F,0xC0,0x02,0x40,0xE2,0x40,0x22,0x40,0x2F,0xE0,0x23,0x00,0x33,0x80,0x2C,
    0xC0,0x38,0x20,0x00,0x00,0x6F,0xE0,0x21,0x00,0x01,0x00,0xE5,0x00,0x25,0xE0,0x25,
    0x00,0x25,0x00,0x35,0x00,0x25,0x00,0x2F,0xE0,0x00,0x00,0x6F,0xE0,0x31,0x00,0x0D,
    0x60,0x65,0x40,0x25,0x40,0x2F,0xE0,0x21,0x00,0x29,0x00,0x31,0x00,0x21,0x00,0x00,
    0x00,0x00,0x00,0x67,0xC0,0x34,0x40,0x04,0x40,0x67,0xC0,0x24,0x40,0x24,0x40,0x27,
    0xC0,0x34,0x40,0x24,0x40,0x2F,0xE0,0x00,0x00,0x67,0xC0,0x24,0x40,0x04,0x40,0xE4,
    0x40,0x24,0x40,0x27,0xC0,0x22,0x80,0x34,0x40,0x2C,0x60,0x38,0x20,0x00,0x00,0x00,
    0x00,0x02,0x00,0x64,0x00,0x27,0xE0,0x0A,0x00,0x6A,0x00,0x3B,0xE0,0x22,0x00,0x22,
    0x00,0x2B,0xE0,0x32,0x00,0x22,0x00,0x00,0x00,0x63,0xE0,0x34,0x00,0x04,0x00,0xE7,
    0xE0,0x24,0x80,0x26,0x80,0x25,0x80,0x38,0xE0,0x28,0x80,0x18,0x80,0x00,0x00,0x00,
    0x00,0x01,0x00,0x63,0x00,0x24,0x80,0x09,0x40,0x73,0x20,0x24,0x80,0x29,0x80,0x26,
    0x20,0x38,0xC0,0x23,0x00,0x2C,0x00,0x00,0x00,0x02,0x00,0x67,0xC0,0x34,0x40,0x08,
    0x80,0x6F,0xC0,0x20,0x40,0x20,0x40,0x27,0xC0,0x30,0x40,0x30,0x40,0x2F,0xC0,0x00,
    0x00,0x6F,0xC0,0x30,0x40,0x0F,0xC0,0x60,0x40,0x26,0x40,0x29,0x40,0x29,0x40,0x2F,
    0x40,0x30,0x40,0x20,0xC0,0x00,0x00,0x00,0x00,0x6F,0xC0,0x34,0x40,0x03,0x80,0x66,
    0xC0,0x29,0x20,0x2F,0xE0,0x21,0x00,0x3F,0xE0,0x21,0x00,0x21,0x00,0x00,0x00,0x00,
    0x00,0x01,0x00,0x61,0x40,0x21,0x20,0x0F,0xE0,0xE0,0x80,0x2E,0x80,0x24,0x80,0x24,
    0x80,0x34,0xA0,0x2F,0xA0,0x60,0x60,0x01,0x00,0x61,0x00,0x2F,0xC0,0x01,0x00,0xEF,
    0xE0,0x20,0x80,0x2F,0xE0,0x24,0x80,0x34,0x80,0x22,0x80,0x61,0x80,0x00,0x00,0x01,
    0x40,0x61,0x40,0x2F,0xE0,0x09,0x00,0xE9,0x20,0x2E,0xC0,0x2A,0xC0,0x2A,0x80,0x3A,
    0xA0,0x77,0x60,0x12,0x60,0x00,0x00,0x01,0x00,0x65,0x00,0x27,0xE0,0x09,0x00,0x69,
    0x00,0x2F,0xE0,0x23,0x00,0x23,0x80,0x35,0x40,0x29,0x30,0x31,0x00,0x00,0x00,0x6F,
    0xE0,0x31,0x00,0x01,0x00,0xEF,0xE0,0x21,0x00,0x21,0x00,0x27,0xC0,0x34,0x40,0x34,
    0x40,0x27,0xC0,0x00,0x00,0x00,0x00,0x5F,0xE0,0x24,0x80,0x09,0x80,0xDD,0x60,0x25,
    0x80,0x35,0x80,0x2D,0x80,0x39,0xE0,0x2C,0x00,0x53,0xE0,0x00,0x00,0x00,0x00,0x42,
    0x00,0x27,0xC0,0x34,0x80,0x0F,0xE0,0x78,0x00,0x2B,0xC0,0x2A,0x40,0x2A,0x40,0x3A,
    0x80,0x2A,0x20,0x13,0xE0,0x00,0x00,0x04,0x00,0x44,0x00,0x2F,0xC0,0x08,0x40,0x7F,
    0x40,0x29,0x40,0x2F,0x40,0x29,0x40,0x3F,0x40,0x30,0x40,0x20,0xC0,0x00,0x00,0x04,
    0x00,0x64,0xC0,0x37,0x00,0x04,0x20,0x67,0xE0,0x20,0x00,0x27,0xC0,0x24,0x40,0x37,
    0xC0,0x34,0x40,0x27,0xC0,0x00,0x00,0x03,0x00,0x61,0x00,0x2F,0xE0,0x02,0x40,0x64,
    0x80,0x2F,0xE0,0x23,0x40,0x26,0x80,0x39,0x80,0x22,0xC0,0x2C,0x20,0x00,0x00,0x04,
    0x40,0x62,0x80,0x3F,0xE0,0x01,0x00,0x61,0x00,0x2F,0xE0,0x21,0x00,0x2F,0xE0,0x21,
    0x00,0x31,0x00,0x21,0x00,0x00,0x00,0x43,0x00,0x21,0x00,0x3F,0xE0,0x08,0x60,0x6F,
    0x80,0x22,0x00,0x23,0xE0,0x2E,0x00,0x2A,0x40,0x32,0x20,0x21,0xC0,0x01,0x40,0x41,
    0x40,0x3F,0xE0,0x01,0x00,0xCB,0x20,0x2A,0xC0,0x3F,0xC0,0x2A,0x80,0x3A,0xA0,0x6B,
    0x60,0x12,0x60,0x00,0x00,0x6F,0xE0,0x21,0x00,0x25,0x40,0xE5,0x40,0x2D,0x40,0x2D,
    0xA0,0x2B,0xA0,0x31,0x00,0x31,0x00,0x2E,0xE0,0x00,0x00,0x6F,0xE0,0x22,0x00,0x0F,
    0xC0,0x64,0x40,0x2F,0xE0,0x20,0x00,0x27,0xC0,0x34,0x40,0x34,0x40,0x27,0xC0,0x00,
    0x00,0x00,0x00,0x6F,0xC0,0x38,0x40,0x0F,0xC0,0xE0,0x00,0x2F,0xE0,0x21,0x00,0x2F,
    0xE0,0x33,0x00,0x36,0x80,0x38,0x60,0x00,0x00,0x00,0x00,0x4F,0xC0,0x21,0x00,0x0F,
    0xE0,0x65,0x80,0x29,0x60,0x3F,0xA0,0x24,0x80,0x34,0x40,0x24,0x40,0x39,0xC0,0x00,
    0x00,0x00,0x00,0x02,0x00,0x67,0xE0,0x28,0x00,0x0F,0xC0,0x67,0x40,0x25,0x40,0x3F,
    0xE0,0x2B,0x40,0x39,0x40,0x36,0xE0,0x21,0xC0,0x00,0x00,0x04,0x40,0x64,0x80,0x26,
    0x80,0x0F,0xC0,0xE8,0x40,0x28,0x40,0x2F,0xC0,0x24,0x80,0x34,0xA0,0x24,0xA0,0x38,
    0xE0,0x00,0x00,0x6F,0xC0,0x26,0xC0,0x01,0x00,0xEF,0xE0,0x29,0x20,0x2F,0xE0,0x29,
    0x20,0x3F,0xE0,0x29,0x20,0x29,0xC0,0x00,0x00,0x00,0x00,0x01,0x00,0x6F,0xE0,0x21,
    0x00,0x0F,0xE0,0xEF,0xE0,0x20,0x00,0x2F,0xC0,0x27,0xC0,0x38,0x40,0x3F,0xC0,0x28,
    0xC0,0x00,0x00,0x02,0x00,0x62,0x20,0x2F,0xC0,0x02,0x80,0x6F,0xE0,0x22,0x00,0x2F,
    0xC0,0x34,0x40,0x37,0xC0,0x34,0x40,0x27,0xC0,0x00,0x00,0x04,0x80,0x64,0x80,0x2F,
    0xE0,0x02,0x80,0xEF,0xE0,0x22,0x00,0x24,0x00,0x2F,0xC0,0x34,0x40,0x37,0xC0,0x24,
    0x40,0x00,0x00,0x01,0x00,0x6F,0xE0,0x21,0x00,0x0F,0xE0,0x69,0x20,0x27,0x40,0x2D,
    0x00,0x3F,0xE0,0x21,0x00,0x32,0xC0,0x3C,0x20,0x00,0x00,0x00,0x80,0x42,0x80,0x2E,
    0xE0,0x02,0x80,0x62,0x80,0x2E,0xE0,0x22,0x80,0x22,0x80,0x2E,0xE0,0x32,0x80,0x22,
    0x80,0x00,0x00,0x6F,0xC0,0x29,0x40,0x0F,0xC0,0xE9,0x40,0x2F,0xC0,0x2D,0xE0,0x23,
    0x00,0x37,0x80,0x29,0x60,0x31,0x20,0x00,0x00,0x00,0x00,0x25,0x00,0x64,0x80,0x37,
    0xE0,0x0C,0x80,0xEC,0x80,0x37,0xE0,0x24,0x80,0x27,0xE0,0x34,0x80,0x27,0xE0,0x24,
    0x00,0x00,0x00,0x6F,0xE0,0x29,0x20,0x0F,0xA0,0x69,0x20,0x2F,0xA0,0x28,0x20,0x2B,
    0xA0,0x3A,0xA0,0x6B,0xA0,0x10,0xC0,0x00,0x00,0x00,0x00,0x01,0x00,0x61,0x00,0x2E,
    0xE0,0x00,0x00,0xEF,0xC0,0x28,0x40,0x27,0xC0,0x21,0x00,0x35,0x40,0x29,0x20,0x33,
    0x20,0x00,0x00,0x01,0x00,0x6F,0xE0,0x20,0x00,0x07,0xC0,0x67,0xC0,0x20,0x00,0x2F,
    0xC0,0x21,0x80,0x3F,0xE0,0x21,0x00,0x27,0x00,0x00,0x00,0x01,0x00,0x69,0x20,0x25,
    0xC0,0x03,0x00,0xE6,0xC0,0x39,0x20,0x29,0x40,0x25,0x40,0x32,0x80,0x24,0xC0,0x38,
    0x20,0x00,0x00,0x01,0x00,0x47,0xC0,0x28,0x20,0x0B,0xA0,0x64,0x40,0x24,0x40,0x27,
    0xC0,0x24,0x40,0x37,0xC0,0x24,0x40,0x3F,0xE0,0x04,0x40,0x6F,0xE0,0x24,0x40,0x07,
    0xC0,0xE4,0x40,0x27,0xC0,0x21,0x00,0x2F,0xE0,0x33,0x80,0x2D,0x40,0x71,0x20,0x00,
    0x00,0x41,0x40,0x29,0x40,0x2F,0xE0,0x09,0x40,0x69,0xC0,0x27,0xE0,0x21,0x00,0x2F,
    0xE0,0x33,0x80,0x2D,0x40,0x31,0x20,0x00,0x00,0x04,0x80,0x4F,0xE0,0x25,0x80,0x01,
    0x00,0x7F,0xE0,0x28,0x00,0x2F,0xC0,0x26,0x80,0x3A,0x80,0x6A,0xA0,0x1A,0x60,0x00,
    0x00,0x09,0x00,0x49,0x60,0x2F,0x80,0x09,0x20,0xEF,0xE0,0x22,0x00,0x2F,0xC0,0x28,
    0x40,0x3F,0xC0,0x28,0x40,0x4F,0xC0,0x00,0x00,0x4F,0xC0,0x2F,0xC0,0x09,0x40,0xEF,
    0xC0,0x27,0x80,0x28,0x40,0x2F,0xC0,0x38,0x40,0x2F,0xC0,0x49,0xC0,0x00,0x00,0x00,
    0x00,0x02,0x00,0x67,0xC0,0x28,0x80,0x1F,0xC0,0x6D,0xC0,0x23,0x00,0x27,0x20,0x38,
    0xC0,0x33,0x80,0x36,0x00,0x21,0xC0,0x00,0x00,0x01,0x00,0x4F,0xE0,0x24,0x80,0x02,
    0x80,0x6F,0xE0,0x28,0xC0,0x2F,0x40,0x29,0xC0,0x3E,0x20,0x69,0xC0,0x16,0x00,0x00,
    0x00,0x01,0x00,0x4A,0xA0,0x2A,0xC0,0x01,0xC0,0x73,0xE0,0x28,0x80,0x29,0xC0,0x2A,
    0xC0,0x3E,0xA0,0x2C,0x80,0x33,0xE0,0x04,0x40,0x44,0x40,0x2A,0x40,0x0E,0xE0,0x6A,
    0x40,0x2F,0xC0,0x2A,0xC0,0x3E,0xC0,0x36,0x40,0x6A,0x40,0x16,0xC0,0x00,0x00,0x4F,
    0xE0,0x29,0x20,0x05,0x40,0x64,0x40,0x2F,0xE0,0x29,0x00,0x2F,0xE0,0x39,0x40,0x39,
    0x40,0x2F,0xC0,0x00,0x00,0x00,0x00,0x02,0x00,0x5F,0xE0,0x24,0x80,0x04,0x80,0xFF,
    0xE0,0x21,0x00,0x3F,0xE0,0x24,0x00,0x37,0xC0,0x24,0x40,0x59,0x80,0x00,0x00,0x04,
    0x80,0x44,0x80,0x3F,0x60,0x0F,0xC0,0xC5,0x40,0x3F,0xE0,0x25,0x40,0x3F,0xC0,0x35,
    0x80,0x6D,0x40,0x15,0x20,0x00,0x00,0x04,0x40,0x6F,0xE0,0x24,0x40,0x07,0x80,0xEF,
    0xC0,0x29,0x40,0x27,0x80,0x2F,0xE0,0x3F,0xC0,0x21,0x00,0x3F,0xE0,0x6F,0xC0,0x2F,
    0xC0,0x0F,0xC0,0xE5,0x40,0x2A,0xA0,0x2F,0xE0,0x2F,0xC0,0x34,0x40,0x23,0x80,0x3C,
    0xE0,0x00,0x00,0x00,0x00,0x4F,0xC0,0x2A,0xA0,0x06,0xC0,0xEB,0x20,0x26,0x80,0x39,
    0x60,0x2E,0x80,0x37,0x60,0x29,0x80,0x3E,0x00,0x00,0x00,0x00,0x00,0x4F,0xE0,0x2F,
    0xE0,0x0A,0xA0,0x6F,0xE0,0x2F,0xC0,0x2F,0xC0,0x28,0x40,0x37,0x80,0x2F,0xE0,0x21,
    0x00,0x00,0x00,0x00,0x00,0x08,0x00,0x4B,0xE0,0x25,0x20,0x0F,0xA0,0xEF,0xA0,0x2D,
    0xA0,0x2F,0xA0,0x2F,0xA0,0x33,0xA0,0x2D,0x60,0x49,0x40,0x00,0x00,0x04,0x40,0x62,
    0x80,0x2F,0xE0,0x0A,0xE0,0xE6,0xC0,0x3F,0xE0,0x2F,0xC0,0x28,0x40,0x3F,0xC0,0x28,
    0x40,0x2F,0xC0,0x00,0x00,0x00,0x80,0x53,0xC0,0x2B,0xC0,0x00,0x80,0xC7,0x60,0x3B,
    0xC0,0x2B,0xC0,0x2B,0xC0,0x2B,0xC0,0x78,0x00,0x17,0xE0,0x19,0x80,0x30,0xC0,0x46,
    0x20,0x09,0x00,0x30,0x80,0xDF,0xE0,0x20,0x80,0x20,0x80,0x20,0x80,0x1F,0x80,0x00,
    0x00,0x00,0x00,0x20,0x00,0x79,0x40,0x46,0x20,0x7A,0xA0,0x11,0x80,0x7A,0x40,0x7D,
    0xA0,0x12,0x40,0x6A,0x40,0x4A,0x40,0x7B,0xC0,0x00,0x00,0x7F,0xE0,0x00,0x00,0x3F,
    0xC0,0x20,0x40,0x20,0x40,0x3F,0xC0,0x10,0x80,0x19,0x00,0x09,0x00,0x7F,0xE0,0x01,
    0x00,0x7B,0xC0,0x04,0x20,0x76,0x20,0x53,0xE0,0x75,0xA0,0x0D,0xA0,0x52,0xC0,0x32,
    0xA0,0xFC,0xA0,0x08,0xE0,0x00,0x00,0x08,0x00,0x1F,0x80,0x21,0x00,0x7F,0xC0,0x24,
    0x40,0x1F,0xC0,0x34,0xC0,0x4B,0x80,0x76,0x80,0x1A,0x60,0xEE,0x20,0x00,0x00,0x04,
    0x80,0x34,0x80,0x7F,0xC0,0x6E,0xE0,0x11,0x00,0x2F,0xC0,0xDC,0xA0,0x2F,0x00,0x76,
    0x80,0x1A,0x40,0x6E,0x20,0x00,0x00,0x04,0x00,0x7F,0xE0,0x3F,0x80,0x20,0x80,0x3F,
    0x80,0x40,0x40,0x3F,0x80,0x75,0xC0,0x3E,0x80,0x5A,0x40,0x6E,0x20,0x00,0x00,0x02,
    0x00,0x73,0xC0,0x54,0x80,0x2F,0xE0,0x27,0xE0,0xF1,0x20,0x37,0x40,0x3A,0xC0,0x2D,
    0xC0,0x26,0xA0,0x6B,0x20,0x00,0x00,0x09,0x00,0x19,0x00,0xEB,0xE0,0x2E,0x40,0x74,
    0x40,0x5A,0x40,0x29,0x40,0x59,0x40,0x28,0x40,0xC8,0x40,0x39,0xC0,0x00,0x00,0x04,
    0x40,0x38,0x40,0x4C,0x40,0x2F,0xE0,0x70,0xC0,0x18,0xC0,0x69,0x40,0x5A,0x40,0x2C,
    0x40,0xC8,0x40,0x39,0xC0,0x00,0x00,0x09,0x00,0x33,0xC0,0x52,0x40,0x3E,0x80,0x71,
    0x80,0x12,0x40,0x7C,0x20,0x93,0xC0,0x6C,0x40,0x94,0x40,0x37,0xC0,0x00,0x00,0x09,
    0x00,0x31,0x00,0x56,0xC0,0x3C,0x40,0x67,0xC0,0x14,0x40,0x77,0xC0,0x52,0x80,0x6A,
    0xA0,0x92,0xA0,0x3C,0xE0,0x00,0x00,0x3F,0x80,0x20,0x40,0x24,0x40,0x24,0x40,0x24,
    0x40,0x24,0x40,0x24,0x40,0x07,0x00,0x18,0x80,0x60,0x60,0x00,0x00,0x04,0x00,0x07,
    0xE0,0x04,0x00,0x04,0x00,0x3F,0xC0,0x24,0x40,0x24,0x40,0x24,0x40,0x07,0x00,0x18,
    0xC0,0xE0,0x60,0x00,0x00,0x08,0x00,0x1F,0x80,0x31,0x00,0x63,0x00,0x7F,0xC0,0x24,
    0x40,0x24,0x40,0x24,0x40,0x26,0x40,0x19,0x80,0x60,0x60,0x00,0x00,0x3F,0xC0,0x04,
    0x00,0x7F,0xE0,0x00,0x00,0x3F,0xC0,0x24,0x40,0x24,0x40,0x26,0x40,0x19,0x80,0x60,
    0x60,0x00,0x00,0x00,0x40,0x78,0x40,0x48,0x40,0x5B,0xE0,0x58,0xC0,0x58,0xC0,0x59,
    0x40,0x5A,0x40,0x34,0x40,0x28,0x40,0xC5,0xC0,0x00,0x00,0x04,0x00,0x7F,0xE0,0x04,
    0x00,0x3F,0xC0,0x7F,0xE0,0x00,0x00,0x3F,0xC0,0x24,0x40,0x24,0x40,0x0B,0x80,0x70,
    0x60,0x00,0x00,0x10,0x00,0x57,0xC0,0x52,0x40,0x51,0x80,0x56,0xE0,0x00,0x00,0x3F,
    0xC0,0x24,0x40,0x24,0x40,0x0B,0x80,0x70,0x60,0x00,0x00,0x01,0x00,0x79,0x00,0x4B,
    0xE0,0x5A,0x40,0x5E,0x40,0x5D,0x40,0x59,0x80,0x59,0x80,0x31,0x80,0x6A,0x40,0xC4,
    0x20,0x00,0x00,0x02,0x00,0x7A,0x20,0x4A,0xC0,0x5B,0x00,0x5A,0x00,0x5F,0xE0,0x5A,
    0x80,0x5A,0x80,0x32,0x40,0x2A,0xE0,0xCB,0x20,0x00,0x00,0x12,0x00,0x12,0x40,0x33,
    0x80,0xDE,0x20,0x13,0xE0,0x00,0x00,0x3F,0xC0,0x24,0x40,0x24,0x40,0x0F,0x80,0x70,
    0x60,0x00,0x00,0x3F,0xE0,0x22,0x00,0x3F,0xE0,0x22,0x00,0x2F,0xC0,0x2A,0x40,0x2A,
    0x40,0x4A,0x40,0x47,0xC0,0xD8,0x20,0x00,0x00,0x00,0x00,0x7B,0xE0,0x4A,0x00,0x5A,
    0x00,0x5B,0xE0,0x5B,0x40,0x5B,0x40,0x5A,0xC0,0x34,0x80,0x2D,0x40,0xCA,0x20,0x00,
    0x00,0x00,0x00,0x06,0x00,0x0B,0x00,0x34,0xC0,0xC2,0x20,0x1D,0x80,0x01,0x00,0x3F,
    0xC0,0x24,0x40,0x24,0x40,0x0B,0x80,0x70,0x60,0x00,0x00,0x0B,0x00,0x11,0x00,0x3F,
    0xC0,0xC8,0xA0,0x11,0x80,0x62,0x00,0x3F,0xC0,0x24,0x40,0x24,0x40,0x0B,0x80,0x70,
    0x60,0x00,0x00,0x7F,0xE0,0x49,0x00,0x58,0x80,0x5B,0xC0,0x58,0x40,0x58,0x80,0x59,
    0x00,0x32,0x00,0x2E,0x00,0xC5,0xE0,0x00,0x00,0x00,0x00,0x01,0x00,0x7A,0x00,0x4B,
    0xE0,0x5C,0x20,0x59,0x20,0x5A,0xA0,0x5A,0xA0,0x5F,0xA0,0x34,0x60,0x28,0x20,0xC8,
    0xC0,0x00,0x00,0x01,0x00,0x78,0x80,0x4B,0xE0,0x5A,0x20,0x5A,0x20,0x58,0x00,0x58,
    0x00,0x68,0x00,0x30,0x00,0x6B,0xE0,0xC8,0x00,0x00,0x00,0x3F,0xC0,0x24,0x40,0x7F,
    0xE0,0x3F,0xC0,0x00,0x00,0x3F,0x80,0x24,0x40,0x24,0x40,0x0F,0x00,0x70,0xE0,0x00,
    0x00,0x00,0x00,0x01,0x40,0x01,0x40,0x7F,0xA0,0x3F,0x00,0x7F,0x00,0x01,0x00,0x3E,
    0x80,0x2A,0x80,0x2A,0x80,0x1C,0xA0,0x62,0x60,0x00,0x00,0x02,0x80,0x7A,0x40,0x49,
    0x60,0x5F,0x80,0x59,0x00,0x5F,0xE0,0x59,0x20,0x59,0xC0,0x31,0x20,0x2E,0xA0,0x48,
    0x40,0x00,0x00,0x01,0x00,0x79,0x00,0x49,0xE0,0x59,0x00,0x59,0x00,0x59,0x00,0x5A,
    0xC0,0x5A,0x40,0x32,0x40,0x2B,0xC0,0xC6,0x40,0x00,0x00,0x04,0x00,0x3F,0xC0,0x24,
    0x40,0x3F,0xC0,0x7F,0xE0,0x00,0x00,0x3F,0x80,0x24,0x40,0x24,0x40,0x0F,0x80,0x70,
    0x60,0x00,0x00,0x15,0x00,0x12,0x80,0x23,0xE0,0xED,0x00,0x21,0xA0,0x3F,0xC0,0x20,
    0x40,0x24,0x40,0x24,0x40,0x0B,0x80,0x70,0x60,0x00,0x00,0x04,0x00,0x7B,0xC0,0x49,
    0x40,0x4A,0x40,0x76,0xC0,0x04,0x00,0x3F,0xC0,0x24,0x40,0x24,0x40,0x0B,0x80,0x70,
    0x60,0x00,0x00,0x09,0x00,0x7F,0xC0,0x09,0x40,0x3F,0xC0,0x7F,0xE0,0x19,0x20,0x60,
    0x40,0x3F,0x80,0x24,0x80,0x0F,0x00,0x70,0xE0,0x00,0x00,0x20,0x00,0x7D,0xC0,0x25,
    0x40,0x25,0x40,0x5D,0xC0,0x40,0x00,0x3F,0xC0,0x24,0x40,0x24,0x40,0x0F,0x80,0x70,
    0x60,0x00,0x20,0x01,0x40,0x78,0xC0,0x4F,0xE0,0x68,0x80,0x6A,0xA0,0x6A,0xC0,0x6F,
    0xC0,0x6A,0x80,0x22,0xA0,0x55,0x60,0xCE,0x60,0x00,0x00,0x7F,0xE0,0x09,0x00,0x7F,
    0xC0,0x49,0x40,0x36,0x80,0x3F,0x80,0x24,0x80,0x24,0x80,0x0B,0x80,0x70,0x60,0x00,
    0x00,0x01,0x00,0x79,0x00,0x4F,0xE0,0x5A,0x00,0x5B,0xC0,0x5E,0x40,0x5F,0xC0,0x6A,
    0x40,0x33,0xC0,0x2A,0x40,0xCA,0xC0,0x00,0x00,0x10,0x00,0x2F,0xC0,0x61,0x00,0xEF,
    0xE0,0x21,0x00,0x2E,0xE0,0x3F,0xC0,0x20,0x40,0x24,0x40,0x0F,0x00,0x70,0xE0,0x00,
    0x00,0x01,0x00,0x7B,0xC0,0x4A,0x40,0x6D,0x40,0x69,0x80,0x6B,0x40,0x6C,0x20,0x6B,
    0xC0,0x32,0x40,0x4A,0x40,0x8B,0xC0,0x00,0x00,0x00,0x80,0x78,0x80,0x4B,0xE0,0x5A,
    0x80,0x5A,0x80,0x5B,0xE0,0x5A,0x80,0x6A,0x80,0x34,0x80,0x2C,0x80,0xC7,0xE0,0x00,
    0x00,0x44,0x00,0x27,0xE0,0x1A,0x40,0x3B,0x40,0x4C,0xC0,0x90,0x20,0x3F,0xC0,0x24,
    0x40,0x24,0x40,0x0B,0x80,0x70,0x60,0x00,0x00,0x00,0x80,0x79,0x80,0x4A,0x40,0x6A,
    0x20,0x6F,0xF0,0x68,0x00,0x6F,0xE0,0x6A,0xC0,0x32,0xC0,0x4C,0xA0,0xCB,0x20,0x00,
    0x00,0x00,0x80,0x77,0xA0,0x48,0x60,0x6F,0xE0,0x68,0x40,0x6D,0x40,0x6D,0x40,0x6D,
    0x40,0x25,0x50,0x37,0xD0,0xCC,0x20,0x00,0x00,0x01,0x00,0x79,0x20,0x4B,0xC0,0x69,
    0x40,0x6F,0xE0,0x69,0x00,0x6F,0xC0,0x6A,0x40,0x33,0xC0,0x4A,0x40,0xCB,0xC0,0x00,
    0x00,0x01,0x00,0x7F,0xE0,0x49,0x00,0x6F,0xE0,0x6C,0xA0,0x6B,0xC0,0x6E,0x80,0x6A,
    0x80,0x35,0xE0,0x51,0xC0,0xCE,0x20,0x00,0x00,0x24,0x40,0x14,0x80,0x7F,0xE0,0x4F,
    0x20,0x10,0x80,0x1F,0x80,0x1F,0x80,0x20,0x40,0x24,0x40,0x0F,0x00,0x70,0xE0,0x00,
    0x00,0x7B,0xE0,0x6B,0xC0,0x6A,0x20,0x6B,0xC0,0x6A,0x00,0x6F,0xE0,0x6A,0xA0,0x32,
    0xA0,0x4D,0x20,0xCA,0xC0,0x00,0x00,0x00,0x00,0x01,0x00,0x78,0x80,0x4F,0xE0,0x6A,
    0x40,0x69,0x40,0x6F,0xE0,0x68,0x00,0x6B,0xC0,0x32,0x40,0x6A,0x40,0xCB,0xC0,0x00,
    0x00,0x11,0x00,0x11,0xC0,0x7E,0x40,0x14,0x80,0x7B,0x60,0x5A,0xA0,0x7A,0xA0,0x32,
    0xA0,0x5A,0xA0,0xD5,0x40,0x16,0x20,0x00,0x00,0x11,0x00,0x7D,0xA0,0x7E,0x40,0x7D,
    0x40,0x3C,0x80,0x47,0x60,0xD8,0x20,0x3F,0xC0,0x24,0x40,0x2F,0x00,0x70,0xE0,0x00,
    0x00,0x04,0x40,0x72,0x80,0x57,0xE0,0x77,0xC0,0x72,0xC0,0x77,0xE0,0x72,0xC0,0x77,
    0xC0,0x32,0xC0,0x56,0xE0,0x8A,0xA0,0x00,0x00,0x04,0x00,0x7F,0xE0,0x49,0x20,0x3F,
    0xC0,0x3F,0xC0,0x6F,0xE0,0x11,0x00,0x3F,0xC0,0xD4,0xA0,0x0F,0x00,0x70,0xC0,0x00,
    0x00,0x10,0x80,0x3B,0xE0,0x52,0x80,0x7F,0xE0,0x29,0xA0,0x4E,0x60,0xFF,0x80,0x24,
    0x80,0x24,0x80,0x0F,0x00,0xF0,0xE0,0x00,0x00,0x02,0x40,0x7A,0x40,0x4F,0xE0,0x6E,
    0xE0,0x6E,0xA0,0x6F,0xE0,0x6B,0xC0,0x6A,0x40,0x33,0xC0,0x52,0x40,0xCB,0xC0,0x00,
    0x00,0x02,0x00,0x73,0xC0,0x56,0xA0,0x7D,0x40,0x76,0xA0,0x77,0xE0,0x77,0xE0,0x77,
    0xE0,0x25,0xC0,0x56,0x20,0x8B,0xE0,0x00,0x00,0x04,0x00,0x7F,0xE0,0x20,0x40,0x1F,
    0x80,0x20,0x40,0x1F,0x80,0x7E,0xC0,0x7F,0xC0,0x7F,0x40,0x57,0x60,0xF9,0x60,0x00,
    0x00,0x11,0x00,0x7B,0xC0,0x2D,0x40,0x79,0xE0,0x07,0xC0,0x78,0x80,0x7F,0x60,0x6B,
    0xC0,0x12,0xA0,0x7B,0xA0,0x16,0x60,0x00,0x00,0x04,0x00,0x3F,0xC0,0x04,0x00,0x7F,
    0xE0,0x09,0x00,0x29,0x80,0x29,0x40,0x49,0x20,0xD1,0x20,0x37,0x00,0x20,0x00,0x00,
    0x00,0x00,0x80,0x11,0x00,0x7D,0xE0,0x11,0x40,0x7F,0x40,0x29,0x40,0x6D,0x40,0x6A,
    0x80,0xEA,0x80,0x29,0x40,0x5E,0x20,0x00,0x00,0x10,0x80,0x10,0x80,0x7F,0xE0,0x10,
    0x80,0x7F,0xE0,0x29,0x40,0x6B,0x60,0x6D,0x60,0xAD,0x50,0x2A,0x40,0x5F,0x80,0x00,
    0x00,0x04,0x00,0x04,0x00,0x3F,0xC0,0x04,0x00,0x04,0x00,0x7B,0xE0,0x22,0x00,0x23,
    0xC0,0x32,0x00,0x7A,0x00,0xC7,0xE0,0x00,0x00,0x11,0x00,0x11,0x00,0x7D,0x00,0x11,
    0x80,0x7F,0x40,0x09,0x20,0x29,0x00,0x4D,0x00,0x69,0x00,0x50,0x00,0xCF,0xE0,0x00,
    0x00,0x10,0x00,0x12,0x20,0x7D,0x40,0x11,0x40,0x7C,0x80,0x10,0x80,0x51,0x40,0x4D,
    0x40,0x72,0x20,0x50,0x00,0xCF,0xE0,0x00,0x00,0x10,0x00,0x13,0xE0,0x7C,0x80,0x10,
    0x80,0x7C,0x80,0x13,0xE0,0x50,0x80,0x5C,0x80,0x70,0x80,0x70,0x80,0xCF,0xE0,0x00,
    0x00,0x10,0x00,0x13,0xC0,0x7C,0x40,0x10,0x40,0x7F,0xC0,0x12,0x00,0x52,0x40,0x5E,
    0x20,0x51,0xC0,0x70,0x00,0x8F,0xE0,0x00,0x00,0x10,0x00,0x11,0x80,0x7A,0x40,0x14,
    0xA0,0x79,0x20,0x12,0xC0,0x51,0x20,0x5A,0x40,0x71,0x80,0x76,0x00,0x8F,0xE0,0x00,
    0x00,0x10,0x00,0x17,0xC0,0x79,0x40,0x12,0x40,0x7E,0xC0,0x10,0x00,0x53,0xC0,0x5E,
    0x40,0x73,0xC0,0x70,0x00,0x9F,0xE0,0x00,0x00,0x10,0xC0,0x10,0xA0,0x7B,0xE0,0x12,
    0x80,0x7E,0xA0,0x12,0xC0,0x53,0x80,0x5E,0xA0,0x71,0x60,0x72,0x00,0x8F,0xE0,0x00,
    0x00,0x11,0x00,0x11,0xC0,0x7A,0x40,0x14,0x80,0x7F,0xC0,0x10,0x40,0x53,0xC0,0x5C,
    0x40,0x53,0xC0,0x70,0x00,0x8F,0xE0,0x00,0x00,0x21,0x00,0x25,0x20,0x7B,0x40,0x27,
    0xE0,0x7C,0x20,0x15,0xA0,0x55,0xA0,0x5D,0xA0,0x54,0x60,0x70,0x00,0x8F,0xE0,0x00,
    0x00,0x20,0x00,0x2F,0x00,0x75,0xE0,0x27,0xA0,0x7D,0xC0,0x17,0x40,0x55,0x40,0x5F,
    0xA0,0x5D,0xA0,0x71,0x00,0x8F,0xE0,0x00,0x00,0x3F,0xC0,0x20,0x40,0x20,0x40,0x3F,
    0xC0,0x02,0x00,0x22,0x00,0x23,0xE0,0x32,0x00,0x5A,0x00,0xC7,0xE0,0x00,0x00,0x00,
    0x00,0x7A,0x80,0x4A,0x80,0x4A,0x80,0x7A,0x80,0x52,0x40,0x5A,0x40,0x52,0x40,0x54,
    0x40,0xFC,0x20,0x08,0x20,0x00,0x00,0x00,0x00,0x00,0x80,0x78,0x80,0x48,0x80,0x4A,
    0x80,0x7A,0xE0,0x52,0x80,0x5A,0x80,0x52,0x80,0x52,0x80,0x7A,0x80,0x87,0xE0,0x7B,
    0xE0,0x4D,0x00,0x49,0x00,0x79,0x00,0x57,0xE0,0x59,0x80,0x51,0x80,0x52,0x40,0x7E,
    0x40,0x8C,0x20,0x00,0x00,0x00,0x00,0x02,0x80,0x7A,0x40,0x4F,0xE0,0x4A,0x00,0x7A,
    0x00,0x53,0xC0,0x5A,0x40,0x55,0x40,0x54,0x80,0xF9,0xC0,0x0E,0x20,0x00,0x00,0x00,
    0x80,0x7A,0x80,0x4A,0xE0,0x4D,0x00,0x7D,0x00,0x57,0xE0,0x59,0x00,0x51,0x80,0x51,
    0x80,0xDA,0x40,0x6C,0x20,0x00,0x00,0x02,0x00,0x72,0x00,0x57,0xC0,0x54,0x40,0x7F,
    0x40,0x14,0xC0,0x5C,0xC0,0x57,0x40,0x54,0xE0,0x7C,0x20,0x83,0xE0,0x7B,0xE0,0x4A,
    0x00,0x4A,0x00,0x7B,0xC0,0x12,0x40,0x5A,0x40,0x53,0xC0,0x52,0x00,0x5A,0x00,0xE3,
    0xE0,0x00,0x00,0x7F,0xC0,0x4C,0x40,0x4F,0xC0,0x7C,0x40,0x17,0xC0,0x5D,0x20,0x55,
    0x40,0x54,0x80,0x7D,0x40,0xC6,0x20,0x00,0x00,0x01,0x00,0x71,0x00,0x4E,0xE0,0x4A,
    0x40,0x77,0xA0,0x58,0x20,0x5F,0xE0,0x52,0x00,0x55,0xC0,0xF8,0x40,0x01,0xC0,0x00,
    0x00,0x02,0x00,0x73,0xC0,0x54,0x40,0x5F,0xE0,0x74,0x00,0x55,0xC0,0x5D,0x40,0x55,
    0x40,0x55,0x80,0xFD,0x20,0x09,0xE0,0x00,0x00,0x01,0x00,0x7B,0xC0,0x4E,0x40,0x4E,
    0x80,0x31,0x80,0x56,0x60,0x58,0x00,0x57,0xC0,0x54,0x40,0x7F,0xC0,0x84,0x40,0x00,
    0x00,0x02,0x80,0x72,0x80,0x56,0xA0,0x56,0xC0,0x76,0xC0,0x52,0x80,0x5E,0xC0,0x5A,
    0xA0,0x52,0x80,0xFC,0xA0,0x08,0xE0,0x00,0x00,0x02,0x80,0x7A,0x80,0x4A,0x60,0x4F,
    0x80,0x7A,0x00,0x57,0xE0,0x59,0x60,0x51,0xC0,0x51,0x20,0x7E,0xA0,0x80,0xC0,0x00,
    0x00,0x7B,0xC0,0x4A,0x40,0x4A,0x40,0x7C,0x60,0x51,0x00,0x5F,0xE0,0x51,0x80,0x53,
    0x40,0xFD,0x20,0x09,0x00,0x00,0x00,0x77,0xE0,0x4A,0xC0,0x49,0x00,0x77,0xE0,0x55,
    0x20,0x5F,0xE0,0x55,0x20,0x57,0xE0,0x7D,0x20,0x85,0x60,0x00,0x00,0x00,0x00,0x01,
    0x00,0x77,0xE0,0x51,0x00,0x57,0xE0,0x31,0x00,0x57,0xE0,0x5A,0x40,0x53,0xE0,0x56,
    0x40,0xFD,0x40,0x01,0xC0,0x00,0x00,0x01,0x00,0x71,0x20,0x4F,0xC0,0x4B,0x40,0x75,
    0x60,0x1B,0x30,0x57,0xC0,0x5C,0x40,0x57,0xC0,0x7C,0x40,0xC7,0xC0,0x00,0x00,0x77,
    0xE0,0x4C,0x20,0x4F,0xE0,0x74,0x80,0x57,0xE0,0x5C,0x80,0x57,0xC0,0x56,0x20,0x7A,
    0x20,0x8B,0xC0,0x00,0x00,0x73,0xC0,0x4F,0xC0,0x4C,0x40,0x73,0xC0,0x52,0x00,0x5F,
    0xE0,0x56,0xA0,0x52,0xA0,0xFD,0x20,0x02,0xC0,0x00,0x00,0x00,0x00,0x77,0xE0,0x55,
    0x20,0x55,0x40,0x73,0xC0,0x51,0x00,0x5F,0xE0,0x51,0x80,0x53,0x40,0x75,0x30,0x89,
    0x00,0x00,0x00,0x00,0x00,0x01,0x00,0x70,0x80,0x4F,0xE0,0x4C,0x20,0x73,0xC0,0x10,
    0x00,0x5F,0xE0,0x50,0x80,0x52,0xC0,0x7C,0xA0,0x8B,0x20,0x00,0x00,0x01,0x00,0x71,
    0x00,0x56,0xE0,0x52,0x80,0x77,0xE0,0x59,0x20,0x5F,0xC0,0x55,0x40,0x55,0x40,0xFD,
    0x40,0x01,0x00,0x00,0x00,0x77,0xE0,0x55,0x20,0x54,0xC0,0x32,0x40,0x57,0xE0,0x5C,
    0x20,0x57,0xE0,0x54,0x20,0x7C,0x20,0xC7,0xE0,0x00,0x00,0x00,0x00,0x77,0xC0,0x57,
    0xC0,0x54,0x40,0x77,0xC0,0x56,0xE0,0x59,0x20,0x55,0xA0,0x56,0xE0,0x79,0x20,0x86,
    0xC0,0x00,0x00,0x00,0x00,0x01,0x00,0x75,0x20,0x57,0xE0,0x50,0x00,0x7E,0xE0,0x6A,
    0xA0,0x7E,0xE0,0x6A,0xA0,0x6E,0xE0,0x7A,0xA0,0xDB,0x60,0x00,0x00,0x77,0xC0,0x5A,
    0xA0,0x56,0x40,0x77,0xC0,0x6B,0xA0,0x54,0x40,0x65,0xC0,0x62,0x40,0x72,0x80,0x8F,
    0xE0,0x00,0x00,0x02,0x40,0x72,0x80,0x55,0x60,0x57,0x60,0x75,0xA0,0x17,0xE0,0x5B,
    0x80,0x54,0x40,0x57,0xC0,0x5C,0x40,0x67,0xC0,0x00,0x00,0x02,0x40,0x7F,0xE0,0x52,
    0x80,0x57,0xE0,0x76,0xE0,0x67,0xE0,0x54,0x20,0x63,0xC0,0x6F,0xE0,0x7A,0x40,0x82,
    0xC0,0x00,0x00,0x01,0x00,0x77,0xE0,0x54,0xA0,0x5E,0x60,0x77,0xC0,0x25,0x20,0x57,
    0xC0,0x67,0xE0,0x65,0x20,0xDF,0xE0,0x61,0x00,0x00,0x00,0x77,0xC0,0x57,0xC0,0x50,
    0x00,0x76,0xE0,0x65,0xA0,0x5A,0x40,0x67,0xE0,0x61,0x80,0x77,0x40,0x89,0x20,0x00,
    0x00,0x00,0x00,0x02,0x80,0x77,0xE0,0x52,0x80,0x57,0xA0,0x71,0x40,0x57,0xE0,0x5B,
    0x00,0x5C,0xC0,0x53,0xC0,0x7C,0x40,0x83,0xC0,0x00,0x00,0x04,0x00,0x3F,0x80,0x20,
    0x80,0x3F,0x80,0x20,0x80,0x3F,0xA0,0x20,0xC0,0x7F,0x80,0x06,0x80,0x38,0x80,0xC3,
    0x80,0x00,0x00,0x10,0x00,0x3B,0xC0,0x48,0x40,0x38,0x40,0x49,0xC0,0x3A,0x00,0x4B,
    0xC0,0x78,0x40,0x18,0x40,0x68,0x40,0xD9,0xC0,0x00,0x00,0x10,0x00,0x7B,0xE0,0x4A,
    0x20,0x7B,0x40,0x4A,0xC0,0x7A,0x80,0x4A,0xC0,0xFB,0x40,0x2B,0x20,0x4A,0x00,0xBB,
    0xE0,0x00,0x00,0x10,0x00,0x7B,0xC0,0x4A,0x40,0x7A,0x40,0x4C,0x60,0x79,0x00,0x4F,
    0xE0,0x79,0x80,0x2B,0x40,0x4D,0x20,0xB9,0x00,0x00,0x00,0x21,0x00,0x25,0x20,0x53,
    0x40,0x71,0x00,0x57,0xE0,0x74,0x20,0x55,0xA0,0x75,0xA0,0x35,0xA0,0x54,0x20,0xB4,
    0xE0,0x00,0x00,0x04,0x00,0x08,0x00,0x7F,0xE0,0x10,0x00,0x12,0x00,0x3F,0xC0,0x02,
    0x00,0x02,0x00,0x7F,0xE0,0x02,0x00,0x02,0x00,0x00,0x00,0x11,0x00,0x21,0x00,0x7D,
    0x00,0x31,0x00,0x51,0x00,0x7D,0x00,0x11,0x00,0x11,0x00,0xFD,0x20,0x11,0x20,0x11,
    0xE0,0x00,0x00,0x22,0x00,0x22,0x00,0x7A,0x00,0x37,0xC0,0x52,0x40,0x7A,0x40,0x12,
    0x40,0x12,0x40,0xFA,0x60,0x14,0x60,0x1C,0x60,0x00,0x00,0x10,0x00,0x23,0xE0,0x7C,
    0x80,0x30,0x80,0x50,0x80,0x7B,0xE0,0x10,0x80,0x10,0x80,0xFC,0x80,0x10,0x80,0x10,
    0x80,0x00,0x00,0x11,0x00,0x21,0x00,0x7B,0xE0,0x31,0x00,0x57,0xE0,0x7A,0x00,0x13,
    0xC0,0x10,0x40,0xFE,0xC0,0x11,0x80,0x10,0x40,0x00,0x00,0x21,0x00,0x21,0x80,0x7A,
    0x80,0x36,0x40,0x5E,0x30,0x7A,0x40,0x13,0x80,0x16,0x00,0xFA,0x20,0x12,0x20,0x13,
    0xC0,0x00,0x00,0x21,0x00,0x22,0x00,0x7B,0xE0,0x32,0x20,0x55,0x40,0x79,0x00,0x11,
    0x00,0x11,0x80,0xFE,0x80,0x16,0x40,0x1C,0x20,0x00,0x00,0x08,0x00,0x7F,0xE0,0x14,
    0x00,0x3F,0xC0,0x02,0x00,0x7F,0xE0,0x00,0x00,0x7F,0xC0,0x29,0x40,0x39,0x80,0xC6,
    0x60,0x00,0x00,0x21,0x00,0x21,0x00,0x7F,0xE0,0x35,0x20,0x55,0x20,0x7D,0x20,0x17,
    0xE0,0x15,0x20,0xFD,0x20,0x17,0xE0,0x14,0x20,0x00,0x00,0x20,0x00,0x27,0xC0,0x78,
    0x40,0x30,0x80,0x53,0x40,0x7C,0x20,0x16,0xC0,0x11,0x00,0xF9,0x00,0x11,0x00,0x17,
    0xE0,0x00,0x00,0x11,0x00,0x7D,0xC0,0x11,0x40,0x7F,0xE0,0x11,0x00,0x7F,0x40,0x29,
    0x40,0x7D,0x80,0x0D,0xA0,0xFB,0xA0,0x0A,0x40,0x00,0x00,0x20,0x00,0x27,0xE0,0x79,
    0x00,0x31,0x00,0x57,0xE0,0x7A,0x80,0x14,0x60,0x1A,0xA0,0xFA,0x80,0x12,0x80,0x14,
    0x80,0x00,0x00,0x21,0x00,0x21,0x00,0x7F,0xE0,0x22,0x80,0x52,0x40,0x7E,0xE0,0x16,
    0xA0,0x11,0x80,0xF9,0x00,0x12,0xC0,0x1C,0x20,0x00,0x00,0x21,0x40,0x21,0x40,0x7F,
    0xE0,0x31,0x00,0x57,0xE0,0x7D,0x20,0x17,0xE0,0x15,0x20,0xFF,0xE0,0x15,0x20,0x15,
    0x60,0x00,0x00,0x20,0x00,0x27,0xE0,0x72,0x80,0x67,0xE0,0x6A,0xA0,0x7A,0xA0,0x2B,
    0xA0,0x2B,0xE0,0xF5,0x60,0x29,0x20,0x28,0x60,0x00,0x00,0x09,0x00,0x79,0xE0,0x79,
    0xC0,0x09,0x00,0x79,0xE0,0x08,0x00,0x7F,0xE0,0x22,0x00,0x1F,0xC0,0x7F,0xE0,0x02,
    0x00,0x00,0x00,0x20,0x00,0x67,0xE0,0x6D,0x20,0x6D,0xE0,0x72,0x00,0x7A,0x80,0x37,
    0xE0,0x30,0x80,0x5F,0xE0,0x58,0x80,0x90,0x80,0x00,0x00,0x20,0x00,0x27,0xC0,0x7C,
    0x20,0x37,0xC0,0x57,0xE0,0x78,0x00,0x14,0xA0,0x17,0xC0,0x7C,0x80,0x15,0xA0,0x16,
    0xE0,0x00,0x00,0x20,0x00,0x27,0xE0,0x78,0x00,0x47,0xC0,0x53,0xC0,0x78,0x00,0x17,
    0xE0,0x15,0x20,0xFF,0xE0,0x15,0x20,0x17,0xE0,0x00,0x00,0x20,0x00,0x27,0xC0,0x7C,
    0x40,0x63,0x80,0x57,0xE0,0x7C,0x40,0x17,0xC0,0x17,0xC0,0xFC,0x40,0x1F,0xE0,0x10,
    0x40,0x00,0x00,0x21,0x00,0x22,0x80,0x7E,0x40,0x4B,0xA0,0x60,0x20,0x77,0xA0,0x27,
    0xA0,0x25,0xA0,0xF7,0xA0,0x25,0x20,0x26,0xC0,0x00,0x00,0x21,0x00,0x27,0xE0,0x79,
    0x00,0x5F,0xE0,0x53,0x80,0x7C,0x40,0x17,0xC0,0x13,0x20,0xFE,0xC0,0x1A,0xC0,0x13,
    0x30,0x00,0x00,0x21,0x00,0x23,0xC0,0x74,0x20,0x57,0xC0,0x51,0x00,0x77,0xC0,0x1F,
    0xE0,0x11,0x00,0xFF,0xC0,0x14,0x40,0x17,0xC0,0x00,0x00,0x20,0x00,0x27,0xC0,0x74,
    0x20,0x67,0xC0,0x65,0x40,0x77,0xE0,0x25,0x40,0x2B,0xA0,0xFA,0xE0,0x2A,0x40,0x2B,
    0x20,0x00,0x00,0x24,0x40,0x2D,0x80,0x76,0xE0,0x4E,0xA0,0x61,0xA0,0x7E,0xC0,0x2A,
    0xC0,0x3E,0x40,0xEE,0x40,0x2A,0xA0,0x2B,0x20,0x00,0x00,0x04,0x00,0x04,0x00,0x7F,
    0xC0,0x11,0x00,0x09,0x00,0x7F,0xE0,0x04,0x00,0x04,0x00,0x7F,0xE0,0x04,0x00,0x04,
    0x00,0x00,0x00,0x04,0x00,0x7F,0xE0,0x04,0x00,0x3B,0xC0,0x3F,0xC0,0x7F,0xC0,0x09,
    0x00,0x7F,0xE0,0x04,0x00,0x7F,0xC0,0x04,0x00,0x00,0x00,0x01,0x00,0x78,0x80,0x17,
    0xE0,0x12,0x40,0x7A,0x40,0x17,0xE0,0x10,0x80,0x68,0x80,0x4B,0xE0,0x48,0x80,0x78,
    0x80,0x00,0x00,0x00,0x80,0x38,0x80,0x2B,0x60,0x29,0x40,0x39,0x40,0x27,0xE0,0x38,
    0x80,0x68,0x80,0x6B,0xE0,0xA8,0x80,0x10,0x80,0x00,0x00,0x21,0x00,0x21,0x00,0x7F,
    0xE0,0x51,0x00,0x37,0xC0,0x7D,0x40,0x27,0xC0,0x79,0x80,0x23,0x40,0x25,0x30,0x49,
    0x20,0x00,0x00,0x20,0x80,0x22,0x40,0x7B,0xE0,0x56,0xC0,0x56,0xC0,0x77,0xE0,0x2A,
    0x40,0x76,0x40,0x23,0xE0,0x24,0x40,0x4C,0x40,0x40,0x00,0x24,0x80,0x24,0x40,0x7B,
    0xE0,0x50,0xC0,0x5C,0xC0,0x7D,0xE0,0x24,0x80,0x7C,0x80,0x25,0xE0,0x26,0x80,0x44,
    0x80,0x40,0x00,0x26,0x80,0x24,0x80,0x7D,0xE0,0x5A,0xC0,0x5E,0xC0,0x75,0xE0,0x24,
    0x40,0x7E,0x40,0x21,0xE0,0x2E,0x40,0x40,0x40,0x40,0x00,0x3F,0xE0,0x20,0x00,0x3F,
    0xC0,0x20,0x00,0x3F,0xE0,0x2A,0x00,0x2A,0x60,0x49,0x80,0x4A,0xC0,0xCC,0x20,0x00,
    0x00,0x3F,0xE0,0x3F,0xC0,0x20,0x00,0x3F,0xE0,0x4B,0xC0,0x4E,0xE0,0xD0,0x80,0x7F,
    0xE0,0x18,0x80,0x0B,0x80,0x00,0x00,0x00,0x00,0x02,0x00,0x42,0x00,0x2F,0xC0,0x02,
    0x40,0x62,0x40,0x22,0x40,0x24,0x40,0x24,0x40,0x29,0x80,0x50,0x00,0x8F,0xE0,0x6F,
    0xE0,0x30,0x40,0x00,0x80,0x61,0x00,0x21,0x00,0x21,0x00,0x21,0x00,0x27,0x00,0x50,
    0x00,0xCF,0xE0,0x00,0x00,0x01,0x00,0x61,0x00,0x31,0x00,0x0F,0xE0,0x61,0x00,0x23,
    0x00,0x22,0x80,0x24,0x40,0x28,0x20,0x50,0x00,0xCF,0xE0,0x47,0xC0,0x39,0x00,0x21,
    0x00,0x61,0x00,0x2F,0xE0,0x21,0x00,0x21,0x00,0x21,0x00,0x51,0x00,0xCF,0xE0,0x00,
    0x00,0x4F,0xC0,0x21,0x00,0x01,0x00,0x6F,0xE0,0x21,0x00,0x21,0x00,0x21,0x00,0x23,
    0x00,0x50,0x00,0xCF,0xE0,0x00,0x00,0x02,0x00,0x64,0x00,0x37,0xE0,0x08,0x00,0x67,
    0x80,0x21,0x00,0x26,0x20,0x28,0x20,0x27,0xC0,0x50,0x00,0x8F,0xE0,0x4F,0x80,0x24,
    0x80,0x04,0x80,0x64,0x80,0x2F,0x80,0x24,0x80,0x24,0xA0,0x24,0x60,0x50,0x00,0xCF,
    0xE0,0x00,0x00,0x00,0x80,0x60,0x80,0x2F,0xE0,0x10,0x80,0x64,0x80,0x24,0x80,0x22,
    0x80,0x20,0x80,0x23,0x80,0x70,0x00,0xCF,0xE0,0x6F,0xE0,0x22,0x00,0x04,0x00,0x67,
    0xC0,0x24,0x40,0x24,0x40,0x28,0x40,0x29,0x80,0x50,0x00,0x8F,0xE0,0x00,0x00,0x02,
    0x00,0x4F,0xE0,0x29,0x20,0x09,0x20,0x69,0x20,0x29,0x20,0x2B,0x20,0x2D,0xC0,0x29,
    0x00,0x51,0x00,0x8F,0xE0,0x6F,0xC0,0x20,0x00,0x00,0x00,0x6F,0xE0,0x22,0x80,0x24,
    0x40,0x27,0xC0,0x28,0x20,0x50,0x00,0xCF,0xE0,0x00,0x00,0x67,0xE0,0x34,0x00,0x14,
    0x00,0x67,0xE0,0x24,0x80,0x24,0x80,0x24,0x80,0x28,0x80,0x50,0x00,0x4F,0xE0,0x00,
    0x00,0x67,0xE0,0x34,0x00,0x07,0xC0,0x64,0x40,0x26,0x40,0x29,0x80,0x29,0x80,0x32,
    0x40,0x54,0x20,0xCF,0xE0,0x00,0x00,0x6F,0xE0,0x31,0x00,0x21,0x00,0x63,0x80,0x25,
    0x40,0x29,0x60,0x31,0x20,0x21,0x00,0x50,0x00,0xCF,0xE0,0x00,0x00,0x02,0x00,0x41,
    0x00,0x2F,0xE0,0x00,0x80,0x6C,0x80,0x22,0x80,0x21,0x00,0x26,0x80,0x2C,0x40,0x50,
    0x00,0xCF,0xE0,0x00,0x80,0x44,0x80,0x2F,0xE0,0x24,0x80,0x64,0x80,0x24,0x80,0x2F,
    0xE0,0x24,0x80,0x24,0x80,0x58,0x80,0xCF,0xE0,0x4F,0xC0,0x20,0x00,0x20,0x00,0x6F,
    0xE0,0x24,0x80,0x24,0x80,0x24,0xA0,0x28,0xE0,0x50,0x00,0xCF,0xE0,0x00,0x00,0x02,
    0x00,0x42,0x00,0x2F,0xE0,0x22,0x00,0x6F,0xC0,0x22,0x00,0x2F,0xC0,0x22,0x40,0x22,
    0xC0,0x52,0x00,0xCF,0xE0,0x02,0x00,0x62,0x00,0x3F,0xE0,0x25,0x00,0x65,0x00,0x2F,
    0xE0,0x21,0x00,0x2F,0xE0,0x21,0x00,0x51,0x00,0xCF,0xE0,0x47,0xC0,0x24,0x40,0x04,
    0x40,0x67,0xC0,0x24,0x00,0x27,0x00,0x28,0x80,0x28,0x40,0x50,0x20,0xCF,0xE0,0x00,
    0x00,0x4F,0xC0,0x22,0x40,0x25,0x40,0x6C,0x80,0x37,0x80,0x28,0x40,0x28,0x40,0x27,
    0xC0,0x50,0x00,0x8F,0xE0,0x00,0x00,0x01,0x00,0x61,0x00,0x3F,0xC0,0x09,0x20,0x69,
    0x20,0x2F,0xC0,0x29,0x20,0x29,0x20,0x2F,0xC0,0x50,0x00,0xCF,0xE0,0x01,0x00,0x61,
    0x00,0x37,0xC0,0x28,0x40,0x68,0x40,0x27,0xC0,0x28,0x40,0x28,0x40,0x27,0xC0,0x50,
    0x00,0xCF,0xE0,0x01,0x00,0x45,0x00,0x37,0xE0,0x09,0x00,0x61,0x00,0x2F,0xE0,0x21,
    0x00,0x22,0x80,0x2C,0x60,0x50,0x20,0xCF,0xE0,0x01,0x00,0x41,0xC0,0x21,0x40,0x0F,
    0xE0,0x63,0x00,0x25,0x80,0x25,0x40,0x29,0x20,0x31,0x00,0x50,0x00,0xCF,0xE0,0x01,
    0x00,0x49,0x20,0x25,0x40,0x25,0x80,0x6F,0xE0,0x23,0x00,0x25,0x80,0x29,0x60,0x39,
    0x20,0x50,0x00,0xCF,0xE0,0x04,0x40,0x46,0x80,0x2F,0xE0,0x24,0x80,0x64,0x80,0x24,
    0x80,0x2F,0xE0,0x24,0x80,0x2C,0x80,0x58,0x80,0xCF,0xE0,0x02,0x00,0x41,0x00,0x2F,
    0xE0,0x22,0x80,0x4A,0xC0,0x2A,0xC0,0x2A,0xA0,0x34,0xA0,0x25,0x80,0x78,0x00,0x8F,
    0xE0,0x01,0x00,0x47,0x80,0x28,0x40,0x08,0x40,0x6F,0xC0,0x28,0x00,0x2F,0xC0,0x28,
    0x40,0x2F,0xC0,0x70,0x00,0x8F,0xE0,0x4F,0xC0,0x28,0x40,0x0F,0xC0,0x6F,0xC0,0x28,
    0x20,0x2B,0x40,0x28,0x80,0x2E,0x60,0x50,0x00,0x8F,0xE0,0x00,0x00,0x04,0x40,0x44,
    0x80,0x2F,0xC0,0x01,0x00,0x61,0x00,0x2F,0xE0,0x23,0x00,0x22,0x80,0x2C,0x60,0x70,
    0x40,0x8F,0xE0,0x6F,0xC0,0x31,0x00,0x2F,0xE0,0x61,0x00,0x23,0x80,0x24,0x40,0x24,
    0x40,0x27,0xC0,0x50,0x00,0xCF,0xE0,0x00,0x00,0x05,0x00,0x5D,0x00,0x2D,0x60,0x2D,
    0xC0,0x65,0x80,0x2D,0x40,0x35,0x20,0x25,0x20,0x28,0xE0,0x70,0x00,0x8F,0xE0,0x04,
    0x40,0x44,0x80,0x2F,0xE0,0x01,0x00,0x69,0x40,0x29,0x40,0x2F,0xC0,0x22,0x00,0x22,
    0x00,0x54,0x00,0x8F,0xE0,0x01,0x00,0x45,0x00,0x27,0xC0,0x09,0x00,0x61,0x00,0x2F,
    0xE0,0x25,0x00,0x25,0x20,0x2C,0xE0,0x50,0x00,0xCF,0xE0,0x5E,0x80,0x24,0xA0,0x09,
    0xC0,0x67,0xA0,0x39,0xA0,0x2A,0xA0,0x2A,0xA0,0x28,0x80,0x71,0x00,0x8F,0xE0,0x00,
    0x00,0x4F,0xC0,0x21,0x00,0x0F,0xE0,0x65,0xC0,0x3D,0x20,0x22,0xA0,0x24,0xC0,0x2C,
    0x40,0x78,0x80,0x8F,0xE0,0x00,0x00,0x4F,0xE0,0x22,0x00,0x0D,0x60,0x73,0x80,0x2D,
    0x80,0x32,0xC0,0x2C,0xA0,0x31,0x00,0x52,0x00,0x8F,0xE0,0x00,0x00,0x04,0xC0,0x44,
    0x80,0x2F,0xC0,0x01,0x40,0x6F,0xC0,0x29,0x00,0x2F,0xE0,0x25,0x20,0x29,0x40,0x71,
    0x00,0x8F,0xE0,0x01,0x00,0x62,0x80,0x24,0xC0,0x1F,0xE0,0x61,0x00,0x2F,0xE0,0x25,
    0x00,0x29,0xC0,0x29,0x20,0x52,0x00,0x8F,0xE0,0x6F,0xE0,0x20,0x00,0x07,0xC0,0x64,
    0x40,0x27,0xC0,0x24,0x40,0x22,0x80,0x2F,0xE0,0x50,0x00,0xCF,0xE0,0x00,0x00,0x00,
    0x00,0x4F,0xC0,0x26,0x80,0x2F,0xC0,0x69,0x40,0x2F,0xC0,0x29,0x40,0x2F,0xC0,0x29,
    0xC0,0x50,0x00,0x8F,0xE0,0x00,0x00,0x18,0x00,0x4F,0xE0,0x28,0x80,0x14,0x80,0x45,
    0xE0,0x2C,0x80,0x34,0x80,0x24,0x80,0x2F,0xE0,0x70,0x00,0xCF,0xE0,0x08,0x00,0x45,
    0xE0,0x2F,0x00,0x05,0x00,0x07,0xE0,0x7D,0x40,0x25,0x40,0x25,0x40,0x2A,0x40,0x72,
    0x00,0x8F,0xE0,0x67,0xC0,0x28,0x40,0x07,0xC0,0x60,0x00,0x2F,0xC0,0x27,0xC0,0x21,
    0x00,0x2F,0xE0,0x50,0x00,0xCF,0xE0,0x00,0x00,0x01,0x00,0x4F,0xE0,0x21,0x00,0x0F,
    0xC0,0x49,0x40,0x2F,0xC0,0x23,0x00,0x25,0xC0,0x39,0x20,0x51,0x00,0xCF,0xE0,0x01,
    0x00,0x45,0x00,0x2F,0xE0,0x29,0x00,0x6F,0xE0,0x20,0x00,0x27,0xC0,0x28,0x40,0x27,
    0xC0,0x70,0x00,0x8F,0xE0,0x02,0x00,0x47,0xC0,0x3C,0x80,0x03,0x80,0x7D,0x60,0x2F,
    0xC0,0x2F,0xC0,0x21,0x00,0x3F,0xE0,0x71,0x00,0x8F,0xE0,0x01,0x00,0x4F,0xC0,0x21,
    0x40,0x0F,0xE0,0x61,0x40,0x2F,0xA0,0x2D,0x40,0x27,0x80,0x39,0x60,0x72,0x00,0x8F,
    0xE0,0x02,0x00,0x47,0x80,0x28,0x80,0x1F,0xC0,0x69,0x40,0x2F,0xC0,0x23,0x80,0x25,
    0x60,0x29,0xE0,0x70,0x00,0x8F,0xE0,0x6F,0xE0,0x3A,0xA0,0x0F,0xE0,0x62,0x00,0x27,
    0xC0,0x2C,0x40,0x32,0x80,0x23,0x00,0x5C,0x00,0x8F,0xE0,0x00,0x00,0x4F,0xE0,0x27,
    0x80,0x08,0x40,0x6F,0xC0,0x2F,0xC0,0x29,0x40,0x2F,0xC0,0x2F,0xC0,0x70,0x00,0x8F,
    0xE0,0x00,0x00,0x01,0x00,0x42,0x80,0x2C,0x40,0x13,0xA0,0x6E,0xC0,0x2E,0xC0,0x2A,
    0xC0,0x2E,0xC0,0x2A,0x40,0x74,0x80,0x8F,0xE0,0x4F,0xE0,0x29,0x00,0x0F,0xE0,0x6B,
    0xC0,0x2C,0x40,0x2F,0xC0,0x2B,0xC0,0x33,0xC0,0x70,0x00,0x8F,0xE0,0x00,0x00,0x04,
    0x40,0x42,0x80,0x2F,0xE0,0x02,0x20,0x6D,0x40,0x27,0x80,0x3B,0x80,0x24,0xE0,0x39,
    0x20,0x72,0x00,0x8F,0xE0,0x4F,0xC0,0x2F,0xC0,0x09,0x40,0xEF,0xC0,0x21,0x00,0x2F,
    0xC0,0x29,0xC0,0x2E,0xC0,0x78,0xC0,0x8F,0xE0,0x00,0x00,0x01,0x00,0x4F,0xC0,0x28,
    0x40,0x2F,0xC0,0x68,0x00,0x2F,0xC0,0x2A,0xA0,0x37,0xC0,0x36,0xA0,0x74,0x40,0x8F,
    0xE0,0x4F,0xC0,0x2F,0xC0,0x0B,0xC0,0x64,0x00,0x2F,0xC0,0x3B,0x20,0x2C,0xC0,0x2F,
    0xC0,0x70,0xC0,0x8F,0xE0,0x00,0x00,0x04,0x40,0x44,0x80,0x2B,0x60,0x0F,0xC0,0x68,
    0x40,0x2F,0xC0,0x2F,0xC0,0x28,0x40,0x2F,0xC0,0x50,0x00,0x4F,0xE0,0x01,0x00,0x4F,
    0xC0,0x29,0x40,0x0F,0xC0,0x7F,0xE0,0x27,0x80,0x28,0x40,0x2A,0x40,0x27,0xC0,0x78,
    0x20,0x8F,0xE0,0x01,0x00,0x4F,0xC0,0x2F,0xC0,0x1F,0xE0,0x60,0x00,0x2F,0xC0,0x2F,
    0xC0,0x2F,0xC0,0x2F,0xC0,0x50,0x00,0x8F,0xE0,0x4F,0xE0,0x2A,0x40,0x25,0x40,0x07,
    0xE0,0x69,0x00,0x2F,0xE0,0x29,0x40,0x2F,0xC0,0x70,0x00,0x9F,0xE0,0x00,0x00,0x00,
    0x00,0x02,0x80,0x5F,0xE0,0x27,0xC0,0x0A,0xA0,0x6F,0xE0,0x2F,0xC0,0x2F,0xC0,0x2F,
    0xC0,0x28,0x40,0x77,0x80,0x8F,0xE0,0x01,0x00,0x4F,0xE0,0x28,0x00,0x2A,0x40,0xEF,
    0xE0,0x2A,0x40,0x29,0x80,0x2D,0xC0,0x35,0xA0,0x74,0x00,0x8F,0xE0,0x04,0x80,0x5F,
    0xE0,0x23,0x00,0x2F,0xC0,0x4C,0xC0,0x2F,0xC0,0x2F,0xC0,0x33,0xE0,0x2C,0x80,0x65,
    0x80,0x9F,0xE0,0x00,0x00,0x00,0x80,0x4E,0x80,0x2B,0xE0,0x0E,0xC0,0x69,0xE0,0x2C,
    0x80,0x3A,0x80,0x3B,0xE0,0x2E,0x80,0x70,0x00,0x8F,0xE0,0x04,0x80,0x4E,0x80,0x32,
    0xE0,0x3F,0x40,0xCF,0x40,0x37,0xC0,0x28,0x40,0x2E,0xC0,0x33,0x20,0x65,0x20,0x9F,
    0xE0,0x3F,0xC0,0x20,0x40,0x3F,0xC0,0x00,0x00,0x3F,0xC0,0x24,0x40,0x3F,0xC0,0x20,
    0x20,0x20,0x20,0x3F,0xE0,0x00,0x00,0x7F,0xC0,0x0A,0x40,0x4A,0x40,0x2A,0x80,0x1A,
    0x40,0x12,0x40,0x1A,0x20,0x26,0x20,0xC6,0xC0,0x42,0x00,0x00,0x00,0x7F,0xE0,0x29,
    0x20,0x29,0x40,0x29,0x40,0x7F,0x40,0x29,0x20,0x29,0x20,0x29,0x60,0x49,0x80,0xC9,
    0x00,0x00,0x00,0x7D,0xE0,0x25,0x20,0x25,0x40,0x7D,0x40,0x25,0x40,0x7D,0x20,0x25,
    0x20,0x25,0x20,0x45,0xC0,0xD9,0x00,0x00,0x00,0x00,0x00,0x10,0x00,0x11,0xE0,0x7D,
    0x40,0x11,0x40,0x7D,0x40,0x11,0x40,0x11,0x20,0x7D,0x20,0x11,0x20,0x21,0xC0,0x61,
    0x00,0x00,0x00,0x7D,0xE0,0x29,0x20,0x29,0x40,0x49,0x40,0x7F,0x40,0x19,0x20,0x29,
    0x20,0x49,0x20,0x89,0xC0,0x39,0x00,0x00,0x00,0x10,0x00,0x11,0xE0,0x7D,0x20,0x55,
    0x40,0x55,0x40,0x55,0x40,0x7D,0x20,0x55,0x20,0x55,0x20,0x7D,0x40,0x01,0x00,0x00,
    0x00,0x24,0x00,0x25,0xE0,0xFF,0x20,0x25,0x40,0x25,0x40,0x25,0x40,0x3D,0x20,0x25,
    0x20,0x25,0x20,0x3D,0xC0,0x01,0x00,0x00,0x00,0x3D,0xE0,0x41,0x20,0x41,0x40,0x3D,
    0x40,0x49,0x40,0x49,0x20,0x49,0x20,0x4B,0x20,0xFD,0xC0,0x01,0x00,0x00,0x00,0x00,
    0x00,0x7D,0xE0,0x25,0x20,0x25,0x40,0x5D,0x40,0xC1,0x40,0x7D,0x20,0x45,0x20,0x45,
    0x20,0x45,0xC0,0x39,0x00,0x00,0x00,0x20,0x00,0x3D,0xE0,0x49,0x20,0x49,0x40,0xFD,
    0x40,0x05,0x40,0x05,0x20,0x7D,0x20,0x05,0xA0,0x7D,0x40,0x01,0x00,0x00,0x00,0x10,
    0x00,0x19,0xE0,0x2D,0x20,0x57,0x40,0x91,0x40,0x09,0x40,0x7D,0x20,0x0D,0x20,0x69,
    0x60,0x11,0x80,0x09,0x00,0x00,0x00,0x10,0x00,0x11,0xE0,0x7F,0x20,0x21,0x40,0x7D,
    0x40,0x65,0x40,0xBD,0x20,0x25,0x20,0x3D,0x20,0x25,0xC0,0x2D,0x00,0x00,0x00,0x10,
    0x00,0x11,0xE0,0x7F,0x20,0x29,0x40,0x25,0x40,0x4F,0x40,0x69,0x20,0x19,0x20,0x19,
    0xA0,0x25,0x40,0xC5,0x00,0x00,0x00,0x10,0x00,0x11,0xE0,0x6D,0x40,0x45,0x40,0x7D,
    0x40,0x45,0x40,0x7D,0x20,0x49,0x20,0x49,0x20,0x75,0xC0,0x45,0x00,0x00,0x00,0x44,
    0x00,0x29,0xE0,0x29,0x20,0x7D,0x40,0x11,0x40,0x7D,0x40,0x11,0x20,0x11,0x20,0x29,
    0x20,0x25,0xC0,0xC5,0x00,0x00,0x00,0x10,0x00,0x11,0xE0,0x7F,0x20,0x11,0x40,0x7F,
    0x40,0x19,0x40,0x5F,0x20,0x5B,0x20,0xEB,0x20,0x29,0x40,0x59,0x00,0x40,0x00,0x7D,
    0xE0,0x25,0x20,0x7F,0x40,0x25,0x40,0x7D,0x40,0x21,0x20,0x7D,0x20,0xE5,0x20,0x25,
    0x40,0x3D,0x00,0x00,0x00,0x7D,0xE0,0x45,0x20,0x7D,0x40,0x01,0x40,0x7D,0x40,0x55,
    0x20,0x55,0x20,0x51,0x20,0x2D,0xC0,0xC3,0x00,0x00,0x00,0x00,0x00,0x10,0x00,0x11,
    0xE0,0x7D,0x20,0x29,0x40,0x29,0x40,0xFF,0x40,0x39,0x20,0x45,0x20,0x45,0x20,0x45,
    0x40,0x7D,0x00,0x00,0x00,0x10,0x00,0x7F,0xE0,0x01,0x20,0x7D,0x40,0x7D,0x40,0x01,
    0x40,0x7D,0x20,0x19,0x20,0xFF,0x20,0x11,0xC0,0x31,0x00,0x00,0x00,0x24,0x00,0x24,
    0xE0,0x24,0xA0,0x7E,0xA0,0x24,0xC0,0x7E,0xC0,0x6D,0x20,0xB4,0xA0,0x34,0xA0,0x24,
    0xC0,0x24,0x80,0x00,0x00,0x24,0x00,0x29,0xE0,0x7D,0x20,0x55,0x40,0x7D,0x40,0x55,
    0x40,0x7D,0x20,0x11,0x20,0x7F,0x20,0x11,0x40,0x11,0x00,0x00,0x00,0x10,0x00,0x13,
    0xE0,0x7D,0x20,0x15,0x40,0x7F,0x40,0x11,0x40,0x7D,0x20,0xA5,0x20,0x3D,0x20,0x25,
    0x40,0x3D,0x00,0x00,0x00,0x6D,0xE0,0x5B,0x20,0x6D,0x40,0x7D,0x40,0x01,0x40,0x7F,
    0x20,0x21,0x20,0x3D,0x20,0x05,0x40,0x1D,0x00,0x00,0x00,0x00,0x00,0x3C,0xE0,0x45,
    0x20,0x39,0x40,0x7F,0x40,0x11,0x40,0x6F,0x20,0x5B,0x20,0x5B,0x20,0x43,0x40,0x7F,
    0x00,0x00,0x00,0x00,0x00,0x7F,0xE0,0x09,0x00,0x3F,0xC0,0x29,0x40,0x29,0x40,0x31,
    0xC0,0x20,0x40,0x3F,0xC0,0x20,0x40,0x3F,0xC0,0x00,0x00,0x00,0x00,0x10,0x80,0x7F,
    0xE0,0x09,0x00,0x09,0x00,0x3F,0xC0,0x29,0x40,0x31,0xC0,0x20,0x40,0x3F,0xC0,0x20,
    0x40,0x3F,0xC0,0x00,0x00,0x00,0x80,0x7D,0x00,0x29,0xE0,0x7D,0x20,0x6E,0x20,0x6D,
    0x20,0x6C,0xA0,0x44,0xA0,0x7C,0x20,0x44,0x20,0x7C,0xC0,0x7D,0xC0,0x28,0x20,0x7C,
    0x20,0x6C,0x20,0x6D,0xC0,0x6D,0x00,0x45,0x00,0x7D,0x20,0x45,0x20,0x7D,0xE0,0x40,
    0x00,0x7F,0xE0,0x22,0x80,0xCF,0xE0,0x6A,0xA0,0x2C,0xA0,0x2C,0xE0,0x28,0x20,0x2F,
    0xE0,0x48,0x20,0x4F,0xE0,0x00,0x00,0x7D,0x40,0x33,0x60,0x7A,0xA0,0x7A,0xA0,0x7A,
    0xA0,0x6B,0x60,0x4B,0x60,0x7A,0x60,0x4A,0x20,0x79,0xE0,0x00,0x00,0x00,0x00,0x00,
    0x40,0x7D,0x40,0x31,0x40,0x7E,0x40,0x76,0x20,0x77,0xF0,0x6D,0x40,0x45,0x40,0x7D,
    0x40,0x46,0x40,0x7C,0xC0,0x00,0x00,0xFD,0xE0,0x28,0x00,0x7C,0x00,0x6F,0x60,0x6C,
    0x80,0x6D,0x00,0x45,0x40,0x7D,0x20,0x46,0xE0,0x7F,0x20,0x00,0x00,0x00,0x80,0xFC,
    0x80,0x28,0x80,0x7F,0xE0,0x6C,0x80,0x6C,0x80,0x6D,0x80,0x45,0x40,0x7D,0x40,0x46,
    0xA0,0x7E,0xB0,0x02,0x40,0x7E,0x40,0x33,0xE0,0x7A,0x40,0x76,0x40,0x76,0x40,0x69,
    0xC0,0x46,0x40,0x7A,0x40,0x46,0x40,0x7B,0xC0,0x00,0x00,0xFF,0xE0,0x30,0x80,0x7C,
    0x80,0x77,0xE0,0x74,0x80,0x6D,0xC0,0x45,0xC0,0x7E,0xB0,0x44,0xA0,0x7C,0x80,0x00,
    0x00,0x00,0x00,0x01,0x00,0xFD,0xE0,0x32,0x40,0x7B,0x40,0x74,0x80,0x77,0x60,0x6A,
    0x20,0x47,0xC0,0x7E,0x40,0x46,0x40,0x7B,0xC0,0x00,0x00,0xFE,0xA0,0x32,0xA0,0x7B,
    0xE0,0x7B,0xE0,0x7F,0xE0,0x7F,0xE0,0x4A,0xA0,0x7A,0xA0,0x4A,0xA0,0x7C,0xA0,0x00,
    0x00,0x00,0x00,0xFB,0xE0,0x32,0x20,0x7B,0xE0,0x7A,0x20,0x7B,0xA0,0x5B,0x60,0x4B,
    0x60,0x7B,0xA0,0x4A,0x20,0x7A,0x60,0x00,0x00,0x49,0x00,0x2B,0xE0,0x0E,0x40,0x7B,
    0x80,0x04,0x00,0x7B,0xE0,0x3F,0xC0,0x29,0xC0,0x30,0x40,0x3F,0xC0,0x3F,0xC0,0x00,
    0x00,0x01,0x00,0xFD,0x20,0x33,0xC0,0x79,0x40,0x77,0xE0,0x75,0x80,0x6A,0x40,0x44,
    0x80,0x7B,0xE0,0x44,0x80,0x79,0x80,0x00,0x00,0x01,0x00,0xFD,0xE0,0x32,0x00,0x7F,
    0xC0,0x7A,0xC0,0x7A,0xC0,0x5F,0xE0,0x4A,0xC0,0x7A,0xC0,0x49,0x60,0x78,0xC0,0x00,
    0x00,0x00,0x80,0x7D,0x80,0x2B,0xE0,0x7E,0x80,0x6C,0x80,0x6F,0xE0,0x6C,0x00,0x45,
    0xE0,0x7D,0x20,0x45,0x20,0x7D,0xE0,0x00,0x00,0x00,0x80,0x7D,0x40,0x32,0x40,0x7B,
    0xE0,0x79,0x40,0x7F,0x30,0x69,0xC0,0x4B,0x40,0x7D,0x40,0x49,0x80,0x7E,0x60,0x00,
    0x00,0x00,0x80,0xFF,0xC0,0x32,0x20,0x7B,0xE0,0x76,0x20,0x76,0x20,0x6B,0xC0,0x46,
    0xA0,0x7E,0x40,0x46,0xC0,0x7B,0x20,0x00,0x00,0x00,0x80,0x7F,0xE0,0x30,0x00,0x7B,
    0xC0,0x77,0xE0,0x74,0x00,0x6B,0xE0,0x44,0x80,0x7B,0xE0,0x44,0x80,0x79,0x80,0x00,
    0x00,0x00,0x80,0x7C,0x80,0x33,0xE0,0x79,0x40,0x77,0x40,0x76,0xA0,0x6A,0x00,0x44,
    0x80,0x7B,0xE0,0x44,0x80,0x78,0x80,0x00,0x00,0x01,0x40,0x7D,0x40,0x33,0xE0,0x79,
    0x40,0x77,0xE0,0x74,0x00,0x6B,0xE0,0x46,0x20,0x7B,0xE0,0x46,0x20,0x7B,0xE0,0x00,
    0x00,0xFB,0xC0,0x33,0xE0,0x7A,0x20,0x7B,0xC0,0x7A,0x80,0x5B,0xE0,0x4C,0x80,0x7B,
    0xE0,0x48,0x80,0x7F,0xE0,0x00,0x00,0x00,0x80,0xFD,0xA0,0x33,0xA0,0x7A,0xC0,0x79,
    0xE0,0x7E,0x80,0x7A,0xC0,0x4B,0xA0,0x7A,0xA0,0x4E,0x80,0x7D,0xE0,0x01,0x40,0x7D,
    0x40,0x33,0xE0,0x79,0xC0,0x79,0x40,0x7A,0x20,0x6F,0xE0,0x48,0x80,0x7B,0xC0,0x48,
    0x80,0x7B,0xE0,0x7F,0xC0,0x24,0x40,0x22,0x80,0x13,0x80,0x04,0x00,0x7F,0xE0,0x0F,
    0x00,0x15,0x80,0x64,0x60,0x84,0x20,0x00,0x00,0x00,0x00,0x01,0x00,0x79,0x00,0x6F,
    0xE0,0x6D,0x20,0x75,0x20,0x7D,0x20,0x27,0xE0,0x75,0x20,0x6D,0x20,0xA7,0xE0,0x24,
    0x20,0x00,0x00,0x7F,0xC0,0x6A,0x40,0x69,0x80,0x6B,0xC0,0x7D,0x20,0x27,0xE0,0x79,
    0x00,0x6F,0xE0,0xA1,0x00,0x21,0x00,0x00,0x00,0x00,0x00,0x3F,0xC0,0x24,0x40,0x3F,
    0xC0,0x24,0x40,0x3F,0xC0,0x04,0x00,0x04,0x00,0x3F,0xC0,0x04,0x00,0x7F,0xE0,0x00,
    0x00,0x3F,0xC0,0x7F,0xE0,0x04,0x00,0x3F,0xC0,0x3F,0xC0,0x24,0x40,0x3F,0xC0,0x3F,
    0xC0,0x04,0x00,0x7F,0xE0,0x00,0x00,0x7F,0xE0,0x55,0x40,0x7D,0x80,0x54,0x80,0x7F,
    0xE0,0x10,0xA0,0x7C,0xC0,0x10,0x80,0x3C,0x80,0xC3,0x80,0x00,0x00,0x00,0x00,0x3F,
    0xC0,0x3F,0xC0,0x3F,0xC0,0x7F,0xE0,0x3F,0xC0,0x24,0x40,0x3F,0xC0,0x04,0x00,0x3F,
    0xC0,0x7F,0xE0,0x00,0x00,0x04,0x00,0x06,0x00,0x19,0x80,0x20,0x40,0xDF,0xA0,0x04,
    0x00,0x7F,0xC0,0x24,0x40,0x14,0x80,0x15,0x00,0x7F,0xE0,0x0A,0x00,0x19,0x80,0x69,
    0x60,0x06,0x00,0x39,0xC0,0xFF,0xA0,0x04,0x00,0x7F,0xC0,0x14,0x80,0x15,0x80,0x7F,
    0xE0,0x09,0x00,0x4A,0xE0,0x4B,0x00,0x4C,0x80,0x46,0x40,0x19,0x80,0xFF,0xE0,0x04,
    0x00,0x3F,0xC0,0x14,0x80,0x7F,0xE0,0x20,0x80,0x20,0x80,0x78,0x80,0x40,0x80,0xFF,
    0xE0,0x20,0x80,0x78,0x80,0x20,0x80,0x20,0x80,0x38,0x80,0x20,0x80,0x00,0x00,0x20,
    0x00,0x23,0xE0,0x78,0x80,0x40,0x80,0xF8,0x80,0x20,0x80,0x78,0x80,0x20,0x80,0x20,
    0x80,0x28,0x80,0x33,0x80,0x00,0x00,0x20,0x00,0x21,0xE0,0x7E,0x80,0xC0,0x80,0x78,
    0x80,0x27,0xE0,0x78,0x80,0x20,0x80,0x20,0x80,0x38,0x80,0x20,0x80,0x00,0x00,0x20,
    0x00,0x27,0x80,0x7C,0x40,0xC4,0x40,0x7E,0x40,0x25,0x40,0x7C,0x80,0x24,0x40,0x24,
    0x60,0x3C,0x60,0x28,0x60,0x00,0x00,0x21,0x00,0x22,0x00,0x7B,0xE0,0x42,0x20,0xFC,
    0x40,0x22,0x40,0x79,0x40,0x21,0x40,0x20,0x40,0x28,0x40,0x31,0xC0,0x00,0x00,0x20,
    0x00,0x47,0xE0,0x71,0x00,0x45,0xE0,0xF5,0x00,0x25,0x00,0x7F,0xE0,0x20,0x20,0x20,
    0x40,0x38,0x40,0x21,0xC0,0x00,0x00,0x21,0x00,0x21,0x00,0x77,0xE0,0x41,0x00,0xF5,
    0x40,0x25,0x40,0x7D,0x40,0x23,0x80,0x21,0x20,0x39,0x20,0x21,0xE0,0x00,0x00,0x21,
    0x00,0x21,0x00,0x7B,0x40,0x43,0x40,0xFD,0x20,0x25,0x20,0x79,0x40,0x20,0xC0,0x21,
    0x80,0x3B,0x00,0x2C,0x00,0x00,0x00,0x21,0x00,0x21,0x00,0x7B,0xC0,0x45,0x20,0xF5,
    0x20,0x25,0x20,0x75,0x20,0x27,0xE0,0x21,0x00,0x39,0x00,0x21,0x00,0x00,0x00,0x21,
    0x00,0x41,0x00,0x77,0xE0,0x85,0x20,0x75,0x20,0x25,0x20,0x76,0xA0,0x26,0x60,0x24,
    0x60,0x34,0x20,0x24,0xC0,0x00,0x00,0x20,0x00,0x27,0xC0,0x7C,0x40,0xC5,0x40,0x7D,
    0x40,0x25,0x40,0x7D,0x40,0x25,0x40,0x21,0x80,0x3A,0x40,0x2C,0x20,0x00,0x00,0x20,
    0x00,0x47,0xE0,0x74,0x20,0x86,0xA0,0x76,0xA0,0x25,0x20,0x75,0x20,0x26,0xA0,0x26,
    0xE0,0x34,0x20,0x24,0xC0,0x00,0x00,0x20,0x00,0x23,0xC0,0x7A,0x40,0x42,0x40,0xFB,
    0xC0,0x22,0x40,0x7A,0x40,0x23,0xC0,0x2C,0x40,0x34,0x40,0x28,0xC0,0x00,0x00,0x21,
    0x00,0x22,0x00,0x7B,0xE0,0xC4,0x20,0x7D,0x40,0x21,0x00,0x79,0x00,0x21,0x80,0x2A,
    0x80,0x3C,0x40,0x28,0x20,0x00,0x00,0x22,0x00,0x22,0x00,0x7B,0xE0,0x44,0x20,0xFA,
    0x20,0x21,0x40,0x78,0xC0,0x23,0x40,0x24,0x40,0x38,0x40,0x21,0xC0,0x00,0x00,0x21,
    0x00,0x23,0x80,0x7C,0x40,0xC4,0x40,0x7D,0xC0,0x24,0x00,0x7F,0xE0,0x20,0x20,0x27,
    0xA0,0x38,0x20,0x21,0xC0,0x22,0x00,0x22,0x00,0x7F,0xE0,0x44,0x20,0xFA,0x20,0x23,
    0x20,0x7C,0xA0,0x27,0xA0,0x24,0x60,0x28,0x20,0x31,0xC0,0x00,0x00,0x20,0x00,0x27,
    0xC0,0x7A,0x40,0x42,0x40,0xF2,0x40,0x27,0xC0,0x7A,0x40,0x22,0x40,0x22,0x40,0x3A,
    0x40,0x2F,0xE0,0x22,0x80,0x22,0x80,0x7A,0x60,0xC7,0x80,0x72,0x00,0x27,0xE0,0xF9,
    0x40,0x21,0x80,0x21,0x20,0x36,0xA0,0x20,0xC0,0x00,0x00,0x24,0x40,0x24,0x40,0x7F,
    0xE0,0x84,0x40,0x74,0x40,0x24,0x40,0x77,0xC0,0x24,0x40,0x24,0x40,0x37,0xC0,0x24,
    0x40,0x00,0x00,0x21,0x00,0x21,0x00,0x77,0xE0,0x41,0x00,0xF3,0x80,0x23,0x80,0x75,
    0x40,0x29,0x20,0x2F,0xF0,0x31,0x00,0x21,0x00,0x00,0x00,0x21,0x00,0x21,0x00,0x79,
    0xE0,0xC1,0x00,0x79,0x00,0x21,0x00,0x7E,0xC0,0x24,0x40,0x24,0x40,0x3C,0x40,0x27,
    0xC0,0x00,0x00,0x20,0x00,0x27,0xE0,0x75,0x20,0x85,0x20,0x77,0xE0,0x25,0x20,0x75,
    0x20,0x27,0xE0,0x21,0x00,0x31,0x00,0x21,0x00,0x00,0x00,0x21,0x00,0x21,0x00,0x77,
    0xE0,0xC5,0x20,0x75,0x20,0x25,0x20,0x77,0xE0,0x25,0x20,0x25,0x20,0x37,0xE0,0x24,
    0x20,0x00,0x00,0x21,0x00,0x23,0x00,0x7F,0xE0,0x45,0x00,0xF5,0x00,0x21,0x00,0x7F,
    0xE0,0x21,0x80,0x22,0x80,0x3E,0x40,0x2C,0x20,0x00,0x00,0x21,0x00,0x21,0x00,0x7F,
    0xE0,0xC4,0x20,0x7C,0x20,0x24,0x20,0x7F,0xE0,0x24,0x20,0x24,0x20,0x3F,0xE0,0x24,
    0x20,0x00,0x00,0x21,0x00,0x21,0x80,0x7A,0x80,0xC5,0x40,0x7D,0x20,0x20,0x80,0x7F,
    0xC0,0x20,0x40,0x2E,0x80,0x39,0x00,0x20,0x80,0x00,0x00,0x20,0x00,0x23,0xC0,0x7A,
    0x40,0x42,0x40,0xFC,0x60,0x24,0x00,0x7F,0xC0,0x24,0x40,0x24,0x40,0x3C,0x40,0x27,
    0xC0,0x00,0x00,0x21,0x00,0x4E,0xE0,0x7A,0xA0,0x8A,0xA0,0x7A,0xA0,0x2A,0xA0,0x7A,
    0xA0,0x2E,0xA0,0x22,0xE0,0x32,0x80,0x2C,0x80,0x00,0x00,0x20,0x00,0x47,0xE0,0x78,
    0x20,0x8B,0xA0,0x78,0x20,0x2B,0xA0,0x7A,0xA0,0x2A,0xA0,0x2B,0xA0,0x38,0x20,0x28,
    0xC0,0x00,0x00,0x20,0x00,0x27,0xC0,0x7C,0x40,0xC4,0x40,0x77,0xC0,0x20,0x00,0xF7,
    0xE0,0x24,0x20,0x24,0x20,0x37,0xE0,0x24,0x20,0x20,0x00,0x4E,0x20,0x79,0xA0,0x8D,
    0xA0,0x6D,0xA0,0x2D,0xA0,0x7D,0xA0,0x2D,0xA0,0x26,0x20,0x3B,0x20,0x51,0xC0,0x21,
    0x00,0x25,0x00,0x77,0xE0,0xC5,0x00,0x79,0x00,0x2F,0xE0,0xF2,0x80,0x22,0x80,0x2A,
    0xA0,0x34,0xA0,0x28,0xE0,0x00,0x00,0x22,0x00,0x23,0xC0,0x7C,0x40,0xCA,0x80,0x71,
    0x00,0x26,0xC0,0xF8,0x20,0x27,0xC0,0x24,0x40,0x34,0x40,0x27,0xC0,0x00,0x00,0x21,
    0x00,0x23,0xC0,0x7A,0x40,0x86,0x40,0x7A,0x80,0x21,0x00,0xF7,0xC0,0x2C,0x40,0x24,
    0x40,0x34,0x40,0x27,0xC0,0x00,0x00,0x21,0x00,0x21,0x00,0x77,0xE0,0xC2,0x80,0x72,
    0x40,0x24,0x60,0x7A,0xA0,0x22,0x80,0x21,0x00,0x3A,0xC0,0x2C,0x60,0x00,0x00,0x21,
    0x00,0x21,0x00,0x77,0xE0,0x81,0x00,0x73,0x20,0x25,0x40,0x74,0x80,0x2C,0x80,0x24,
    0x40,0x35,0x20,0x26,0x00,0x00,0x00,0x21,0x00,0x21,0x00,0x77,0xE0,0xC2,0x40,0x72,
    0x40,0x27,0xE0,0x74,0x00,0x24,0x00,0x24,0x00,0x34,0x00,0x38,0x00,0x00,0x00,0x20,
    0x00,0x27,0xC0,0x7C,0x40,0x47,0xC0,0xF4,0x40,0x27,0xC0,0x75,0x20,0x25,0x40,0x24,
    0x80,0x35,0x40,0x26,0x20,0x00,0x00,0x21,0x00,0x21,0x00,0x77,0xE0,0xC7,0xE0,0x72,
    0x00,0x2F,0xE0,0x72,0x40,0x27,0xE0,0x36,0x40,0x39,0x40,0x21,0xC0,0x00,0x00,0x21,
    0x40,0x21,0x40,0x7F,0xE0,0x41,0x00,0xF7,0xE0,0x25,0x20,0x77,0xE0,0x25,0x20,0x27,
    0xE0,0x35,0x20,0x25,0x40,0x00,0x00,0x20,0x80,0x49,0x00,0x77,0xE0,0x81,0x80,0x7E,
    0x80,0x27,0xE0,0x74,0x80,0x27,0xE0,0x24,0x80,0x3C,0x80,0x33,0xE0,0x21,0x00,0x2D,
    0x20,0x77,0x40,0x41,0x00,0xF6,0xE0,0x24,0x20,0x77,0xC0,0x24,0x20,0x27,0xC0,0x34,
    0x20,0x24,0xC0,0x00,0x00,0x21,0x00,0x2D,0x20,0x77,0x40,0xC1,0x00,0x77,0xC0,0x25,
    0x40,0x75,0x40,0x25,0x40,0x35,0xC0,0x32,0x40,0x2C,0x20,0x00,0x00,0x20,0x80,0x2E,
    0x80,0x7A,0x80,0xCB,0xE0,0x7E,0xA0,0x2A,0xA0,0x7E,0xA0,0x2A,0xA0,0x2B,0x20,0x3F,
    0x20,0x22,0xC0,0x00,0x00,0x20,0x00,0x27,0xC0,0x74,0x40,0x47,0xC0,0xF1,0x00,0x27,
    0xE0,0x79,0x20,0x29,0xA0,0x2A,0x60,0x3C,0x20,0x28,0xC0,0x00,0x00,0x20,0x00,0x27,
    0xC0,0x71,0x00,0xCF,0xE0,0x73,0x80,0x2D,0x70,0x77,0xA0,0x22,0x80,0x22,0x60,0x34,
    0x40,0x28,0xC0,0x00,0x00,0x22,0x00,0x43,0xC0,0x74,0x40,0x8B,0x80,0x7E,0xE0,0x21,
    0x00,0x77,0xC0,0x27,0xC0,0x21,0x00,0x3F,0xE0,0x21,0x00,0x00,0x00,0x21,0x00,0x21,
    0x00,0x7F,0xE0,0x42,0x40,0xF2,0x80,0x27,0xE0,0x71,0x00,0x21,0x00,0x27,0xE0,0x39,
    0x00,0x21,0x00,0x00,0x00,0x24,0x40,0x42,0x40,0x72,0x80,0x87,0xC0,0x74,0x40,0x24,
    0x40,0xF7,0xC0,0x22,0x80,0x2A,0xA0,0x34,0xA0,0x28,0xE0,0x00,0x00,0x24,0x40,0x22,
    0x80,0x77,0xC0,0x81,0x40,0x77,0xC0,0x25,0x00,0xF7,0xE0,0x29,0x20,0x23,0x20,0x35,
    0xE0,0x69,0x00,0x00,0x00,0x22,0x00,0x22,0x20,0x77,0xC0,0x42,0x40,0xFF,0xE0,0x23,
    0x00,0x77,0xC0,0x2C,0x40,0x27,0xC0,0x34,0x40,0x27,0xC0,0x00,0x00,0x24,0x80,0x22,
    0x80,0x77,0xE0,0x82,0x80,0x7F,0xE0,0x20,0x00,0x77,0xC0,0x24,0x40,0x27,0xC0,0x34,
    0x40,0x27,0xC0,0x00,0x00,0x22,0x80,0x42,0x80,0x7F,0xE0,0x82,0x80,0x77,0xC0,0x25,
    0x20,0xF5,0x20,0x27,0xC0,0x25,0x20,0x37,0xE0,0x24,0x20,0x00,0x00,0x20,0x00,0x47,
    0xC0,0x77,0xC0,0x84,0x40,0x77,0xC0,0x24,0x00,0x77,0xE0,0x2A,0xA0,0x35,0x20,0x3D,
    0x40,0x2A,0xC0,0x00,0x00,0x20,0x00,0x47,0xE0,0x7A,0xA0,0x8F,0xE0,0x72,0x00,0x23,
    0x80,0x74,0x40,0x2A,0x40,0x21,0x80,0x33,0x00,0x2C,0x00,0x00,0x00,0x20,0x00,0x2F,
    0xC0,0x71,0x00,0x8F,0xE0,0x75,0x40,0x2F,0xE0,0x75,0x40,0x25,0x40,0x2F,0xE0,0x31,
    0x00,0x2F,0xE0,0x22,0x80,0x24,0x80,0x7F,0xE0,0xC4,0x80,0x7C,0x80,0x27,0xE0,0x74,
    0x80,0x27,0xE0,0x24,0x80,0x37,0xE0,0x24,0x00,0x00,0x00,0x21,0x00,0x27,0xC0,0x74,
    0x40,0x87,0xC0,0x74,0x40,0x27,0xC0,0xF1,0x00,0x27,0xE0,0x29,0x20,0x35,0x60,0x21,
    0x00,0x00,0x00,0x20,0x80,0x4E,0x80,0x78,0xE0,0x89,0x20,0x7F,0xA0,0x2A,0x80,0xFA,
    0x80,0x2A,0xC0,0x2A,0xC0,0x3B,0x20,0x53,0x30,0x00,0x00,0x21,0x00,0x21,0x00,0x77,
    0xE0,0x44,0x20,0x77,0xE0,0x21,0x00,0x75,0x00,0x25,0xE0,0x35,0x00,0x3B,0x00,0x39,
    0xE0,0x00,0x00,0x20,0x80,0x4F,0xC0,0x74,0xA0,0x8B,0xE0,0x78,0xA0,0x27,0xC0,0xF7,
    0xE0,0x2C,0x80,0x2B,0xE0,0x3C,0x80,0x53,0xE0,0x00,0x00,0x20,0x00,0x47,0xE0,0x74,
    0x20,0x87,0xE0,0x74,0x80,0x27,0xE0,0x78,0x80,0x2B,0xC0,0x2A,0x40,0x3A,0x40,0x33,
    0xC0,0x00,0x00,0x20,0x00,0x47,0xC0,0x70,0x80,0xC1,0x00,0x7F,0xE0,0x23,0x00,0xF0,
    0x00,0x2F,0xC0,0x2A,0xC0,0x3A,0xC0,0x2F,0xE0,0x20,0x80,0x4E,0x80,0x76,0xA0,0x85,
    0xA0,0x7F,0xA0,0x25,0xC0,0xFE,0x80,0x2E,0xC0,0x35,0x40,0x35,0x20,0x46,0x20,0x00,
    0x00,0x20,0x00,0x2F,0xC0,0x79,0x40,0xCF,0x40,0x79,0x20,0x2F,0xE0,0x79,0x40,0x28,
    0xC0,0x2E,0x80,0x38,0xC0,0x2B,0x20,0x00,0x00,0x21,0x00,0x27,0xE0,0x78,0x00,0x8F,
    0xE0,0x7A,0x40,0x2B,0xC0,0x78,0x00,0x2F,0xC0,0x2A,0x40,0x39,0x80,0x56,0x60,0x00,
    0x00,0x64,0x40,0x42,0x80,0x7F,0xE0,0x81,0x00,0x7F,0xC0,0x2F,0xE0,0x70,0x00,0x2F,
    0xE0,0x21,0x00,0x32,0x80,0x7C,0x60,0x00,0x00,0x21,0x00,0x2F,0xE0,0x71,0x00,0x87,
    0xC0,0x77,0xC0,0x27,0xC0,0x74,0x40,0x27,0xC0,0x2F,0xE0,0x32,0x80,0x3C,0x60,0x00,
    0x00,0x60,0x00,0x4F,0xE0,0x77,0xC0,0x84,0x40,0x77,0xC0,0x2F,0xE0,0xF0,0x40,0x2F,
    0xA0,0x2A,0xC0,0x36,0xC0,0x7B,0x20,0x00,0x00,0x21,0x00,0x47,0xC0,0x74,0x40,0x87,
    0xC0,0x77,0xC0,0x24,0x40,0xF3,0x80,0x2F,0xE0,0x23,0x80,0x35,0x40,0x69,0x20,0x00,
    0x00,0x21,0x00,0x2F,0xE0,0x70,0x00,0x87,0xC0,0x77,0xC0,0x20,0x00,0x7F,0xE0,0x29,
    0x20,0x2A,0xA0,0x3B,0xA0,0x28,0x60,0x00,0x00,0x21,0x00,0x4D,0x60,0x72,0x80,0x82,
    0x80,0x7F,0xE0,0x21,0x00,0x7F,0xE0,0x22,0x00,0x37,0xC0,0x34,0x40,0x79,0x80,0x00,
    0x00,0x21,0x00,0x4F,0xE0,0x72,0x80,0x8F,0xE0,0x70,0x00,0x2F,0xC0,0x77,0xC0,0x2D,
    0x40,0x22,0x80,0x34,0xA0,0x2C,0xE0,0x00,0x00,0x21,0x00,0x2F,0xE0,0x73,0x00,0x8E,
    0xE0,0x77,0xC0,0x2C,0x60,0x77,0xC0,0x26,0xC0,0x25,0x40,0x35,0x40,0x2B,0x20,0x00,
    0x00,0x20,0x00,0x4F,0xE0,0x7F,0xE0,0x89,0x20,0x7F,0xE0,0x27,0xC0,0xFF,0xC0,0x29,
    0x40,0x2F,0xC0,0x39,0x40,0x6F,0xC0,0x00,0x00,0x21,0x00,0x4F,0xE0,0x7A,0x40,0x8F,
    0xE0,0x7A,0x80,0x2F,0xE0,0x7F,0xE0,0x2F,0xC0,0x2A,0x80,0x3E,0xC0,0x5A,0xA0,0x00,
    0x00,0x21,0x00,0x4F,0xE0,0x74,0xC0,0x8B,0x20,0x76,0xC0,0x2F,0xE0,0xFF,0xE0,0x2E,
    0x80,0x23,0x60,0x3C,0x80,0x67,0x60,0x00,0x00,0x10,0x00,0x10,0xC0,0x13,0x00,0x1C,
    0x00,0x10,0x00,0x7F,0xE0,0x12,0x00,0x12,0x00,0x11,0x00,0x16,0xC0,0x38,0x20,0x00,
    0x00,0x20,0x00,0x6F,0xC0,0x10,0x40,0x40,0x40,0x40,0x40,0x40,0x40,0x40,0x40,0x40,
    0x40,0x40,0x40,0x40,0x40,0x41,0xC0,0x00,0x00,0x20,0x00,0x2F,0xC0,0x50,0x40,0x44,
    0x40,0x44,0x40,0x46,0x40,0x47,0x40,0x49,0xC0,0x70,0xC0,0x40,0x40,0x40,0xC0,0x00,
    0x00,0x60,0x00,0x2F,0xC0,0x11,0x40,0x41,0x40,0x5F,0xC0,0x43,0x40,0x45,0x40,0x49,
    0x40,0x71,0x40,0x46,0x40,0x40,0xC0,0x00,0x00,0x40,0x00,0x2F,0xC0,0x10,0x40,0x40,
    0x40,0x4F,0x40,0x49,0x40,0x49,0x40,0x49,0x40,0x4F,0x40,0x40,0x40,0x40,0xC0,0x00,
    0x00,0x60,0x00,0x2F,0xC0,0x50,0x40,0x5F,0x40,0x49,0x40,0x49,0x40,0x4F,0xC0,0x40,
    0xC0,0x5E,0xC0,0x41,0x40,0x42,0xC0,0x00,0x00,0x40,0x00,0x2F,0xC0,0x10,0x40,0x5F,
    0xC0,0x44,0x40,0x44,0x40,0x5F,0x40,0x44,0x40,0x5F,0xC0,0x40,0x40,0x40,0xC0,0x00,
    0x00,0x20,0x00,0x2F,0xC0,0x54,0x40,0x44,0x40,0x5F,0xC0,0x44,0x40,0x4F,0x40,0x4D,
    0xC0,0x74,0xC0,0x44,0x40,0x40,0xC0,0x00,0x00,0x60,0x00,0x2F,0xC0,0x10,0x40,0x46,
    0x40,0x49,0x40,0x49,0x40,0x4F,0x40,0x49,0x40,0x4F,0x40,0x40,0x40,0x40,0xC0,0x00,
    0x00,0x20,0x00,0x2F,0xC0,0x14,0x40,0x44,0x40,0x4A,0x40,0x58,0xC0,0x58,0xC0,0x59,
    0xC0,0x79,0x40,0x46,0x40,0x40,0xC0,0x00,0x00,0x40,0x00,0x2F,0xC0,0x30,0x40,0x5F,
    0x40,0x54,0xC0,0x5F,0x40,0x54,0xC0,0x5F,0xC0,0x44,0x40,0x44,0x40,0x44,0xC0,0x00,
    0x00,0x40,0x00,0x2F,0xC0,0x14,0x40,0x5F,0xC0,0x44,0x40,0x5F,0x40,0x55,0x40,0x55,
    0x40,0x55,0x40,0x55,0x40,0x44,0xC0,0x00,0x00,0x40,0x00,0x2F,0xE0,0x14,0x20,0x5F,
    0x20,0x44,0x20,0x5F,0xA0,0x44,0x20,0x5F,0x20,0x44,0x20,0x5F,0xA0,0x40,0xC0,0x00,
    0x00,0x60,0x00,0x2F,0xC0,0x50,0x40,0x5F,0xC0,0x49,0x40,0x4F,0x40,0x49,0x40,0x4F,
    0x40,0x5F,0xC0,0x41,0x40,0x40,0xC0,0x00,0x00,0x40,0x00,0x2F,0xC0,0x54,0x40,0x5F,
    0x40,0x54,0xC0,0x54,0xC0,0x5F,0x40,0x45,0x40,0x47,0xC0,0x58,0xC0,0x40,0xC0,0x00,
    0x00,0x40,0x00,0x2F,0xE0,0x5B,0x20,0x4A,0xA0,0x53,0xA0,0x7E,0xA0,0x53,0xA0,0x52,
    0x20,0x5D,0xA0,0x51,0xA0,0x40,0xC0,0x00,0x00,0x40,0x00,0x2F,0xC0,0x38,0x40,0x5F,
    0x40,0x7B,0x40,0x4F,0x40,0x70,0xC0,0x4F,0x40,0x51,0x40,0x4F,0x40,0x40,0xC0,0x00,
    0x00,0x40,0x00,0x2F,0xE0,0x14,0x20,0x5F,0xA0,0x49,0x20,0x5E,0x20,0x44,0xA0,0x49,
    0x20,0x76,0x20,0x79,0xA0,0x40,0xC0,0x00,0x00,0x6F,0xE0,0x29,0x20,0x4A,0x20,0x5F,
    0x20,0x51,0x20,0x5F,0x20,0x4A,0x20,0x4A,0xA0,0x53,0xA0,0x50,0xC0,0x00,0x00,0x00,
    0x00,0x40,0x00,0x2F,0xE0,0x74,0x20,0x5F,0xA0,0x4D,0x20,0x7F,0xE0,0x5F,0xA0,0x54,
    0xA0,0x4F,0x60,0x43,0xA0,0x40,0xC0,0x00,0x00,0x40,0x00,0x2F,0xE0,0x74,0x20,0x4F,
    0x20,0x51,0x20,0x5F,0x20,0x50,0xA0,0x5F,0x20,0x50,0xA0,0x5F,0x20,0x40,0xC0,0x00,
    0x00,0x40,0x00,0x2F,0xC0,0x59,0x40,0x5F,0xC0,0x54,0xC0,0x5F,0xC0,0x54,0xC0,0x5F,
    0xC0,0x5F,0xC0,0x44,0x40,0x44,0xC0,0x00,0x00,0x40,0x00,0x2F,0xC0,0x54,0x40,0x5F,
    0xC0,0x5F,0xC0,0x5D,0xC0,0x5E,0xC0,0x5F,0xC0,0x4B,0x40,0x74,0xC0,0x44,0xC0,0x00,
    0x00,0x40,0x00,0x3F,0xE0,0x60,0x20,0x57,0xA0,0x4A,0x20,0x77,0xA0,0x52,0x20,0x57,
    0xA0,0x54,0xA0,0x77,0xA0,0x40,0xC0,0x00,0x00,0x04,0x00,0x3F,0xC0,0x20,0x40,0x3F,
    0xC0,0x20,0x00,0x3F,0xC0,0x20,0x40,0x1F,0x80,0x7F,0xE0,0x04,0x00,0x04,0x00,0x00,
    0x00,0x02,0x00,0x79,0x00,0x49,0x00,0x49,0x00,0x51,0x00,0x49,0x00,0x4A,0x80,0x4A,
    0x80,0x5C,0x40,0x44,0x40,0x58,0x20,0x00,0x00,0x77,0xC0,0x50,0x00,0x50,0x00,0x5F,
    0xE0,0x52,0x80,0x52,0x80,0x54,0x80,0x74,0xA0,0x44,0xA0,0x58,0xE0,0x00,0x00,0x01,
    0x00,0x79,0x00,0x57,0xE0,0x52,0x00,0x52,0x00,0x53,0xC0,0x4A,0x40,0x4A,0x40,0x74,
    0x40,0x44,0x40,0x49,0x80,0x00,0x00,0x7F,0xE0,0x4C,0x20,0x54,0x20,0x54,0x20,0x57,
    0xE0,0x4C,0x20,0x4C,0x20,0x7C,0x20,0x47,0xE0,0x44,0x20,0x00,0x00,0x00,0x00,0x7B,
    0xC0,0x4A,0x40,0x52,0x40,0x53,0xC0,0x52,0x40,0x4A,0x40,0x4B,0xC0,0x74,0x40,0x44,
    0x40,0x48,0xC0,0x00,0x00,0x00,0x00,0x01,0x00,0x79,0x00,0x57,0xE0,0x52,0x80,0x54,
    0x80,0x57,0xE0,0x50,0x80,0x48,0x80,0x77,0xE0,0x40,0x80,0x40,0x80,0x00,0x00,0x01,
    0x00,0x79,0x80,0x52,0x80,0x52,0x40,0x54,0x20,0x5A,0x60,0x4A,0x40,0x4A,0x40,0x72,
    0x40,0x44,0x40,0x48,0x40,0x00,0x00,0x77,0xC0,0x54,0x40,0x54,0x40,0x57,0xC0,0x54,
    0x40,0x54,0x40,0x4F,0xC0,0x74,0x40,0x44,0x40,0x4F,0xE0,0x00,0x00,0x00,0x00,0x77,
    0xE0,0x50,0x40,0x50,0x40,0x57,0x40,0x55,0x40,0x55,0x40,0x57,0x40,0x70,0x40,0x40,
    0x40,0x40,0xC0,0x00,0x00,0x00,0x00,0x01,0x00,0x71,0x00,0x57,0xE0,0x54,0x20,0x52,
    0x00,0x52,0x40,0x53,0x80,0x4A,0x00,0x72,0x20,0x42,0x20,0x43,0xC0,0x00,0x00,0x02,
    0x00,0x74,0x40,0x54,0x40,0x57,0xE0,0x6C,0x40,0x5D,0x40,0x55,0x40,0x54,0xC0,0x74,
    0x40,0x44,0x40,0x45,0xC0,0x00,0x00,0x77,0xE0,0x50,0x00,0x50,0x00,0x5F,0xE0,0x51,
    0x00,0x55,0x40,0x55,0x40,0x75,0x20,0x49,0x20,0x43,0x00,0x00,0x00,0x01,0x00,0x71,
    0x00,0x57,0xE0,0x51,0x00,0x51,0x00,0x5F,0xE0,0x51,0x00,0x55,0x20,0x55,0x20,0x65,
    0x20,0x42,0xE0,0x00,0x00,0x02,0x00,0x72,0x80,0x52,0x40,0x57,0xA0,0x53,0x20,0x55,
    0x40,0x4D,0x40,0x4D,0x80,0x75,0x20,0x4F,0x20,0x50,0xE0,0x00,0x00,0x01,0x00,0x72,
    0x00,0x57,0xE0,0x53,0x00,0x55,0x00,0x57,0xE0,0x51,0x00,0x53,0x40,0x75,0x40,0x49,
    0x20,0x4B,0x20,0x00,0x00,0x73,0xE0,0x58,0x80,0x5B,0xE0,0x6A,0xA0,0x5A,0xA0,0x5B,
    0x60,0x5A,0x20,0x7A,0xC0,0x48,0x00,0x47,0xE0,0x00,0x00,0x00,0x00,0x77,0xE0,0x51,
    0x00,0x53,0x80,0x54,0x40,0x54,0x40,0x4F,0xC0,0x4C,0x40,0x74,0x40,0x47,0xC0,0x44,
    0x40,0x00,0x00,0x00,0x00,0x02,0x00,0x73,0xC0,0x54,0x40,0x5B,0x80,0x53,0xC0,0x5D,
    0x20,0x57,0xE0,0x55,0x00,0x77,0xE0,0x41,0x00,0x41,0x00,0x00,0x00,0x77,0xC0,0x54,
    0x40,0x57,0xC0,0x54,0x40,0x57,0xC0,0x55,0x20,0x55,0x40,0x74,0x80,0x45,0x40,0x46,
    0x20,0x00,0x00,0x00,0x00,0x01,0x00,0x71,0x00,0x57,0xE0,0x55,0x20,0x55,0x40,0x53,
    0x40,0x5F,0xE0,0x51,0x00,0x72,0x80,0x46,0x40,0x48,0x20,0x00,0x00,0x04,0x80,0x74,
    0xA0,0x57,0xC0,0x54,0x80,0x55,0xA0,0x56,0xE0,0x51,0x00,0x57,0xE0,0x71,0x00,0x41,
    0x00,0x4F,0xE0,0x00,0x00,0x01,0x00,0x71,0x00,0x57,0xE0,0x51,0x00,0x5F,0xE0,0x51,
    0x00,0x55,0x00,0x55,0xE0,0x75,0x00,0x4B,0x00,0x49,0xE0,0x00,0x00,0x01,0x00,0x71,
    0x00,0x5E,0xE0,0x58,0x20,0x67,0xC0,0x50,0x00,0x57,0xE0,0x52,0x80,0x72,0x80,0x44,
    0xA0,0x48,0xE0,0x00,0x00,0x71,0x80,0x52,0xC0,0x54,0x60,0x5F,0xF0,0x51,0x00,0x57,
    0xE0,0x55,0x40,0x75,0x40,0x49,0x20,0x5B,0x20,0x00,0x00,0x00,0x00,0x77,0xC0,0x54,
    0x40,0x57,0xC0,0x50,0x00,0x57,0xC0,0x55,0x20,0x4D,0x20,0x75,0x20,0x42,0xC0,0x4C,
    0x20,0x00,0x00,0x00,0x00,0x01,0x00,0x73,0x00,0x52,0x80,0x54,0x40,0x6F,0xE0,0x51,
    0x00,0x55,0x40,0x55,0x40,0x75,0x80,0x40,0x80,0x4F,0xE0,0x00,0x00,0x01,0x00,0x71,
    0x00,0x57,0xE0,0x52,0x40,0x52,0x80,0x5F,0xE0,0x50,0x00,0x57,0xC0,0x74,0x40,0x44,
    0x40,0x47,0xC0,0x00,0x00,0x01,0x00,0x77,0xE0,0x51,0x00,0x5D,0x60,0x62,0x80,0x54,
    0x60,0x5B,0xE0,0x54,0x40,0x7A,0x80,0x43,0x80,0x4C,0x60,0x00,0x00,0x02,0x00,0x77,
    0xE0,0x54,0x20,0x5C,0x20,0x67,0xA0,0x56,0x20,0x5F,0xA0,0x56,0xA0,0x76,0xA0,0x47,
    0xA0,0x40,0xC0,0x00,0x00,0x01,0x00,0x73,0xC0,0x54,0x40,0x5C,0x80,0x53,0x00,0x54,
    0xE0,0x54,0x20,0x56,0xE0,0x74,0x20,0x44,0x20,0x47,0xE0,0x00,0x00,0x77,0xC0,0x55,
    0x40,0x57,0xC0,0x65,0x40,0x53,0x80,0x5F,0xE0,0x59,0xA0,0x79,0xA0,0x4E,0x60,0x48,
    0xC0,0x00,0x00,0x00,0x00,0x02,0x00,0x77,0xC0,0x5C,0x40,0x53,0x80,0x6E,0x60,0x57,
    0xC0,0x55,0x00,0x5B,0xC0,0x7F,0xC0,0x41,0x00,0x4F,0xE0,0x00,0x00,0x02,0x00,0x7F,
    0xE0,0x54,0x00,0x57,0xC0,0x6F,0xE0,0x50,0x00,0x57,0xC0,0x57,0xC0,0x74,0x40,0x47,
    0xC0,0x44,0xC0,0x00,0x00,0x00,0x80,0x78,0x80,0x57,0x60,0x51,0xC0,0x6B,0x20,0x55,
    0xC0,0x55,0x20,0x55,0xE0,0x75,0x40,0x4C,0x00,0x53,0xE0,0x00,0x00,0x02,0x00,0x73,
    0xC0,0x54,0x80,0x5F,0xC0,0x60,0x40,0x57,0xC0,0x56,0xC0,0x51,0x00,0x7D,0x60,0x4C,
    0xA0,0x53,0xA0,0x00,0x00,0x7F,0xE0,0x57,0xC0,0x54,0x40,0x67,0xC0,0x55,0x40,0x5A,
    0xA0,0x5A,0xA0,0x7F,0xA0,0x49,0x20,0x49,0xC0,0x00,0x00,0x00,0x00,0x04,0x40,0x72,
    0x40,0x5F,0xE0,0x50,0x00,0x62,0xC0,0x5C,0x20,0x5F,0xE0,0x56,0xC0,0x76,0xC0,0x46,
    0xC0,0x5F,0xE0,0x00,0x00,0x01,0x00,0x73,0x40,0x55,0x20,0x5F,0xE0,0x64,0x40,0x57,
    0xC0,0x54,0x40,0x57,0xC0,0x75,0x40,0x45,0x20,0x4B,0x20,0x00,0x00,0x01,0x00,0x75,
    0x60,0x52,0x80,0x5F,0xE0,0x50,0x00,0x57,0xC0,0x57,0xC0,0x56,0xC0,0x71,0x00,0x4F,
    0xE0,0x41,0x00,0x00,0x00,0x09,0x40,0x79,0x40,0x57,0xE0,0x61,0x20,0x6A,0xC0,0x65,
    0x80,0x56,0xC0,0x55,0xA0,0x76,0x80,0x4D,0x80,0x53,0xE0,0x00,0x00,0x04,0x00,0x3F,
    0xC0,0x04,0x40,0x7F,0xE0,0x04,0x40,0x3F,0xC0,0x26,0x40,0x16,0xC0,0x1D,0x80,0x64,
    0x40,0x8C,0x20,0x00,0x00,0x02,0x80,0x74,0x80,0x17,0xE0,0x54,0x80,0x5C,0x80,0x37,
    0xE0,0x24,0x80,0x37,0xE0,0x54,0x80,0x4F,0xE0,0x84,0x00,0x00,0x00,0x04,0x00,0x14,
    0x80,0x24,0xE0,0x47,0x00,0x39,0x00,0xFF,0xE0,0x22,0x00,0x3F,0xC0,0x3F,0xC0,0x22,
    0x00,0x3F,0xE0,0x00,0x00,0x3F,0xE0,0x2A,0x80,0x2B,0xE0,0x34,0x80,0x3F,0xE0,0x32,
    0x80,0x53,0xE0,0x52,0x80,0x53,0xE0,0xD2,0x00,0x00,0x00,0x00,0x00,0x12,0x80,0x12,
    0x80,0x7B,0xE0,0x24,0x80,0x34,0x80,0x5B,0xE0,0x52,0x80,0xAB,0xE0,0x2A,0x80,0x7B,
    0xE0,0x0A,0x00,0x00,0x00,0x02,0x80,0x7A,0x80,0x17,0xE0,0x54,0x80,0x5C,0x80,0x7F,
    0xE0,0x34,0x80,0x37,0xE0,0x54,0x80,0x94,0x80,0x37,0x60,0x00,0x00,0x12,0x00,0x3F,
    0xC0,0x22,0x00,0x7F,0xC0,0xBF,0xC0,0x22,0x00,0x3F,0xE0,0x7D,0xE0,0x06,0x00,0x1D,
    0x80,0xE4,0x60,0x00,0x00,0x04,0x00,0x3F,0xC0,0x20,0x20,0x3F,0xC0,0x29,0x00,0x3F,
    0xE0,0x37,0xC0,0x69,0x00,0x4F,0xC0,0x49,0x00,0x8F,0xE0,0x00,0x00,0x29,0x00,0x19,
    0x80,0x5B,0xE0,0x5E,0x80,0x5E,0x80,0x5B,0xE0,0x5A,0x80,0x5B,0xE0,0x5A,0x80,0x7E,
    0x80,0x8B,0x60,0x00,0x00,0x04,0x00,0x7F,0xE0,0x22,0x80,0x2C,0x80,0x77,0xE0,0x1C,
    0x80,0x2F,0xE0,0x77,0xE0,0x14,0x80,0x27,0xE0,0xC4,0x00,0x00,0x00,0x22,0x00,0x32,
    0x80,0x4B,0xE0,0x94,0x80,0x74,0x80,0x0B,0xE0,0x0C,0x80,0x73,0xE0,0x0C,0x80,0x0C,
    0x80,0x77,0x60,0x00,0x00,0x01,0x00,0x7D,0x40,0x55,0xE0,0x7E,0x40,0x56,0x40,0x7D,
    0xE0,0x55,0x40,0x6D,0xE0,0x6D,0x40,0x55,0x40,0x8D,0xA0,0x00,0x00,0x7F,0xE0,0x04,
    0x00,0x7F,0xC0,0x44,0x40,0x55,0x40,0x4C,0xC0,0x55,0x40,0x4C,0xC0,0x44,0x40,0x44,
    0xC0,0x3F,0xC0,0x7F,0xE0,0x44,0x20,0x5D,0xA0,0x1D,0x80,0x3F,0x80,0x00,0x40,0x3F,
    0xC0,0x00,0x40,0x3F,0xC0,0x00,0x00,0x00,0x00,0x3F,0xC0,0x7F,0xE0,0x5D,0xA0,0x19,
    0x80,0x0F,0x00,0x34,0xC0,0xFF,0x20,0x00,0x80,0x1F,0x00,0x03,0x80,0x00,0x00,0x00,
    0x00,0x3F,0xC0,0x7F,0xE0,0x44,0x20,0x5D,0xA0,0x1D,0x80,0x3F,0xC0,0x24,0x40,0x3F,
    0xC0,0x24,0x40,0x3F,0xC0,0x00,0x00,0x00,0x00,0x3F,0xC0,0x7F,0xE0,0x5D,0xA0,0x1D,
    0x80,0x3F,0xC0,0x40,0x40,0xBE,0x40,0x3F,0xC0,0x20,0x20,0x3F,0xE0,0x00,0x00,0x00,
    0x00,0x3F,0xC0,0x7F,0xE0,0x5D,0xA0,0x1D,0x80,0x1F,0xC0,0x79,0x80,0xFF,0xE0,0x3F,
    0x80,0x08,0x40,0x73,0x80,0x00,0x00,0x00,0x00,0x3F,0xC0,0x7F,0xE0,0x44,0x20,0x5D,
    0xA0,0x00,0x00,0x7F,0xE0,0x16,0x80,0x29,0x40,0x29,0x40,0x29,0xC0,0x00,0x00,0x00,
    0x00,0x3F,0xC0,0x7F,0xE0,0x5D,0xA0,0x19,0x80,0x34,0xC0,0x3F,0xC0,0x3F,0xC0,0x20,
    0x40,0x3F,0xC0,0x21,0xC0,0x00,0x00,0x00,0x00,0x3F,0xC0,0x7F,0xE0,0x5D,0xA0,0x1D,
    0x80,0x3F,0xE0,0x3F,0xC0,0x20,0x00,0x3F,0xE0,0x4B,0xC0,0xDE,0xE0,0x00,0x00,0x00,
    0x00,0x3F,0xC0,0x7F,0xE0,0x5D,0xA0,0x1D,0x80,0x3F,0xE0,0x7B,0x80,0x24,0x40,0x7F,
    0xE0,0x3E,0xE0,0x03,0x80,0x00,0x00,0x00,0x00,0x3F,0xC0,0x7F,0xE0,0x5D,0xA0,0x1D,
    0x80,0x22,0x00,0x3F,0xE0,0xFF,0xC0,0x3F,0xC0,0x22,0x00,0x3F,0xE0,0x00,0x00,0x00,
    0x00,0x3F,0xC0,0x7F,0xE0,0x5D,0xA0,0x1D,0x80,0x3B,0xC0,0x3F,0xC0,0x20,0x40,0x3F,
    0xC0,0x19,0x20,0x61,0xE0,0x00,0x00,0x00,0x00,0x3F,0xC0,0x7F,0xE0,0x5D,0xA0,0x5D,
    0xA0,0x10,0x80,0x7F,0xE0,0x11,0x80,0x3A,0xC0,0xD6,0xA0,0x10,0x80,0x00,0x00,0x00,
    0x00,0x7F,0xC0,0x7F,0xE0,0x5D,0xA0,0x1D,0x80,0x27,0xC0,0x7C,0x40,0x37,0xC0,0x6F,
    0xC0,0xA4,0x40,0x27,0xC0,0x00,0x00,0x00,0x00,0x3F,0xC0,0x7F,0xE0,0x5D,0xA0,0x1D,
    0x80,0x3B,0xC0,0x3B,0xC0,0x21,0x80,0x3A,0x40,0x39,0x80,0x26,0x60,0x00,0x00,0x00,
    0x00,0x7F,0xC0,0x7F,0xE0,0x7D,0xA0,0x3D,0x80,0x7B,0xC0,0x6E,0x40,0x17,0xE0,0x5B,
    0xC0,0x52,0x40,0xEB,0xC0,0x00,0x00,0x00,0x00,0x3F,0xC0,0x7F,0xE0,0x44,0x20,0x19,
    0x80,0x7D,0xC0,0x39,0xC0,0x7D,0x40,0x7D,0xC0,0x7A,0x40,0x16,0xC0,0x00,0x00,0x00,
    0x00,0x3F,0xC0,0x7F,0xE0,0x7D,0xA0,0x3D,0x80,0x3B,0xE0,0x49,0x40,0x77,0xE0,0x78,
    0x80,0xAB,0xE0,0x38,0x80,0x00,0x00,0x00,0x00,0x04,0x00,0x7F,0xE0,0x04,0x00,0x3F,
    0xC0,0x7F,0xE0,0x00,0x00,0x3F,0xC0,0x3F,0xC0,0x20,0x40,0x3F,0xC0,0x21,0xC0,0x00,
    0x00,0x21,0x00,0x27,0xE0,0x71,0x00,0x07,0xC0,0x5F,0xE0,0x50,0x00,0x57,0xC0,0x67,
    0xC0,0x27,0xC0,0xF4,0x40,0x04,0xC0,0x00,0x00,0x11,0x00,0x7B,0xC0,0x12,0x80,0x7F,
    0xC0,0xF9,0x40,0x37,0xE0,0x49,0x40,0x79,0x40,0x7F,0x80,0x49,0x00,0x5B,0x00,0x00,
    0x00,0x10,0x80,0x78,0x80,0x13,0x60,0x7A,0x20,0xFB,0xE0,0x00,0x80,0x7A,0x80,0x7A,
    0xE0,0x7A,0x80,0x4D,0x80,0x5C,0xE0,0x00,0x00,0x01,0x00,0x09,0x00,0x79,0xE0,0x09,
    0x00,0x09,0x00,0x79,0xC0,0x09,0x00,0x09,0x00,0x79,0xE0,0x09,0x00,0x09,0x00,0x00,
    0x00,0x22,0x00,0x3F,0xC0,0x22,0x00,0x5D,0xE0,0x3F,0xC0,0x3F,0xC0,0x0A,0x00,0x7B,
    0xE0,0x79,0xE0,0x7B,0xE0,0x0A,0x00,0x00,0x00,0x02,0x00,0x3F,0xE0,0x48,0x80,0x5F,
    0xE0,0x4D,0xC0,0x7A,0xA0,0x5D,0xE0,0x45,0x00,0x5D,0xE0,0x7D,0xE0,0x85,0x00,0x00,
    0x00,0x7F,0xE0,0x04,0x00,0x7F,0xC0,0x49,0x40,0x4F,0x40,0x49,0x40,0x4F,0x40,0x49,
    0x40,0x49,0x40,0x76,0xC0,0x00,0x00,0x00,0x00,0x11,0x00,0x7F,0xE0,0x11,0x00,0x1F,
    0x00,0x04,0x00,0x3F,0xC0,0x24,0x40,0x3F,0xC0,0x04,0x00,0x7F,0xE0,0x04,0x00,0x00,
    0x00,0x28,0x00,0x7F,0xE0,0x2A,0x00,0x3A,0x00,0x12,0x00,0x7B,0xE0,0x5A,0x40,0x32,
    0x40,0xFE,0x40,0x12,0x40,0x14,0x40,0x00,0x00,0x4A,0x80,0x7A,0x80,0x4A,0xA0,0x3A,
    0xA0,0x12,0xC0,0x7E,0x80,0x5A,0x80,0x7B,0x80,0xFA,0xA0,0x12,0xA0,0x12,0xE0,0x00,
    0x00,0x48,0x00,0x7F,0xC0,0x4A,0xA0,0x3A,0xA0,0x12,0xA0,0x7B,0xC0,0x5A,0x00,0x7A,
    0x00,0xFE,0x20,0x12,0x20,0x13,0xE0,0x00,0x00,0x50,0x80,0x7C,0x80,0x2B,0xE0,0x38,
    0x80,0x13,0xE0,0x78,0x00,0x58,0x80,0x7B,0xE0,0xFC,0x80,0x10,0x80,0x17,0xE0,0x00,
    0x00,0x48,0x80,0x7C,0x80,0x4B,0xE0,0x3B,0x20,0x11,0x00,0x7F,0xE0,0x5A,0x40,0x7A,
    0x40,0xFD,0x80,0x11,0x40,0x16,0x20,0x00,0x00,0x48,0x80,0x7E,0xA0,0x4B,0xC0,0x38,
    0x80,0x13,0x60,0x7A,0x20,0x5B,0xE0,0x7A,0x20,0xFB,0xE0,0x12,0x20,0x12,0xC0,0x00,
    0x00,0x29,0x00,0x7A,0x00,0x2B,0xE0,0x3D,0x60,0x13,0xA0,0x79,0x20,0x5F,0xE0,0x33,
    0xA0,0x7B,0x60,0x15,0x20,0x11,0xC0,0x00,0x00,0x52,0x00,0x7B,0xE0,0x54,0x80,0x35,
    0xE0,0x2D,0xA0,0x7D,0xE0,0x6D,0xA0,0x7D,0xC0,0xFD,0x80,0x24,0x80,0x27,0x60,0x00,
    0x00,0x04,0x00,0x04,0x00,0x7F,0xE0,0x04,0x00,0x3F,0xC0,0x04,0x00,0x7F,0xC0,0x04,
    0x40,0x04,0x40,0x05,0xC0,0x04,0x00,0x00,0x00,0x20,0x00,0x23,0xE0,0x79,0x20,0x23,
    0x20,0x7B,0x20,0x25,0x20,0xF9,0x20,0x29,0x40,0x2A,0x40,0x3A,0x40,0x2C,0xC0,0x00,
    0x00,0x11,0x00,0x7D,0x00,0x13,0xE0,0x79,0x00,0x4B,0xC0,0x79,0x00,0x6F,0xE0,0x11,
    0x20,0xFD,0x20,0x11,0x40,0x11,0x00,0x00,0x00,0x09,0x00,0x09,0x00,0x79,0xE0,0x09,
    0x00,0x09,0x00,0x79,0xC0,0x09,0x00,0x79,0xE0,0x09,0x00,0x09,0x00,0x7F,0xE0,0x04,
    0x00,0x7F,0xE0,0x11,0x00,0x09,0x00,0x7F,0xE0,0x00,0x00,0x3F,0xC0,0x20,0x40,0x3F,
    0xC0,0x20,0x40,0x3F,0xC0,0x00,0x00,0x11,0x00,0x55,0x00,0x2B,0xE0,0x2A,0x20,0x7D,
    0x20,0x01,0x20,0x78,0xC0,0x49,0x40,0x7A,0x40,0x48,0x40,0x78,0xC0,0x20,0x00,0x13,
    0xE0,0x69,0x20,0x29,0x20,0xFE,0xC0,0x04,0x00,0x7B,0xC0,0x4A,0x20,0x7A,0x20,0x4A,
    0x20,0x7B,0xE0,0x00,0x00,0x7F,0xE0,0x04,0x00,0x3F,0xC0,0x20,0x40,0x24,0x40,0x24,
    0x40,0x24,0x40,0x07,0x00,0x19,0xC0,0x60,0x60,0x00,0x00,0x00,0x00,0x77,0xE0,0x21,
    0x00,0x27,0xC0,0x24,0x40,0x25,0x40,0x25,0x40,0x25,0x40,0x25,0xC0,0x22,0x40,0x6C,
    0x20,0x00,0x00,0x40,0x00,0x4F,0xE0,0x41,0x00,0x77,0xC0,0x44,0x40,0x45,0x40,0x45,
    0x40,0x45,0x40,0x56,0xC0,0x66,0x40,0x58,0x20,0x00,0x00,0x77,0xE0,0x21,0x00,0x27,
    0xC0,0x24,0x40,0x25,0x40,0x25,0x40,0x25,0x40,0x75,0xC0,0x86,0x40,0x08,0x20,0x00,
    0x00,0x5B,0xE0,0x58,0x80,0x5B,0xC0,0x5A,0x20,0x5A,0xA0,0x5A,0xA0,0x5A,0xA0,0x5A,
    0xA0,0x59,0x40,0x8E,0x20,0x00,0x00,0x00,0x00,0x1F,0xE0,0x21,0x00,0x47,0xC0,0x14,
    0x40,0x25,0x40,0x45,0x40,0x55,0x40,0x15,0xC0,0x26,0x40,0xC8,0x20,0x00,0x00,0x00,
    0x00,0x7F,0xE0,0x01,0x00,0x03,0xC0,0x7A,0x20,0x32,0xA0,0x32,0xA0,0x32,0xA0,0x55,
    0xA0,0x5B,0x40,0x86,0x20,0x00,0x00,0x7F,0xE0,0x40,0x80,0x5F,0xE0,0x56,0x20,0x56,
    0xA0,0x56,0xA0,0x5A,0xA0,0x52,0xA0,0x5D,0x40,0x96,0x20,0x00,0x00,0x10,0x00,0x13,
    0xE0,0x78,0x80,0x5B,0xE0,0x5A,0x20,0x5A,0xA0,0x7A,0xA0,0x12,0xA0,0x13,0xA0,0x19,
    0x40,0x36,0x20,0x00,0x00,0x37,0xE0,0x28,0x80,0x4B,0xC0,0xC6,0x20,0x7A,0xA0,0x2A,
    0xA0,0x2A,0xA0,0x49,0x80,0x49,0x40,0x96,0x20,0x00,0x00,0x00,0x00,0x37,0xE0,0x49,
    0x00,0x4B,0xC0,0xAE,0x40,0x23,0x40,0x33,0x40,0x2B,0x40,0x49,0x80,0x7B,0x40,0x04,
    0x20,0x00,0x00,0x00,0x00,0x7F,0xE0,0x51,0x00,0x33,0xE0,0x12,0x20,0x7A,0xA0,0x2A,
    0xA0,0x2B,0x20,0x21,0x80,0x23,0x40,0x64,0x20,0x00,0x00,0x00,0x00,0x10,0x00,0x1B,
    0xE0,0x10,0x80,0x13,0xC0,0x7A,0x20,0x4A,0xA0,0x4A,0xA0,0x72,0xA0,0x41,0x80,0x43,
    0x40,0x84,0x20,0x00,0x00,0x10,0x00,0x37,0xE0,0x29,0x00,0x6B,0xE0,0x92,0x20,0x12,
    0xA0,0x7A,0xA0,0x0B,0x20,0x71,0x80,0x33,0x40,0x14,0x20,0x00,0x00,0x10,0x00,0x13,
    0xE0,0x7C,0x80,0x57,0xC0,0x52,0x20,0x7A,0xA0,0x6A,0xA0,0x5A,0xA0,0x59,0x00,0x79,
    0xC0,0xE6,0x20,0x00,0x00,0x7F,0xE0,0x11,0x00,0x33,0xC0,0x6A,0x20,0x8B,0x20,0x7B,
    0x20,0x23,0x20,0x21,0x80,0xFB,0x40,0x04,0x20,0x00,0x00,0x10,0x00,0x13,0xE0,0x7C,
    0x80,0x57,0xC0,0x5A,0x40,0x5A,0xC0,0xFE,0xC0,0x32,0xC0,0x33,0x40,0x49,0xC0,0xC6,
    0x20,0x00,0x00,0x7B,0xE0,0x50,0x80,0x53,0xC0,0x6A,0x20,0x6A,0xA0,0x6A,0xA0,0x52,
    0xA0,0x53,0xA0,0x51,0x40,0x2E,0x20,0x00,0x00,0x00,0x00,0x10,0x00,0x53,0xE0,0x58,
    0x80,0x53,0xC0,0xFE,0x20,0x12,0xA0,0x36,0xA0,0x5A,0xA0,0x4B,0xA0,0x31,0x40,0xC6,
    0x20,0x00,0x00,0x7B,0xE0,0x10,0x80,0x7B,0xC0,0x32,0x20,0x5E,0xA0,0x82,0xA0,0x3A,
    0xA0,0x49,0x00,0x4D,0xC0,0xCE,0x20,0x00,0x00,0x00,0x00,0x40,0x00,0x5B,0xE0,0x68,
    0x80,0x7B,0xC0,0x02,0x20,0x7A,0xA0,0x12,0xA0,0x7E,0xA0,0x39,0x80,0xD5,0x40,0x16,
    0x20,0x00,0x00,0x7B,0xE0,0x54,0x80,0x7B,0xE0,0x7E,0x20,0x12,0xA0,0x7E,0xA0,0x32,
    0xA0,0x3A,0xA0,0xD5,0x40,0x16,0x20,0x00,0x00,0x00,0x00,0x7B,0xE0,0x78,0x80,0x4B,
    0xC0,0x7A,0x40,0x02,0xC0,0x7E,0xC0,0x52,0x80,0x5D,0x40,0x76,0x20,0x9F,0xE0,0x00,
    0x00,0x00,0x00,0x10,0x00,0x7F,0xE0,0x28,0x80,0x2B,0xE0,0x7E,0x20,0x4A,0xA0,0x72,
    0xA0,0x4E,0xA0,0x74,0x80,0x49,0x40,0xB6,0x20,0x00,0x00,0x10,0x00,0x7F,0xE0,0x64,
    0x80,0x3B,0xE0,0xEB,0x20,0x12,0xA0,0x6E,0xA0,0xFA,0xA0,0x48,0x80,0x49,0x40,0x7E,
    0x20,0x00,0x00,0x10,0x00,0x7F,0xE0,0x10,0x80,0x7B,0xE0,0x7A,0x20,0x7E,0xA0,0x46,
    0xA0,0x7A,0xA0,0x7E,0xA0,0x29,0x40,0xC6,0x20,0x00,0x00,0x10,0x00,0x7F,0xE0,0x28,
    0x80,0x55,0xE0,0x6D,0x20,0x7D,0xA0,0x39,0xA0,0x45,0xA0,0x7C,0x80,0x01,0x40,0xFE,
    0x20,0x00,0x00,0x28,0x00,0x7D,0xE0,0x28,0x80,0x55,0xE0,0x6D,0xA0,0x7D,0xA0,0x49,
    0xA0,0xFD,0xA0,0x7D,0xA0,0x49,0x40,0x7F,0x20,0x00,0x00,0x3F,0xC0,0x20,0x40,0x39,
    0x40,0x2A,0x40,0x26,0x40,0x24,0x40,0x2E,0x40,0x49,0x60,0x51,0x60,0xC0,0x60,0x00,
    0x00,0x00,0x00,0x7F,0xC0,0x32,0x40,0x7F,0x40,0x7F,0xC0,0x02,0xC0,0x7A,0xC0,0xFF,
    0xC0,0x5B,0x60,0x5E,0x60,0xB4,0x20,0x00,0x00,0x00,0x00,0x7E,0x40,0x02,0x40,0x03,
    0x80,0x03,0x00,0x02,0xC0,0x02,0x60,0x02,0x00,0x01,0x20,0x01,0x20,0x00,0xC0,0x04,
    0x00,0x0A,0x00,0x15,0x80,0x64,0x60,0xBB,0xA0,0x3F,0x80,0x20,0x80,0x3F,0xC0,0x2C,
    0xC0,0x27,0x80,0x38,0x60,0x00,0x00,0x10,0x00,0x3F,0xC0,0x7F,0x40,0xA9,0xC0,0x7E,
    0x20,0x95,0x80,0xFF,0xE0,0x3F,0x80,0x3F,0xC0,0x2F,0x80,0x3C,0xC0,0x00,0x00,0x20,
    0x00,0x23,0x80,0x7C,0x80,0x4C,0x80,0xB4,0x80,0xA4,0x80,0x24,0x80,0x24,0x80,0x2C,
    0xA0,0x34,0xA0,0x28,0x60,0x00,0x00,0x20,0x00,0x27,0xE0,0x3C,0x00,0x4C,0x00,0x77,
    0xC0,0xA5,0x40,0x25,0x40,0x25,0x40,0x34,0x80,0x39,0x40,0x2E,0x20,0x00,0x00,0x22,
    0x00,0x22,0x00,0x7B,0xE0,0x4C,0x20,0x75,0x40,0xA5,0x00,0x21,0x00,0x21,0x80,0x2A,
    0x80,0x34,0x40,0x28,0x20,0x00,0x00,0x22,0x80,0x22,0x80,0x7A,0x60,0x4F,0x80,0xB2,
    0x00,0x2F,0xE0,0x21,0x40,0x21,0x80,0x29,0x20,0x3E,0xA0,0x20,0xC0,0x00,0x00,0x22,
    0x00,0x22,0x00,0x7F,0xE0,0x4D,0x00,0x75,0x00,0xA7,0xE0,0x25,0x20,0x25,0x20,0x2D,
    0x20,0x35,0x40,0x21,0x00,0x00,0x00,0x22,0x00,0x22,0x00,0x77,0xC0,0x54,0x40,0xBF,
    0x40,0x25,0x40,0x25,0x40,0x27,0x40,0x34,0xC0,0x34,0x20,0x67,0xE0,0x20,0x00,0x27,
    0xE0,0x38,0x20,0x57,0xA0,0x70,0x20,0xA3,0x20,0x24,0xA0,0x24,0xA0,0x2F,0x20,0x30,
    0x20,0x20,0xC0,0x00,0x00,0x20,0x00,0x27,0xE0,0x3C,0x40,0x54,0x40,0x77,0xC0,0xA4,
    0x40,0x27,0xC0,0x24,0x40,0x34,0x60,0x3F,0xC0,0x20,0x40,0x00,0x00,0x24,0x00,0x22,
    0x60,0x7F,0x80,0x52,0xC0,0xB3,0x20,0x2C,0xE0,0x2D,0x60,0x22,0x80,0x34,0x80,0x34,
    0xA0,0x68,0xE0,0x00,0x00,0x21,0x00,0x21,0x00,0x3F,0xE0,0x4A,0x80,0x74,0x40,0xA4,
    0x60,0x2A,0xA0,0x22,0x80,0x29,0x00,0x32,0xC0,0x2C,0x60,0x00,0x00,0x22,0x40,0x22,
    0x40,0x3F,0xA0,0x4A,0x40,0x72,0x40,0xA2,0x40,0x2F,0xE0,0x22,0x40,0x32,0x40,0x34,
    0x40,0x2C,0x40,0x00,0x00,0x20,0x80,0x2E,0xC0,0x34,0xA0,0x54,0x80,0x7F,0xE0,0x64,
    0xA0,0x27,0xC0,0x2C,0xC0,0x34,0xA0,0x33,0x60,0x2C,0x60,0x00,0x00,0x20,0x00,0x4F,
    0xE0,0x75,0x20,0x55,0x40,0xB5,0x40,0x22,0x00,0x2F,0xE0,0x24,0x80,0x33,0x80,0x33,
    0xC0,0x6C,0x20,0x00,0x00,0x22,0x00,0x43,0xC0,0x7C,0x40,0x5C,0x80,0xB2,0x00,0x24,
    0xE0,0x24,0x20,0x26,0xE0,0x34,0x20,0x24,0x20,0x27,0xE0,0x00,0x00,0x21,0x00,0x21,
    0x00,0x7E,0xE0,0x58,0x20,0xF7,0xC0,0x24,0x40,0x27,0xC0,0x24,0x00,0x37,0xC0,0x34,
    0x40,0x27,0xC0,0x00,0x00,0x21,0x00,0x27,0xC0,0x79,0x40,0x57,0xC0,0x51,0x00,0xAE,
    0xE0,0x27,0xC0,0x25,0x40,0x35,0x40,0x32,0x80,0x4C,0x60,0x00,0x00,0x22,0x00,0x27,
    0x80,0x7C,0x80,0x57,0xC0,0xB5,0x40,0x23,0x80,0x26,0xA0,0x28,0xC0,0x23,0xC0,0x36,
    0x00,0x21,0xC0,0x00,0x00,0x21,0x00,0x2F,0xE0,0x7A,0xA0,0x5A,0xA0,0xAD,0x60,0xA1,
    0x00,0x27,0xC0,0x25,0x20,0x37,0xC0,0x35,0x20,0x67,0xC0,0x00,0x00,0x20,0x00,0x27,
    0xC0,0x77,0xC0,0x57,0xC0,0xB5,0x40,0xAA,0xA0,0x2F,0xE0,0x2F,0xC0,0x34,0x40,0x33,
    0x80,0x3C,0xE0,0x00,0x00,0x10,0x80,0x09,0x00,0x7F,0xE0,0x04,0x00,0x3F,0xC0,0x20,
    0x40,0x3F,0xC0,0x20,0x40,0x3F,0xC0,0x20,0x40,0x3F,0xC0,0x00,0x00,0x3F,0xC0,0x04,
    0x00,0x7F,0xE0,0x0D,0x00,0x34,0xC0,0xFF,0xA0,0x20,0x80,0x3F,0x80,0x20,0x80,0x3F,
    0x80,0x00,0x00,0x00,0x00,0x3F,0x80,0x10,0x80,0x10,0x80,0x10,0x80,0x3F,0xC0,0x00,
    0x40,0x00,0x40,0x7F,0x40,0x00,0x40,0x03,0xC0,0x00,0x00,0x7F,0xE0,0x2A,0x40,0x4A,
    0x40,0x4A,0x40,0x72,0x40,0x09,0x80,0x19,0x80,0xE9,0x80,0x0A,0x40,0x3C,0x30,0x00,
    0x00,0x01,0x00,0x79,0x00,0x49,0x00,0x4F,0xE0,0x49,0x00,0x79,0x00,0x09,0x80,0x19,
    0x80,0xEA,0x40,0x0E,0x40,0x34,0x20,0x00,0x00,0x72,0xC0,0x52,0xC0,0x52,0xC0,0x52,
    0xC0,0x52,0xC0,0x2A,0xC0,0x0C,0xC0,0xFC,0xC0,0x0C,0xC0,0x3C,0x40,0x00,0x00,0x00,
    0x00,0x01,0x00,0x71,0x00,0x55,0x20,0x55,0xC0,0x57,0x40,0x55,0x40,0x2D,0xC0,0x1D,
    0x40,0xED,0x20,0x0C,0x20,0x33,0xE0,0x00,0x00,0x77,0xE0,0x54,0x60,0x55,0x40,0x54,
    0xC0,0x54,0x80,0x2C,0xC0,0x1D,0x40,0xEE,0x20,0x14,0x00,0x37,0xE0,0x00,0x40,0x7E,
    0x60,0x29,0x80,0x49,0xC0,0x56,0x20,0x7A,0x40,0x0A,0x40,0x19,0x80,0xE9,0x80,0x0B,
    0x40,0x3C,0x20,0x00,0x00,0x01,0x00,0x78,0x80,0x4B,0xE0,0x52,0x20,0x52,0x20,0x73,
    0xE0,0x0A,0x00,0x1A,0x00,0xEA,0x00,0x0C,0x00,0x34,0x00,0x00,0x00,0x01,0x00,0x71,
    0x00,0x17,0xC0,0x55,0x20,0x55,0x20,0x57,0xC0,0x29,0x00,0x1F,0x00,0xEB,0x00,0x0B,
    0x80,0x3C,0x60,0x00,0x00,0x01,0x00,0x72,0x00,0x53,0xE0,0x54,0x20,0x57,0xA0,0x74,
    0xA0,0x0C,0xA0,0x1C,0xA0,0xEB,0xA0,0x08,0x20,0x30,0xC0,0x00,0x00,0x01,0x00,0x79,
    0x00,0x4F,0xE0,0x51,0x00,0x51,0x00,0x71,0x00,0x0F,0xE0,0x19,0x00,0xE9,0x00,0x09,
    0x00,0x37,0xE0,0x01,0x00,0x78,0x80,0x4F,0xE0,0x54,0x20,0x52,0x00,0x52,0x40,0x2B,
    0x80,0x0A,0x00,0xFA,0x20,0x0A,0x20,0x33,0xC0,0x00,0x00,0x20,0x00,0x7D,0xC0,0x26,
    0x40,0x2D,0xC0,0xD0,0x00,0x3F,0x80,0x10,0x80,0x1F,0xC0,0x00,0x40,0x7F,0x40,0x01,
    0xC0,0x00,0x00,0x3B,0xC0,0x4A,0x40,0x3B,0xC0,0x3F,0x80,0x10,0x80,0x10,0x80,0x3F,
    0xC0,0x00,0x40,0x7F,0x40,0x01,0xC0,0x00,0x00,0x00,0x00,0x77,0xE0,0x51,0x00,0x51,
    0x00,0x57,0xE0,0x7A,0x80,0x0C,0x60,0x16,0xA0,0xEA,0x80,0x12,0x80,0x34,0x80,0x00,
    0x00,0x00,0x00,0x01,0x00,0x73,0xC0,0x52,0x40,0x56,0xC0,0x51,0x80,0x7A,0xE0,0x0C,
    0x20,0x2B,0xC0,0xCA,0x40,0x0A,0x40,0x33,0xC0,0x00,0x00,0x01,0x00,0x71,0x00,0x57,
    0xE0,0x52,0x40,0x52,0x80,0x57,0x80,0x29,0x60,0x0A,0x40,0xEC,0x80,0x0B,0x40,0x3C,
    0x20,0x00,0x00,0x01,0x00,0x77,0xC0,0x55,0x20,0x57,0xC0,0x55,0x20,0x72,0xC0,0x0F,
    0xE0,0x1A,0x00,0xEB,0xC0,0x08,0x40,0x31,0xC0,0x00,0x00,0x71,0x80,0x52,0x80,0x54,
    0x40,0x5B,0xF0,0x71,0x00,0x15,0x40,0x35,0x40,0xD3,0x40,0x10,0x80,0x37,0xE0,0x00,
    0x00,0x01,0x00,0x72,0x80,0x52,0x40,0x57,0xA0,0x52,0xC0,0x75,0x20,0x0B,0xC0,0x16,
    0x40,0xF9,0x80,0x13,0x80,0x3C,0x60,0x00,0x00,0x01,0x00,0x77,0xE0,0x51,0x00,0x52,
    0xC0,0x54,0x20,0x57,0xE0,0x2A,0x40,0x15,0x40,0xF5,0x40,0x17,0x40,0x30,0xC0,0x00,
    0x00,0x01,0x00,0x73,0xC0,0x54,0x20,0x57,0xE0,0x54,0x00,0x57,0xE0,0x37,0xA0,0x17,
    0xA0,0xF7,0xE0,0x1B,0xA0,0x3A,0x60,0x00,0x00,0x77,0xC0,0x55,0x40,0x53,0x80,0x56,
    0xC0,0x79,0x20,0x17,0xC0,0x35,0x40,0xD7,0xC0,0x11,0x40,0x7F,0xA0,0x00,0x00,0x00,
    0x00,0x77,0xE0,0x57,0xE0,0x55,0x20,0x57,0xE0,0x72,0x40,0x17,0xC0,0x32,0xE0,0xD5,
    0x20,0x17,0x40,0x7B,0x20,0x00,0x00,0x00,0x00,0x7F,0xE0,0x56,0xA0,0x57,0xC0,0x55,
    0x40,0x5B,0xA0,0x37,0xC0,0x13,0x20,0xFD,0xC0,0x17,0x40,0x79,0x20,0x00,0x00,0x00,
    0x00,0x3F,0xC0,0x3E,0x40,0x22,0x40,0x7F,0xE0,0x5F,0x20,0x20,0x80,0x1F,0x80,0x20,
    0x80,0x3F,0x80,0x21,0x80,0x00,0x00,0x00,0x00,0x00,0x80,0x78,0x80,0x7B,0xE0,0x59,
    0x40,0x7E,0x40,0x77,0x80,0x49,0x20,0x7A,0x40,0x4C,0x80,0x79,0x40,0x5E,0x20,0x00,
    0x00,0x00,0x80,0x77,0xE0,0x75,0x00,0x76,0xC0,0xFB,0xE0,0xAD,0xC0,0x55,0xC0,0x75,
    0xC0,0x75,0x40,0x55,0x40,0x7B,0xE0,0x00,0x00,0x04,0x00,0x7F,0xE0,0x00,0x00,0x1F,
    0x80,0x3F,0x80,0x00,0x00,0x7F,0xC0,0x4F,0x40,0x49,0x40,0x4F,0x40,0x40,0xC0,0x00,
    0x00,0x00,0x20,0x3D,0xC0,0x3C,0x60,0x63,0x80,0x3D,0xE0,0x44,0x00,0x7F,0xC0,0x5F,
    0xA0,0x7F,0xE0,0x13,0x80,0x6C,0x60,0x00,0x00,0x04,0x00,0x3F,0xC0,0x24,0x40,0x24,
    0x40,0x3F,0xC0,0x24,0x40,0x3F,0xC0,0x05,0x40,0x0F,0xC0,0x34,0x20,0x63,0xE0,0x00,
    0x00,0x10,0x40,0x3A,0x40,0x55,0x40,0x7C,0xC0,0x57,0x40,0x7D,0x40,0x11,0xE0,0x36,
    0x40,0x3E,0x60,0x50,0x60,0x8F,0xE0,0x00,0x00,0x01,0x00,0x77,0xC0,0x05,0x40,0x07,
    0xC0,0xF5,0x40,0x25,0x40,0x57,0xC0,0x53,0x40,0x53,0xC0,0x6D,0x20,0x09,0xE0,0x00,
    0x00,0x21,0x00,0x27,0xC0,0x75,0x40,0x57,0xC0,0x55,0x40,0x75,0x40,0x57,0xC0,0x51,
    0x40,0x53,0xC0,0x75,0x60,0x09,0xE0,0x00,0x00,0x01,0x00,0x7B,0x40,0x14,0xA0,0x7C,
    0xA0,0x3F,0xE0,0xD5,0x20,0x23,0xC0,0x79,0x40,0x69,0xE0,0x3A,0xA0,0xCC,0xE0,0x00,
    0x00,0x02,0x00,0x3F,0xE0,0x48,0x80,0x5F,0xE0,0x7D,0xE0,0x42,0x00,0x5F,0xC0,0x5F,
    0xC0,0x5F,0xC0,0x47,0xE0,0xBB,0xE0,0x00,0x00,0x08,0x00,0x1F,0x80,0x31,0x00,0x7F,
    0xC0,0xE4,0x40,0x3F,0xC0,0x24,0x40,0x24,0x40,0x3F,0xC0,0x00,0x00,0x7F,0xE0,0x08,
    0x00,0x1F,0x80,0x7F,0xC0,0x7F,0xC0,0x24,0x40,0x3F,0xC0,0x7F,0xE0,0x3F,0xC0,0x20,
    0x40,0x3F,0xC0,0x3F,0xC0,0x00,0x00,0x21,0x00,0x32,0x00,0x4B,0xC0,0xFC,0x20,0x5F,
    0xA0,0x7A,0xA0,0x5A,0xC0,0x5B,0xC0,0x7A,0xC0,0x0A,0x20,0xF3,0xE0,0x22,0x40,0x39,
    0x40,0x4B,0xE0,0xF8,0x80,0x58,0x80,0x7B,0xE0,0x58,0x80,0x58,0x80,0x27,0xE0,0x3C,
    0x80,0xC0,0x80,0x00,0x00,0x20,0x00,0x3B,0xC0,0x4A,0xA0,0xFB,0xC0,0x5A,0xA0,0x7A,
    0xA0,0x59,0xC0,0x58,0x80,0x23,0xE0,0x38,0x80,0x47,0xE0,0x21,0x00,0x38,0x80,0x57,
    0xE0,0xF8,0x00,0x5B,0xE0,0x7A,0x20,0x5B,0xC0,0x58,0x80,0x22,0xC0,0xFC,0xA0,0x05,
    0xA0,0x00,0x00,0x20,0x00,0x33,0xC0,0x52,0xA0,0xFB,0xC0,0x6A,0xA0,0x7B,0xE0,0x68,
    0x80,0x7E,0xA0,0x06,0xA0,0xFE,0x60,0x01,0xC0,0x54,0x80,0x35,0xE0,0x7F,0x40,0x5C,
    0xC0,0x75,0xC0,0x1E,0xA0,0x21,0x00,0x7E,0xC0,0x3F,0xC0,0x1D,0x80,0x7F,0xE0,0x21,
    0x00,0x37,0x60,0x53,0x40,0xFD,0xA0,0x6B,0x40,0x7F,0x60,0x6F,0xE0,0x6D,0xC0,0x1B,
    0xE0,0x3A,0x40,0xCC,0x40,0x00,0x00,0x04,0x00,0x3F,0x80,0x20,0x80,0x2C,0x80,0x27,
    0x80,0x20,0x00,0x3F,0xE0,0x00,0x40,0x7F,0x40,0x00,0x40,0x01,0xC0,0x00,0x00,0x01,
    0x00,0x77,0xC0,0x15,0x40,0x55,0x40,0x54,0xC0,0x34,0x00,0x37,0xE0,0x30,0x20,0x4F,
    0xA0,0x48,0x20,0x81,0xC0,0x00,0x00,0x01,0x00,0x77,0xC0,0x55,0x40,0x55,0x40,0x54,
    0xC0,0x54,0x00,0x57,0xE0,0x50,0x20,0x57,0xA0,0x20,0x40,0x01,0xC0,0x00,0x00,0x01,
    0x00,0x7B,0xC0,0x42,0x40,0x6B,0xC0,0x5A,0x40,0x52,0x80,0x5B,0xE0,0x68,0x20,0x6B,
    0xA0,0x40,0x20,0x7C,0xC0,0x00,0x00,0x01,0x00,0x7B,0xC0,0x12,0x40,0x53,0xC0,0x52,
    0x40,0x7A,0x80,0x33,0xE0,0x30,0x20,0x57,0xA0,0x90,0x20,0x31,0xC0,0x00,0x00,0x00,
    0x80,0x7B,0xC0,0x5B,0x40,0x5A,0xC0,0x7A,0x40,0x5A,0x80,0x5B,0xE0,0x78,0x20,0x17,
    0xA0,0x10,0x20,0x11,0xC0,0x00,0x00,0x04,0x00,0x3F,0xC0,0x24,0x40,0x7F,0xE0,0x1D,
    0x80,0xFF,0xE0,0x28,0x80,0x25,0x00,0x3F,0xC0,0x7F,0x40,0x01,0xC0,0x00,0x00,0x10,
    0x00,0x3F,0xC0,0x6A,0xC0,0x9A,0x20,0x65,0xC0,0xBF,0x80,0x2D,0x80,0x24,0x00,0x1B,
    0xC0,0x7F,0xC0,0x01,0xC0,0x00,0x00,0x10,0x80,0x30,0x80,0x4B,0xE0,0x7C,0x20,0x4A,
    0x00,0x52,0x40,0x79,0x80,0x0A,0x00,0xFA,0x20,0x0A,0x20,0x39,0xC0,0x00,0x00,0x11,
    0x00,0x33,0xC0,0x2F,0x40,0x4A,0xC0,0xFA,0x40,0x02,0x80,0x7B,0xE0,0x48,0x20,0x4F,
    0xA0,0x48,0x20,0x79,0xC0,0x00,0x00,0x00,0x80,0x63,0xC0,0x3F,0x40,0x4A,0xC0,0x4A,
    0x40,0x2A,0x80,0x2B,0xE0,0x2C,0x20,0x5B,0xE0,0x40,0x20,0x40,0xC0,0x00,0x00,0x00,
    0x80,0x7B,0xC0,0x4A,0x40,0x7B,0xC0,0x7A,0x40,0x4A,0x80,0x7B,0xE0,0x48,0x20,0x7B,
    0xA0,0x48,0x20,0x58,0xC0,0x00,0x00,0x10,0x80,0x7D,0xC0,0x36,0x40,0x2A,0xC0,0x7E,
    0x40,0x2E,0x80,0x3D,0xE0,0x68,0x20,0x2B,0xA0,0x3A,0x20,0x44,0xC0,0x00,0x00,0x28,
    0x80,0x2B,0xC0,0x7E,0x40,0x2B,0xC0,0xFE,0x40,0x02,0x80,0x7B,0xE0,0x48,0x20,0x7B,
    0xA0,0x48,0x20,0x78,0xC0,0x00,0x00,0x00,0x80,0x6D,0xC0,0x5B,0x20,0x5B,0xC0,0x6D,
    0x40,0x5B,0x80,0x5B,0xE0,0x7E,0x20,0x5B,0xA0,0x52,0x20,0xB4,0xC0,0x00,0x00,0x10,
    0x80,0x38,0xC0,0x55,0x20,0x75,0xA0,0x3D,0x20,0x49,0xC0,0xBD,0xE0,0x48,0x20,0x3F,
    0xE0,0x48,0x20,0x3C,0xC0,0x00,0x00,0x02,0x00,0x3F,0xE0,0x2C,0x80,0x37,0xE0,0x3C,
    0x80,0x37,0xE0,0x23,0x80,0x4E,0x40,0x4F,0xE0,0x7F,0xA0,0x80,0xC0,0x00,0x00,0x02,
    0x00,0x3F,0xE0,0x29,0x00,0x3F,0x80,0x29,0x40,0x3F,0xC0,0x20,0x00,0x51,0x60,0x5D,
    0x80,0x51,0x20,0xDF,0xE0,0x00,0x00,0x10,0x80,0x7F,0xE0,0x39,0x80,0xD6,0xE0,0x3F,
    0xE0,0x29,0x00,0x3F,0xC0,0x3F,0xC0,0x5D,0xC0,0x51,0x20,0xDD,0xE0,0x00,0x00,0x04,
    0x00,0x7F,0xC0,0x04,0x00,0x3F,0xC0,0x04,0x00,0x7F,0xE0,0x10,0x00,0x3F,0xC0,0x49,
    0x00,0x0E,0x00,0x71,0xE0,0x00,0x00,0x02,0x00,0x02,0x00,0x3D,0xE0,0x28,0x80,0x3F,
    0xE0,0x28,0x80,0x2D,0x80,0x5B,0xC0,0x7A,0xB0,0x4E,0xA0,0xC8,0x80,0x00,0x00,0x11,
    0x00,0x7F,0xE0,0x11,0x00,0x7F,0xE0,0x04,0x00,0x3F,0xC0,0x3F,0xC0,0x24,0x40,0x3F,
    0xC0,0x09,0x80,0x70,0x60,0x00,0x00,0x3F,0xC0,0x04,0x00,0x7F,0xE0,0x1D,0x80,0x66,
    0x60,0x19,0x80,0xF4,0xE0,0x0D,0x00,0x3C,0xC0,0x4C,0x20,0x00,0x00,0x00,0x00,0x01,
    0x00,0x7B,0xE0,0x7A,0xA0,0x15,0x20,0x7E,0x40,0x56,0x80,0x19,0x80,0xF2,0xE0,0x0B,
    0x00,0x3A,0xC0,0x4C,0x20,0x00,0x00,0x3F,0xC0,0x34,0xC0,0x2D,0x40,0x3F,0xC0,0x04,
    0x00,0x7F,0xC0,0x04,0x00,0x7F,0xE0,0x29,0x40,0x49,0x20,0x00,0x00,0x00,0x00,0x00,
    0x80,0x7C,0x80,0x7D,0x40,0x5D,0x40,0x7E,0xB0,0x10,0x80,0x7F,0xC0,0x7C,0x40,0x04,
    0x40,0x6C,0x80,0x6C,0x80,0x00,0x00,0x00,0x80,0x7C,0xC0,0x74,0xA0,0x7C,0x80,0x7F,
    0xE0,0x10,0x80,0x7C,0x80,0x1B,0x40,0x65,0x40,0x6E,0x20,0xDA,0x20,0x00,0x00,0x5F,
    0x40,0x5F,0x40,0x5F,0x40,0x51,0x40,0x5F,0x40,0x79,0xC0,0x0A,0x00,0x79,0xC0,0x2A,
    0x40,0x4A,0x40,0x00,0x00,0x00,0x00,0x10,0x80,0x10,0x80,0x7F,0xE0,0x7C,0x80,0x00,
    0x80,0x7B,0xE0,0x4A,0x40,0x79,0x40,0x28,0x80,0x3D,0x40,0xE6,0x20,0x00,0x00,0x04,
    0x00,0x7B,0xC0,0x40,0x40,0x7B,0xC0,0x7F,0xC0,0x44,0x80,0x5F,0x80,0x56,0x80,0x4D,
    0x80,0x4D,0x60,0x76,0x60,0x00,0x00,0x04,0x00,0x3F,0xC0,0x3F,0xC0,0x3F,0xC0,0x3F,
    0xC0,0x3F,0xC0,0x3F,0xC0,0x3F,0xC0,0x6E,0xE0,0x11,0x00,0x71,0x00,0x00,0x00,0x04,
    0x00,0x6F,0x60,0x10,0x80,0x09,0x00,0x06,0x00,0x1B,0x80,0xE0,0x60,0x10,0x80,0x10,
    0x80,0x30,0x80,0x60,0x80,0x00,0x00,0x02,0x00,0x22,0x00,0x23,0xC0,0x22,0x00,0xFF,
    0xE0,0x24,0x40,0x26,0x40,0x29,0x40,0x30,0xC0,0x20,0x40,0x3F,0xC0,0x00,0x00,0x10,
    0x80,0x51,0x80,0x5D,0x40,0x52,0xC0,0xFE,0xA0,0x58,0x80,0x5B,0xE0,0x78,0x40,0x6B,
    0x80,0x48,0x80,0x70,0x40,0x00,0x00,0x10,0x00,0x53,0xE0,0x58,0x80,0x53,0xC0,0xFA,
    0xA0,0x69,0xC0,0x6B,0xE0,0x7C,0xA0,0x7C,0xE0,0x4D,0x60,0xB4,0x60,0x00,0x00,0x09,
    0x00,0x08,0x80,0x7D,0xE0,0x0A,0x00,0x0A,0x40,0x0A,0x40,0x12,0x80,0x13,0x00,0x26,
    0x20,0x5A,0x20,0xC3,0xE0,0x00,0x00,0x09,0x00,0x7F,0xE0,0x0A,0x40,0x13,0xA0,0x2F,
    0xE0,0x51,0x00,0x7F,0xC0,0x11,0x00,0x7F,0xE0,0x09,0x00,0x70,0xE0,0x00,0x00,0x08,
    0x00,0x1F,0x80,0x21,0x00,0x7F,0xC0,0xE4,0x40,0x3F,0xC0,0x24,0x40,0x24,0x40,0x3F,
    0xE0,0x04,0x20,0x03,0xE0,0x10,0x00,0x10,0x00,0x10,0x00,0x10,0x00,0x10,0x00,0x10,
    0x00,0x00,0x00,0x30,0x00,0x00,0x00,0x00,0x00,0x04,0x80,0x09,0x00,0x1F,0x80,0x09,
    0x00,0x09,0x00,0x1F,0x80,0x12,0x00,0x12,0x00,0x00,0x00,0x39,0x80,0x29,0x00,0x2A,
    0x00,0x3A,0x80,0x05,0x40,0x09,0x40,0x09,0x40,0x11,0xC0,0x00,0x00,0x00,0x00,0x0E,
    0x00,0x0A,0x00,0x0A,0x00,0x0C,0x00,0x14,0x80,0x22,0x80,0x31,0x00,0x1E,0xC0,0x00,
    0x00,0x00,0x00,0x00,0xC0,0x00,0x80,0x01,0x00,0x01,0x00,0x01,0x00,0x01,0x00,0x01,
    0x00,0x01,0x00,0x00,0x80,0x00,0xC0,0x00,0x00,0x00,0x00,0x30,0x00,0x10,0x00,0x08,
    0x00,0x08,0x00,0x08,0x00,0x08,0x00,0x08,0x00,0x08,0x00,0x10,0x00,0x30,0x00,0x00,
    0x00,0x00,0x00,0x04,0x00,0x04,0x00,0x1F,0x80,0x04,0x00,0x04,0x00,0x00,0x00,0x00,
    0x00,0x10,0x00,0x10,0x00,0x20,0x00,0x20,0x00,0x0F,0x00,0x00,0x00,0x00,0x00,0x00,
    0x00,0x00,0x00,0x30,0x00,0x00,0x00,0x00,0x00,0x00,0xC0,0x01,0x00,0x01,0x00,0x02,
    0x00,0x02,0x00,0x04,0x00,0x04,0x00,0x08,0x00,0x10,0x00,0x30,0x00,0x00,0x00,0x00,
    0x00,0x20,0x00,0x30,0x00,0x00,0x00,0x00,0x00,0x00,0x00,0x00,0x00,0x30,0x00,0x00,
    0x00,0x10,0x00,0x30,0x00,0x00,0x00,0x00,0x00,0x00,0x00,0x10,0x00,0x10,0x00,0x20,
    0x00,0x20,0x00,0x1F,0x80,0x00,0x00,0x00,0x00,0x1F,0x80,0x00,0x00,0x00,0x00,0x78,
    0x00,0x04,0x00,0x04,0x00,0x08,0x00,0x10,0x00,0x10,0x00,0x00,0x00,0x30,0x00,0x00,
    0x00,0x00,0x00,0x1F,0x80,0x30,0x40,0x27,0x40,0x49,0x20,0x49,0x40,0x49,0x40,0x4F,
    0x80,0x20,0x00,0x1F,0x80,0x00,0x00,0x00,0x00,0x00,0x00,0x00,0x00,0x1F,0x80,0x00,
    0x80,0x01,0x00,0x01,0x00,0x01,0x00,0x01,0x00,0x01,0x00,0x01,0x00,0x01,0x00,0x01,
    0x00,0x00,0x80,0x00,0x00,0x00,0x00,0x04,0x00,0x04,0x00,0x04,0x00,0x04,0x00,0x04,
    0x00,0x04,0x00,0x04,0x00,0x04,0x00,0x04,0x00,0x04,0x00,0x04,0x00,0x04,0x00,0x10,
    0x00,0x10,0x00,0x10,0x00,0x10,0x00,0x08,0x00,0x08,0x00,0x10,0x00,0x10,0x00,0x10,
    0x00,0x10,0x00,0x00,0x00,0x00,0x00,0x08,0x80,0x17,0x80,0x00,0x00,0x00,0x00,0x00,
    0x00,0x11,0x80,0x09,0x00,0x06,0x00,0x0F,0x00,0x04,0x00,0x0F,0x00,0x04,0x00,0x04,
    0x00,0x00,0x00,
};

static const uint32_t moui_font_cn_12_codepoints[] = {
    0x0020,0x0021,0x0022,0x0023,0x0024,0x0025,0x0026,0x0027,
    0x0028,0x0029,0x002A,0x002B,0x002C,0x002D,0x002E,0x002F,
    0x0030,0x0031,0x0032,0x0033,0x0034,0x0035,0x0036,0x0037,
    0x0038,0x0039,0x003A,0x003B,0x003C,0x003D,0x003E,0x003F,
    0x0040,0x0041,0x0042,0x0043,0x0044,0x0045,0x0046,0x0047,
    0x0048,0x0049,0x004A,0x004B,0x004C,0x004D,0x004E,0x004F,
    0x0050,0x0051,0x0052,0x0053,0x0054,0x0055,0x0056,0x0057,
    0x0058,0x0059,0x005A,0x005B,0x005D,0x005E,0x005F,0x0060,
    0x0061,0x0062,0x0063,0x0064,0x0065,0x0066,0x0067,0x0068,
    0x0069,0x006A,0x006B,0x006C,0x006D,0x006E,0x006F,0x0070,
    0x0071,0x0072,0x0073,0x0074,0x0075,0x0076,0x0077,0x0078,
    0x0079,0x007A,0x007B,0x007C,0x007D,0x007E,0x00A3,0x00A5,
    0x00B0,0x00B1,0x00B7,0x00D7,0x00F7,0x2014,0x2026,0x2030,
    0x20AC,0x2103,0x2122,0x2190,0x2191,0x2192,0x2193,0x221A,
    0x221E,0x2248,0x2260,0x2264,0x2265,0x2460,0x2474,0x25A0,
    0x25A1,0x25B2,0x25B3,0x25BD,0x25C6,0x25C7,0x25CB,0x25CF,
    0x2605,0x2606,0x3000,0x3001,0x3002,0x300A,0x300B,0x300C,
    0x300D,0x300E,0x300F,0x3010,0x3011,0x4E00,0x4E01,0x4E03,
    0x4E07,0x4E08,0x4E09,0x4E0A,0x4E0B,0x4E0D,0x4E0E,0x4E11,
    0x4E13,0x4E14,0x4E16,0x4E18,0x4E19,0x4E1A,0x4E1B,0x4E1C,
    0x4E1D,0x4E22,0x4E24,0x4E25,0x4E27,0x4E2A,0x4E2B,0x4E2D,
    0x4E30,0x4E32,0x4E34,0x4E38,0x4E39,0x4E3A,0x4E3B,0x4E3D,
    0x4E3E,0x4E43,0x4E45,0x4E48,0x4E49,0x4E4B,0x4E4C,0x4E4D,
    0x4E4E,0x4E4F,0x4E50,0x4E52,0x4E53,0x4E54,0x4E56,0x4E58,
    0x4E59,0x4E5D,0x4E5E,0x4E5F,0x4E60,0x4E61,0x4E66,0x4E70,
    0x4E71,0x4E73,0x4E7E,0x4E86,0x4E88,0x4E89,0x4E8B,0x4E8C,
    0x4E8E,0x4E8F,0x4E91,0x4E92,0x4E94,0x4E95,0x4E9A,0x4E9B,
    0x4EA1,0x4EA2,0x4EA4,0x4EA5,0x4EA6,0x4EA7,0x4EA8,0x4EA9,
    0x4EAB,0x4EAC,0x4EAD,0x4EAE,0x4EB2,0x4EBA,0x4EBF,0x4EC0,
    0x4EC1,0x4EC5,0x4EC6,0x4EC7,0x4ECA,0x4ECB,0x4ECD,0x4ECE,
    0x4ED1,0x4ED3,0x4ED4,0x4ED5,0x4ED6,0x4ED7,0x4ED8,0x4ED9,
    0x4EDF,0x4EE3,0x4EE4,0x4EE5,0x4EEA,0x4EEC,0x4EF0,0x4EF2,
    0x4EF6,0x4EF7,0x4EFB,0x4EFD,0x4EFF,0x4F01,0x4F0A,0x4F0D,
    0x4F0E,0x4F0F,0x4F10,0x4F11,0x4F17,0x4F18,0x4F19,0x4F1A,
    0x4F1E,0x4F1F,0x4F20,0x4F24,0x4F26,0x4F2A,0x4F2F,0x4F30,
    0x4F34,0x4F36,0x4F38,0x4F3A,0x4F3C,0x4F43,0x4F46,0x4F4D,
    0x4F4E,0x4F4F,0x4F50,0x4F51,0x4F53,0x4F55,0x4F59,0x4F5B,
    0x4F5C,0x4F60,0x4F63,0x4F69,0x4F6C,0x4F6F,0x4F70,0x4F73,
    0x4F7F,0x4F84,0x4F88,0x4F8B,0x4F8D,0x4F97,0x4F9B,0x4F9D,
    0x4FA0,0x4FA3,0x4FA5,0x4FA6,0x4FA7,0x4FA8,0x4FA9,0x4FAE,
    0x4FAF,0x4FB5,0x4FBF,0x4FC3,0x4FC4,0x4FCA,0x4FCF,0x4FD0,
    0x4FD7,0x4FD8,0x4FDD,0x4FDE,0x4FE1,0x4FE9,0x4FED,0x4FEE,
    0x4FEF,0x4FF1,0x4FFA,0x500D,0x5012,0x5014,0x5018,0x5019,
    0x501A,0x501F,0x5021,0x5026,0x502A,0x503A,0x503C,0x503E,
    0x5047,0x504F,0x505A,0x505C,0x5065,0x5076,0x5077,0x507F,
    0x5080,0x5085,0x5088,0x508D,0x50A3,0x50A8,0x50AC,0x50B2,
    0x50BB,0x50CF,0x50DA,0x50E7,0x50F3,0x50F5,0x50FB,0x5112,
    0x5121,0x513F,0x5141,0x5143,0x5144,0x5145,0x5146,0x5148,
    0x5149,0x514B,0x514D,0x5151,0x5154,0x515A,0x515C,0x5162,
    0x5165,0x5168,0x516B,0x516C,0x516D,0x5170,0x5171,0x5173,
    0x5174,0x5175,0x5176,0x5177,0x5178,0x5179,0x517B,0x517C,
    0x517D,0x5180,0x5185,0x5188,0x5189,0x518C,0x518D,0x5192,
    0x5195,0x5197,0x5199,0x519B,0x519C,0x51A0,0x51A4,0x51AC,
    0x51AF,0x51B0,0x51B2,0x51B3,0x51B5,0x51B6,0x51B7,0x51BB,
    0x51C0,0x51C4,0x51C6,0x51C9,0x51CB,0x51CC,0x51CF,0x51D1,
    0x51DB,0x51DD,0x51E0,0x51E1,0x51E4,0x51ED,0x51EF,0x51F0,
    0x51F3,0x51F6,0x51F8,0x51F9,0x51FA,0x51FB,0x51FD,0x51FF,
    0x5200,0x5201,0x5203,0x5206,0x5207,0x520A,0x5211,0x5212,
    0x5217,0x5218,0x5219,0x521A,0x521B,0x521D,0x5220,0x5224,
    0x5228,0x5229,0x522B,0x522E,0x5230,0x5236,0x5237,0x5238,
    0x5239,0x523A,0x523B,0x523D,0x5241,0x5242,0x5243,0x524A,
    0x524D,0x5250,0x5251,0x5254,0x5256,0x5265,0x5267,0x5269,
    0x526A,0x526F,0x5272,0x527F,0x5288,0x529B,0x529D,0x529E,
    0x529F,0x52A0,0x52A1,0x52A3,0x52A8,0x52A9,0x52AA,0x52AB,
    0x52B1,0x52B2,0x52B3,0x52BF,0x52C3,0x52C7,0x52C9,0x52CB,
    0x52D2,0x52D8,0x52DF,0x52E4,0x52FA,0x52FE,0x52FF,0x5300,
    0x5305,0x5306,0x5308,0x5316,0x5317,0x5319,0x531D,0x5320,
    0x5321,0x5323,0x532A,0x5339,0x533A,0x533B,0x533F,0x5341,
    0x5343,0x5347,0x5348,0x5349,0x534A,0x534E,0x534F,0x5351,
    0x5352,0x5353,0x5355,0x5356,0x5357,0x535A,0x535C,0x535E,
    0x5360,0x5361,0x5362,0x5364,0x5367,0x536B,0x536F,0x5370,
    0x5371,0x5373,0x5374,0x5375,0x5377,0x5378,0x537F,0x5382,
    0x5384,0x5385,0x5386,0x5389,0x538B,0x538C,0x5395,0x5398,
    0x539A,0x539F,0x53A2,0x53A6,0x53A8,0x53A9,0x53BB,0x53BF,
    0x53C1,0x53C2,0x53C8,0x53C9,0x53CA,0x53CB,0x53CC,0x53CD,
    0x53D1,0x53D4,0x53D6,0x53D7,0x53D8,0x53D9,0x53DB,0x53E0,
    0x53E3,0x53E4,0x53E5,0x53E6,0x53EA,0x53EB,0x53EC,0x53ED,
    0x53EE,0x53EF,0x53F0,0x53F2,0x53F3,0x53F6,0x53F7,0x53F8,
    0x53F9,0x53FC,0x5401,0x5403,0x5404,0x5408,0x5409,0x540A,
    0x540C,0x540D,0x540E,0x540F,0x5410,0x5411,0x5413,0x5415,
    0x5417,0x541B,0x541D,0x541E,0x541F,0x5420,0x5426,0x5427,
    0x5428,0x5429,0x542B,0x542C,0x542D,0x542E,0x542F,0x5431,
    0x5434,0x5435,0x5438,0x5439,0x543B,0x543C,0x543E,0x5440,
    0x5446,0x5448,0x544A,0x5450,0x5455,0x5458,0x545B,0x545C,
    0x5462,0x5468,0x5473,0x5475,0x5478,0x547B,0x547C,0x547D,
    0x5480,0x5486,0x548B,0x548C,0x548E,0x548F,0x5490,0x5492,
    0x5495,0x5496,0x5499,0x54A8,0x54AC,0x54AF,0x54B1,0x54B3,
    0x54B8,0x54BD,0x54C0,0x54C1,0x54C4,0x54C6,0x54C7,0x54C8,
    0x54C9,0x54CD,0x54CE,0x54D1,0x54D7,0x54DF,0x54E5,0x54E6,
    0x54E8,0x54E9,0x54EA,0x54ED,0x54EE,0x54F2,0x54FA,0x54FC,
    0x5501,0x5506,0x5507,0x5509,0x5510,0x5524,0x552C,0x552E,
    0x552F,0x5531,0x553E,0x5543,0x5544,0x5546,0x554A,0x5561,
    0x5564,0x5565,0x5566,0x556A,0x556E,0x5578,0x557C,0x5580,
    0x5582,0x5584,0x5587,0x5589,0x558A,0x5598,0x559C,0x559D,
    0x55A7,0x55B3,0x55B7,0x55BB,0x55C5,0x55D3,0x55DC,0x55E1,
    0x55E3,0x55FD,0x5609,0x560E,0x5618,0x561B,0x5631,0x5632,
    0x5634,0x5636,0x563B,0x563F,0x564E,0x5668,0x566A,0x566C,
    0x5676,0x568E,0x568F,0x56A3,0x56B7,0x56BC,0x56CA,0x56DA,
    0x56DB,0x56DE,0x56E0,0x56E2,0x56E4,0x56ED,0x56F0,0x56F1,
    0x56F4,0x56FA,0x56FD,0x56FE,0x5703,0x5706,0x5708,0x571F,
    0x5723,0x5728,0x572D,0x5730,0x5733,0x573A,0x573E,0x5740,
    0x5747,0x574A,0x574D,0x574E,0x574F,0x5750,0x5751,0x5757,
    0x575A,0x575B,0x575D,0x575E,0x575F,0x5760,0x5761,0x5764,
    0x5766,0x576A,0x576F,0x5777,0x5782,0x5783,0x5784,0x578B,
    0x5792,0x579B,0x57A2,0x57A3,0x57A6,0x57AB,0x57AE,0x57C2,
    0x57C3,0x57CB,0x57CE,0x57D4,0x57DF,0x57E0,0x57F9,0x57FA,
    0x5802,0x5806,0x5811,0x5815,0x5821,0x5824,0x582A,0x5830,
    0x5835,0x584C,0x5851,0x5854,0x5858,0x585E,0x586B,0x5883,
    0x5885,0x5892,0x5893,0x5899,0x589E,0x589F,0x58A8,0x58A9,
    0x58C1,0x58D5,0x58E4,0x58EB,0x58EC,0x58EE,0x58F0,0x58F3,
    0x58F6,0x58F9,0x5904,0x5907,0x590D,0x590F,0x5915,0x5916,
    0x591A,0x591C,0x591F,0x5927,0x5929,0x592A,0x592B,0x592E,
    0x592F,0x5931,0x5934,0x5937,0x5938,0x5939,0x593A,0x5944,
    0x5947,0x5948,0x5949,0x594B,0x594E,0x594F,0x5951,0x5954,
    0x5956,0x5957,0x5960,0x5962,0x5965,0x5973,0x5974,0x5976,
    0x5978,0x5979,0x597D,0x5982,0x5984,0x5986,0x5987,0x5988,
    0x598A,0x5992,0x5993,0x5996,0x5999,0x59A5,0x59A8,0x59AE,
    0x59B9,0x59BB,0x59C6,0x59CB,0x59D0,0x59D1,0x59D3,0x59D4,
    0x59DA,0x59DC,0x59E5,0x59E8,0x59EC,0x59FB,0x59FF,0x5A01,
    0x5A03,0x5A04,0x5A07,0x5A18,0x5A1C,0x5A1F,0x5A20,0x5A25,
    0x5A29,0x5A31,0x5A36,0x5A46,0x5A49,0x5A5A,0x5A6A,0x5A74,
    0x5A76,0x5A7F,0x5A92,0x5A9A,0x5AB3,0x5AC1,0x5AC2,0x5AC9,
    0x5ACC,0x5AE1,0x5AE9,0x5B50,0x5B54,0x5B55,0x5B57,0x5B58,
    0x5B59,0x5B5C,0x5B5D,0x5B5F,0x5B63,0x5B64,0x5B66,0x5B69,
    0x5B6A,0x5B70,0x5B75,0x5B7A,0x5B7D,0x5B81,0x5B83,0x5B85,
    0x5B87,0x5B88,0x5B89,0x5B8B,0x5B8C,0x5B8F,0x5B97,0x5B98,
    0x5B99,0x5B9A,0x5B9B,0x5B9C,0x5B9D,0x5B9E,0x5BA0,0x5BA1,
    0x5BA2,0x5BA3,0x5BA4,0x5BA6,0x5BAA,0x5BAB,0x5BB0,0x5BB3,
    0x5BB4,0x5BB5,0x5BB6,0x5BB9,0x5BBD,0x5BBE,0x5BBF,0x5BC2,
    0x5BC4,0x5BC5,0x5BC6,0x5BC7,0x5BCC,0x5BD0,0x5BD2,0x5BD3,
    0x5BDD,0x5BDE,0x5BDF,0x5BE1,0x5BE5,0x5BE8,0x5BF8,0x5BF9,
    0x5BFA,0x5BFB,0x5BFC,0x5BFF,0x5C01,0x5C04,0x5C06,0x5C09,
    0x5C0A,0x5C0F,0x5C11,0x5C14,0x5C16,0x5C18,0x5C1A,0x5C1D,
    0x5C24,0x5C27,0x5C31,0x5C38,0x5C39,0x5C3A,0x5C3C,0x5C3D,
    0x5C3E,0x5C3F,0x5C40,0x5C41,0x5C42,0x5C45,0x5C48,0x5C49,
    0x5C4A,0x5C4B,0x5C4E,0x5C4F,0x5C51,0x5C55,0x5C5E,0x5C60,
    0x5C61,0x5C65,0x5C6F,0x5C71,0x5C79,0x5C7F,0x5C81,0x5C82,
    0x5C94,0x5C97,0x5C9B,0x5CA9,0x5CAD,0x5CB3,0x5CB8,0x5CBF,
    0x5CD9,0x5CE1,0x5CE6,0x5CE8,0x5CEA,0x5CED,0x5CF0,0x5CFB,
    0x5D07,0x5D0E,0x5D14,0x5D16,0x5D29,0x5D2D,0x5D4C,0x5DCD,
    0x5DDD,0x5DDE,0x5DE1,0x5DE2,0x5DE5,0x5DE6,0x5DE7,0x5DE8,
    0x5DE9,0x5DEB,0x5DEE,0x5DF1,0x5DF2,0x5DF3,0x5DF4,0x5DF7,
    0x5DFE,0x5E01,0x5E02,0x5E03,0x5E05,0x5E06,0x5E08,0x5E0C,
    0x5E10,0x5E15,0x5E16,0x5E18,0x5E1A,0x5E1B,0x5E1C,0x5E1D,
    0x5E26,0x5E27,0x5E2D,0x5E2E,0x5E38,0x5E3D,0x5E42,0x5E45,
    0x5E4C,0x5E55,0x5E62,0x5E72,0x5E73,0x5E74,0x5E76,0x5E78,
    0x5E7B,0x5E7C,0x5E7D,0x5E7F,0x5E84,0x5E86,0x5E87,0x5E8A,
    0x5E8F,0x5E90,0x5E93,0x5E94,0x5E95,0x5E97,0x5E99,0x5E9A,
    0x5E9C,0x5E9E,0x5E9F,0x5EA6,0x5EA7,0x5EAD,0x5EB6,0x5EB7,
    0x5EB8,0x5EC9,0x5ECA,0x5ED3,0x5ED6,0x5EF6,0x5EF7,0x5EFA,
    0x5F00,0x5F02,0x5F03,0x5F04,0x5F0A,0x5F0F,0x5F13,0x5F15,
    0x5F17,0x5F18,0x5F1B,0x5F1F,0x5F20,0x5F25,0x5F26,0x5F27,
    0x5F2F,0x5F31,0x5F39,0x5F3A,0x5F52,0x5F53,0x5F55,0x5F5D,
    0x5F62,0x5F64,0x5F66,0x5F69,0x5F6A,0x5F6C,0x5F6D,0x5F70,
    0x5F71,0x5F79,0x5F7B,0x5F7C,0x5F80,0x5F81,0x5F84,0x5F85,
    0x5F88,0x5F8A,0x5F8B,0x5F90,0x5F92,0x5F97,0x5F98,0x5FA1,
    0x5FAA,0x5FAE,0x5FB7,0x5FBD,0x5FC3,0x5FC5,0x5FC6,0x5FCC,
    0x5FCD,0x5FD7,0x5FD8,0x5FD9,0x5FE0,0x5FE7,0x5FEB,0x5FF1,
    0x5FF5,0x5FFB,0x5FFD,0x5FFF,0x6000,0x6001,0x6002,0x600E,
    0x6012,0x6014,0x6015,0x6016,0x601C,0x601D,0x6020,0x6025,
    0x6027,0x6028,0x602A,0x602F,0x603B,0x6043,0x604B,0x604D,
    0x6050,0x6052,0x6055,0x6062,0x6064,0x6068,0x6069,0x606B,
    0x606C,0x606D,0x606F,0x6070,0x6073,0x6076,0x607C,0x607F,
    0x6084,0x6089,0x608D,0x6094,0x609F,0x60A0,0x60A3,0x60A6,
    0x60A8,0x60AC,0x60AF,0x60B2,0x60B8,0x60BC,0x60C5,0x60CA,
    0x60CB,0x60D1,0x60D5,0x60DC,0x60DF,0x60E0,0x60E6,0x60E7,
    0x60E8,0x60E9,0x60EB,0x60ED,0x60EE,0x60EF,0x60F0,0x60F3,
    0x60F6,0x60F9,0x60FA,0x6101,0x6108,0x6109,0x610F,0x611A,
    0x611F,0x6124,0x6127,0x613F,0x6148,0x614C,0x614E,0x6151,
    0x6155,0x6162,0x6167,0x6168,0x6170,0x6177,0x618B,0x618E,
    0x61A8,0x61BE,0x61C2,0x61C8,0x61CA,0x61D2,0x61E6,0x6208,
    0x620A,0x620C,0x620D,0x620E,0x620F,0x6210,0x6211,0x6212,
    0x6216,0x6218,0x621A,0x622A,0x622E,0x6233,0x6234,0x6237,
    0x623F,0x6240,0x6241,0x6247,0x624B,0x624D,0x624E,0x6251,
    0x6252,0x6253,0x6254,0x6258,0x625B,0x6263,0x6266,0x6267,
    0x6269,0x626B,0x626C,0x626D,0x626E,0x626F,0x6270,0x6273,
    0x6276,0x6279,0x627C,0x627E,0x627F,0x6280,0x6284,0x6289,
    0x628A,0x6291,0x6292,0x6293,0x6295,0x6296,0x6297,0x6298,
    0x629A,0x629B,0x62A0,0x62A1,0x62A2,0x62A4,0x62A5,0x62A8,
    0x62AB,0x62AC,0x62B1,0x62B5,0x62B9,0x62BC,0x62BD,0x62BF,
    0x62C2,0x62C4,0x62C5,0x62C6,0x62C7,0x62C8,0x62C9,0x62CC,
    0x62CD,0x62CE,0x62D0,0x62D2,0x62D3,0x62D4,0x62D6,0x62D8,
    0x62D9,0x62DB,0x62DC,0x62DF,0x62E2,0x62E3,0x62E5,0x62E6,
    0x62E7,0x62E8,0x62E9,0x62EC,0x62ED,0x62EF,0x62F1,0x62F3,
    0x62F4,0x62F7,0x62FC,0x62FD,0x62FE,0x62FF,0x6301,0x6302,
    0x6307,0x6309,0x630E,0x6311,0x6316,0x631A,0x631B,0x631D,
    0x631E,0x631F,0x6320,0x6321,0x6323,0x6324,0x6325,0x6328,
    0x632A,0x632B,0x632F,0x633A,0x633D,0x6342,0x6345,0x6346,
    0x6349,0x634C,0x634D,0x634E,0x634F,0x6350,0x6355,0x635E,
    0x635F,0x6361,0x6362,0x6363,0x6367,0x636E,0x6376,0x6377,
    0x637B,0x6380,0x6382,0x6387,0x6388,0x6389,0x638C,0x638F,
    0x6390,0x6392,0x6396,0x6398,0x63A0,0x63A2,0x63A3,0x63A5,
    0x63A7,0x63A8,0x63A9,0x63AA,0x63B3,0x63B7,0x63B8,0x63BA,
    0x63C9,0x63CD,0x63CF,0x63D0,0x63D2,0x63D6,0x63E1,0x63E3,
    0x63E9,0x63EA,0x63ED,0x63F4,0x63FD,0x6400,0x6401,0x6402,
    0x6405,0x640F,0x6410,0x6413,0x6414,0x641C,0x641E,0x642A,
    0x642C,0x642D,0x643A,0x643D,0x6444,0x6446,0x6447,0x6448,
    0x644A,0x6454,0x6458,0x6467,0x6469,0x6478,0x6479,0x6482,
    0x6485,0x6487,0x6491,0x6492,0x6495,0x649E,0x64A4,0x64A9,
    0x64AC,0x64AD,0x64AE,0x64B0,0x64B5,0x64BC,0x64C2,0x64C5,
    0x64CD,0x64CE,0x64D2,0x64DE,0x64E6,0x6500,0x6512,0x6518,
    0x652B,0x652F,0x6536,0x6539,0x653B,0x653E,0x653F,0x6545,
    0x6548,0x654C,0x654F,0x6551,0x6556,0x6559,0x655B,0x655D,
    0x655E,0x6562,0x6563,0x6566,0x656C,0x6570,0x6572,0x6574,
    0x6577,0x6587,0x658B,0x658C,0x6591,0x6597,0x6599,0x659C,
    0x659F,0x65A1,0x65A4,0x65A5,0x65A7,0x65A9,0x65AD,0x65AF,
    0x65B0,0x65B9,0x65BD,0x65C1,0x65C5,0x65CB,0x65CF,0x65D7,
    0x65E0,0x65E2,0x65E5,0x65E6,0x65E7,0x65E8,0x65E9,0x65EC,
    0x65ED,0x65F1,0x65F6,0x65F7,0x65FA,0x6602,0x6606,0x660C,
    0x660E,0x660F,0x6613,0x6614,0x661F,0x6620,0x6625,0x6627,
    0x6628,0x662D,0x662F,0x663C,0x663E,0x6643,0x664B,0x664C,
    0x6652,0x6653,0x6655,0x665A,0x6664,0x6666,0x6668,0x666E,
    0x666F,0x6670,0x6674,0x6676,0x667A,0x667E,0x6682,0x6687,
    0x6691,0x6696,0x6697,0x66AE,0x66B4,0x66D9,0x66DD,0x66F0,
    0x66F2,0x66F3,0x66F4,0x66F9,0x66FC,0x66FE,0x66FF,0x6700,
    0x6708,0x6709,0x670B,0x670D,0x6714,0x6717,0x671B,0x671D,
    0x671F,0x6728,0x672A,0x672B,0x672C,0x672D,0x672F,0x6731,
    0x6734,0x6735,0x673A,0x673D,0x6740,0x6742,0x6743,0x6746,
    0x6749,0x674E,0x674F,0x6750,0x6751,0x6756,0x675C,0x675F,
    0x6760,0x6761,0x6765,0x6768,0x676D,0x676F,0x6770,0x677E,
    0x677F,0x6781,0x6784,0x6789,0x6790,0x6795,0x6797,0x679A,
    0x679C,0x679D,0x67A2,0x67A3,0x67AA,0x67AB,0x67AF,0x67B6,
    0x67B7,0x67C4,0x67CF,0x67D0,0x67D1,0x67D2,0x67D3,0x67D4,
    0x67DC,0x67DE,0x67E0,0x67E5,0x67EC,0x67EF,0x67F1,0x67F3,
    0x67F4,0x67FF,0x6805,0x6807,0x6808,0x680B,0x680F,0x6811,
    0x6813,0x6816,0x6817,0x6821,0x682A,0x6837,0x6838,0x6839,
    0x683C,0x683D,0x6842,0x6843,0x6845,0x6846,0x6848,0x684C,
    0x6850,0x6851,0x6853,0x6854,0x6863,0x6865,0x6868,0x6869,
    0x6876,0x6881,0x6885,0x6886,0x6897,0x68A2,0x68A6,0x68A7,
    0x68A8,0x68AD,0x68AF,0x68B0,0x68B3,0x68C0,0x68C9,0x68CB,
    0x68CD,0x68D2,0x68D5,0x68D8,0x68DA,0x68E0,0x68EE,0x68F1,
    0x68F5,0x68FA,0x6905,0x690D,0x690E,0x6912,0x692D,0x6930,
    0x693D,0x693F,0x6954,0x695A,0x695E,0x6977,0x697C,0x6982,
    0x6986,0x6994,0x699C,0x69A8,0x69B4,0x69B7,0x69D0,0x69DB,
    0x69FD,0x6A0A,0x6A1F,0x6A21,0x6A2A,0x6A31,0x6A47,0x6A59,
    0x6A61,0x6A71,0x6A80,0x6A84,0x6AAC,0x6B20,0x6B21,0x6B22,
    0x6B23,0x6B27,0x6B32,0x6B3A,0x6B3E,0x6B47,0x6B49,0x6B4C,
    0x6B62,0x6B63,0x6B64,0x6B65,0x6B66,0x6B67,0x6B6A,0x6B79,
    0x6B7B,0x6B7C,0x6B83,0x6B86,0x6B89,0x6B8A,0x6B8B,0x6B96,
    0x6BB4,0x6BB5,0x6BB7,0x6BBF,0x6BC1,0x6BC5,0x6BCB,0x6BCD,
    0x6BCF,0x6BD2,0x6BD4,0x6BD5,0x6BD6,0x6BD7,0x6BD9,0x6BDB,
    0x6BE1,0x6BEB,0x6BEF,0x6C0F,0x6C11,0x6C13,0x6C14,0x6C16,
    0x6C1B,0x6C1F,0x6C22,0x6C26,0x6C27,0x6C28,0x6C2E,0x6C2F,
    0x6C30,0x6C34,0x6C38,0x6C40,0x6C41,0x6C42,0x6C47,0x6C49,
    0x6C50,0x6C55,0x6C57,0x6C5B,0x6C5D,0x6C5E,0x6C5F,0x6C60,
    0x6C61,0x6C64,0x6C6A,0x6C70,0x6C72,0x6C79,0x6C7D,0x6C7E,
    0x6C81,0x6C82,0x6C83,0x6C88,0x6C89,0x6C8F,0x6C99,0x6C9B,
    0x6C9F,0x6CA1,0x6CA4,0x6CA5,0x6CA6,0x6CA7,0x6CAA,0x6CAB,
    0x6CAE,0x6CB3,0x6CB8,0x6CB9,0x6CBB,0x6CBC,0x6CBD,0x6CBE,
    0x6CBF,0x6CC4,0x6CC5,0x6CC9,0x6CCA,0x6CCC,0x6CD5,0x6CDB,
    0x6CDE,0x6CE1,0x6CE2,0x6CE3,0x6CE5,0x6CE8,0x6CEA,0x6CF0,
    0x6CF3,0x6CF5,0x6CFB,0x6CFC,0x6CFD,0x6D01,0x6D0B,0x6D12,
    0x6D17,0x6D1B,0x6D1E,0x6D25,0x6D2A,0x6D31,0x6D32,0x6D3B,
    0x6D3C,0x6D3D,0x6D3E,0x6D41,0x6D45,0x6D46,0x6D47,0x6D4A,
    0x6D4B,0x6D4E,0x6D51,0x6D53,0x6D59,0x6D5A,0x6D66,0x6D69,
    0x6D6A,0x6D6E,0x6D74,0x6D77,0x6D78,0x6D82,0x6D85,0x6D88,
    0x6D89,0x6D8C,0x6D8E,0x6D95,0x6D9B,0x6D9D,0x6D9F,0x6DA1,
    0x6DA3,0x6DA4,0x6DA6,0x6DA7,0x6DA8,0x6DA9,0x6DAA,0x6DAF,
    0x6DB2,0x6DB5,0x6DB8,0x6DC0,0x6DC4,0x6DC6,0x6DCB,0x6DCC,
    0x6DD1,0x6DD6,0x6DD8,0x6DE1,0x6DE4,0x6DEB,0x6DEC,0x6DEE,
    0x6DF1,0x6DF3,0x6DF7,0x6DF9,0x6DFB,0x6E05,0x6E0A,0x6E0D,
    0x6E10,0x6E14,0x6E17,0x6E1D,0x6E20,0x6E21,0x6E23,0x6E24,
    0x6E29,0x6E2D,0x6E2F,0x6E34,0x6E38,0x6E3A,0x6E43,0x6E4D,
    0x6E56,0x6E58,0x6E5B,0x6E7E,0x6E7F,0x6E83,0x6E85,0x6E89,
    0x6E90,0x6E9C,0x6EA2,0x6EAA,0x6EAF,0x6EB6,0x6EBA,0x6EC1,
    0x6EC7,0x6ECB,0x6ED1,0x6ED3,0x6ED4,0x6EDA,0x6EDE,0x6EE1,
    0x6EE4,0x6EE5,0x6EE6,0x6EE8,0x6EE9,0x6EF4,0x6F02,0x6F06,
    0x6F0F,0x6F13,0x6F14,0x6F20,0x6F2B,0x6F31,0x6F33,0x6F3E,
    0x6F4D,0x6F58,0x6F5C,0x6F5E,0x6F66,0x6F6D,0x6F6E,0x6F84,
    0x6F88,0x6F8E,0x6F9C,0x6FA1,0x6FB3,0x6FC0,0x6FD2,0x7011,
    0x704C,0x706B,0x706D,0x706F,0x7070,0x7075,0x7076,0x7078,
    0x707C,0x707E,0x707F,0x7089,0x708A,0x708E,0x7092,0x7094,
    0x7095,0x7099,0x70AC,0x70AD,0x70AE,0x70AF,0x70B3,0x70B8,
    0x70B9,0x70BC,0x70BD,0x70C1,0x70C2,0x70C3,0x70C8,0x70D8,
    0x70D9,0x70DB,0x70DF,0x70E4,0x70E6,0x70E7,0x70E9,0x70EB,
    0x70EC,0x70ED,0x70EF,0x70F7,0x70F9,0x70FD,0x7109,0x710A,
    0x7115,0x7119,0x711A,0x7126,0x7130,0x7136,0x714C,0x714E,
    0x715E,0x7164,0x7167,0x716E,0x717D,0x7184,0x718A,0x718F,
    0x7194,0x7199,0x719F,0x71AC,0x71C3,0x71CE,0x71D5,0x71E5,
    0x7206,0x722A,0x722C,0x7231,0x7235,0x7236,0x7237,0x7238,
    0x7239,0x723D,0x7247,0x7248,0x724C,0x7259,0x725B,0x725F,
    0x7261,0x7262,0x7267,0x7269,0x7272,0x7275,0x7279,0x727A,
    0x7280,0x7281,0x728A,0x72AC,0x72AF,0x72B6,0x72B9,0x72C2,
    0x72C4,0x72C8,0x72D0,0x72D7,0x72D9,0x72DE,0x72E0,0x72E1,
    0x72EC,0x72ED,0x72EE,0x72F0,0x72F1,0x72F8,0x72FC,0x730E,
    0x7316,0x731B,0x731C,0x7329,0x732A,0x732B,0x732E,0x7334,
    0x733E,0x733F,0x736D,0x7384,0x7387,0x7389,0x738B,0x7396,
    0x739B,0x73A9,0x73AB,0x73AF,0x73B0,0x73B2,0x73BB,0x73CA,
    0x73CD,0x73D0,0x73E0,0x73ED,0x7403,0x7405,0x7406,0x7409,
    0x7410,0x7422,0x7433,0x7434,0x7435,0x7436,0x743C,0x745A,
    0x745E,0x745F,0x7470,0x7476,0x7483,0x74DC,0x74E2,0x74E3,
    0x74E4,0x74E6,0x74EE,0x74F6,0x74F7,0x7504,0x7518,0x751A,
    0x751C,0x751F,0x7525,0x7528,0x7529,0x752B,0x752D,0x7530,
    0x7531,0x7532,0x7533,0x7535,0x7537,0x7538,0x753B,0x7545,
    0x754C,0x754F,0x7554,0x7559,0x755C,0x7565,0x7566,0x756A,
    0x7574,0x7578,0x7586,0x758F,0x7591,0x7597,0x7599,0x759A,
    0x759F,0x75A1,0x75A4,0x75A5,0x75AB,0x75AE,0x75AF,0x75B2,
    0x75B5,0x75B9,0x75BC,0x75BD,0x75BE,0x75C5,0x75C7,0x75C8,
    0x75C9,0x75CA,0x75D2,0x75D4,0x75D5,0x75D8,0x75DB,0x75DE,
    0x75E2,0x75EA,0x75F0,0x75F4,0x75F9,0x7601,0x761F,0x7624,
    0x7626,0x7629,0x762A,0x762B,0x7634,0x7638,0x764C,0x7663,
    0x7678,0x767B,0x767D,0x767E,0x7682,0x7684,0x7686,0x7687,
    0x768B,0x7691,0x7696,0x76AE,0x76B1,0x76BF,0x76C2,0x76C5,
    0x76C6,0x76C8,0x76CA,0x76CE,0x76CF,0x76D0,0x76D1,0x76D2,
    0x76D4,0x76D6,0x76D7,0x76D8,0x76DB,0x76DF,0x76EE,0x76EF,
    0x76F2,0x76F4,0x76F8,0x76FC,0x76FE,0x7701,0x7709,0x770B,
    0x771F,0x7720,0x7728,0x7729,0x772F,0x7736,0x7737,0x773A,
    0x773C,0x7740,0x7741,0x775B,0x7761,0x7763,0x7766,0x776B,
    0x776C,0x7779,0x7784,0x7785,0x778E,0x7792,0x77A5,0x77A7,
    0x77A9,0x77AA,0x77AC,0x77B3,0x77BB,0x77D7,0x77DB,0x77E2,
    0x77E3,0x77E5,0x77E9,0x77EB,0x77ED,0x77EE,0x77F3,0x77FD,
    0x77FE,0x77FF,0x7801,0x7802,0x780C,0x780D,0x7812,0x7814,
    0x7816,0x781A,0x7827,0x7830,0x7834,0x7837,0x7838,0x783E,
    0x7840,0x7845,0x7852,0x7855,0x785D,0x786B,0x786C,0x786E,
    0x7877,0x787C,0x7889,0x788C,0x788D,0x788E,0x7891,0x7897,
    0x7898,0x789F,0x78A7,0x78B0,0x78B1,0x78B3,0x78B4,0x78BE,
    0x78C1,0x78C5,0x78CA,0x78CB,0x78D0,0x78D5,0x78E8,0x78F7,
    0x78FA,0x7901,0x793A,0x793C,0x793E,0x7941,0x7948,0x7956,
    0x795D,0x795E,0x795F,0x7965,0x7968,0x796D,0x7977,0x7978,
    0x7981,0x7984,0x798F,0x79B9,0x79BB,0x79BD,0x79BE,0x79C0,
    0x79C1,0x79C3,0x79C6,0x79C9,0x79CB,0x79CD,0x79D1,0x79D2,
    0x79D8,0x79DF,0x79E4,0x79E6,0x79E7,0x79E9,0x79EF,0x79F0,
    0x79F8,0x79FB,0x79FD,0x7A00,0x7A0B,0x7A0D,0x7A0E,0x7A17,
    0x7A1A,0x7A20,0x7A33,0x7A3B,0x7A3C,0x7A3D,0x7A3F,0x7A46,
    0x7A57,0x7A74,0x7A76,0x7A77,0x7A7A,0x7A7F,0x7A81,0x7A83,
    0x7A84,0x7A8D,0x7A91,0x7A92,0x7A96,0x7A97,0x7A98,0x7A9C,
    0x7A9D,0x7A9F,0x7AA5,0x7ABF,0x7ACB,0x7AD6,0x7AD9,0x7ADE,
    0x7ADF,0x7AE0,0x7AE3,0x7AE5,0x7AED,0x7AEF,0x7AF9,0x7AFF,
    0x7B06,0x7B0B,0x7B11,0x7B14,0x7B1B,0x7B26,0x7B28,0x7B2C,
    0x7B3A,0x7B3C,0x7B49,0x7B4B,0x7B4F,0x7B50,0x7B51,0x7B52,
    0x7B54,0x7B56,0x7B5B,0x7B77,0x7B79,0x7B7E,0x7B80,0x7B8D,
    0x7B94,0x7B95,0x7B97,0x7BA1,0x7BA9,0x7BAD,0x7BB1,0x7BC6,
    0x7BC7,0x7BD3,0x7BD9,0x7BE1,0x7BEE,0x7BF1,0x7BF7,0x7C07,
    0x7C27,0x7C3F,0x7C4D,0x7C73,0x7C7B,0x7C7D,0x7C89,0x7C92,
    0x7C95,0x7C97,0x7C98,0x7C9F,0x7CA4,0x7CA5,0x7CAA,0x7CAE,
    0x7CB1,0x7CB3,0x7CB9,0x7CBE,0x7CCA,0x7CD5,0x7CD6,0x7CD9,
    0x7CDC,0x7CDF,0x7CE0,0x7CEF,0x7CFB,0x7D0A,0x7D20,0x7D22,
    0x7D27,0x7D2B,0x7D2F,0x7D6E,0x7E41,0x7E82,0x7EA0,0x7EA2,
    0x7EA4,0x7EA6,0x7EA7,0x7EAA,0x7EAB,0x7EAC,0x7EAF,0x7EB1,
    0x7EB2,0x7EB3,0x7EB5,0x7EB6,0x7EB7,0x7EB8,0x7EB9,0x7EBA,
    0x7EBD,0x7EBF,0x7EC3,0x7EC4,0x7EC5,0x7EC6,0x7EC7,0x7EC8,
    0x7ECA,0x7ECD,0x7ECE,0x7ECF,0x7ED1,0x7ED2,0x7ED3,0x7ED5,
    0x7ED8,0x7ED9,0x7EDA,0x7EDC,0x7EDD,0x7EDE,0x7EDF,0x7EE2,
    0x7EE3,0x7EE5,0x7EE6,0x7EE7,0x7EE9,0x7EEA,0x7EED,0x7EF0,
    0x7EF3,0x7EF4,0x7EF5,0x7EF7,0x7EF8,0x7EFC,0x7EFD,0x7EFF,
    0x7F00,0x7F04,0x7F05,0x7F06,0x7F09,0x7F0E,0x7F13,0x7F14,
    0x7F15,0x7F16,0x7F18,0x7F1A,0x7F1D,0x7F20,0x7F28,0x7F29,
    0x7F2E,0x7F34,0x7F38,0x7F3A,0x7F50,0x7F51,0x7F55,0x7F57,
    0x7F5A,0x7F62,0x7F69,0x7F6A,0x7F6E,0x7F72,0x7F8A,0x7F8C,
    0x7F8E,0x7F94,0x7F9A,0x7F9E,0x7FA1,0x7FA4,0x7FB9,0x7FBD,
    0x7FC1,0x7FC5,0x7FCC,0x7FD4,0x7FD8,0x7FDF,0x7FE0,0x7FF0,
    0x7FF1,0x7FFB,0x7FFC,0x8000,0x8001,0x8003,0x8005,0x800C,
    0x800D,0x8010,0x8015,0x8017,0x8018,0x8019,0x802A,0x8033,
    0x8036,0x8038,0x803B,0x803D,0x803F,0x8042,0x804A,0x804B,
    0x804C,0x8054,0x8058,0x805A,0x806A,0x8083,0x8084,0x8086,
    0x8087,0x8089,0x808B,0x808C,0x8096,0x8098,0x809A,0x809B,
    0x809D,0x80A0,0x80A1,0x80A2,0x80A4,0x80A5,0x80A9,0x80AA,
    0x80AE,0x80AF,0x80B2,0x80BA,0x80BE,0x80BF,0x80C0,0x80C1,
    0x80C3,0x80C6,0x80CC,0x80CE,0x80D6,0x80DA,0x80DC,0x80DE,
    0x80E1,0x80EF,0x80F0,0x80F3,0x80F6,0x80F8,0x80FA,0x80FD,
    0x8102,0x8106,0x8109,0x810A,0x810F,0x8110,0x8111,0x8113,
    0x8116,0x811A,0x812F,0x8131,0x8138,0x813E,0x8146,0x814A,
    0x814B,0x8150,0x8151,0x8154,0x8155,0x8165,0x816E,0x8170,
    0x8179,0x817A,0x817B,0x817E,0x817F,0x8180,0x818A,0x818F,
    0x8198,0x819B,0x819C,0x819D,0x81A8,0x81B3,0x81C0,0x81C2,
    0x81C3,0x81C6,0x81E3,0x81EA,0x81ED,0x81F3,0x81F4,0x81FB,
    0x81FC,0x8200,0x8205,0x8206,0x820C,0x820D,0x8212,0x8214,
    0x821C,0x821E,0x821F,0x822A,0x822C,0x8230,0x8231,0x8235,
    0x8236,0x8237,0x8239,0x8247,0x8258,0x826F,0x8270,0x8272,
    0x8273,0x827A,0x827E,0x8282,0x828B,0x828D,0x8292,0x829C,
    0x829D,0x82A5,0x82A6,0x82AC,0x82AD,0x82AF,0x82B1,0x82B3,
    0x82B9,0x82BD,0x82C7,0x82CD,0x82CF,0x82D1,0x82D4,0x82D7,
    0x82DB,0x82DE,0x82DF,0x82E5,0x82E6,0x82EB,0x82EF,0x82F1,
    0x82F9,0x8301,0x8302,0x8303,0x8304,0x8305,0x830E,0x8327,
    0x8328,0x832B,0x832C,0x8335,0x8336,0x8338,0x8339,0x8346,
    0x8349,0x8350,0x8352,0x8354,0x835A,0x8361,0x8363,0x8364,
    0x8367,0x836B,0x836F,0x8377,0x8386,0x8389,0x838E,0x83AB,
    0x83B1,0x83B2,0x83B7,0x83B9,0x83BD,0x83C7,0x83CA,0x83CC,
    0x83CF,0x83DC,0x83E0,0x83E9,0x83F1,0x83F2,0x8404,0x840C,
    0x840D,0x840E,0x841D,0x8424,0x8425,0x8427,0x8428,0x843D,
    0x8457,0x845B,0x8461,0x8463,0x846B,0x846C,0x8471,0x8475,
    0x8482,0x848B,0x8499,0x849C,0x84B2,0x84B8,0x84C4,0x84C9,
    0x84D1,0x84D6,0x84DD,0x84DF,0x84EC,0x8511,0x8513,0x8517,
    0x851A,0x8521,0x852B,0x852C,0x8537,0x853C,0x853D,0x8549,
    0x854A,0x8574,0x857E,0x8584,0x859B,0x85AA,0x85AF,0x85C9,
    0x85CF,0x85D0,0x85D5,0x85E4,0x85E9,0x85FB,0x8611,0x8638,
    0x864E,0x864F,0x8650,0x8651,0x865A,0x865E,0x866B,0x8671,
    0x8679,0x867D,0x867E,0x8680,0x8681,0x8682,0x868A,0x868C,
    0x8695,0x869C,0x86A4,0x86C0,0x86C6,0x86C7,0x86CA,0x86CB,
    0x86D4,0x86D9,0x86DB,0x86E4,0x86EE,0x86F0,0x86F9,0x86FE,
    0x8700,0x8702,0x8712,0x8715,0x8717,0x8718,0x871C,0x8721,
    0x8747,0x8749,0x874E,0x8757,0x8774,0x8776,0x878D,0x879F,
    0x87BA,0x87F9,0x8815,0x8822,0x8840,0x8845,0x884C,0x884D,
    0x8854,0x8857,0x8859,0x8861,0x8863,0x8865,0x8868,0x886B,
    0x886C,0x8870,0x8877,0x8881,0x8884,0x888B,0x888D,0x8892,
    0x8896,0x889C,0x88AB,0x88AD,0x88B1,0x88C1,0x88C2,0x88C5,
    0x88D4,0x88D5,0x88D9,0x88E4,0x88F3,0x88F4,0x88F8,0x88F9,
    0x8902,0x8910,0x8912,0x8925,0x892A,0x8944,0x895F,0x897F,
    0x8981,0x8986,0x89C1,0x89C2,0x89C4,0x89C5,0x89C6,0x89C8,
    0x89C9,0x89D2,0x89E3,0x89E6,0x8A00,0x8A79,0x8A89,0x8A8A,
    0x8A93,0x8B66,0x8B6C,0x8BA1,0x8BA2,0x8BA3,0x8BA4,0x8BA5,
    0x8BA8,0x8BA9,0x8BAB,0x8BAD,0x8BAE,0x8BAF,0x8BB0,0x8BB2,
    0x8BB3,0x8BB6,0x8BB8,0x8BB9,0x8BBA,0x8BBC,0x8BBD,0x8BBE,
    0x8BBF,0x8BC0,0x8BC1,0x8BC4,0x8BC5,0x8BC6,0x8BC8,0x8BC9,
    0x8BCA,0x8BCC,0x8BCD,0x8BD1,0x8BD5,0x8BD7,0x8BDA,0x8BDB,
    0x8BDD,0x8BDE,0x8BE1,0x8BE2,0x8BE3,0x8BE5,0x8BE6,0x8BE7,
    0x8BEB,0x8BEC,0x8BED,0x8BEF,0x8BF1,0x8BF2,0x8BF4,0x8BF5,
    0x8BF7,0x8BF8,0x8BFA,0x8BFB,0x8BFD,0x8BFE,0x8C01,0x8C03,
    0x8C05,0x8C06,0x8C08,0x8C0A,0x8C0B,0x8C0D,0x8C0E,0x8C10,
    0x8C13,0x8C17,0x8C1A,0x8C1C,0x8C22,0x8C23,0x8C24,0x8C26,
    0x8C28,0x8C29,0x8C2C,0x8C2D,0x8C30,0x8C31,0x8C34,0x8C37,
    0x8C41,0x8C46,0x8C4C,0x8C61,0x8C62,0x8C6A,0x8C6B,0x8C79,
    0x8C7A,0x8C89,0x8C8C,0x8D1D,0x8D1E,0x8D1F,0x8D21,0x8D22,
    0x8D23,0x8D24,0x8D25,0x8D26,0x8D27,0x8D28,0x8D29,0x8D2A,
    0x8D2B,0x8D2C,0x8D2D,0x8D2E,0x8D2F,0x8D30,0x8D31,0x8D34,
    0x8D35,0x8D37,0x8D38,0x8D39,0x8D3A,0x8D3C,0x8D3E,0x8D3F,
    0x8D41,0x8D42,0x8D43,0x8D44,0x8D4A,0x8D4B,0x8D4C,0x8D4E,
    0x8D4F,0x8D50,0x8D54,0x8D56,0x8D58,0x8D5A,0x8D5B,0x8D5E,
    0x8D60,0x8D61,0x8D62,0x8D63,0x8D64,0x8D66,0x8D6B,0x8D70,
    0x8D74,0x8D75,0x8D76,0x8D77,0x8D81,0x8D85,0x8D8A,0x8D8B,
    0x8D9F,0x8DA3,0x8DB3,0x8DB4,0x8DBE,0x8DC3,0x8DCB,0x8DCC,
    0x8DD1,0x8DDD,0x8DDF,0x8DE8,0x8DEA,0x8DEF,0x8DF3,0x8DF5,
    0x8DFA,0x8E0A,0x8E0C,0x8E0F,0x8E1E,0x8E22,0x8E29,0x8E2A,
    0x8E44,0x8E48,0x8E4B,0x8E66,0x8E6C,0x8E6D,0x8E72,0x8E7F,
    0x8E81,0x8E87,0x8EAB,0x8EAC,0x8EAF,0x8EB2,0x8EBA,0x8F66,
    0x8F67,0x8F68,0x8F69,0x8F6C,0x8F6E,0x8F6F,0x8F70,0x8F74,
    0x8F7B,0x8F7D,0x8F7F,0x8F83,0x8F85,0x8F86,0x8F88,0x8F89,
    0x8F8A,0x8F90,0x8F91,0x8F93,0x8F95,0x8F96,0x8F97,0x8F99,
    0x8F9B,0x8F9C,0x8F9E,0x8F9F,0x8FA3,0x8FA8,0x8FA9,0x8FAB,
    0x8FB0,0x8FB1,0x8FB9,0x8FBD,0x8FBE,0x8FC1,0x8FC2,0x8FC4,
    0x8FC5,0x8FC7,0x8FC8,0x8FCE,0x8FD0,0x8FD1,0x8FD4,0x8FD8,
    0x8FD9,0x8FDB,0x8FDC,0x8FDD,0x8FDE,0x8FDF,0x8FE2,0x8FEA,
    0x8FEB,0x8FED,0x8FF0,0x8FF7,0x8FF8,0x8FF9,0x8FFD,0x9000,
    0x9001,0x9002,0x9003,0x9006,0x9009,0x900A,0x900F,0x9010,
    0x9012,0x9014,0x9017,0x901A,0x901B,0x901D,0x901E,0x901F,
    0x9020,0x9022,0x902E,0x9038,0x903B,0x903C,0x903E,0x9041,
    0x9042,0x9047,0x904D,0x904F,0x9053,0x9057,0x9063,0x9065,
    0x906D,0x906E,0x9075,0x907F,0x9080,0x9091,0x9093,0x90A2,
    0x90A3,0x90A6,0x90AA,0x90AE,0x90AF,0x90B1,0x90B5,0x90B9,
    0x90BB,0x90C1,0x90CA,0x90CE,0x90D1,0x90DD,0x90E1,0x90E7,
    0x90E8,0x90ED,0x90F4,0x90F8,0x90FD,0x9102,0x9119,0x9149,
    0x914B,0x914C,0x914D,0x9152,0x9157,0x915A,0x915D,0x915E,
    0x9163,0x9165,0x916A,0x916C,0x916E,0x9171,0x9175,0x9176,
    0x9177,0x9178,0x917F,0x9187,0x9189,0x918B,0x9192,0x919A,
    0x919B,0x91C7,0x91C9,0x91CA,0x91CC,0x91CD,0x91CE,0x91CF,
    0x91D1,0x91DC,0x9274,0x9488,0x9489,0x948E,0x9492,0x9493,
    0x9499,0x949D,0x949E,0x949F,0x94A0,0x94A1,0x94A2,0x94A5,
    0x94A6,0x94A7,0x94A8,0x94A9,0x94AE,0x94B1,0x94B3,0x94B5,
    0x94BB,0x94BE,0x94C0,0x94C1,0x94C2,0x94C3,0x94C5,0x94C6,
    0x94DC,0x94DD,0x94E1,0x94E3,0x94EC,0x94ED,0x94F0,0x94F1,
    0x94F2,0x94F6,0x94F8,0x94FA,0x94FE,0x9500,0x9501,0x9504,
    0x9505,0x9508,0x950B,0x950C,0x9510,0x9511,0x9517,0x9519,
    0x951A,0x9521,0x9523,0x9524,0x9525,0x9526,0x9528,0x952D,
    0x952E,0x952F,0x9530,0x9539,0x953B,0x9540,0x9541,0x9547,
    0x954A,0x954D,0x9550,0x9551,0x955C,0x9563,0x956D,0x9570,
    0x9576,0x957F,0x95E8,0x95EA,0x95ED,0x95EE,0x95EF,0x95F0,
    0x95F2,0x95F4,0x95F7,0x95F8,0x95F9,0x95FA,0x95FB,0x95FD,
    0x9600,0x9601,0x9602,0x9605,0x9609,0x960E,0x9610,0x9611,
    0x9614,0x961C,0x961F,0x962E,0x9632,0x9633,0x9634,0x9635,
    0x9636,0x963B,0x963F,0x9640,0x9644,0x9645,0x9646,0x9647,
    0x9648,0x964B,0x964C,0x964D,0x9650,0x9655,0x965B,0x9661,
    0x9662,0x9664,0x9668,0x9669,0x966A,0x9675,0x9676,0x9677,
    0x9685,0x9686,0x968B,0x968F,0x9690,0x9694,0x9698,0x9699,
    0x969C,0x96A7,0x96B6,0x96BE,0x96C0,0x96C1,0x96C4,0x96C5,
    0x96C6,0x96C7,0x96CC,0x96CD,0x96CF,0x96D5,0x96E8,0x96EA,
    0x96F6,0x96F7,0x96F9,0x96FE,0x9700,0x9704,0x9707,0x9709,
    0x970D,0x9713,0x9716,0x971C,0x971E,0x9732,0x9738,0x9739,
    0x9752,0x9756,0x9759,0x975B,0x975E,0x9760,0x9761,0x9762,
    0x9769,0x9773,0x9774,0x9776,0x978B,0x978D,0x9798,0x97A0,
    0x97AD,0x97E6,0x97E7,0x97E9,0x97ED,0x97F3,0x97F5,0x97F6,
    0x9875,0x9876,0x9877,0x9879,0x987A,0x987B,0x987D,0x987E,
    0x987F,0x9881,0x9882,0x9884,0x9885,0x9886,0x9887,0x9888,
    0x988A,0x9890,0x9891,0x9893,0x9896,0x9897,0x9898,0x989C,
    0x989D,0x98A0,0x98A4,0x98A7,0x98CE,0x98D8,0x98DE,0x98DF,
    0x9910,0x9965,0x996D,0x996E,0x996F,0x9970,0x9971,0x9972,
    0x9975,0x9976,0x997A,0x997C,0x997F,0x9981,0x9985,0x9986,
    0x9988,0x998B,0x998F,0x9992,0x9996,0x9999,0x9A6C,0x9A6D,
    0x9A6E,0x9A6F,0x9A70,0x9A71,0x9A73,0x9A74,0x9A76,0x9A79,
    0x9A7B,0x9A7C,0x9A7E,0x9A82,0x9A84,0x9A86,0x9A87,0x9A8B,
    0x9A8C,0x9A8F,0x9A91,0x9A97,0x9A9A,0x9AA1,0x9AA4,0x9AA8,
    0x9AB8,0x9AD3,0x9AD8,0x9B03,0x9B3C,0x9B41,0x9B42,0x9B44,
    0x9B4F,0x9B54,0x9C7C,0x9C81,0x9C8D,0x9C9C,0x9CA4,0x9CB8,
    0x9CC3,0x9CD6,0x9CDE,0x9E1F,0x9E21,0x9E23,0x9E25,0x9E26,
    0x9E2D,0x9E2F,0x9E33,0x9E35,0x9E3D,0x9E3F,0x9E43,0x9E45,
    0x9E4A,0x9E4F,0x9E64,0x9E70,0x9E7F,0x9E93,0x9EA6,0x9EBB,
    0x9EC4,0x9ECD,0x9ECE,0x9ED1,0x9ED4,0x9ED8,0x9F0E,0x9F13,
    0x9F20,0x9F3B,0x9F50,0x9F7F,0x9F84,0x9F8B,0x9F99,0x9F9A,
    0x9F9F,0xFF01,0xFF03,0xFF05,0xFF06,0xFF08,0xFF09,0xFF0B,
    0xFF0C,0xFF0D,0xFF0E,0xFF0F,0xFF1A,0xFF1B,0xFF1D,0xFF1F,
    0xFF20,0xFF3F,0xFF5B,0xFF5C,0xFF5D,0xFF5E,0xFFE5,
};

static const moui_glyph_t moui_font_cn_12_glyphs[] = {
    { 0, 0, 0, 0, 3, 0 },
    { 4, 10, 0, 4, 4, 0 },
    { 5, 10, 0, 3, 5, 10 },
    { 7, 9, 0, 4, 7, 20 },
    { 7, 12, 0, 3, 7, 29 },
    { 10, 10, 0, 4, 10, 41 },
    { 8, 10, 0, 4, 8, 61 },
    { 3, 10, 0, 3, 3, 71 },
    { 4, 13, 0, 3, 4, 81 },
    { 4, 13, 0, 3, 4, 94 },
    { 5, 10, 0, 3, 5, 107 },
    { 7, 7, 0, 6, 7, 117 },
    { 4, 4, 0, 11, 4, 124 },
    { 5, 5, 0, 8, 5, 128 },
    { 4, 3, 0, 11, 4, 133 },
    { 6, 10, 0, 4, 6, 136 },
    { 7, 10, 0, 4, 7, 146 },
    { 7, 9, 0, 4, 7, 156 },
    { 7, 9, 0, 4, 7, 165 },
    { 7, 10, 0, 4, 7, 174 },
    { 7, 9, 0, 4, 7, 184 },
    { 7, 10, 0, 4, 7, 193 },
    { 7, 10, 0, 4, 7, 203 },
    { 7, 9, 0, 4, 7, 213 },
    { 7, 10, 0, 4, 7, 222 },
    { 7, 10, 0, 4, 7, 232 },
    { 5, 8, 0, 6, 5, 242 },
    { 5, 9, 0, 6, 5, 250 },
    { 7, 7, 0, 6, 7, 259 },
    { 7, 6, 0, 7, 7, 266 },
    { 7, 7, 0, 6, 7, 272 },
    { 5, 10, 0, 4, 5, 279 },
    { 10, 11, 0, 4, 10, 289 },
    { 8, 9, 0, 4, 8, 311 },
    { 7, 9, 0, 4, 7, 320 },
    { 7, 10, 0, 4, 7, 329 },
    { 8, 9, 0, 4, 8, 339 },
    { 7, 9, 0, 4, 7, 348 },
    { 6, 9, 0, 4, 6, 357 },
    { 8, 10, 0, 4, 8, 366 },
    { 9, 9, 0, 4, 9, 376 },
    { 3, 9, 0, 4, 3, 394 },
    { 4, 12, -1, 4, 3, 403 },
    { 8, 9, 0, 4, 8, 415 },
    { 6, 9, 0, 4, 6, 424 },
    { 10, 9, 0, 4, 10, 433 },
    { 9, 9, 0, 4, 9, 451 },
    { 9, 10, 0, 4, 9, 469 },
    { 7, 9, 0, 4, 7, 489 },
    { 9, 11, 0, 4, 9, 498 },
    { 8, 9, 0, 4, 8, 520 },
    { 7, 10, 0, 4, 7, 529 },
    { 7, 9, 0, 4, 7, 539 },
    { 8, 10, 0, 4, 8, 548 },
    { 8, 9, 0, 4, 8, 558 },
    { 11, 9, 0, 4, 11, 567 },
    { 8, 9, 0, 4, 8, 585 },
    { 8, 9, 0, 4, 8, 594 },
    { 8, 9, 0, 4, 8, 603 },
    { 4, 13, 0, 3, 4, 612 },
    { 4, 13, 0, 3, 4, 625 },
    { 7, 9, 0, 4, 7, 638 },
    { 6, 3, 0, 9, 6, 647 },
    { 4, 10, 0, 3, 4, 650 },
    { 7, 8, 0, 6, 7, 660 },
    { 8, 11, 0, 3, 8, 668 },
    { 6, 8, 0, 6, 6, 679 },
    { 8, 11, 0, 3, 8, 687 },
    { 7, 8, 0, 6, 7, 698 },
    { 5, 10, 0, 3, 5, 706 },
    { 8, 10, 0, 6, 8, 716 },
    { 7, 10, 0, 3, 7, 726 },
    { 3, 9, 0, 4, 3, 736 },
    { 4, 12, -1, 4, 3, 745 },
    { 7, 10, 0, 3, 7, 757 },
    { 4, 11, 0, 3, 4, 767 },
    { 11, 7, 0, 6, 11, 778 },
    { 7, 7, 0, 6, 7, 792 },
    { 7, 8, 0, 6, 7, 799 },
    { 8, 10, 0, 6, 8, 807 },
    { 8, 10, 0, 6, 8, 817 },
    { 5, 7, 0, 6, 5, 827 },
    { 6, 8, 0, 6, 6, 834 },
    { 4, 10, 0, 4, 4, 842 },
    { 7, 8, 0, 6, 7, 852 },
    { 7, 7, 0, 6, 7, 860 },
    { 10, 7, 0, 6, 10, 867 },
    { 7, 7, 0, 6, 7, 881 },
    { 7, 10, 0, 6, 7, 888 },
    { 6, 7, 0, 6, 6, 898 },
    { 4, 13, 0, 3, 4, 905 },
    { 2, 13, 0, 3, 2, 918 },
    { 4, 13, 0, 3, 4, 931 },
    { 7, 5, 0, 8, 7, 944 },
    { 7, 9, 0, 4, 7, 949 },
    { 7, 9, 0, 4, 7, 958 },
    { 5, 9, 0, 4, 5, 967 },
    { 7, 7, 0, 6, 7, 976 },
    { 4, 5, 0, 8, 4, 983 },
    { 7, 7, 0, 6, 7, 988 },
    { 7, 7, 0, 6, 7, 995 },
    { 8, 5, 0, 8, 8, 1002 },
    { 13, 3, 0, 11, 13, 1007 },
    { 14, 10, 0, 4, 14, 1013 },
    { 7, 10, 0, 4, 7, 1033 },
    { 11, 10, 0, 4, 11, 1043 },
    { 11, 9, 0, 4, 11, 1063 },
    { 12, 8, 0, 5, 12, 1081 },
    { 12, 11, 0, 3, 12, 1097 },
    { 12, 8, 0, 5, 12, 1119 },
    { 12, 11, 0, 3, 12, 1135 },
    { 7, 12, 0, 4, 7, 1157 },
    { 8, 6, 0, 7, 8, 1169 },
    { 7, 7, 0, 6, 7, 1175 },
    { 7, 7, 0, 6, 7, 1182 },
    { 7, 9, 0, 5, 7, 1189 },
    { 7, 9, 0, 5, 7, 1198 },
    { 12, 12, 0, 3, 12, 1207 },
    { 12, 11, 0, 3, 12, 1231 },
    { 12, 9, 0, 4, 12, 1253 },
    { 12, 9, 0, 4, 12, 1271 },
    { 12, 9, 0, 4, 12, 1289 },
    { 12, 9, 0, 4, 12, 1307 },
    { 12, 8, 0, 5, 12, 1325 },
    { 12, 10, 0, 4, 12, 1341 },
    { 12, 10, 0, 4, 12, 1361 },
    { 12, 10, 0, 4, 12, 1381 },
    { 12, 10, 0, 4, 12, 1401 },
    { 12, 9, 0, 4, 12, 1421 },
    { 12, 9, 0, 4, 12, 1439 },
    { 0, 0, 0, 0, 12, 1457 },
    { 12, 4, 0, 11, 12, 1457 },
    { 12, 4, 0, 11, 12, 1465 },
    { 12, 12, 0, 3, 12, 1473 },
    { 12, 12, 0, 3, 12, 1497 },
    { 12, 10, 0, 3, 12, 1521 },
    { 12, 7, 0, 8, 12, 1541 },
    { 12, 10, 0, 3, 12, 1555 },
    { 12, 8, 0, 7, 12, 1575 },
    { 12, 12, 0, 3, 12, 1591 },
    { 12, 12, 0, 3, 12, 1615 },
    { 12, 6, 0, 7, 12, 1639 },
    { 12, 10, 0, 4, 12, 1651 },
    { 12, 11, 0, 3, 12, 1671 },
    { 12, 11, 0, 4, 12, 1693 },
    { 12, 12, 0, 3, 12, 1715 },
    { 12, 10, 0, 4, 12, 1739 },
    { 12, 11, 0, 3, 12, 1759 },
    { 12, 11, 0, 4, 12, 1781 },
    { 12, 11, 0, 4, 12, 1803 },
    { 12, 12, 0, 3, 12, 1825 },
    { 12, 10, 0, 4, 12, 1849 },
    { 12, 12, 0, 3, 12, 1869 },
    { 12, 11, 0, 3, 12, 1893 },
    { 12, 11, 0, 3, 12, 1915 },
    { 12, 11, 0, 3, 12, 1937 },
    { 12, 11, 0, 4, 12, 1959 },
    { 12, 11, 0, 3, 12, 1981 },
    { 12, 11, 0, 3, 12, 2003 },
    { 12, 12, 0, 3, 12, 2025 },
    { 12, 11, 0, 3, 12, 2049 },
    { 12, 12, 0, 3, 12, 2071 },
    { 12, 11, 0, 3, 12, 2095 },
    { 12, 11, 0, 4, 12, 2117 },
    { 12, 12, 0, 3, 12, 2139 },
    { 12, 12, 0, 3, 12, 2163 },
    { 12, 12, 0, 3, 12, 2187 },
    { 12, 12, 0, 3, 12, 2211 },
    { 12, 12, 0, 3, 12, 2235 },
    { 12, 12, 0, 3, 12, 2259 },
    { 12, 12, 0, 3, 12, 2283 },
    { 12, 12, 0, 3, 12, 2307 },
    { 12, 12, 0, 3, 12, 2331 },
    { 12, 12, 0, 3, 12, 2355 },
    { 12, 11, 0, 3, 12, 2379 },
    { 12, 11, 0, 4, 12, 2401 },
    { 12, 12, 0, 3, 12, 2423 },
    { 12, 11, 0, 4, 12, 2447 },
    { 12, 12, 0, 3, 12, 2469 },
    { 12, 12, 0, 3, 12, 2493 },
    { 12, 12, 0, 3, 12, 2517 },
    { 12, 11, 0, 3, 12, 2541 },
    { 12, 11, 0, 3, 12, 2563 },
    { 12, 12, 0, 3, 12, 2585 },
    { 12, 12, 0, 3, 12, 2609 },
    { 12, 11, 0, 3, 12, 2633 },
    { 12, 12, 0, 3, 12, 2655 },
    { 12, 12, 0, 3, 12, 2679 },
    { 12, 12, 0, 3, 12, 2703 },
    { 12, 12, 0, 3, 12, 2727 },
    { 12, 12, 0, 3, 12, 2751 },
    { 12, 12, 0, 3, 12, 2775 },
    { 12, 10, 0, 4, 12, 2799 },
    { 12, 12, 0, 3, 12, 2819 },
    { 12, 11, 0, 3, 12, 2843 },
    { 12, 11, 0, 3, 12, 2865 },
    { 12, 10, 0, 4, 12, 2887 },
    { 12, 12, 0, 3, 12, 2907 },
    { 12, 12, 0, 3, 12, 2931 },
    { 12, 11, 0, 4, 12, 2955 },
    { 12, 11, 0, 3, 12, 2977 },
    { 12, 11, 0, 3, 12, 2999 },
    { 12, 12, 0, 3, 12, 3021 },
    { 12, 10, 0, 4, 12, 3045 },
    { 12, 12, 0, 3, 12, 3065 },
    { 12, 11, 0, 3, 12, 3089 },
    { 12, 12, 0, 3, 12, 3111 },
    { 12, 10, 0, 4, 12, 3135 },
    { 12, 10, 0, 4, 12, 3155 },
    { 12, 10, 0, 4, 12, 3175 },
    { 12, 10, 0, 4, 12, 3195 },
    { 12, 10, 0, 4, 12, 3215 },
    { 12, 10, 0, 4, 12, 3235 },
    { 12, 12, 0, 3, 12, 3255 },
    { 12, 11, 0, 3, 12, 3279 },
    { 12, 11, 0, 3, 12, 3301 },
    { 12, 11, 0, 3, 12, 3323 },
    { 12, 12, 0, 3, 12, 3345 },
    { 12, 12, 0, 3, 12, 3369 },
    { 12, 12, 0, 3, 12, 3393 },
    { 12, 12, 0, 3, 12, 3417 },
    { 12, 12, 0, 3, 12, 3441 },
    { 12, 12, 0, 3, 12, 3465 },
    { 12, 12, 0, 3, 12, 3489 },
    { 12, 12, 0, 3, 12, 3513 },
    { 12, 12, 0, 3, 12, 3537 },
    { 12, 12, 0, 3, 12, 3561 },
    { 12, 12, 0, 3, 12, 3585 },
    { 12, 12, 0, 3, 12, 3609 },
    { 12, 12, 0, 3, 12, 3633 },
    { 12, 12, 0, 3, 12, 3657 },
    { 12, 12, 0, 3, 12, 3681 },
    { 12, 12, 0, 3, 12, 3705 },
    { 12, 12, 0, 3, 12, 3729 },
    { 12, 12, 0, 3, 12, 3753 },
    { 12, 12, 0, 3, 12, 3777 },
    { 12, 12, 0, 3, 12, 3801 },
    { 12, 12, 0, 3, 12, 3825 },
    { 12, 12, 0, 3, 12, 3849 },
    { 12, 12, 0, 3, 12, 3873 },
    { 12, 11, 0, 3, 12, 3897 },
    { 12, 12, 0, 3, 12, 3919 },
    { 12, 12, 0, 3, 12, 3943 },
    { 12, 12, 0, 3, 12, 3967 },
    { 12, 12, 0, 3, 12, 3991 },
    { 12, 12, 0, 3, 12, 4015 },
    { 12, 12, 0, 3, 12, 4039 },
    { 12, 12, 0, 3, 12, 4063 },
    { 12, 12, 0, 3, 12, 4087 },
    { 12, 12, 0, 3, 12, 4111 },
    { 12, 12, 0, 3, 12, 4135 },
    { 12, 12, 0, 3, 12, 4159 },
    { 12, 12, 0, 3, 12, 4183 },
    { 12, 12, 0, 3, 12, 4207 },
    { 12, 12, 0, 3, 12, 4231 },
    { 12, 12, 0, 3, 12, 4255 },
    { 12, 12, 0, 3, 12, 4279 },
    { 12, 12, 0, 3, 12, 4303 },
    { 12, 12, 0, 3, 12, 4327 },
    { 12, 12, 0, 3, 12, 4351 },
    { 12, 12, 0, 3, 12, 4375 },
    { 12, 11, 0, 3, 12, 4399 },
    { 12, 12, 0, 3, 12, 4421 },
    { 12, 12, 0, 3, 12, 4445 },
    { 12, 12, 0, 3, 12, 4469 },
    { 12, 12, 0, 3, 12, 4493 },
    { 12, 12, 0, 3, 12, 4517 },
    { 12, 12, 0, 3, 12, 4541 },
    { 12, 12, 0, 3, 12, 4565 },
    { 12, 12, 0, 3, 12, 4589 },
    { 12, 12, 0, 3, 12, 4613 },
    { 12, 12, 0, 3, 12, 4637 },
    { 12, 12, 0, 3, 12, 4661 },
    { 12, 12, 0, 3, 12, 4685 },
    { 12, 12, 0, 3, 12, 4709 },
    { 12, 12, 0, 3, 12, 4733 },
    { 12, 12, 0, 3, 12, 4757 },
    { 12, 12, 0, 3, 12, 4781 },
    { 12, 12, 0, 3, 12, 4805 },
    { 12, 12, 0, 3, 12, 4829 },
    { 12, 12, 0, 3, 12, 4853 },
    { 12, 12, 0, 3, 12, 4877 },
    { 12, 12, 0, 3, 12, 4901 },
    { 12, 12, 0, 3, 12, 4925 },
    { 12, 12, 0, 3, 12, 4949 },
    { 12, 12, 0, 3, 12, 4973 },
    { 12, 12, 0, 3, 12, 4997 },
    { 12, 12, 0, 3, 12, 5021 },
    { 12, 12, 0, 3, 12, 5045 },
    { 12, 12, 0, 3, 12, 5069 },
    { 12, 12, 0, 3, 12, 5093 },
    { 12, 12, 0, 3, 12, 5117 },
    { 12, 12, 0, 3, 12, 5141 },
    { 12, 12, 0, 3, 12, 5165 },
    { 12, 11, 0, 3, 12, 5189 },
    { 12, 12, 0, 3, 12, 5211 },
    { 12, 12, 0, 3, 12, 5235 },
    { 12, 12, 0, 3, 12, 5259 },
    { 12, 12, 0, 3, 12, 5283 },
    { 12, 12, 0, 3, 12, 5307 },
    { 12, 12, 0, 3, 12, 5331 },
    { 12, 12, 0, 3, 12, 5355 },
    { 12, 12, 0, 3, 12, 5379 },
    { 12, 12, 0, 3, 12, 5403 },
    { 12, 12, 0, 3, 12, 5427 },
    { 12, 12, 0, 3, 12, 5451 },
    { 12, 12, 0, 3, 12, 5475 },
    { 12, 12, 0, 3, 12, 5499 },
    { 12, 12, 0, 3, 12, 5523 },
    { 12, 12, 0, 3, 12, 5547 },
    { 12, 12, 0, 3, 12, 5571 },
    { 12, 12, 0, 3, 12, 5595 },
    { 12, 12, 0, 3, 12, 5619 },
    { 12, 11, 0, 3, 12, 5643 },
    { 12, 12, 0, 3, 12, 5665 },
    { 12, 12, 0, 3, 12, 5689 },
    { 12, 12, 0, 3, 12, 5713 },
    { 12, 12, 0, 3, 12, 5737 },
    { 12, 12, 0, 3, 12, 5761 },
    { 12, 12, 0, 3, 12, 5785 },
    { 12, 12, 0, 3, 12, 5809 },
    { 12, 12, 0, 3, 12, 5833 },
    { 12, 12, 0, 3, 12, 5857 },
    { 12, 12, 0, 3, 12, 5881 },
    { 12, 12, 0, 3, 12, 5905 },
    { 12, 12, 0, 3, 12, 5929 },
    { 12, 12, 0, 3, 12, 5953 },
    { 12, 12, 0, 3, 12, 5977 },
    { 12, 12, 0, 3, 12, 6001 },
    { 12, 12, 0, 3, 12, 6025 },
    { 12, 12, 0, 3, 12, 6049 },
    { 12, 12, 0, 3, 12, 6073 },
    { 12, 12, 0, 3, 12, 6097 },
    { 12, 12, 0, 3, 12, 6121 },
    { 12, 12, 0, 3, 12, 6145 },
    { 12, 12, 0, 3, 12, 6169 },
    { 12, 12, 0, 3, 12, 6193 },
    { 12, 12, 0, 3, 12, 6217 },
    { 12, 12, 0, 3, 12, 6241 },
    { 12, 12, 0, 3, 12, 6265 },
    { 12, 12, 0, 3, 12, 6289 },
    { 12, 12, 0, 3, 12, 6313 },
    { 12, 12, 0, 3, 12, 6337 },
    { 12, 12, 0, 3, 12, 6361 },
    { 12, 12, 0, 3, 12, 6385 },
    { 12, 12, 0, 3, 12, 6409 },
    { 12, 12, 0, 3, 12, 6433 },
    { 12, 12, 0, 3, 12, 6457 },
    { 12, 12, 0, 3, 12, 6481 },
    { 12, 12, 0, 3, 12, 6505 },
    { 12, 12, 0, 3, 12, 6529 },
    { 12, 12, 0, 3, 12, 6553 },
    { 12, 12, 0, 3, 12, 6577 },
    { 12, 12, 0, 3, 12, 6601 },
    { 12, 12, 0, 3, 12, 6625 },
    { 12, 12, 0, 3, 12, 6649 },
    { 12, 12, 0, 3, 12, 6673 },
    { 12, 12, 0, 3, 12, 6697 },
    { 12, 12, 0, 3, 12, 6721 },
    { 12, 12, 0, 3, 12, 6745 },
    { 12, 12, 0, 3, 12, 6769 },
    { 12, 12, 0, 3, 12, 6793 },
    { 12, 12, 0, 3, 12, 6817 },
    { 12, 12, 0, 3, 12, 6841 },
    { 12, 12, 0, 3, 12, 6865 },
    { 12, 12, 0, 3, 12, 6889 },
    { 12, 12, 0, 3, 12, 6913 },
    { 12, 12, 0, 3, 12, 6937 },
    { 12, 12, 0, 3, 12, 6961 },
    { 12, 12, 0, 3, 12, 6985 },
    { 12, 12, 0, 3, 12, 7009 },
    { 12, 12, 0, 3, 12, 7033 },
    { 12, 12, 0, 3, 12, 7057 },
    { 12, 12, 0, 3, 12, 7081 },
    { 12, 12, 0, 3, 12, 7105 },
    { 12, 12, 0, 3, 12, 7129 },
    { 12, 12, 0, 3, 12, 7153 },
    { 12, 12, 0, 3, 12, 7177 },
    { 12, 12, 0, 3, 12, 7201 },
    { 12, 11, 0, 4, 12, 7225 },
    { 12, 11, 0, 4, 12, 7247 },
    { 12, 12, 0, 3, 12, 7269 },
    { 12, 12, 0, 3, 12, 7293 },
    { 12, 12, 0, 3, 12, 7317 },
    { 12, 12, 0, 3, 12, 7341 },
    { 12, 12, 0, 3, 12, 7365 },
    { 12, 12, 0, 3, 12, 7389 },
    { 12, 12, 0, 3, 12, 7413 },
    { 12, 12, 0, 3, 12, 7437 },
    { 12, 12, 0, 3, 12, 7461 },
    { 12, 12, 0, 3, 12, 7485 },
    { 12, 12, 0, 3, 12, 7509 },
    { 12, 12, 0, 3, 12, 7533 },
    { 12, 11, 0, 3, 12, 7557 },
    { 12, 12, 0, 3, 12, 7579 },
    { 12, 12, 0, 3, 12, 7603 },
    { 12, 12, 0, 3, 12, 7627 },
    { 12, 11, 0, 3, 12, 7651 },
    { 12, 12, 0, 3, 12, 7673 },
    { 12, 12, 0, 3, 12, 7697 },
    { 12, 12, 0, 3, 12, 7721 },
    { 12, 12, 0, 3, 12, 7745 },
    { 12, 12, 0, 3, 12, 7769 },
    { 12, 12, 0, 3, 12, 7793 },
    { 12, 12, 0, 3, 12, 7817 },
    { 12, 12, 0, 3, 12, 7841 },
    { 12, 12, 0, 3, 12, 7865 },
    { 12, 12, 0, 3, 12, 7889 },
    { 12, 12, 0, 3, 12, 7913 },
    { 12, 12, 0, 3, 12, 7937 },
    { 12, 12, 0, 3, 12, 7961 },
    { 12, 11, 0, 4, 12, 7985 },
    { 12, 12, 0, 3, 12, 8007 },
    { 12, 11, 0, 4, 12, 8031 },
    { 12, 11, 0, 4, 12, 8053 },
    { 12, 12, 0, 3, 12, 8075 },
    { 12, 12, 0, 3, 12, 8099 },
    { 12, 11, 0, 4, 12, 8123 },
    { 12, 11, 0, 4, 12, 8145 },
    { 12, 11, 0, 4, 12, 8167 },
    { 12, 12, 0, 3, 12, 8189 },
    { 12, 11, 0, 4, 12, 8213 },
    { 12, 12, 0, 3, 12, 8235 },
    { 12, 12, 0, 3, 12, 8259 },
    { 12, 12, 0, 3, 12, 8283 },
    { 12, 12, 0, 3, 12, 8307 },
    { 12, 12, 0, 3, 12, 8331 },
    { 12, 12, 0, 3, 12, 8355 },
    { 12, 12, 0, 3, 12, 8379 },
    { 12, 12, 0, 3, 12, 8403 },
    { 12, 12, 0, 3, 12, 8427 },
    { 12, 12, 0, 3, 12, 8451 },
    { 12, 11, 0, 3, 12, 8475 },
    { 12, 12, 0, 3, 12, 8497 },
    { 12, 12, 0, 3, 12, 8521 },
    { 12, 12, 0, 3, 12, 8545 },
    { 12, 12, 0, 3, 12, 8569 },
    { 12, 12, 0, 3, 12, 8593 },
    { 12, 12, 0, 3, 12, 8617 },
    { 12, 12, 0, 3, 12, 8641 },
    { 12, 12, 0, 3, 12, 8665 },
    { 12, 12, 0, 3, 12, 8689 },
    { 12, 11, 0, 4, 12, 8713 },
    { 12, 11, 0, 4, 12, 8735 },
    { 12, 12, 0, 3, 12, 8757 },
    { 12, 12, 0, 3, 12, 8781 },
    { 12, 12, 0, 3, 12, 8805 },
    { 12, 12, 0, 3, 12, 8829 },
    { 12, 12, 0, 3, 12, 8853 },
    { 12, 12, 0, 3, 12, 8877 },
    { 12, 12, 0, 3, 12, 8901 },
    { 12, 11, 0, 4, 12, 8925 },
    { 12, 12, 0, 3, 12, 8947 },
    { 12, 12, 0, 3, 12, 8971 },
    { 12, 11, 0, 4, 12, 8995 },
    { 12, 12, 0, 3, 12, 9017 },
    { 12, 11, 0, 4, 12, 9041 },
    { 12, 10, 0, 4, 12, 9063 },
    { 12, 11, 0, 4, 12, 9083 },
    { 12, 12, 0, 3, 12, 9105 },
    { 12, 12, 0, 3, 12, 9129 },
    { 12, 12, 0, 3, 12, 9153 },
    { 12, 12, 0, 3, 12, 9177 },
    { 12, 12, 0, 3, 12, 9201 },
    { 12, 12, 0, 3, 12, 9225 },
    { 12, 12, 0, 3, 12, 9249 },
    { 12, 12, 0, 3, 12, 9273 },
    { 12, 12, 0, 3, 12, 9297 },
    { 12, 12, 0, 3, 12, 9321 },
    { 12, 12, 0, 3, 12, 9345 },
    { 12, 12, 0, 3, 12, 9369 },
    { 12, 12, 0, 3, 12, 9393 },
    { 12, 12, 0, 3, 12, 9417 },
    { 12, 12, 0, 3, 12, 9441 },
    { 12, 12, 0, 3, 12, 9465 },
    { 12, 12, 0, 3, 12, 9489 },
    { 12, 12, 0, 3, 12, 9513 },
    { 12, 12, 0, 3, 12, 9537 },
    { 12, 12, 0, 3, 12, 9561 },
    { 12, 12, 0, 3, 12, 9585 },
    { 12, 12, 0, 3, 12, 9609 },
    { 12, 12, 0, 3, 12, 9633 },
    { 12, 12, 0, 3, 12, 9657 },
    { 12, 12, 0, 3, 12, 9681 },
    { 12, 12, 0, 3, 12, 9705 },
    { 12, 12, 0, 3, 12, 9729 },
    { 12, 12, 0, 3, 12, 9753 },
    { 12, 12, 0, 3, 12, 9777 },
    { 12, 12, 0, 3, 12, 9801 },
    { 12, 12, 0, 3, 12, 9825 },
    { 12, 12, 0, 3, 12, 9849 },
    { 12, 12, 0, 3, 12, 9873 },
    { 12, 12, 0, 3, 12, 9897 },
    { 12, 12, 0, 3, 12, 9921 },
    { 12, 12, 0, 3, 12, 9945 },
    { 12, 12, 0, 3, 12, 9969 },
    { 12, 12, 0, 3, 12, 9993 },
    { 12, 12, 0, 3, 12, 10017 },
    { 12, 12, 0, 3, 12, 10041 },
    { 12, 12, 0, 3, 12, 10065 },
    { 12, 12, 0, 3, 12, 10089 },
    { 12, 12, 0, 3, 12, 10113 },
    { 12, 12, 0, 3, 12, 10137 },
    { 12, 12, 0, 3, 12, 10161 },
    { 12, 12, 0, 3, 12, 10185 },
    { 12, 12, 0, 3, 12, 10209 },
    { 12, 12, 0, 3, 12, 10233 },
    { 12, 12, 0, 3, 12, 10257 },
    { 12, 12, 0, 3, 12, 10281 },
    { 12, 12, 0, 3, 12, 10305 },
    { 12, 12, 0, 3, 12, 10329 },
    { 12, 12, 0, 3, 12, 10353 },
    { 12, 12, 0, 3, 12, 10377 },
    { 12, 12, 0, 3, 12, 10401 },
    { 12, 12, 0, 3, 12, 10425 },
    { 12, 12, 0, 3, 12, 10449 },
    { 12, 12, 0, 3, 12, 10473 },
    { 12, 12, 0, 3, 12, 10497 },
    { 12, 12, 0, 3, 12, 10521 },
    { 12, 12, 0, 3, 12, 10545 },
    { 12, 12, 0, 3, 12, 10569 },
    { 12, 12, 0, 3, 12, 10593 },
    { 12, 12, 0, 3, 12, 10617 },
    { 12, 12, 0, 3, 12, 10641 },
    { 12, 12, 0, 3, 12, 10665 },
    { 12, 12, 0, 3, 12, 10689 },
    { 12, 12, 0, 3, 12, 10713 },
    { 12, 11, 0, 3, 12, 10737 },
    { 12, 12, 0, 3, 12, 10759 },
    { 12, 12, 0, 3, 12, 10783 },
    { 12, 12, 0, 3, 12, 10807 },
    { 12, 12, 0, 3, 12, 10831 },
    { 12, 12, 0, 3, 12, 10855 },
    { 12, 12, 0, 3, 12, 10879 },
    { 12, 11, 0, 3, 12, 10903 },
    { 12, 11, 0, 3, 12, 10925 },
    { 12, 11, 0, 3, 12, 10947 },
    { 12, 11, 0, 3, 12, 10969 },
    { 12, 10, 0, 4, 12, 10991 },
    { 12, 10, 0, 4, 12, 11011 },
    { 12, 10, 0, 4, 12, 11031 },
    { 12, 11, 0, 3, 12, 11051 },
    { 12, 11, 0, 3, 12, 11073 },
    { 12, 12, 0, 3, 12, 11095 },
    { 12, 12, 0, 3, 12, 11119 },
    { 12, 12, 0, 3, 12, 11143 },
    { 12, 12, 0, 3, 12, 11167 },
    { 12, 12, 0, 3, 12, 11191 },
    { 12, 12, 0, 3, 12, 11215 },
    { 12, 12, 0, 3, 12, 11239 },
    { 12, 12, 0, 3, 12, 11263 },
    { 12, 12, 0, 3, 12, 11287 },
    { 12, 12, 0, 3, 12, 11311 },
    { 12, 12, 0, 3, 12, 11335 },
    { 12, 12, 0, 3, 12, 11359 },
    { 12, 12, 0, 3, 12, 11383 },
    { 12, 12, 0, 3, 12, 11407 },
    { 12, 12, 0, 3, 12, 11431 },
    { 12, 12, 0, 3, 12, 11455 },
    { 12, 12, 0, 3, 12, 11479 },
    { 12, 12, 0, 3, 12, 11503 },
    { 12, 12, 0, 3, 12, 11527 },
    { 12, 12, 0, 3, 12, 11551 },
    { 12, 12, 0, 3, 12, 11575 },
    { 12, 12, 0, 3, 12, 11599 },
    { 12, 10, 0, 4, 12, 11623 },
    { 12, 12, 0, 3, 12, 11643 },
    { 12, 12, 0, 3, 12, 11667 },
    { 12, 12, 0, 3, 12, 11691 },
    { 12, 12, 0, 3, 12, 11715 },
    { 12, 12, 0, 3, 12, 11739 },
    { 12, 12, 0, 3, 12, 11763 },
    { 12, 12, 0, 3, 12, 11787 },
    { 12, 12, 0, 3, 12, 11811 },
    { 12, 12, 0, 3, 12, 11835 },
    { 12, 11, 0, 4, 12, 11859 },
    { 12, 11, 0, 4, 12, 11881 },
    { 12, 11, 0, 4, 12, 11903 },
    { 12, 11, 0, 4, 12, 11925 },
    { 12, 11, 0, 4, 12, 11947 },
    { 12, 11, 0, 4, 12, 11969 },
    { 12, 11, 0, 4, 12, 11991 },
    { 12, 12, 0, 3, 12, 12013 },
    { 12, 11, 0, 4, 12, 12037 },
    { 12, 12, 0, 3, 12, 12059 },
    { 12, 12, 0, 3, 12, 12083 },
    { 12, 11, 0, 4, 12, 12107 },
    { 12, 12, 0, 3, 12, 12129 },
    { 12, 11, 0, 4, 12, 12153 },
    { 12, 12, 0, 3, 12, 12175 },
    { 12, 12, 0, 3, 12, 12199 },
    { 12, 12, 0, 3, 12, 12223 },
    { 12, 11, 0, 3, 12, 12247 },
    { 12, 12, 0, 3, 12, 12269 },
    { 12, 11, 0, 4, 12, 12293 },
    { 12, 11, 0, 4, 12, 12315 },
    { 12, 11, 0, 4, 12, 12337 },
    { 12, 12, 0, 3, 12, 12359 },
    { 12, 11, 0, 4, 12, 12383 },
    { 12, 12, 0, 3, 12, 12405 },
    { 12, 12, 0, 3, 12, 12429 },
    { 12, 12, 0, 3, 12, 12453 },
    { 12, 12, 0, 3, 12, 12477 },
    { 12, 12, 0, 3, 12, 12501 },
    { 12, 12, 0, 3, 12, 12525 },
    { 12, 12, 0, 3, 12, 12549 },
    { 12, 12, 0, 3, 12, 12573 },
    { 12, 11, 0, 3, 12, 12597 },
    { 12, 11, 0, 4, 12, 12619 },
    { 12, 12, 0, 3, 12, 12641 },
    { 12, 12, 0, 3, 12, 12665 },
    { 12, 12, 0, 3, 12, 12689 },
    { 12, 11, 0, 4, 12, 12713 },
    { 12, 12, 0, 3, 12, 12735 },
    { 12, 11, 0, 4, 12, 12759 },
    { 12, 12, 0, 3, 12, 12781 },
    { 12, 11, 0, 4, 12, 12805 },
    { 12, 11, 0, 4, 12, 12827 },
    { 12, 12, 0, 3, 12, 12849 },
    { 12, 12, 0, 3, 12, 12873 },
    { 12, 12, 0, 3, 12, 12897 },
    { 12, 12, 0, 3, 12, 12921 },
    { 12, 12, 0, 3, 12, 12945 },
    { 12, 11, 0, 4, 12, 12969 },
    { 12, 11, 0, 4, 12, 12991 },
    { 12, 10, 0, 4, 12, 13013 },
    { 12, 10, 0, 4, 12, 13033 },
    { 12, 11, 0, 3, 12, 13053 },
    { 12, 12, 0, 3, 12, 13075 },
    { 12, 12, 0, 3, 12, 13099 },
    { 12, 12, 0, 3, 12, 13123 },
    { 12, 12, 0, 3, 12, 13147 },
    { 12, 11, 0, 4, 12, 13171 },
    { 12, 12, 0, 3, 12, 13193 },
    { 12, 12, 0, 3, 12, 13217 },
    { 12, 12, 0, 3, 12, 13241 },
    { 12, 11, 0, 3, 12, 13265 },
    { 12, 11, 0, 3, 12, 13287 },
    { 12, 11, 0, 4, 12, 13309 },
    { 12, 12, 0, 3, 12, 13331 },
    { 12, 11, 0, 4, 12, 13355 },
    { 12, 12, 0, 3, 12, 13377 },
    { 12, 12, 0, 3, 12, 13401 },
    { 12, 11, 0, 4, 12, 13425 },
    { 12, 12, 0, 3, 12, 13447 },
    { 12, 12, 0, 3, 12, 13471 },
    { 12, 11, 0, 4, 12, 13495 },
    { 12, 10, 0, 4, 12, 13517 },
    { 12, 11, 0, 3, 12, 13537 },
    { 12, 12, 0, 3, 12, 13559 },
    { 12, 12, 0, 3, 12, 13583 },
    { 12, 12, 0, 3, 12, 13607 },
    { 12, 12, 0, 3, 12, 13631 },
    { 12, 12, 0, 3, 12, 13655 },
    { 12, 12, 0, 3, 12, 13679 },
    { 12, 12, 0, 3, 12, 13703 },
    { 12, 12, 0, 3, 12, 13727 },
    { 12, 12, 0, 3, 12, 13751 },
    { 12, 12, 0, 3, 12, 13775 },
    { 12, 12, 0, 3, 12, 13799 },
    { 12, 11, 0, 3, 12, 13823 },
    { 12, 12, 0, 3, 12, 13845 },
    { 12, 11, 0, 4, 12, 13869 },
    { 12, 11, 0, 4, 12, 13891 },
    { 12, 12, 0, 3, 12, 13913 },
    { 12, 10, 0, 4, 12, 13937 },
    { 12, 12, 0, 3, 12, 13957 },
    { 12, 12, 0, 3, 12, 13981 },
    { 12, 10, 0, 4, 12, 14005 },
    { 12, 12, 0, 3, 12, 14025 },
    { 12, 11, 0, 3, 12, 14049 },
    { 12, 11, 0, 3, 12, 14071 },
    { 12, 11, 0, 4, 12, 14093 },
    { 12, 12, 0, 3, 12, 14115 },
    { 12, 12, 0, 3, 12, 14139 },
    { 12, 11, 0, 4, 12, 14163 },
    { 12, 10, 0, 4, 12, 14185 },
    { 12, 12, 0, 3, 12, 14205 },
    { 12, 12, 0, 3, 12, 14229 },
    { 12, 12, 0, 3, 12, 14253 },
    { 12, 11, 0, 3, 12, 14277 },
    { 12, 11, 0, 3, 12, 14299 },
    { 12, 12, 0, 3, 12, 14321 },
    { 12, 12, 0, 3, 12, 14345 },
    { 12, 12, 0, 3, 12, 14369 },
    { 12, 12, 0, 3, 12, 14393 },
    { 12, 12, 0, 3, 12, 14417 },
    { 12, 12, 0, 3, 12, 14441 },
    { 12, 12, 0, 3, 12, 14465 },
    { 12, 12, 0, 3, 12, 14489 },
    { 12, 12, 0, 3, 12, 14513 },
    { 12, 12, 0, 3, 12, 14537 },
    { 12, 12, 0, 3, 12, 14561 },
    { 12, 12, 0, 3, 12, 14585 },
    { 12, 12, 0, 3, 12, 14609 },
    { 12, 12, 0, 3, 12, 14633 },
    { 12, 12, 0, 3, 12, 14657 },
    { 12, 11, 0, 4, 12, 14681 },
    { 12, 12, 0, 3, 12, 14703 },
    { 12, 11, 0, 3, 12, 14727 },
    { 12, 12, 0, 3, 12, 14749 },
    { 12, 12, 0, 3, 12, 14773 },
    { 12, 11, 0, 3, 12, 14797 },
    { 12, 12, 0, 3, 12, 14819 },
    { 12, 12, 0, 3, 12, 14843 },
    { 12, 11, 0, 3, 12, 14867 },
    { 12, 12, 0, 3, 12, 14889 },
    { 12, 10, 0, 4, 12, 14913 },
    { 12, 12, 0, 3, 12, 14933 },
    { 12, 11, 0, 3, 12, 14957 },
    { 12, 12, 0, 3, 12, 14979 },
    { 12, 12, 0, 3, 12, 15003 },
    { 12, 12, 0, 3, 12, 15027 },
    { 12, 10, 0, 4, 12, 15051 },
    { 12, 12, 0, 3, 12, 15071 },
    { 12, 12, 0, 3, 12, 15095 },
    { 12, 12, 0, 3, 12, 15119 },
    { 12, 12, 0, 3, 12, 15143 },
    { 12, 12, 0, 3, 12, 15167 },
    { 12, 12, 0, 3, 12, 15191 },
    { 12, 12, 0, 3, 12, 15215 },
    { 12, 12, 0, 3, 12, 15239 },
    { 12, 12, 0, 3, 12, 15263 },
    { 12, 12, 0, 3, 12, 15287 },
    { 12, 12, 0, 3, 12, 15311 },
    { 12, 12, 0, 3, 12, 15335 },
    { 12, 12, 0, 3, 12, 15359 },
    { 12, 12, 0, 3, 12, 15383 },
    { 12, 12, 0, 3, 12, 15407 },
    { 12, 11, 0, 4, 12, 15431 },
    { 12, 11, 0, 3, 12, 15453 },
    { 12, 12, 0, 3, 12, 15475 },
    { 12, 11, 0, 4, 12, 15499 },
    { 12, 12, 0, 3, 12, 15521 },
    { 12, 12, 0, 3, 12, 15545 },
    { 12, 12, 0, 3, 12, 15569 },
    { 12, 12, 0, 3, 12, 15593 },
    { 12, 12, 0, 3, 12, 15617 },
    { 12, 12, 0, 3, 12, 15641 },
    { 12, 12, 0, 3, 12, 15665 },
    { 12, 12, 0, 3, 12, 15689 },
    { 12, 12, 0, 3, 12, 15713 },
    { 12, 12, 0, 3, 12, 15737 },
    { 12, 12, 0, 3, 12, 15761 },
    { 12, 12, 0, 3, 12, 15785 },
    { 12, 12, 0, 3, 12, 15809 },
    { 12, 12, 0, 3, 12, 15833 },
    { 12, 12, 0, 3, 12, 15857 },
    { 12, 12, 0, 3, 12, 15881 },
    { 12, 12, 0, 3, 12, 15905 },
    { 12, 12, 0, 3, 12, 15929 },
    { 12, 12, 0, 3, 12, 15953 },
    { 12, 11, 0, 3, 12, 15977 },
    { 12, 11, 0, 3, 12, 15999 },
    { 12, 12, 0, 3, 12, 16021 },
    { 12, 12, 0, 3, 12, 16045 },
    { 12, 12, 0, 3, 12, 16069 },
    { 12, 12, 0, 3, 12, 16093 },
    { 12, 12, 0, 3, 12, 16117 },
    { 12, 12, 0, 3, 12, 16141 },
    { 12, 11, 0, 4, 12, 16165 },
    { 12, 12, 0, 3, 12, 16187 },
    { 12, 12, 0, 3, 12, 16211 },
    { 12, 12, 0, 3, 12, 16235 },
    { 12, 12, 0, 3, 12, 16259 },
    { 12, 12, 0, 3, 12, 16283 },
    { 12, 12, 0, 3, 12, 16307 },
    { 12, 12, 0, 3, 12, 16331 },
    { 12, 12, 0, 3, 12, 16355 },
    { 12, 12, 0, 3, 12, 16379 },
    { 12, 12, 0, 3, 12, 16403 },
    { 12, 12, 0, 3, 12, 16427 },
    { 12, 11, 0, 3, 12, 16451 },
    { 12, 12, 0, 3, 12, 16473 },
    { 12, 12, 0, 3, 12, 16497 },
    { 12, 11, 0, 3, 12, 16521 },
    { 12, 12, 0, 3, 12, 16543 },
    { 12, 12, 0, 3, 12, 16567 },
    { 12, 12, 0, 3, 12, 16591 },
    { 12, 12, 0, 3, 12, 16615 },
    { 12, 12, 0, 3, 12, 16639 },
    { 12, 12, 0, 3, 12, 16663 },
    { 12, 12, 0, 3, 12, 16687 },
    { 12, 11, 0, 4, 12, 16711 },
    { 12, 11, 0, 4, 12, 16733 },
    { 12, 12, 0, 3, 12, 16755 },
    { 12, 12, 0, 3, 12, 16779 },
    { 12, 12, 0, 3, 12, 16803 },
    { 12, 12, 0, 3, 12, 16827 },
    { 12, 12, 0, 3, 12, 16851 },
    { 12, 11, 0, 4, 12, 16875 },
    { 12, 12, 0, 3, 12, 16897 },
    { 12, 12, 0, 3, 12, 16921 },
    { 12, 12, 0, 3, 12, 16945 },
    { 12, 12, 0, 3, 12, 16969 },
    { 12, 12, 0, 3, 12, 16993 },
    { 12, 12, 0, 3, 12, 17017 },
    { 12, 12, 0, 3, 12, 17041 },
    { 12, 12, 0, 3, 12, 17065 },
    { 12, 11, 0, 3, 12, 17089 },
    { 12, 11, 0, 3, 12, 17111 },
    { 12, 12, 0, 3, 12, 17133 },
    { 12, 11, 0, 3, 12, 17157 },
    { 12, 11, 0, 3, 12, 17179 },
    { 12, 12, 0, 3, 12, 17201 },
    { 12, 12, 0, 3, 12, 17225 },
    { 12, 12, 0, 3, 12, 17249 },
    { 12, 11, 0, 3, 12, 17273 },
    { 12, 12, 0, 3, 12, 17295 },
    { 12, 12, 0, 3, 12, 17319 },
    { 12, 12, 0, 3, 12, 17343 },
    { 12, 12, 0, 3, 12, 17367 },
    { 12, 12, 0, 3, 12, 17391 },
    { 12, 11, 0, 3, 12, 17415 },
    { 12, 12, 0, 3, 12, 17437 },
    { 12, 12, 0, 3, 12, 17461 },
    { 12, 11, 0, 3, 12, 17485 },
    { 12, 12, 0, 3, 12, 17507 },
    { 12, 12, 0, 3, 12, 17531 },
    { 12, 11, 0, 3, 12, 17555 },
    { 12, 12, 0, 3, 12, 17577 },
    { 12, 11, 0, 3, 12, 17601 },
    { 12, 12, 0, 3, 12, 17623 },
    { 12, 12, 0, 3, 12, 17647 },
    { 12, 11, 0, 3, 12, 17671 },
    { 12, 12, 0, 3, 12, 17693 },
    { 12, 11, 0, 3, 12, 17717 },
    { 12, 12, 0, 3, 12, 17739 },
    { 12, 11, 0, 3, 12, 17763 },
    { 12, 11, 0, 3, 12, 17785 },
    { 12, 11, 0, 3, 12, 17807 },
    { 12, 11, 0, 3, 12, 17829 },
    { 12, 11, 0, 3, 12, 17851 },
    { 12, 12, 0, 3, 12, 17873 },
    { 12, 12, 0, 3, 12, 17897 },
    { 12, 11, 0, 3, 12, 17921 },
    { 12, 11, 0, 3, 12, 17943 },
    { 12, 11, 0, 3, 12, 17965 },
    { 12, 12, 0, 3, 12, 17987 },
    { 12, 12, 0, 3, 12, 18011 },
    { 12, 12, 0, 3, 12, 18035 },
    { 12, 11, 0, 3, 12, 18059 },
    { 12, 12, 0, 3, 12, 18081 },
    { 12, 12, 0, 3, 12, 18105 },
    { 12, 12, 0, 3, 12, 18129 },
    { 12, 12, 0, 3, 12, 18153 },
    { 12, 12, 0, 3, 12, 18177 },
    { 12, 11, 0, 3, 12, 18201 },
    { 12, 11, 0, 3, 12, 18223 },
    { 12, 12, 0, 3, 12, 18245 },
    { 12, 11, 0, 3, 12, 18269 },
    { 12, 11, 0, 3, 12, 18291 },
    { 12, 11, 0, 3, 12, 18313 },
    { 12, 12, 0, 3, 12, 18335 },
    { 12, 11, 0, 3, 12, 18359 },
    { 12, 11, 0, 3, 12, 18381 },
    { 12, 12, 0, 3, 12, 18403 },
    { 12, 12, 0, 3, 12, 18427 },
    { 12, 11, 0, 3, 12, 18451 },
    { 12, 12, 0, 3, 12, 18473 },
    { 12, 12, 0, 3, 12, 18497 },
    { 12, 11, 0, 3, 12, 18521 },
    { 12, 12, 0, 3, 12, 18543 },
    { 12, 12, 0, 3, 12, 18567 },
    { 12, 11, 0, 3, 12, 18591 },
    { 12, 12, 0, 3, 12, 18613 },
    { 12, 11, 0, 3, 12, 18637 },
    { 12, 12, 0, 3, 12, 18659 },
    { 12, 12, 0, 3, 12, 18683 },
    { 12, 12, 0, 3, 12, 18707 },
    { 12, 11, 0, 3, 12, 18731 },
    { 12, 12, 0, 3, 12, 18753 },
    { 12, 11, 0, 3, 12, 18777 },
    { 12, 12, 0, 3, 12, 18799 },
    { 12, 12, 0, 3, 12, 18823 },
    { 12, 11, 0, 3, 12, 18847 },
    { 12, 11, 0, 3, 12, 18869 },
    { 12, 12, 0, 3, 12, 18891 },
    { 12, 12, 0, 3, 12, 18915 },
    { 12, 12, 0, 3, 12, 18939 },
    { 12, 11, 0, 3, 12, 18963 },
    { 12, 11, 0, 3, 12, 18985 },
    { 12, 12, 0, 3, 12, 19007 },
    { 12, 12, 0, 3, 12, 19031 },
    { 12, 12, 0, 3, 12, 19055 },
    { 12, 12, 0, 3, 12, 19079 },
    { 12, 12, 0, 3, 12, 19103 },
    { 12, 12, 0, 3, 12, 19127 },
    { 12, 12, 0, 3, 12, 19151 },
    { 12, 12, 0, 3, 12, 19175 },
    { 12, 12, 0, 3, 12, 19199 },
    { 12, 12, 0, 3, 12, 19223 },
    { 12, 11, 0, 4, 12, 19247 },
    { 12, 12, 0, 3, 12, 19269 },
    { 12, 12, 0, 3, 12, 19293 },
    { 12, 12, 0, 3, 12, 19317 },
    { 12, 12, 0, 3, 12, 19341 },
    { 12, 12, 0, 3, 12, 19365 },
    { 12, 12, 0, 3, 12, 19389 },
    { 12, 12, 0, 3, 12, 19413 },
    { 12, 12, 0, 3, 12, 19437 },
    { 12, 12, 0, 3, 12, 19461 },
    { 12, 12, 0, 3, 12, 19485 },
    { 12, 11, 0, 3, 12, 19509 },
    { 12, 12, 0, 3, 12, 19531 },
    { 12, 12, 0, 3, 12, 19555 },
    { 12, 12, 0, 3, 12, 19579 },
    { 12, 12, 0, 3, 12, 19603 },
    { 12, 11, 0, 3, 12, 19627 },
    { 12, 12, 0, 3, 12, 19649 },
    { 12, 12, 0, 3, 12, 19673 },
    { 12, 12, 0, 3, 12, 19697 },
    { 12, 12, 0, 3, 12, 19721 },
    { 12, 12, 0, 3, 12, 19745 },
    { 12, 12, 0, 3, 12, 19769 },
    { 12, 12, 0, 3, 12, 19793 },
    { 12, 12, 0, 3, 12, 19817 },
    { 12, 12, 0, 3, 12, 19841 },
    { 12, 12, 0, 3, 12, 19865 },
    { 12, 12, 0, 3, 12, 19889 },
    { 12, 12, 0, 3, 12, 19913 },
    { 12, 12, 0, 3, 12, 19937 },
    { 12, 12, 0, 3, 12, 19961 },
    { 12, 12, 0, 3, 12, 19985 },
    { 12, 12, 0, 3, 12, 20009 },
    { 12, 12, 0, 3, 12, 20033 },
    { 12, 12, 0, 3, 12, 20057 },
    { 12, 12, 0, 3, 12, 20081 },
    { 12, 12, 0, 3, 12, 20105 },
    { 12, 12, 0, 3, 12, 20129 },
    { 12, 12, 0, 3, 12, 20153 },
    { 12, 12, 0, 3, 12, 20177 },
    { 12, 12, 0, 3, 12, 20201 },
    { 12, 12, 0, 3, 12, 20225 },
    { 12, 12, 0, 3, 12, 20249 },
    { 12, 12, 0, 3, 12, 20273 },
    { 12, 12, 0, 3, 12, 20297 },
    { 12, 12, 0, 3, 12, 20321 },
    { 12, 12, 0, 3, 12, 20345 },
    { 12, 12, 0, 3, 12, 20369 },
    { 12, 12, 0, 3, 12, 20393 },
    { 12, 12, 0, 3, 12, 20417 },
    { 12, 12, 0, 3, 12, 20441 },
    { 12, 12, 0, 3, 12, 20465 },
    { 12, 12, 0, 3, 12, 20489 },
    { 12, 12, 0, 3, 12, 20513 },
    { 12, 12, 0, 3, 12, 20537 },
    { 12, 12, 0, 3, 12, 20561 },
    { 12, 12, 0, 3, 12, 20585 },
    { 12, 12, 0, 3, 12, 20609 },
    { 12, 12, 0, 3, 12, 20633 },
    { 12, 12, 0, 3, 12, 20657 },
    { 12, 12, 0, 3, 12, 20681 },
    { 12, 12, 0, 3, 12, 20705 },
    { 12, 12, 0, 3, 12, 20729 },
    { 12, 12, 0, 3, 12, 20753 },
    { 12, 12, 0, 3, 12, 20777 },
    { 12, 12, 0, 3, 12, 20801 },
    { 12, 12, 0, 3, 12, 20825 },
    { 12, 12, 0, 3, 12, 20849 },
    { 12, 12, 0, 3, 12, 20873 },
    { 12, 12, 0, 3, 12, 20897 },
    { 12, 12, 0, 3, 12, 20921 },
    { 12, 12, 0, 3, 12, 20945 },
    { 12, 12, 0, 3, 12, 20969 },
    { 12, 12, 0, 3, 12, 20993 },
    { 12, 12, 0, 3, 12, 21017 },
    { 12, 12, 0, 3, 12, 21041 },
    { 12, 12, 0, 3, 12, 21065 },
    { 12, 12, 0, 3, 12, 21089 },
    { 12, 12, 0, 3, 12, 21113 },
    { 12, 12, 0, 3, 12, 21137 },
    { 12, 12, 0, 3, 12, 21161 },
    { 12, 12, 0, 3, 12, 21185 },
    { 12, 12, 0, 3, 12, 21209 },
    { 12, 12, 0, 3, 12, 21233 },
    { 12, 12, 0, 3, 12, 21257 },
    { 12, 12, 0, 3, 12, 21281 },
    { 12, 12, 0, 3, 12, 21305 },
    { 12, 10, 0, 4, 12, 21329 },
    { 12, 12, 0, 3, 12, 21349 },
    { 12, 12, 0, 3, 12, 21373 },
    { 12, 12, 0, 3, 12, 21397 },
    { 12, 12, 0, 3, 12, 21421 },
    { 12, 12, 0, 3, 12, 21445 },
    { 12, 12, 0, 3, 12, 21469 },
    { 12, 12, 0, 3, 12, 21493 },
    { 12, 11, 0, 3, 12, 21517 },
    { 12, 12, 0, 3, 12, 21539 },
    { 12, 12, 0, 3, 12, 21563 },
    { 12, 12, 0, 3, 12, 21587 },
    { 12, 12, 0, 3, 12, 21611 },
    { 12, 12, 0, 3, 12, 21635 },
    { 12, 12, 0, 3, 12, 21659 },
    { 12, 12, 0, 3, 12, 21683 },
    { 12, 12, 0, 3, 12, 21707 },
    { 12, 12, 0, 3, 12, 21731 },
    { 12, 12, 0, 3, 12, 21755 },
    { 12, 11, 0, 3, 12, 21779 },
    { 12, 11, 0, 3, 12, 21801 },
    { 12, 11, 0, 3, 12, 21823 },
    { 12, 12, 0, 3, 12, 21845 },
    { 12, 12, 0, 3, 12, 21869 },
    { 12, 12, 0, 3, 12, 21893 },
    { 12, 12, 0, 3, 12, 21917 },
    { 12, 12, 0, 3, 12, 21941 },
    { 12, 12, 0, 3, 12, 21965 },
    { 12, 12, 0, 3, 12, 21989 },
    { 12, 12, 0, 3, 12, 22013 },
    { 12, 12, 0, 3, 12, 22037 },
    { 12, 12, 0, 3, 12, 22061 },
    { 12, 11, 0, 3, 12, 22085 },
    { 12, 11, 0, 3, 12, 22107 },
    { 12, 12, 0, 3, 12, 22129 },
    { 12, 12, 0, 3, 12, 22153 },
    { 12, 12, 0, 3, 12, 22177 },
    { 12, 12, 0, 3, 12, 22201 },
    { 12, 11, 0, 3, 12, 22225 },
    { 12, 11, 0, 3, 12, 22247 },
    { 12, 11, 0, 3, 12, 22269 },
    { 12, 12, 0, 3, 12, 22291 },
    { 12, 12, 0, 3, 12, 22315 },
    { 12, 12, 0, 3, 12, 22339 },
    { 12, 12, 0, 3, 12, 22363 },
    { 12, 12, 0, 3, 12, 22387 },
    { 12, 12, 0, 3, 12, 22411 },
    { 12, 12, 0, 3, 12, 22435 },
    { 12, 12, 0, 3, 12, 22459 },
    { 12, 12, 0, 3, 12, 22483 },
    { 12, 12, 0, 3, 12, 22507 },
    { 12, 12, 0, 3, 12, 22531 },
    { 12, 12, 0, 3, 12, 22555 },
    { 12, 12, 0, 3, 12, 22579 },
    { 12, 12, 0, 3, 12, 22603 },
    { 12, 12, 0, 3, 12, 22627 },
    { 12, 12, 0, 3, 12, 22651 },
    { 12, 12, 0, 3, 12, 22675 },
    { 12, 12, 0, 3, 12, 22699 },
    { 12, 12, 0, 3, 12, 22723 },
    { 12, 12, 0, 3, 12, 22747 },
    { 12, 12, 0, 3, 12, 22771 },
    { 12, 12, 0, 3, 12, 22795 },
    { 12, 12, 0, 3, 12, 22819 },
    { 12, 12, 0, 3, 12, 22843 },
    { 12, 12, 0, 3, 12, 22867 },
    { 12, 12, 0, 3, 12, 22891 },
    { 12, 11, 0, 3, 12, 22915 },
    { 12, 12, 0, 3, 12, 22937 },
    { 12, 12, 0, 3, 12, 22961 },
    { 12, 12, 0, 3, 12, 22985 },
    { 12, 12, 0, 3, 12, 23009 },
    { 12, 12, 0, 3, 12, 23033 },
    { 12, 12, 0, 3, 12, 23057 },
    { 12, 12, 0, 3, 12, 23081 },
    { 12, 12, 0, 3, 12, 23105 },
    { 12, 12, 0, 3, 12, 23129 },
    { 12, 12, 0, 2, 12, 23153 },
    { 12, 12, 0, 3, 12, 23177 },
    { 12, 12, 0, 3, 12, 23201 },
    { 12, 12, 0, 3, 12, 23225 },
    { 12, 12, 0, 3, 12, 23249 },
    { 12, 11, 0, 3, 12, 23273 },
    { 12, 12, 0, 3, 12, 23295 },
    { 12, 12, 0, 3, 12, 23319 },
    { 12, 12, 0, 3, 12, 23343 },
    { 12, 12, 0, 3, 12, 23367 },
    { 12, 12, 0, 3, 12, 23391 },
    { 12, 11, 0, 4, 12, 23415 },
    { 12, 12, 0, 3, 12, 23437 },
    { 12, 12, 0, 3, 12, 23461 },
    { 12, 12, 0, 3, 12, 23485 },
    { 12, 12, 0, 3, 12, 23509 },
    { 12, 12, 0, 3, 12, 23533 },
    { 12, 11, 0, 4, 12, 23557 },
    { 12, 12, 0, 3, 12, 23579 },
    { 12, 12, 0, 3, 12, 23603 },
    { 12, 11, 0, 4, 12, 23627 },
    { 12, 11, 0, 4, 12, 23649 },
    { 12, 12, 0, 3, 12, 23671 },
    { 12, 12, 0, 3, 12, 23695 },
    { 12, 12, 0, 3, 12, 23719 },
    { 12, 11, 0, 4, 12, 23743 },
    { 12, 11, 0, 4, 12, 23765 },
    { 12, 12, 0, 3, 12, 23787 },
    { 12, 12, 0, 3, 12, 23811 },
    { 12, 12, 0, 3, 12, 23835 },
    { 12, 12, 0, 3, 12, 23859 },
    { 12, 12, 0, 3, 12, 23883 },
    { 12, 12, 0, 3, 12, 23907 },
    { 12, 12, 0, 3, 12, 23931 },
    { 12, 11, 0, 3, 12, 23955 },
    { 12, 12, 0, 3, 12, 23977 },
    { 12, 11, 0, 3, 12, 24001 },
    { 12, 12, 0, 3, 12, 24023 },
    { 12, 12, 0, 3, 12, 24047 },
    { 12, 11, 0, 3, 12, 24071 },
    { 12, 12, 0, 3, 12, 24093 },
    { 12, 12, 0, 3, 12, 24117 },
    { 12, 12, 0, 3, 12, 24141 },
    { 12, 12, 0, 3, 12, 24165 },
    { 12, 12, 0, 3, 12, 24189 },
    { 12, 12, 0, 3, 12, 24213 },
    { 12, 12, 0, 3, 12, 24237 },
    { 12, 12, 0, 3, 12, 24261 },
    { 12, 12, 0, 3, 12, 24285 },
    { 12, 12, 0, 3, 12, 24309 },
    { 12, 12, 0, 3, 12, 24333 },
    { 12, 12, 0, 3, 12, 24357 },
    { 12, 12, 0, 3, 12, 24381 },
    { 12, 12, 0, 3, 12, 24405 },
    { 12, 12, 0, 3, 12, 24429 },
    { 12, 12, 0, 3, 12, 24453 },
    { 12, 12, 0, 3, 12, 24477 },
    { 12, 12, 0, 3, 12, 24501 },
    { 12, 12, 0, 3, 12, 24525 },
    { 12, 12, 0, 3, 12, 24549 },
    { 12, 12, 0, 3, 12, 24573 },
    { 12, 12, 0, 3, 12, 24597 },
    { 12, 12, 0, 3, 12, 24621 },
    { 12, 12, 0, 3, 12, 24645 },
    { 12, 12, 0, 3, 12, 24669 },
    { 12, 12, 0, 3, 12, 24693 },
    { 12, 11, 0, 3, 12, 24717 },
    { 12, 12, 0, 3, 12, 24739 },
    { 12, 10, 0, 4, 12, 24763 },
    { 12, 11, 0, 3, 12, 24783 },
    { 12, 10, 0, 4, 12, 24805 },
    { 12, 10, 0, 4, 12, 24825 },
    { 12, 11, 0, 4, 12, 24845 },
    { 12, 10, 0, 4, 12, 24867 },
    { 12, 11, 0, 3, 12, 24887 },
    { 12, 10, 0, 4, 12, 24909 },
    { 12, 10, 0, 4, 12, 24929 },
    { 12, 10, 0, 4, 12, 24949 },
    { 12, 10, 0, 4, 12, 24969 },
    { 12, 11, 0, 3, 12, 24989 },
    { 12, 12, 0, 3, 12, 25011 },
    { 12, 12, 0, 3, 12, 25035 },
    { 12, 12, 0, 3, 12, 25059 },
    { 12, 12, 0, 3, 12, 25083 },
    { 12, 12, 0, 3, 12, 25107 },
    { 12, 12, 0, 3, 12, 25131 },
    { 12, 12, 0, 3, 12, 25155 },
    { 12, 12, 0, 3, 12, 25179 },
    { 12, 12, 0, 3, 12, 25203 },
    { 12, 12, 0, 3, 12, 25227 },
    { 12, 12, 0, 3, 12, 25251 },
    { 12, 12, 0, 3, 12, 25275 },
    { 12, 12, 0, 3, 12, 25299 },
    { 12, 12, 0, 3, 12, 25323 },
    { 12, 12, 0, 3, 12, 25347 },
    { 12, 12, 0, 3, 12, 25371 },
    { 12, 12, 0, 3, 12, 25395 },
    { 12, 12, 0, 3, 12, 25419 },
    { 12, 12, 0, 3, 12, 25443 },
    { 12, 12, 0, 3, 12, 25467 },
    { 12, 12, 0, 3, 12, 25491 },
    { 12, 12, 0, 3, 12, 25515 },
    { 12, 12, 0, 3, 12, 25539 },
    { 12, 12, 0, 3, 12, 25563 },
    { 12, 12, 0, 3, 12, 25587 },
    { 12, 12, 0, 3, 12, 25611 },
    { 12, 12, 0, 3, 12, 25635 },
    { 12, 11, 0, 4, 12, 25659 },
    { 12, 11, 0, 4, 12, 25681 },
    { 12, 12, 0, 3, 12, 25703 },
    { 12, 12, 0, 3, 12, 25727 },
    { 12, 12, 0, 3, 12, 25751 },
    { 12, 11, 0, 3, 12, 25775 },
    { 12, 12, 0, 3, 12, 25797 },
    { 12, 12, 0, 3, 12, 25821 },
    { 12, 12, 0, 3, 12, 25845 },
    { 12, 12, 0, 3, 12, 25869 },
    { 12, 12, 0, 3, 12, 25893 },
    { 12, 12, 0, 3, 12, 25917 },
    { 12, 12, 0, 3, 12, 25941 },
    { 12, 12, 0, 3, 12, 25965 },
    { 12, 12, 0, 3, 12, 25989 },
    { 12, 12, 0, 3, 12, 26013 },
    { 12, 12, 0, 3, 12, 26037 },
    { 12, 12, 0, 3, 12, 26061 },
    { 12, 12, 0, 3, 12, 26085 },
    { 12, 12, 0, 3, 12, 26109 },
    { 12, 12, 0, 3, 12, 26133 },
    { 12, 12, 0, 3, 12, 26157 },
    { 12, 12, 0, 3, 12, 26181 },
    { 12, 12, 0, 3, 12, 26205 },
    { 12, 12, 0, 3, 12, 26229 },
    { 12, 12, 0, 3, 12, 26253 },
    { 12, 12, 0, 3, 12, 26277 },
    { 12, 12, 0, 3, 12, 26301 },
    { 12, 12, 0, 3, 12, 26325 },
    { 12, 12, 0, 3, 12, 26349 },
    { 12, 12, 0, 3, 12, 26373 },
    { 12, 12, 0, 3, 12, 26397 },
    { 12, 12, 0, 3, 12, 26421 },
    { 12, 12, 0, 3, 12, 26445 },
    { 12, 12, 0, 3, 12, 26469 },
    { 12, 12, 0, 3, 12, 26493 },
    { 12, 12, 0, 3, 12, 26517 },
    { 12, 11, 0, 4, 12, 26541 },
    { 12, 12, 0, 3, 12, 26563 },
    { 12, 12, 0, 3, 12, 26587 },
    { 12, 11, 0, 4, 12, 26611 },
    { 12, 12, 0, 3, 12, 26633 },
    { 12, 12, 0, 3, 12, 26657 },
    { 12, 10, 0, 4, 12, 26681 },
    { 12, 12, 0, 3, 12, 26701 },
    { 12, 12, 0, 3, 12, 26725 },
    { 12, 11, 0, 3, 12, 26749 },
    { 12, 12, 0, 3, 12, 26771 },
    { 12, 12, 0, 3, 12, 26795 },
    { 12, 12, 0, 3, 12, 26819 },
    { 12, 12, 0, 3, 12, 26843 },
    { 12, 12, 0, 3, 12, 26867 },
    { 12, 12, 0, 3, 12, 26891 },
    { 12, 12, 0, 3, 12, 26915 },
    { 12, 11, 0, 3, 12, 26939 },
    { 12, 12, 0, 3, 12, 26961 },
    { 12, 11, 0, 4, 12, 26985 },
    { 12, 12, 0, 3, 12, 27007 },
    { 12, 12, 0, 3, 12, 27031 },
    { 12, 12, 0, 3, 12, 27055 },
    { 12, 12, 0, 3, 12, 27079 },
    { 12, 12, 0, 3, 12, 27103 },
    { 12, 12, 0, 3, 12, 27127 },
    { 12, 12, 0, 3, 12, 27151 },
    { 12, 12, 0, 3, 12, 27175 },
    { 12, 12, 0, 3, 12, 27199 },
    { 12, 12, 0, 3, 12, 27223 },
    { 12, 12, 0, 3, 12, 27247 },
    { 12, 12, 0, 3, 12, 27271 },
    { 12, 12, 0, 3, 12, 27295 },
    { 12, 12, 0, 3, 12, 27319 },
    { 12, 12, 0, 3, 12, 27343 },
    { 12, 12, 0, 3, 12, 27367 },
    { 12, 12, 0, 3, 12, 27391 },
    { 12, 12, 0, 3, 12, 27415 },
    { 12, 12, 0, 3, 12, 27439 },
    { 12, 12, 0, 3, 12, 27463 },
    { 12, 12, 0, 3, 12, 27487 },
    { 12, 12, 0, 3, 12, 27511 },
    { 12, 12, 0, 3, 12, 27535 },
    { 12, 12, 0, 3, 12, 27559 },
    { 12, 12, 0, 3, 12, 27583 },
    { 12, 12, 0, 3, 12, 27607 },
    { 12, 12, 0, 3, 12, 27631 },
    { 12, 12, 0, 3, 12, 27655 },
    { 12, 12, 0, 3, 12, 27679 },
    { 12, 12, 0, 3, 12, 27703 },
    { 12, 12, 0, 3, 12, 27727 },
    { 12, 12, 0, 3, 12, 27751 },
    { 12, 11, 0, 3, 12, 27775 },
    { 12, 11, 0, 3, 12, 27797 },
    { 12, 12, 0, 3, 12, 27819 },
    { 12, 11, 0, 3, 12, 27843 },
    { 12, 10, 0, 4, 12, 27865 },
    { 12, 11, 0, 3, 12, 27885 },
    { 12, 11, 0, 3, 12, 27907 },
    { 12, 12, 0, 3, 12, 27929 },
    { 12, 11, 0, 3, 12, 27953 },
    { 12, 12, 0, 3, 12, 27975 },
    { 12, 12, 0, 3, 12, 27999 },
    { 12, 12, 0, 3, 12, 28023 },
    { 12, 11, 0, 3, 12, 28047 },
    { 12, 12, 0, 3, 12, 28069 },
    { 12, 11, 0, 3, 12, 28093 },
    { 12, 11, 0, 3, 12, 28115 },
    { 12, 12, 0, 3, 12, 28137 },
    { 12, 11, 0, 3, 12, 28161 },
    { 12, 11, 0, 3, 12, 28183 },
    { 12, 11, 0, 3, 12, 28205 },
    { 12, 11, 0, 3, 12, 28227 },
    { 12, 12, 0, 3, 12, 28249 },
    { 12, 12, 0, 3, 12, 28273 },
    { 12, 12, 0, 3, 12, 28297 },
    { 12, 12, 0, 3, 12, 28321 },
    { 12, 11, 0, 3, 12, 28345 },
    { 12, 12, 0, 3, 12, 28367 },
    { 12, 11, 0, 3, 12, 28391 },
    { 12, 12, 0, 3, 12, 28413 },
    { 12, 12, 0, 3, 12, 28437 },
    { 12, 12, 0, 3, 12, 28461 },
    { 12, 12, 0, 3, 12, 28485 },
    { 12, 11, 0, 3, 12, 28509 },
    { 12, 12, 0, 3, 12, 28531 },
    { 12, 12, 0, 3, 12, 28555 },
    { 12, 12, 0, 3, 12, 28579 },
    { 12, 10, 0, 4, 12, 28603 },
    { 12, 12, 0, 3, 12, 28623 },
    { 12, 11, 0, 3, 12, 28647 },
    { 12, 12, 0, 3, 12, 28669 },
    { 12, 12, 0, 3, 12, 28693 },
    { 12, 12, 0, 3, 12, 28717 },
    { 12, 12, 0, 3, 12, 28741 },
    { 12, 12, 0, 3, 12, 28765 },
    { 12, 12, 0, 3, 12, 28789 },
    { 12, 12, 0, 3, 12, 28813 },
    { 12, 11, 0, 3, 12, 28837 },
    { 12, 12, 0, 3, 12, 28859 },
    { 12, 11, 0, 3, 12, 28883 },
    { 12, 11, 0, 3, 12, 28905 },
    { 12, 12, 0, 3, 12, 28927 },
    { 12, 11, 0, 3, 12, 28951 },
    { 12, 12, 0, 3, 12, 28973 },
    { 12, 12, 0, 3, 12, 28997 },
    { 12, 12, 0, 3, 12, 29021 },
    { 12, 12, 0, 3, 12, 29045 },
    { 12, 12, 0, 3, 12, 29069 },
    { 12, 11, 0, 3, 12, 29093 },
    { 12, 11, 0, 3, 12, 29115 },
    { 12, 12, 0, 3, 12, 29137 },
    { 12, 11, 0, 3, 12, 29161 },
    { 12, 11, 0, 3, 12, 29183 },
    { 12, 12, 0, 3, 12, 29205 },
    { 12, 12, 0, 3, 12, 29229 },
    { 12, 12, 0, 3, 12, 29253 },
    { 12, 12, 0, 3, 12, 29277 },
    { 12, 12, 0, 3, 12, 29301 },
    { 12, 12, 0, 3, 12, 29325 },
    { 12, 12, 0, 3, 12, 29349 },
    { 12, 11, 0, 3, 12, 29373 },
    { 12, 12, 0, 3, 12, 29395 },
    { 12, 12, 0, 3, 12, 29419 },
    { 12, 12, 0, 3, 12, 29443 },
    { 12, 11, 0, 3, 12, 29467 },
    { 12, 12, 0, 3, 12, 29489 },
    { 12, 12, 0, 3, 12, 29513 },
    { 12, 12, 0, 3, 12, 29537 },
    { 12, 11, 0, 3, 12, 29561 },
    { 12, 12, 0, 3, 12, 29583 },
    { 12, 12, 0, 3, 12, 29607 },
    { 12, 12, 0, 3, 12, 29631 },
    { 12, 12, 0, 3, 12, 29655 },
    { 12, 12, 0, 3, 12, 29679 },
    { 12, 11, 0, 3, 12, 29703 },
    { 12, 12, 0, 3, 12, 29725 },
    { 12, 11, 0, 3, 12, 29749 },
    { 12, 12, 0, 3, 12, 29771 },
    { 12, 11, 0, 3, 12, 29795 },
    { 12, 11, 0, 3, 12, 29817 },
    { 12, 12, 0, 3, 12, 29839 },
    { 12, 11, 0, 3, 12, 29863 },
    { 12, 11, 0, 3, 12, 29885 },
    { 12, 11, 0, 3, 12, 29907 },
    { 12, 12, 0, 3, 12, 29929 },
    { 12, 12, 0, 3, 12, 29953 },
    { 12, 12, 0, 3, 12, 29977 },
    { 12, 12, 0, 3, 12, 30001 },
    { 12, 12, 0, 3, 12, 30025 },
    { 12, 12, 0, 3, 12, 30049 },
    { 12, 12, 0, 3, 12, 30073 },
    { 12, 12, 0, 3, 12, 30097 },
    { 12, 12, 0, 3, 12, 30121 },
    { 12, 12, 0, 3, 12, 30145 },
    { 12, 12, 0, 3, 12, 30169 },
    { 12, 11, 0, 3, 12, 30193 },
    { 12, 12, 0, 3, 12, 30215 },
    { 12, 11, 0, 3, 12, 30239 },
    { 12, 12, 0, 3, 12, 30261 },
    { 12, 11, 0, 3, 12, 30285 },
    { 12, 12, 0, 3, 12, 30307 },
    { 12, 12, 0, 3, 12, 30331 },
    { 12, 12, 0, 3, 12, 30355 },
    { 12, 12, 0, 3, 12, 30379 },
    { 12, 12, 0, 3, 12, 30403 },
    { 12, 12, 0, 3, 12, 30427 },
    { 12, 12, 0, 3, 12, 30451 },
    { 12, 12, 0, 3, 12, 30475 },
    { 12, 12, 0, 3, 12, 30499 },
    { 12, 12, 0, 3, 12, 30523 },
    { 12, 12, 0, 3, 12, 30547 },
    { 12, 12, 0, 3, 12, 30571 },
    { 12, 12, 0, 3, 12, 30595 },
    { 12, 12, 0, 3, 12, 30619 },
    { 12, 12, 0, 3, 12, 30643 },
    { 12, 12, 0, 3, 12, 30667 },
    { 12, 12, 0, 3, 12, 30691 },
    { 12, 12, 0, 3, 12, 30715 },
    { 12, 12, 0, 3, 12, 30739 },
    { 12, 12, 0, 3, 12, 30763 },
    { 12, 12, 0, 3, 12, 30787 },
    { 12, 12, 0, 3, 12, 30811 },
    { 12, 12, 0, 3, 12, 30835 },
    { 12, 12, 0, 3, 12, 30859 },
    { 12, 12, 0, 3, 12, 30883 },
    { 12, 12, 0, 3, 12, 30907 },
    { 12, 12, 0, 3, 12, 30931 },
    { 12, 12, 0, 3, 12, 30955 },
    { 12, 12, 0, 3, 12, 30979 },
    { 12, 12, 0, 3, 12, 31003 },
    { 12, 12, 0, 3, 12, 31027 },
    { 12, 12, 0, 3, 12, 31051 },
    { 12, 12, 0, 3, 12, 31075 },
    { 12, 12, 0, 3, 12, 31099 },
    { 12, 12, 0, 3, 12, 31123 },
    { 12, 12, 0, 3, 12, 31147 },
    { 12, 12, 0, 3, 12, 31171 },
    { 12, 12, 0, 3, 12, 31195 },
    { 12, 12, 0, 3, 12, 31219 },
    { 12, 12, 0, 3, 12, 31243 },
    { 12, 12, 0, 3, 12, 31267 },
    { 12, 12, 0, 3, 12, 31291 },
    { 12, 12, 0, 3, 12, 31315 },
    { 12, 12, 0, 3, 12, 31339 },
    { 12, 12, 0, 3, 12, 31363 },
    { 12, 12, 0, 3, 12, 31387 },
    { 12, 12, 0, 3, 12, 31411 },
    { 12, 12, 0, 3, 12, 31435 },
    { 12, 12, 0, 3, 12, 31459 },
    { 12, 12, 0, 3, 12, 31483 },
    { 12, 12, 0, 3, 12, 31507 },
    { 12, 11, 0, 4, 12, 31531 },
    { 12, 12, 0, 3, 12, 31553 },
    { 12, 12, 0, 3, 12, 31577 },
    { 12, 12, 0, 3, 12, 31601 },
    { 12, 12, 0, 3, 12, 31625 },
    { 12, 12, 0, 3, 12, 31649 },
    { 12, 12, 0, 3, 12, 31673 },
    { 12, 12, 0, 3, 12, 31697 },
    { 12, 12, 0, 3, 12, 31721 },
    { 12, 12, 0, 3, 12, 31745 },
    { 12, 12, 0, 3, 12, 31769 },
    { 12, 12, 0, 3, 12, 31793 },
    { 12, 12, 0, 3, 12, 31817 },
    { 12, 12, 0, 3, 12, 31841 },
    { 12, 12, 0, 3, 12, 31865 },
    { 12, 12, 0, 3, 12, 31889 },
    { 12, 12, 0, 3, 12, 31913 },
    { 12, 12, 0, 3, 12, 31937 },
    { 12, 12, 0, 3, 12, 31961 },
    { 12, 12, 0, 3, 12, 31985 },
    { 12, 12, 0, 3, 12, 32009 },
    { 12, 12, 0, 3, 12, 32033 },
    { 12, 11, 0, 3, 12, 32057 },
    { 12, 12, 0, 3, 12, 32079 },
    { 12, 12, 0, 3, 12, 32103 },
    { 12, 12, 0, 3, 12, 32127 },
    { 12, 12, 0, 3, 12, 32151 },
    { 12, 12, 0, 3, 12, 32175 },
    { 12, 12, 0, 3, 12, 32199 },
    { 12, 12, 0, 3, 12, 32223 },
    { 12, 12, 0, 3, 12, 32247 },
    { 12, 12, 0, 3, 12, 32271 },
    { 12, 12, 0, 3, 12, 32295 },
    { 12, 12, 0, 3, 12, 32319 },
    { 12, 12, 0, 3, 12, 32343 },
    { 12, 12, 0, 3, 12, 32367 },
    { 12, 12, 0, 3, 12, 32391 },
    { 12, 12, 0, 3, 12, 32415 },
    { 12, 12, 0, 3, 12, 32439 },
    { 12, 12, 0, 3, 12, 32463 },
    { 12, 12, 0, 3, 12, 32487 },
    { 12, 12, 0, 3, 12, 32511 },
    { 12, 12, 0, 3, 12, 32535 },
    { 12, 12, 0, 3, 12, 32559 },
    { 12, 12, 0, 3, 12, 32583 },
    { 12, 12, 0, 3, 12, 32607 },
    { 12, 12, 0, 3, 12, 32631 },
    { 12, 12, 0, 3, 12, 32655 },
    { 12, 11, 0, 3, 12, 32679 },
    { 12, 12, 0, 3, 12, 32701 },
    { 12, 12, 0, 3, 12, 32725 },
    { 12, 12, 0, 3, 12, 32749 },
    { 12, 12, 0, 3, 12, 32773 },
    { 12, 12, 0, 3, 12, 32797 },
    { 12, 12, 0, 3, 12, 32821 },
    { 12, 12, 0, 3, 12, 32845 },
    { 12, 12, 0, 3, 12, 32869 },
    { 12, 12, 0, 3, 12, 32893 },
    { 12, 12, 0, 3, 12, 32917 },
    { 12, 12, 0, 3, 12, 32941 },
    { 12, 12, 0, 3, 12, 32965 },
    { 12, 12, 0, 3, 12, 32989 },
    { 12, 12, 0, 3, 12, 33013 },
    { 12, 12, 0, 3, 12, 33037 },
    { 12, 12, 0, 3, 12, 33061 },
    { 12, 12, 0, 3, 12, 33085 },
    { 12, 12, 0, 3, 12, 33109 },
    { 12, 12, 0, 3, 12, 33133 },
    { 12, 12, 0, 3, 12, 33157 },
    { 12, 12, 0, 3, 12, 33181 },
    { 12, 12, 0, 3, 12, 33205 },
    { 12, 12, 0, 3, 12, 33229 },
    { 12, 12, 0, 3, 12, 33253 },
    { 12, 12, 0, 3, 12, 33277 },
    { 12, 12, 0, 3, 12, 33301 },
    { 12, 12, 0, 3, 12, 33325 },
    { 12, 12, 0, 3, 12, 33349 },
    { 12, 12, 0, 3, 12, 33373 },
    { 12, 12, 0, 3, 12, 33397 },
    { 12, 12, 0, 3, 12, 33421 },
    { 12, 11, 0, 3, 12, 33445 },
    { 12, 12, 0, 3, 12, 33467 },
    { 12, 12, 0, 3, 12, 33491 },
    { 12, 12, 0, 3, 12, 33515 },
    { 12, 12, 0, 3, 12, 33539 },
    { 12, 12, 0, 3, 12, 33563 },
    { 12, 12, 0, 3, 12, 33587 },
    { 12, 12, 0, 3, 12, 33611 },
    { 12, 12, 0, 3, 12, 33635 },
    { 12, 12, 0, 3, 12, 33659 },
    { 12, 12, 0, 3, 12, 33683 },
    { 12, 12, 0, 3, 12, 33707 },
    { 12, 12, 0, 3, 12, 33731 },
    { 12, 12, 0, 3, 12, 33755 },
    { 12, 12, 0, 3, 12, 33779 },
    { 12, 12, 0, 3, 12, 33803 },
    { 12, 12, 0, 3, 12, 33827 },
    { 12, 12, 0, 3, 12, 33851 },
    { 12, 12, 0, 3, 12, 33875 },
    { 12, 12, 0, 3, 12, 33899 },
    { 12, 12, 0, 3, 12, 33923 },
    { 12, 12, 0, 3, 12, 33947 },
    { 12, 12, 0, 3, 12, 33971 },
    { 12, 12, 0, 3, 12, 33995 },
    { 12, 12, 0, 3, 12, 34019 },
    { 12, 12, 0, 3, 12, 34043 },
    { 12, 12, 0, 3, 12, 34067 },
    { 12, 12, 0, 3, 12, 34091 },
    { 12, 11, 0, 3, 12, 34115 },
    { 12, 12, 0, 3, 12, 34137 },
    { 12, 12, 0, 3, 12, 34161 },
    { 12, 12, 0, 3, 12, 34185 },
    { 12, 12, 0, 3, 12, 34209 },
    { 12, 12, 0, 3, 12, 34233 },
    { 12, 12, 0, 3, 12, 34257 },
    { 12, 12, 0, 3, 12, 34281 },
    { 12, 12, 0, 3, 12, 34305 },
    { 12, 12, 0, 3, 12, 34329 },
    { 12, 12, 0, 3, 12, 34353 },
    { 12, 12, 0, 3, 12, 34377 },
    { 12, 12, 0, 3, 12, 34401 },
    { 12, 12, 0, 3, 12, 34425 },
    { 12, 12, 0, 3, 12, 34449 },
    { 12, 12, 0, 3, 12, 34473 },
    { 12, 12, 0, 3, 12, 34497 },
    { 12, 12, 0, 3, 12, 34521 },
    { 12, 12, 0, 3, 12, 34545 },
    { 12, 12, 0, 3, 12, 34569 },
    { 12, 12, 0, 3, 12, 34593 },
    { 12, 12, 0, 3, 12, 34617 },
    { 12, 12, 0, 3, 12, 34641 },
    { 12, 12, 0, 3, 12, 34665 },
    { 12, 12, 0, 3, 12, 34689 },
    { 12, 12, 0, 3, 12, 34713 },
    { 12, 12, 0, 3, 12, 34737 },
    { 12, 12, 0, 3, 12, 34761 },
    { 12, 12, 0, 3, 12, 34785 },
    { 12, 12, 0, 3, 12, 34809 },
    { 12, 12, 0, 3, 12, 34833 },
    { 12, 12, 0, 3, 12, 34857 },
    { 12, 12, 0, 3, 12, 34881 },
    { 12, 12, 0, 3, 12, 34905 },
    { 12, 12, 0, 3, 12, 34929 },
    { 12, 12, 0, 3, 12, 34953 },
    { 12, 12, 0, 3, 12, 34977 },
    { 12, 12, 0, 3, 12, 35001 },
    { 12, 12, 0, 3, 12, 35025 },
    { 12, 12, 0, 3, 12, 35049 },
    { 12, 12, 0, 3, 12, 35073 },
    { 12, 12, 0, 3, 12, 35097 },
    { 12, 12, 0, 3, 12, 35121 },
    { 12, 12, 0, 3, 12, 35145 },
    { 12, 12, 0, 3, 12, 35169 },
    { 12, 12, 0, 3, 12, 35193 },
    { 12, 12, 0, 3, 12, 35217 },
    { 12, 12, 0, 3, 12, 35241 },
    { 12, 12, 0, 3, 12, 35265 },
    { 12, 12, 0, 3, 12, 35289 },
    { 12, 12, 0, 3, 12, 35313 },
    { 12, 12, 0, 3, 12, 35337 },
    { 12, 12, 0, 3, 12, 35361 },
    { 12, 12, 0, 3, 12, 35385 },
    { 12, 12, 0, 3, 12, 35409 },
    { 12, 12, 0, 3, 12, 35433 },
    { 12, 12, 0, 3, 12, 35457 },
    { 12, 12, 0, 3, 12, 35481 },
    { 12, 12, 0, 3, 12, 35505 },
    { 12, 12, 0, 3, 12, 35529 },
    { 12, 12, 0, 3, 12, 35553 },
    { 12, 12, 0, 3, 12, 35577 },
    { 12, 12, 0, 3, 12, 35601 },
    { 12, 12, 0, 3, 12, 35625 },
    { 12, 12, 0, 3, 12, 35649 },
    { 12, 11, 0, 3, 12, 35673 },
    { 12, 12, 0, 3, 12, 35695 },
    { 12, 12, 0, 3, 12, 35719 },
    { 12, 12, 0, 3, 12, 35743 },
    { 12, 11, 0, 3, 12, 35767 },
    { 12, 12, 0, 3, 12, 35789 },
    { 12, 12, 0, 3, 12, 35813 },
    { 12, 12, 0, 3, 12, 35837 },
    { 12, 12, 0, 3, 12, 35861 },
    { 12, 12, 0, 3, 12, 35885 },
    { 12, 12, 0, 3, 12, 35909 },
    { 12, 12, 0, 3, 12, 35933 },
    { 12, 11, 0, 3, 12, 35957 },
    { 12, 12, 0, 3, 12, 35979 },
    { 12, 12, 0, 3, 12, 36003 },
    { 12, 12, 0, 3, 12, 36027 },
    { 12, 12, 0, 3, 12, 36051 },
    { 12, 12, 0, 3, 12, 36075 },
    { 12, 12, 0, 3, 12, 36099 },
    { 12, 12, 0, 3, 12, 36123 },
    { 12, 12, 0, 3, 12, 36147 },
    { 12, 12, 0, 3, 12, 36171 },
    { 12, 12, 0, 3, 12, 36195 },
    { 12, 12, 0, 3, 12, 36219 },
    { 12, 12, 0, 3, 12, 36243 },
    { 12, 12, 0, 3, 12, 36267 },
    { 12, 12, 0, 3, 12, 36291 },
    { 12, 12, 0, 3, 12, 36315 },
    { 12, 12, 0, 3, 12, 36339 },
    { 12, 12, 0, 3, 12, 36363 },
    { 12, 12, 0, 3, 12, 36387 },
    { 12, 12, 0, 3, 12, 36411 },
    { 12, 12, 0, 3, 12, 36435 },
    { 12, 12, 0, 3, 12, 36459 },
    { 12, 12, 0, 3, 12, 36483 },
    { 12, 12, 0, 3, 12, 36507 },
    { 12, 12, 0, 3, 12, 36531 },
    { 12, 12, 0, 3, 12, 36555 },
    { 12, 12, 0, 3, 12, 36579 },
    { 12, 12, 0, 3, 12, 36603 },
    { 12, 12, 0, 3, 12, 36627 },
    { 12, 12, 0, 3, 12, 36651 },
    { 12, 12, 0, 3, 12, 36675 },
    { 12, 12, 0, 3, 12, 36699 },
    { 12, 12, 0, 3, 12, 36723 },
    { 12, 12, 0, 3, 12, 36747 },
    { 12, 11, 0, 3, 12, 36771 },
    { 12, 12, 0, 3, 12, 36793 },
    { 12, 12, 0, 3, 12, 36817 },
    { 12, 12, 0, 3, 12, 36841 },
    { 12, 12, 0, 3, 12, 36865 },
    { 12, 12, 0, 3, 12, 36889 },
    { 12, 12, 0, 3, 12, 36913 },
    { 12, 12, 0, 3, 12, 36937 },
    { 12, 12, 0, 3, 12, 36961 },
    { 12, 12, 0, 3, 12, 36985 },
    { 12, 12, 0, 3, 12, 37009 },
    { 12, 12, 0, 3, 12, 37033 },
    { 12, 12, 0, 3, 12, 37057 },
    { 12, 12, 0, 3, 12, 37081 },
    { 12, 12, 0, 3, 12, 37105 },
    { 12, 12, 0, 3, 12, 37129 },
    { 12, 12, 0, 3, 12, 37153 },
    { 12, 12, 0, 3, 12, 37177 },
    { 12, 12, 0, 3, 12, 37201 },
    { 12, 12, 0, 3, 12, 37225 },
    { 12, 12, 0, 3, 12, 37249 },
    { 12, 12, 0, 3, 12, 37273 },
    { 12, 12, 0, 3, 12, 37297 },
    { 12, 12, 0, 3, 12, 37321 },
    { 12, 12, 0, 3, 12, 37345 },
    { 12, 11, 0, 4, 12, 37369 },
    { 12, 11, 0, 4, 12, 37391 },
    { 12, 11, 0, 4, 12, 37413 },
    { 12, 10, 0, 4, 12, 37435 },
    { 12, 12, 0, 3, 12, 37455 },
    { 12, 12, 0, 3, 12, 37479 },
    { 12, 12, 0, 3, 12, 37503 },
    { 12, 12, 0, 3, 12, 37527 },
    { 12, 12, 0, 3, 12, 37551 },
    { 12, 12, 0, 3, 12, 37575 },
    { 12, 12, 0, 3, 12, 37599 },
    { 12, 12, 0, 3, 12, 37623 },
    { 12, 10, 0, 4, 12, 37647 },
    { 12, 12, 0, 3, 12, 37667 },
    { 12, 12, 0, 3, 12, 37691 },
    { 12, 12, 0, 3, 12, 37715 },
    { 12, 11, 0, 4, 12, 37739 },
    { 12, 12, 0, 3, 12, 37761 },
    { 12, 12, 0, 3, 12, 37785 },
    { 12, 12, 0, 3, 12, 37809 },
    { 12, 11, 0, 3, 12, 37833 },
    { 12, 12, 0, 3, 12, 37855 },
    { 12, 12, 0, 3, 12, 37879 },
    { 12, 12, 0, 3, 12, 37903 },
    { 12, 12, 0, 3, 12, 37927 },
    { 12, 11, 0, 4, 12, 37951 },
    { 12, 12, 0, 3, 12, 37973 },
    { 12, 11, 0, 3, 12, 37997 },
    { 12, 11, 0, 3, 12, 38019 },
    { 12, 12, 0, 3, 12, 38041 },
    { 12, 12, 0, 3, 12, 38065 },
    { 12, 11, 0, 3, 12, 38089 },
    { 12, 12, 0, 3, 12, 38111 },
    { 12, 12, 0, 3, 12, 38135 },
    { 12, 12, 0, 3, 12, 38159 },
    { 12, 12, 0, 3, 12, 38183 },
    { 12, 12, 0, 3, 12, 38207 },
    { 12, 12, 0, 3, 12, 38231 },
    { 12, 12, 0, 3, 12, 38255 },
    { 12, 12, 0, 3, 12, 38279 },
    { 12, 12, 0, 3, 12, 38303 },
    { 12, 12, 0, 3, 12, 38327 },
    { 12, 12, 0, 3, 12, 38351 },
    { 12, 12, 0, 3, 12, 38375 },
    { 12, 12, 0, 3, 12, 38399 },
    { 12, 12, 0, 3, 12, 38423 },
    { 12, 12, 0, 3, 12, 38447 },
    { 12, 12, 0, 3, 12, 38471 },
    { 12, 12, 0, 3, 12, 38495 },
    { 12, 12, 0, 3, 12, 38519 },
    { 12, 12, 0, 3, 12, 38543 },
    { 12, 12, 0, 3, 12, 38567 },
    { 12, 12, 0, 3, 12, 38591 },
    { 12, 12, 0, 3, 12, 38615 },
    { 12, 12, 0, 3, 12, 38639 },
    { 12, 10, 0, 4, 12, 38663 },
    { 12, 12, 0, 3, 12, 38683 },
    { 12, 12, 0, 3, 12, 38707 },
    { 12, 12, 0, 3, 12, 38731 },
    { 12, 12, 0, 3, 12, 38755 },
    { 12, 12, 0, 3, 12, 38779 },
    { 12, 12, 0, 3, 12, 38803 },
    { 12, 12, 0, 3, 12, 38827 },
    { 12, 12, 0, 3, 12, 38851 },
    { 12, 12, 0, 3, 12, 38875 },
    { 12, 12, 0, 3, 12, 38899 },
    { 12, 11, 0, 4, 12, 38923 },
    { 12, 12, 0, 3, 12, 38945 },
    { 12, 12, 0, 3, 12, 38969 },
    { 12, 12, 0, 3, 12, 38993 },
    { 12, 11, 0, 3, 12, 39017 },
    { 12, 12, 0, 3, 12, 39039 },
    { 12, 12, 0, 3, 12, 39063 },
    { 12, 12, 0, 3, 12, 39087 },
    { 12, 12, 0, 3, 12, 39111 },
    { 12, 12, 0, 3, 12, 39135 },
    { 12, 12, 0, 3, 12, 39159 },
    { 12, 12, 0, 3, 12, 39183 },
    { 12, 12, 0, 3, 12, 39207 },
    { 12, 12, 0, 3, 12, 39231 },
    { 12, 12, 0, 3, 12, 39255 },
    { 12, 12, 0, 3, 12, 39279 },
    { 12, 12, 0, 3, 12, 39303 },
    { 12, 12, 0, 3, 12, 39327 },
    { 12, 12, 0, 3, 12, 39351 },
    { 12, 12, 0, 3, 12, 39375 },
    { 12, 12, 0, 3, 12, 39399 },
    { 12, 12, 0, 3, 12, 39423 },
    { 12, 12, 0, 3, 12, 39447 },
    { 12, 12, 0, 3, 12, 39471 },
    { 12, 12, 0, 3, 12, 39495 },
    { 12, 12, 0, 3, 12, 39519 },
    { 12, 12, 0, 3, 12, 39543 },
    { 12, 12, 0, 3, 12, 39567 },
    { 12, 12, 0, 3, 12, 39591 },
    { 12, 12, 0, 3, 12, 39615 },
    { 12, 12, 0, 3, 12, 39639 },
    { 12, 12, 0, 3, 12, 39663 },
    { 12, 12, 0, 3, 12, 39687 },
    { 12, 12, 0, 3, 12, 39711 },
    { 12, 12, 0, 3, 12, 39735 },
    { 12, 12, 0, 3, 12, 39759 },
    { 12, 12, 0, 3, 12, 39783 },
    { 12, 12, 0, 3, 12, 39807 },
    { 12, 12, 0, 3, 12, 39831 },
    { 12, 12, 0, 3, 12, 39855 },
    { 12, 12, 0, 3, 12, 39879 },
    { 12, 12, 0, 3, 12, 39903 },
    { 12, 12, 0, 3, 12, 39927 },
    { 12, 12, 0, 3, 12, 39951 },
    { 12, 12, 0, 3, 12, 39975 },
    { 12, 12, 0, 3, 12, 39999 },
    { 12, 11, 0, 4, 12, 40023 },
    { 12, 12, 0, 3, 12, 40045 },
    { 12, 12, 0, 3, 12, 40069 },
    { 12, 12, 0, 3, 12, 40093 },
    { 12, 12, 0, 3, 12, 40117 },
    { 12, 12, 0, 3, 12, 40141 },
    { 12, 12, 0, 3, 12, 40165 },
    { 12, 12, 0, 3, 12, 40189 },
    { 12, 12, 0, 3, 12, 40213 },
    { 12, 12, 0, 3, 12, 40237 },
    { 12, 12, 0, 3, 12, 40261 },
    { 12, 12, 0, 3, 12, 40285 },
    { 12, 12, 0, 3, 12, 40309 },
    { 12, 12, 0, 3, 12, 40333 },
    { 12, 12, 0, 3, 12, 40357 },
    { 12, 12, 0, 3, 12, 40381 },
    { 12, 12, 0, 3, 12, 40405 },
    { 12, 12, 0, 3, 12, 40429 },
    { 12, 12, 0, 3, 12, 40453 },
    { 12, 11, 0, 3, 12, 40477 },
    { 12, 12, 0, 3, 12, 40499 },
    { 12, 12, 0, 3, 12, 40523 },
    { 12, 12, 0, 3, 12, 40547 },
    { 12, 12, 0, 3, 12, 40571 },
    { 12, 12, 0, 3, 12, 40595 },
    { 12, 12, 0, 3, 12, 40619 },
    { 12, 12, 0, 3, 12, 40643 },
    { 12, 12, 0, 3, 12, 40667 },
    { 12, 12, 0, 3, 12, 40691 },
    { 12, 12, 0, 3, 12, 40715 },
    { 12, 12, 0, 3, 12, 40739 },
    { 12, 12, 0, 3, 12, 40763 },
    { 12, 12, 0, 3, 12, 40787 },
    { 12, 12, 0, 3, 12, 40811 },
    { 12, 12, 0, 3, 12, 40835 },
    { 12, 12, 0, 3, 12, 40859 },
    { 12, 12, 0, 3, 12, 40883 },
    { 12, 12, 0, 3, 12, 40907 },
    { 12, 12, 0, 3, 12, 40931 },
    { 12, 12, 0, 3, 12, 40955 },
    { 12, 12, 0, 3, 12, 40979 },
    { 12, 12, 0, 3, 12, 41003 },
    { 12, 12, 0, 3, 12, 41027 },
    { 12, 12, 0, 3, 12, 41051 },
    { 12, 12, 0, 3, 12, 41075 },
    { 12, 12, 0, 3, 12, 41099 },
    { 12, 12, 0, 3, 12, 41123 },
    { 12, 12, 0, 3, 12, 41147 },
    { 12, 12, 0, 3, 12, 41171 },
    { 12, 12, 0, 3, 12, 41195 },
    { 12, 12, 0, 3, 12, 41219 },
    { 12, 12, 0, 3, 12, 41243 },
    { 12, 12, 0, 3, 12, 41267 },
    { 12, 12, 0, 3, 12, 41291 },
    { 12, 12, 0, 3, 12, 41315 },
    { 12, 12, 0, 3, 12, 41339 },
    { 12, 12, 0, 3, 12, 41363 },
    { 12, 12, 0, 3, 12, 41387 },
    { 12, 12, 0, 3, 12, 41411 },
    { 12, 12, 0, 3, 12, 41435 },
    { 12, 12, 0, 3, 12, 41459 },
    { 12, 12, 0, 3, 12, 41483 },
    { 12, 12, 0, 3, 12, 41507 },
    { 12, 12, 0, 3, 12, 41531 },
    { 12, 12, 0, 3, 12, 41555 },
    { 12, 12, 0, 3, 12, 41579 },
    { 12, 12, 0, 3, 12, 41603 },
    { 12, 12, 0, 3, 12, 41627 },
    { 12, 12, 0, 3, 12, 41651 },
    { 12, 12, 0, 3, 12, 41675 },
    { 12, 12, 0, 3, 12, 41699 },
    { 12, 12, 0, 3, 12, 41723 },
    { 12, 12, 0, 3, 12, 41747 },
    { 12, 12, 0, 3, 12, 41771 },
    { 12, 12, 0, 3, 12, 41795 },
    { 12, 12, 0, 3, 12, 41819 },
    { 12, 12, 0, 3, 12, 41843 },
    { 12, 12, 0, 3, 12, 41867 },
    { 12, 12, 0, 3, 12, 41891 },
    { 12, 12, 0, 3, 12, 41915 },
    { 12, 12, 0, 3, 12, 41939 },
    { 12, 12, 0, 3, 12, 41963 },
    { 12, 12, 0, 3, 12, 41987 },
    { 12, 12, 0, 3, 12, 42011 },
    { 12, 12, 0, 3, 12, 42035 },
    { 12, 12, 0, 3, 12, 42059 },
    { 12, 12, 0, 3, 12, 42083 },
    { 12, 12, 0, 3, 12, 42107 },
    { 12, 12, 0, 3, 12, 42131 },
    { 12, 12, 0, 3, 12, 42155 },
    { 12, 12, 0, 3, 12, 42179 },
    { 12, 12, 0, 3, 12, 42203 },
    { 12, 12, 0, 3, 12, 42227 },
    { 12, 12, 0, 3, 12, 42251 },
    { 12, 12, 0, 3, 12, 42275 },
    { 12, 12, 0, 3, 12, 42299 },
    { 12, 12, 0, 3, 12, 42323 },
    { 12, 12, 0, 3, 12, 42347 },
    { 12, 12, 0, 3, 12, 42371 },
    { 12, 12, 0, 3, 12, 42395 },
    { 12, 12, 0, 3, 12, 42419 },
    { 12, 12, 0, 3, 12, 42443 },
    { 12, 12, 0, 3, 12, 42467 },
    { 12, 12, 0, 3, 12, 42491 },
    { 12, 12, 0, 3, 12, 42515 },
    { 12, 12, 0, 3, 12, 42539 },
    { 12, 12, 0, 3, 12, 42563 },
    { 12, 12, 0, 3, 12, 42587 },
    { 12, 12, 0, 3, 12, 42611 },
    { 12, 12, 0, 3, 12, 42635 },
    { 12, 12, 0, 3, 12, 42659 },
    { 12, 12, 0, 3, 12, 42683 },
    { 12, 12, 0, 3, 12, 42707 },
    { 12, 12, 0, 3, 12, 42731 },
    { 12, 12, 0, 3, 12, 42755 },
    { 12, 12, 0, 3, 12, 42779 },
    { 12, 12, 0, 3, 12, 42803 },
    { 12, 12, 0, 3, 12, 42827 },
    { 12, 12, 0, 3, 12, 42851 },
    { 12, 12, 0, 3, 12, 42875 },
    { 12, 12, 0, 3, 12, 42899 },
    { 12, 12, 0, 3, 12, 42923 },
    { 12, 12, 0, 3, 12, 42947 },
    { 12, 12, 0, 3, 12, 42971 },
    { 12, 12, 0, 3, 12, 42995 },
    { 12, 12, 0, 3, 12, 43019 },
    { 12, 12, 0, 3, 12, 43043 },
    { 12, 12, 0, 3, 12, 43067 },
    { 12, 11, 0, 3, 12, 43091 },
    { 12, 10, 0, 4, 12, 43113 },
    { 12, 11, 0, 3, 12, 43133 },
    { 12, 12, 0, 3, 12, 43155 },
    { 12, 11, 0, 3, 12, 43179 },
    { 12, 12, 0, 3, 12, 43201 },
    { 12, 10, 0, 4, 12, 43225 },
    { 12, 11, 0, 4, 12, 43245 },
    { 12, 11, 0, 4, 12, 43267 },
    { 12, 12, 0, 3, 12, 43289 },
    { 12, 12, 0, 3, 12, 43313 },
    { 12, 12, 0, 3, 12, 43337 },
    { 12, 12, 0, 3, 12, 43361 },
    { 12, 12, 0, 3, 12, 43385 },
    { 12, 12, 0, 3, 12, 43409 },
    { 12, 12, 0, 3, 12, 43433 },
    { 12, 12, 0, 3, 12, 43457 },
    { 12, 12, 0, 3, 12, 43481 },
    { 12, 12, 0, 3, 12, 43505 },
    { 12, 12, 0, 3, 12, 43529 },
    { 12, 12, 0, 3, 12, 43553 },
    { 12, 12, 0, 3, 12, 43577 },
    { 12, 11, 0, 4, 12, 43601 },
    { 12, 11, 0, 4, 12, 43623 },
    { 12, 12, 0, 3, 12, 43645 },
    { 12, 12, 0, 3, 12, 43669 },
    { 12, 11, 0, 3, 12, 43693 },
    { 12, 12, 0, 3, 12, 43715 },
    { 12, 11, 0, 3, 12, 43739 },
    { 12, 11, 0, 3, 12, 43761 },
    { 12, 12, 0, 3, 12, 43783 },
    { 12, 11, 0, 3, 12, 43807 },
    { 12, 11, 0, 3, 12, 43829 },
    { 12, 11, 0, 3, 12, 43851 },
    { 12, 11, 0, 3, 12, 43873 },
    { 12, 11, 0, 3, 12, 43895 },
    { 12, 12, 0, 3, 12, 43917 },
    { 12, 12, 0, 3, 12, 43941 },
    { 12, 12, 0, 3, 12, 43965 },
    { 12, 12, 0, 3, 12, 43989 },
    { 12, 12, 0, 3, 12, 44013 },
    { 12, 12, 0, 3, 12, 44037 },
    { 12, 12, 0, 3, 12, 44061 },
    { 12, 12, 0, 3, 12, 44085 },
    { 12, 12, 0, 3, 12, 44109 },
    { 12, 12, 0, 3, 12, 44133 },
    { 12, 12, 0, 3, 12, 44157 },
    { 12, 12, 0, 3, 12, 44181 },
    { 12, 12, 0, 3, 12, 44205 },
    { 12, 11, 0, 3, 12, 44229 },
    { 12, 12, 0, 3, 12, 44251 },
    { 12, 12, 0, 3, 12, 44275 },
    { 12, 12, 0, 3, 12, 44299 },
    { 12, 12, 0, 3, 12, 44323 },
    { 12, 11, 0, 3, 12, 44347 },
    { 12, 12, 0, 3, 12, 44369 },
    { 12, 12, 0, 3, 12, 44393 },
    { 12, 12, 0, 3, 12, 44417 },
    { 12, 12, 0, 3, 12, 44441 },
    { 12, 12, 0, 3, 12, 44465 },
    { 12, 12, 0, 3, 12, 44489 },
    { 12, 11, 0, 4, 12, 44513 },
    { 12, 12, 0, 3, 12, 44535 },
    { 12, 12, 0, 3, 12, 44559 },
    { 12, 12, 0, 3, 12, 44583 },
    { 12, 12, 0, 3, 12, 44607 },
    { 12, 12, 0, 3, 12, 44631 },
    { 12, 12, 0, 3, 12, 44655 },
    { 12, 12, 0, 3, 12, 44679 },
    { 12, 12, 0, 3, 12, 44703 },
    { 12, 12, 0, 3, 12, 44727 },
    { 12, 12, 0, 3, 12, 44751 },
    { 12, 12, 0, 3, 12, 44775 },
    { 12, 12, 0, 3, 12, 44799 },
    { 12, 12, 0, 3, 12, 44823 },
    { 12, 12, 0, 3, 12, 44847 },
    { 12, 12, 0, 3, 12, 44871 },
    { 12, 12, 0, 3, 12, 44895 },
    { 12, 12, 0, 3, 12, 44919 },
    { 12, 12, 0, 3, 12, 44943 },
    { 12, 12, 0, 3, 12, 44967 },
    { 12, 12, 0, 3, 12, 44991 },
    { 12, 12, 0, 3, 12, 45015 },
    { 12, 12, 0, 3, 12, 45039 },
    { 12, 11, 0, 3, 12, 45063 },
    { 12, 12, 0, 3, 12, 45085 },
    { 12, 12, 0, 3, 12, 45109 },
    { 12, 12, 0, 3, 12, 45133 },
    { 12, 11, 0, 3, 12, 45157 },
    { 12, 12, 0, 3, 12, 45179 },
    { 12, 12, 0, 3, 12, 45203 },
    { 12, 12, 0, 3, 12, 45227 },
    { 12, 12, 0, 3, 12, 45251 },
    { 12, 12, 0, 3, 12, 45275 },
    { 12, 12, 0, 3, 12, 45299 },
    { 12, 12, 0, 3, 12, 45323 },
    { 12, 12, 0, 3, 12, 45347 },
    { 12, 12, 0, 3, 12, 45371 },
    { 12, 12, 0, 3, 12, 45395 },
    { 12, 12, 0, 3, 12, 45419 },
    { 12, 12, 0, 3, 12, 45443 },
    { 12, 12, 0, 3, 12, 45467 },
    { 12, 12, 0, 3, 12, 45491 },
    { 12, 12, 0, 3, 12, 45515 },
    { 12, 12, 0, 3, 12, 45539 },
    { 12, 12, 0, 3, 12, 45563 },
    { 12, 12, 0, 3, 12, 45587 },
    { 12, 11, 0, 3, 12, 45611 },
    { 12, 12, 0, 3, 12, 45633 },
    { 12, 12, 0, 3, 12, 45657 },
    { 12, 12, 0, 3, 12, 45681 },
    { 12, 12, 0, 3, 12, 45705 },
    { 12, 12, 0, 3, 12, 45729 },
    { 12, 11, 0, 4, 12, 45753 },
    { 12, 11, 0, 3, 12, 45775 },
    { 12, 12, 0, 3, 12, 45797 },
    { 12, 12, 0, 3, 12, 45821 },
    { 12, 12, 0, 3, 12, 45845 },
    { 12, 12, 0, 3, 12, 45869 },
    { 12, 12, 0, 3, 12, 45893 },
    { 12, 12, 0, 3, 12, 45917 },
    { 12, 12, 0, 3, 12, 45941 },
    { 12, 12, 0, 3, 12, 45965 },
    { 12, 12, 0, 3, 12, 45989 },
    { 12, 12, 0, 3, 12, 46013 },
    { 12, 12, 0, 3, 12, 46037 },
    { 12, 12, 0, 3, 12, 46061 },
    { 12, 12, 0, 3, 12, 46085 },
    { 12, 12, 0, 3, 12, 46109 },
    { 12, 12, 0, 3, 12, 46133 },
    { 12, 12, 0, 3, 12, 46157 },
    { 12, 12, 0, 3, 12, 46181 },
    { 12, 12, 0, 3, 12, 46205 },
    { 12, 12, 0, 3, 12, 46229 },
    { 12, 12, 0, 3, 12, 46253 },
    { 12, 12, 0, 3, 12, 46277 },
    { 12, 12, 0, 3, 12, 46301 },
    { 12, 12, 0, 3, 12, 46325 },
    { 12, 12, 0, 3, 12, 46349 },
    { 12, 12, 0, 3, 12, 46373 },
    { 12, 12, 0, 3, 12, 46397 },
    { 12, 12, 0, 3, 12, 46421 },
    { 12, 12, 0, 3, 12, 46445 },
    { 12, 12, 0, 3, 12, 46469 },
    { 12, 12, 0, 3, 12, 46493 },
    { 12, 12, 0, 3, 12, 46517 },
    { 12, 12, 0, 3, 12, 46541 },
    { 12, 12, 0, 3, 12, 46565 },
    { 12, 12, 0, 3, 12, 46589 },
    { 12, 12, 0, 3, 12, 46613 },
    { 12, 12, 0, 3, 12, 46637 },
    { 12, 12, 0, 3, 12, 46661 },
    { 12, 12, 0, 3, 12, 46685 },
    { 12, 12, 0, 3, 12, 46709 },
    { 12, 12, 0, 3, 12, 46733 },
    { 12, 12, 0, 3, 12, 46757 },
    { 12, 12, 0, 3, 12, 46781 },
    { 12, 12, 0, 3, 12, 46805 },
    { 12, 12, 0, 3, 12, 46829 },
    { 12, 12, 0, 3, 12, 46853 },
    { 12, 12, 0, 3, 12, 46877 },
    { 12, 12, 0, 3, 12, 46901 },
    { 12, 12, 0, 3, 12, 46925 },
    { 12, 12, 0, 3, 12, 46949 },
    { 12, 12, 0, 3, 12, 46973 },
    { 12, 11, 0, 3, 12, 46997 },
    { 12, 12, 0, 3, 12, 47019 },
    { 12, 12, 0, 3, 12, 47043 },
    { 12, 12, 0, 3, 12, 47067 },
    { 12, 12, 0, 3, 12, 47091 },
    { 12, 12, 0, 3, 12, 47115 },
    { 12, 12, 0, 3, 12, 47139 },
    { 12, 12, 0, 3, 12, 47163 },
    { 12, 12, 0, 3, 12, 47187 },
    { 12, 12, 0, 3, 12, 47211 },
    { 12, 12, 0, 3, 12, 47235 },
    { 12, 12, 0, 3, 12, 47259 },
    { 12, 12, 0, 3, 12, 47283 },
    { 12, 12, 0, 3, 12, 47307 },
    { 12, 12, 0, 3, 12, 47331 },
    { 12, 12, 0, 3, 12, 47355 },
    { 12, 12, 0, 3, 12, 47379 },
    { 12, 12, 0, 3, 12, 47403 },
    { 12, 12, 0, 3, 12, 47427 },
    { 12, 12, 0, 3, 12, 47451 },
    { 12, 12, 0, 3, 12, 47475 },
    { 12, 12, 0, 3, 12, 47499 },
    { 12, 12, 0, 3, 12, 47523 },
    { 12, 12, 0, 3, 12, 47547 },
    { 12, 12, 0, 3, 12, 47571 },
    { 12, 12, 0, 3, 12, 47595 },
    { 12, 12, 0, 3, 12, 47619 },
    { 12, 12, 0, 3, 12, 47643 },
    { 12, 12, 0, 3, 12, 47667 },
    { 12, 12, 0, 3, 12, 47691 },
    { 12, 12, 0, 3, 12, 47715 },
    { 12, 12, 0, 3, 12, 47739 },
    { 12, 12, 0, 3, 12, 47763 },
    { 12, 12, 0, 3, 12, 47787 },
    { 12, 12, 0, 3, 12, 47811 },
    { 12, 11, 0, 3, 12, 47835 },
    { 12, 12, 0, 3, 12, 47857 },
    { 12, 12, 0, 3, 12, 47881 },
    { 12, 12, 0, 3, 12, 47905 },
    { 12, 12, 0, 3, 12, 47929 },
    { 12, 12, 0, 3, 12, 47953 },
    { 12, 12, 0, 3, 12, 47977 },
    { 12, 12, 0, 3, 12, 48001 },
    { 12, 12, 0, 3, 12, 48025 },
    { 12, 12, 0, 3, 12, 48049 },
    { 12, 12, 0, 3, 12, 48073 },
    { 12, 12, 0, 3, 12, 48097 },
    { 12, 12, 0, 3, 12, 48121 },
    { 12, 12, 0, 3, 12, 48145 },
    { 12, 12, 0, 3, 12, 48169 },
    { 12, 12, 0, 3, 12, 48193 },
    { 12, 12, 0, 3, 12, 48217 },
    { 12, 12, 0, 3, 12, 48241 },
    { 12, 12, 0, 3, 12, 48265 },
    { 12, 12, 0, 3, 12, 48289 },
    { 12, 12, 0, 3, 12, 48313 },
    { 12, 12, 0, 3, 12, 48337 },
    { 12, 12, 0, 3, 12, 48361 },
    { 12, 12, 0, 3, 12, 48385 },
    { 12, 12, 0, 3, 12, 48409 },
    { 12, 12, 0, 3, 12, 48433 },
    { 12, 12, 0, 3, 12, 48457 },
    { 12, 12, 0, 3, 12, 48481 },
    { 12, 11, 0, 3, 12, 48505 },
    { 12, 12, 0, 3, 12, 48527 },
    { 12, 12, 0, 3, 12, 48551 },
    { 12, 12, 0, 3, 12, 48575 },
    { 12, 12, 0, 3, 12, 48599 },
    { 12, 12, 0, 3, 12, 48623 },
    { 12, 12, 0, 3, 12, 48647 },
    { 12, 12, 0, 3, 12, 48671 },
    { 12, 12, 0, 3, 12, 48695 },
    { 12, 12, 0, 3, 12, 48719 },
    { 12, 12, 0, 3, 12, 48743 },
    { 12, 12, 0, 3, 12, 48767 },
    { 12, 12, 0, 3, 12, 48791 },
    { 12, 12, 0, 3, 12, 48815 },
    { 12, 12, 0, 3, 12, 48839 },
    { 12, 12, 0, 3, 12, 48863 },
    { 12, 12, 0, 3, 12, 48887 },
    { 12, 12, 0, 3, 12, 48911 },
    { 12, 12, 0, 3, 12, 48935 },
    { 12, 12, 0, 3, 12, 48959 },
    { 12, 12, 0, 3, 12, 48983 },
    { 12, 12, 0, 3, 12, 49007 },
    { 12, 12, 0, 3, 12, 49031 },
    { 12, 12, 0, 3, 12, 49055 },
    { 12, 12, 0, 3, 12, 49079 },
    { 12, 12, 0, 3, 12, 49103 },
    { 12, 12, 0, 3, 12, 49127 },
    { 12, 12, 0, 3, 12, 49151 },
    { 12, 12, 0, 3, 12, 49175 },
    { 12, 12, 0, 3, 12, 49199 },
    { 12, 12, 0, 3, 12, 49223 },
    { 12, 12, 0, 3, 12, 49247 },
    { 12, 12, 0, 3, 12, 49271 },
    { 12, 12, 0, 3, 12, 49295 },
    { 12, 12, 0, 3, 12, 49319 },
    { 12, 12, 0, 3, 12, 49343 },
    { 12, 12, 0, 3, 12, 49367 },
    { 12, 12, 0, 3, 12, 49391 },
    { 12, 11, 0, 4, 12, 49415 },
    { 12, 12, 0, 3, 12, 49437 },
    { 12, 12, 0, 3, 12, 49461 },
    { 12, 11, 0, 4, 12, 49485 },
    { 12, 12, 0, 3, 12, 49507 },
    { 12, 12, 0, 3, 12, 49531 },
    { 12, 12, 0, 3, 12, 49555 },
    { 12, 12, 0, 3, 12, 49579 },
    { 12, 12, 0, 3, 12, 49603 },
    { 12, 12, 0, 3, 12, 49627 },
    { 12, 12, 0, 3, 12, 49651 },
    { 12, 12, 0, 3, 12, 49675 },
    { 12, 12, 0, 3, 12, 49699 },
    { 12, 12, 0, 3, 12, 49723 },
    { 12, 12, 0, 3, 12, 49747 },
    { 12, 12, 0, 3, 12, 49771 },
    { 12, 12, 0, 3, 12, 49795 },
    { 12, 12, 0, 3, 12, 49819 },
    { 12, 12, 0, 3, 12, 49843 },
    { 12, 12, 0, 3, 12, 49867 },
    { 12, 12, 0, 3, 12, 49891 },
    { 12, 12, 0, 3, 12, 49915 },
    { 12, 12, 0, 3, 12, 49939 },
    { 12, 12, 0, 3, 12, 49963 },
    { 12, 12, 0, 3, 12, 49987 },
    { 12, 12, 0, 3, 12, 50011 },
    { 12, 12, 0, 3, 12, 50035 },
    { 12, 12, 0, 3, 12, 50059 },
    { 12, 12, 0, 3, 12, 50083 },
    { 12, 12, 0, 3, 12, 50107 },
    { 12, 12, 0, 3, 12, 50131 },
    { 12, 12, 0, 3, 12, 50155 },
    { 12, 12, 0, 3, 12, 50179 },
    { 12, 12, 0, 3, 12, 50203 },
    { 12, 12, 0, 3, 12, 50227 },
    { 12, 12, 0, 3, 12, 50251 },
    { 12, 12, 0, 3, 12, 50275 },
    { 12, 12, 0, 3, 12, 50299 },
    { 12, 12, 0, 3, 12, 50323 },
    { 12, 12, 0, 3, 12, 50347 },
    { 12, 12, 0, 3, 12, 50371 },
    { 12, 12, 0, 3, 12, 50395 },
    { 12, 12, 0, 3, 12, 50419 },
    { 12, 12, 0, 3, 12, 50443 },
    { 12, 12, 0, 3, 12, 50467 },
    { 12, 12, 0, 3, 12, 50491 },
    { 12, 12, 0, 3, 12, 50515 },
    { 12, 12, 0, 3, 12, 50539 },
    { 12, 12, 0, 3, 12, 50563 },
    { 12, 12, 0, 3, 12, 50587 },
    { 12, 12, 0, 3, 12, 50611 },
    { 12, 12, 0, 3, 12, 50635 },
    { 12, 12, 0, 3, 12, 50659 },
    { 12, 12, 0, 3, 12, 50683 },
    { 12, 12, 0, 3, 12, 50707 },
    { 12, 12, 0, 3, 12, 50731 },
    { 12, 12, 0, 3, 12, 50755 },
    { 12, 12, 0, 3, 12, 50779 },
    { 12, 12, 0, 3, 12, 50803 },
    { 12, 12, 0, 3, 12, 50827 },
    { 12, 12, 0, 3, 12, 50851 },
    { 12, 12, 0, 3, 12, 50875 },
    { 12, 12, 0, 3, 12, 50899 },
    { 12, 12, 0, 3, 12, 50923 },
    { 12, 12, 0, 3, 12, 50947 },
    { 12, 12, 0, 3, 12, 50971 },
    { 12, 12, 0, 3, 12, 50995 },
    { 12, 12, 0, 3, 12, 51019 },
    { 12, 12, 0, 3, 12, 51043 },
    { 12, 12, 0, 3, 12, 51067 },
    { 12, 12, 0, 3, 12, 51091 },
    { 12, 12, 0, 3, 12, 51115 },
    { 12, 12, 0, 3, 12, 51139 },
    { 12, 12, 0, 3, 12, 51163 },
    { 12, 12, 0, 3, 12, 51187 },
    { 12, 12, 0, 3, 12, 51211 },
    { 12, 12, 0, 3, 12, 51235 },
    { 12, 11, 0, 3, 12, 51259 },
    { 12, 12, 0, 3, 12, 51281 },
    { 12, 12, 0, 3, 12, 51305 },
    { 12, 12, 0, 3, 12, 51329 },
    { 12, 12, 0, 3, 12, 51353 },
    { 12, 12, 0, 3, 12, 51377 },
    { 12, 11, 0, 4, 12, 51401 },
    { 12, 12, 0, 3, 12, 51423 },
    { 12, 12, 0, 3, 12, 51447 },
    { 12, 12, 0, 3, 12, 51471 },
    { 12, 12, 0, 3, 12, 51495 },
    { 12, 12, 0, 3, 12, 51519 },
    { 12, 12, 0, 3, 12, 51543 },
    { 12, 12, 0, 3, 12, 51567 },
    { 12, 12, 0, 3, 12, 51591 },
    { 12, 12, 0, 3, 12, 51615 },
    { 12, 12, 0, 3, 12, 51639 },
    { 12, 12, 0, 3, 12, 51663 },
    { 12, 12, 0, 3, 12, 51687 },
    { 12, 12, 0, 3, 12, 51711 },
    { 12, 12, 0, 3, 12, 51735 },
    { 12, 11, 0, 3, 12, 51759 },
    { 12, 12, 0, 3, 12, 51781 },
    { 12, 12, 0, 3, 12, 51805 },
    { 12, 11, 0, 3, 12, 51829 },
    { 12, 12, 0, 3, 12, 51851 },
    { 12, 12, 0, 3, 12, 51875 },
    { 12, 12, 0, 3, 12, 51899 },
    { 12, 12, 0, 3, 12, 51923 },
    { 12, 12, 0, 3, 12, 51947 },
    { 12, 12, 0, 3, 12, 51971 },
    { 12, 12, 0, 3, 12, 51995 },
    { 12, 12, 0, 3, 12, 52019 },
    { 12, 12, 0, 3, 12, 52043 },
    { 12, 12, 0, 3, 12, 52067 },
    { 12, 12, 0, 3, 12, 52091 },
    { 12, 11, 0, 3, 12, 52115 },
    { 12, 12, 0, 3, 12, 52137 },
    { 12, 11, 0, 3, 12, 52161 },
    { 12, 12, 0, 3, 12, 52183 },
    { 12, 12, 0, 3, 12, 52207 },
    { 12, 12, 0, 3, 12, 52231 },
    { 12, 12, 0, 3, 12, 52255 },
    { 12, 12, 0, 3, 12, 52279 },
    { 12, 11, 0, 3, 12, 52303 },
    { 12, 12, 0, 3, 12, 52325 },
    { 12, 12, 0, 3, 12, 52349 },
    { 12, 12, 0, 3, 12, 52373 },
    { 12, 12, 0, 3, 12, 52397 },
    { 12, 12, 0, 3, 12, 52421 },
    { 12, 12, 0, 3, 12, 52445 },
    { 12, 12, 0, 3, 12, 52469 },
    { 12, 12, 0, 3, 12, 52493 },
    { 12, 12, 0, 3, 12, 52517 },
    { 12, 10, 0, 4, 12, 52541 },
    { 12, 10, 0, 4, 12, 52561 },
    { 12, 12, 0, 3, 12, 52581 },
    { 12, 11, 0, 4, 12, 52605 },
    { 12, 11, 0, 4, 12, 52627 },
    { 12, 12, 0, 3, 12, 52649 },
    { 12, 11, 0, 4, 12, 52673 },
    { 12, 12, 0, 3, 12, 52695 },
    { 12, 12, 0, 3, 12, 52719 },
    { 12, 12, 0, 3, 12, 52743 },
    { 12, 12, 0, 3, 12, 52767 },
    { 12, 12, 0, 3, 12, 52791 },
    { 12, 12, 0, 3, 12, 52815 },
    { 12, 12, 0, 3, 12, 52839 },
    { 12, 12, 0, 3, 12, 52863 },
    { 12, 12, 0, 3, 12, 52887 },
    { 12, 12, 0, 3, 12, 52911 },
    { 12, 10, 0, 4, 12, 52935 },
    { 12, 12, 0, 3, 12, 52955 },
    { 12, 12, 0, 3, 12, 52979 },
    { 12, 11, 0, 4, 12, 53003 },
    { 12, 12, 0, 3, 12, 53025 },
    { 12, 12, 0, 3, 12, 53049 },
    { 12, 12, 0, 3, 12, 53073 },
    { 12, 11, 0, 3, 12, 53097 },
    { 12, 12, 0, 3, 12, 53119 },
    { 12, 12, 0, 3, 12, 53143 },
    { 12, 12, 0, 3, 12, 53167 },
    { 12, 10, 0, 4, 12, 53191 },
    { 12, 12, 0, 3, 12, 53211 },
    { 12, 12, 0, 3, 12, 53235 },
    { 12, 12, 0, 3, 12, 53259 },
    { 12, 12, 0, 3, 12, 53283 },
    { 12, 12, 0, 3, 12, 53307 },
    { 12, 12, 0, 3, 12, 53331 },
    { 12, 12, 0, 3, 12, 53355 },
    { 12, 10, 0, 4, 12, 53379 },
    { 12, 12, 0, 3, 12, 53399 },
    { 12, 12, 0, 3, 12, 53423 },
    { 12, 12, 0, 3, 12, 53447 },
    { 12, 10, 0, 4, 12, 53471 },
    { 12, 12, 0, 3, 12, 53491 },
    { 12, 11, 0, 3, 12, 53515 },
    { 12, 12, 0, 3, 12, 53537 },
    { 12, 11, 0, 3, 12, 53561 },
    { 12, 12, 0, 3, 12, 53583 },
    { 12, 11, 0, 4, 12, 53607 },
    { 12, 11, 0, 4, 12, 53629 },
    { 12, 12, 0, 3, 12, 53651 },
    { 12, 11, 0, 4, 12, 53675 },
    { 12, 11, 0, 4, 12, 53697 },
    { 12, 12, 0, 3, 12, 53719 },
    { 12, 11, 0, 4, 12, 53743 },
    { 12, 12, 0, 3, 12, 53765 },
    { 12, 11, 0, 3, 12, 53789 },
    { 12, 12, 0, 3, 12, 53811 },
    { 12, 12, 0, 3, 12, 53835 },
    { 12, 11, 0, 4, 12, 53859 },
    { 12, 12, 0, 3, 12, 53881 },
    { 12, 12, 0, 3, 12, 53905 },
    { 12, 12, 0, 3, 12, 53929 },
    { 12, 12, 0, 3, 12, 53953 },
    { 12, 12, 0, 3, 12, 53977 },
    { 12, 12, 0, 3, 12, 54001 },
    { 12, 12, 0, 3, 12, 54025 },
    { 12, 11, 0, 3, 12, 54049 },
    { 12, 12, 0, 3, 12, 54071 },
    { 12, 12, 0, 3, 12, 54095 },
    { 12, 12, 0, 3, 12, 54119 },
    { 12, 12, 0, 3, 12, 54143 },
    { 12, 12, 0, 3, 12, 54167 },
    { 12, 12, 0, 3, 12, 54191 },
    { 12, 12, 0, 3, 12, 54215 },
    { 12, 12, 0, 3, 12, 54239 },
    { 12, 12, 0, 3, 12, 54263 },
    { 12, 12, 0, 3, 12, 54287 },
    { 12, 12, 0, 3, 12, 54311 },
    { 12, 12, 0, 3, 12, 54335 },
    { 12, 12, 0, 3, 12, 54359 },
    { 12, 12, 0, 3, 12, 54383 },
    { 12, 12, 0, 3, 12, 54407 },
    { 12, 12, 0, 3, 12, 54431 },
    { 12, 12, 0, 3, 12, 54455 },
    { 12, 12, 0, 3, 12, 54479 },
    { 12, 12, 0, 3, 12, 54503 },
    { 12, 12, 0, 3, 12, 54527 },
    { 12, 12, 0, 3, 12, 54551 },
    { 12, 12, 0, 3, 12, 54575 },
    { 12, 12, 0, 3, 12, 54599 },
    { 12, 12, 0, 3, 12, 54623 },
    { 12, 12, 0, 3, 12, 54647 },
    { 12, 12, 0, 3, 12, 54671 },
    { 12, 12, 0, 3, 12, 54695 },
    { 12, 12, 0, 3, 12, 54719 },
    { 12, 12, 0, 3, 12, 54743 },
    { 12, 12, 0, 3, 12, 54767 },
    { 12, 12, 0, 3, 12, 54791 },
    { 12, 12, 0, 3, 12, 54815 },
    { 12, 12, 0, 3, 12, 54839 },
    { 12, 12, 0, 3, 12, 54863 },
    { 12, 12, 0, 3, 12, 54887 },
    { 12, 12, 0, 3, 12, 54911 },
    { 12, 12, 0, 3, 12, 54935 },
    { 12, 12, 0, 3, 12, 54959 },
    { 12, 12, 0, 3, 12, 54983 },
    { 12, 12, 0, 3, 12, 55007 },
    { 12, 12, 0, 3, 12, 55031 },
    { 12, 12, 0, 3, 12, 55055 },
    { 12, 12, 0, 3, 12, 55079 },
    { 12, 12, 0, 3, 12, 55103 },
    { 12, 12, 0, 3, 12, 55127 },
    { 12, 12, 0, 3, 12, 55151 },
    { 12, 12, 0, 3, 12, 55175 },
    { 12, 12, 0, 3, 12, 55199 },
    { 12, 12, 0, 3, 12, 55223 },
    { 12, 12, 0, 3, 12, 55247 },
    { 12, 11, 0, 3, 12, 55271 },
    { 12, 12, 0, 3, 12, 55293 },
    { 12, 11, 0, 4, 12, 55317 },
    { 12, 11, 0, 3, 12, 55339 },
    { 12, 12, 0, 3, 12, 55361 },
    { 12, 12, 0, 3, 12, 55385 },
    { 12, 11, 0, 3, 12, 55409 },
    { 12, 12, 0, 3, 12, 55431 },
    { 12, 11, 0, 3, 12, 55455 },
    { 12, 12, 0, 3, 12, 55477 },
    { 12, 12, 0, 3, 12, 55501 },
    { 12, 12, 0, 3, 12, 55525 },
    { 12, 10, 0, 4, 12, 55549 },
    { 12, 10, 0, 4, 12, 55569 },
    { 12, 11, 0, 3, 12, 55589 },
    { 12, 11, 0, 3, 12, 55611 },
    { 12, 11, 0, 3, 12, 55633 },
    { 12, 11, 0, 3, 12, 55655 },
    { 12, 11, 0, 3, 12, 55677 },
    { 12, 11, 0, 3, 12, 55699 },
    { 12, 11, 0, 3, 12, 55721 },
    { 12, 11, 0, 3, 12, 55743 },
    { 12, 11, 0, 3, 12, 55765 },
    { 12, 11, 0, 3, 12, 55787 },
    { 12, 11, 0, 3, 12, 55809 },
    { 12, 11, 0, 3, 12, 55831 },
    { 12, 11, 0, 3, 12, 55853 },
    { 12, 11, 0, 3, 12, 55875 },
    { 12, 11, 0, 3, 12, 55897 },
    { 12, 11, 0, 4, 12, 55919 },
    { 12, 11, 0, 4, 12, 55941 },
    { 12, 12, 0, 3, 12, 55963 },
    { 12, 11, 0, 3, 12, 55987 },
    { 12, 12, 0, 3, 12, 56009 },
    { 12, 12, 0, 3, 12, 56033 },
    { 12, 12, 0, 3, 12, 56057 },
    { 12, 12, 0, 3, 12, 56081 },
    { 12, 12, 0, 3, 12, 56105 },
    { 12, 12, 0, 3, 12, 56129 },
    { 12, 12, 0, 3, 12, 56153 },
    { 12, 12, 0, 3, 12, 56177 },
    { 12, 11, 0, 3, 12, 56201 },
    { 12, 12, 0, 3, 12, 56223 },
    { 12, 12, 0, 3, 12, 56247 },
    { 12, 10, 0, 4, 12, 56271 },
    { 12, 12, 0, 3, 12, 56291 },
    { 12, 12, 0, 3, 12, 56315 },
    { 12, 12, 0, 3, 12, 56339 },
    { 12, 12, 0, 3, 12, 56363 },
    { 12, 11, 0, 3, 12, 56387 },
    { 12, 12, 0, 3, 12, 56409 },
    { 12, 11, 0, 3, 12, 56433 },
    { 12, 12, 0, 3, 12, 56455 },
    { 12, 11, 0, 3, 12, 56479 },
    { 12, 12, 0, 3, 12, 56501 },
    { 12, 12, 0, 3, 12, 56525 },
    { 12, 12, 0, 3, 12, 56549 },
    { 12, 12, 0, 3, 12, 56573 },
    { 12, 12, 0, 3, 12, 56597 },
    { 12, 12, 0, 3, 12, 56621 },
    { 12, 12, 0, 3, 12, 56645 },
    { 12, 12, 0, 3, 12, 56669 },
    { 12, 12, 0, 3, 12, 56693 },
    { 12, 12, 0, 3, 12, 56717 },
    { 12, 11, 0, 3, 12, 56741 },
    { 12, 12, 0, 3, 12, 56763 },
    { 12, 11, 0, 3, 12, 56787 },
    { 12, 12, 0, 3, 12, 56809 },
    { 12, 11, 0, 3, 12, 56833 },
    { 12, 12, 0, 3, 12, 56855 },
    { 12, 12, 0, 3, 12, 56879 },
    { 12, 12, 0, 3, 12, 56903 },
    { 12, 12, 0, 3, 12, 56927 },
    { 12, 12, 0, 3, 12, 56951 },
    { 12, 12, 0, 3, 12, 56975 },
    { 12, 12, 0, 3, 12, 56999 },
    { 12, 12, 0, 3, 12, 57023 },
    { 12, 11, 0, 4, 12, 57047 },
    { 12, 12, 0, 3, 12, 57069 },
    { 12, 11, 0, 4, 12, 57093 },
    { 12, 12, 0, 3, 12, 57115 },
    { 12, 11, 0, 4, 12, 57139 },
    { 12, 12, 0, 3, 12, 57161 },
    { 12, 12, 0, 3, 12, 57185 },
    { 12, 12, 0, 3, 12, 57209 },
    { 12, 12, 0, 3, 12, 57233 },
    { 12, 11, 0, 4, 12, 57257 },
    { 12, 12, 0, 3, 12, 57279 },
    { 12, 12, 0, 3, 12, 57303 },
    { 12, 12, 0, 3, 12, 57327 },
    { 12, 11, 0, 4, 12, 57351 },
    { 12, 12, 0, 3, 12, 57373 },
    { 12, 12, 0, 3, 12, 57397 },
    { 12, 11, 0, 3, 12, 57421 },
    { 12, 12, 0, 3, 12, 57443 },
    { 12, 12, 0, 3, 12, 57467 },
    { 12, 11, 0, 3, 12, 57491 },
    { 12, 12, 0, 3, 12, 57513 },
    { 12, 11, 0, 4, 12, 57537 },
    { 12, 12, 0, 3, 12, 57559 },
    { 12, 12, 0, 3, 12, 57583 },
    { 12, 12, 0, 3, 12, 57607 },
    { 12, 12, 0, 3, 12, 57631 },
    { 12, 11, 0, 3, 12, 57655 },
    { 12, 12, 0, 3, 12, 57677 },
    { 12, 11, 0, 4, 12, 57701 },
    { 12, 12, 0, 3, 12, 57723 },
    { 12, 12, 0, 3, 12, 57747 },
    { 12, 12, 0, 3, 12, 57771 },
    { 12, 12, 0, 3, 12, 57795 },
    { 12, 12, 0, 3, 12, 57819 },
    { 12, 12, 0, 3, 12, 57843 },
    { 12, 12, 0, 3, 12, 57867 },
    { 12, 12, 0, 3, 12, 57891 },
    { 12, 11, 0, 3, 12, 57915 },
    { 12, 12, 0, 3, 12, 57937 },
    { 12, 12, 0, 3, 12, 57961 },
    { 12, 11, 0, 3, 12, 57985 },
    { 12, 11, 0, 4, 12, 58007 },
    { 12, 12, 0, 3, 12, 58029 },
    { 12, 12, 0, 3, 12, 58053 },
    { 12, 12, 0, 3, 12, 58077 },
    { 12, 11, 0, 3, 12, 58101 },
    { 12, 12, 0, 3, 12, 58123 },
    { 12, 11, 0, 3, 12, 58147 },
    { 12, 12, 0, 3, 12, 58169 },
    { 12, 12, 0, 3, 12, 58193 },
    { 12, 12, 0, 3, 12, 58217 },
    { 12, 12, 0, 3, 12, 58241 },
    { 12, 11, 0, 4, 12, 58265 },
    { 12, 12, 0, 3, 12, 58287 },
    { 12, 12, 0, 3, 12, 58311 },
    { 12, 12, 0, 3, 12, 58335 },
    { 12, 12, 0, 3, 12, 58359 },
    { 12, 12, 0, 3, 12, 58383 },
    { 12, 12, 0, 3, 12, 58407 },
    { 12, 12, 0, 3, 12, 58431 },
    { 12, 12, 0, 3, 12, 58455 },
    { 12, 12, 0, 3, 12, 58479 },
    { 12, 11, 0, 3, 12, 58503 },
    { 12, 12, 0, 3, 12, 58525 },
    { 12, 12, 0, 3, 12, 58549 },
    { 12, 12, 0, 3, 12, 58573 },
    { 12, 12, 0, 3, 12, 58597 },
    { 12, 12, 0, 3, 12, 58621 },
    { 12, 12, 0, 3, 12, 58645 },
    { 12, 12, 0, 3, 12, 58669 },
    { 12, 12, 0, 3, 12, 58693 },
    { 12, 12, 0, 3, 12, 58717 },
    { 12, 12, 0, 3, 12, 58741 },
    { 12, 12, 0, 3, 12, 58765 },
    { 12, 12, 0, 3, 12, 58789 },
    { 12, 12, 0, 3, 12, 58813 },
    { 12, 12, 0, 3, 12, 58837 },
    { 12, 12, 0, 3, 12, 58861 },
    { 12, 12, 0, 3, 12, 58885 },
    { 12, 12, 0, 3, 12, 58909 },
    { 12, 12, 0, 3, 12, 58933 },
    { 12, 12, 0, 3, 12, 58957 },
    { 12, 12, 0, 3, 12, 58981 },
    { 12, 12, 0, 3, 12, 59005 },
    { 12, 12, 0, 3, 12, 59029 },
    { 12, 12, 0, 3, 12, 59053 },
    { 12, 12, 0, 3, 12, 59077 },
    { 12, 12, 0, 3, 12, 59101 },
    { 12, 12, 0, 3, 12, 59125 },
    { 12, 12, 0, 3, 12, 59149 },
    { 12, 12, 0, 3, 12, 59173 },
    { 12, 12, 0, 3, 12, 59197 },
    { 12, 12, 0, 3, 12, 59221 },
    { 12, 12, 0, 3, 12, 59245 },
    { 12, 12, 0, 3, 12, 59269 },
    { 12, 12, 0, 3, 12, 59293 },
    { 12, 12, 0, 3, 12, 59317 },
    { 12, 12, 0, 3, 12, 59341 },
    { 12, 12, 0, 3, 12, 59365 },
    { 12, 12, 0, 3, 12, 59389 },
    { 12, 12, 0, 3, 12, 59413 },
    { 12, 12, 0, 3, 12, 59437 },
    { 12, 12, 0, 3, 12, 59461 },
    { 12, 12, 0, 3, 12, 59485 },
    { 12, 12, 0, 3, 12, 59509 },
    { 12, 12, 0, 3, 12, 59533 },
    { 12, 12, 0, 3, 12, 59557 },
    { 12, 12, 0, 3, 12, 59581 },
    { 12, 12, 0, 3, 12, 59605 },
    { 12, 12, 0, 3, 12, 59629 },
    { 12, 11, 0, 3, 12, 59653 },
    { 12, 12, 0, 3, 12, 59675 },
    { 12, 12, 0, 3, 12, 59699 },
    { 12, 12, 0, 3, 12, 59723 },
    { 12, 12, 0, 3, 12, 59747 },
    { 12, 12, 0, 3, 12, 59771 },
    { 12, 12, 0, 3, 12, 59795 },
    { 12, 11, 0, 3, 12, 59819 },
    { 12, 12, 0, 3, 12, 59841 },
    { 12, 12, 0, 3, 12, 59865 },
    { 12, 12, 0, 3, 12, 59889 },
    { 12, 12, 0, 3, 12, 59913 },
    { 12, 12, 0, 3, 12, 59937 },
    { 12, 12, 0, 3, 12, 59961 },
    { 12, 12, 0, 3, 12, 59985 },
    { 12, 12, 0, 3, 12, 60009 },
    { 12, 11, 0, 3, 12, 60033 },
    { 12, 11, 0, 3, 12, 60055 },
    { 12, 12, 0, 3, 12, 60077 },
    { 12, 12, 0, 3, 12, 60101 },
    { 12, 12, 0, 3, 12, 60125 },
    { 12, 12, 0, 3, 12, 60149 },
    { 12, 12, 0, 3, 12, 60173 },
    { 12, 11, 0, 3, 12, 60197 },
    { 12, 12, 0, 3, 12, 60219 },
    { 12, 12, 0, 3, 12, 60243 },
    { 12, 12, 0, 3, 12, 60267 },
    { 12, 12, 0, 3, 12, 60291 },
    { 12, 11, 0, 3, 12, 60315 },
    { 12, 12, 0, 3, 12, 60337 },
    { 12, 12, 0, 3, 12, 60361 },
    { 12, 11, 0, 3, 12, 60385 },
    { 12, 12, 0, 3, 12, 60407 },
    { 12, 12, 0, 3, 12, 60431 },
    { 12, 12, 0, 3, 12, 60455 },
    { 12, 12, 0, 3, 12, 60479 },
    { 12, 12, 0, 3, 12, 60503 },
    { 12, 12, 0, 3, 12, 60527 },
    { 12, 12, 0, 3, 12, 60551 },
    { 12, 12, 0, 3, 12, 60575 },
    { 12, 12, 0, 3, 12, 60599 },
    { 12, 11, 0, 3, 12, 60623 },
    { 12, 12, 0, 3, 12, 60645 },
    { 12, 12, 0, 3, 12, 60669 },
    { 12, 12, 0, 3, 12, 60693 },
    { 12, 12, 0, 3, 12, 60717 },
    { 12, 12, 0, 3, 12, 60741 },
    { 12, 12, 0, 3, 12, 60765 },
    { 12, 12, 0, 3, 12, 60789 },
    { 12, 12, 0, 3, 12, 60813 },
    { 12, 12, 0, 3, 12, 60837 },
    { 12, 11, 0, 3, 12, 60861 },
    { 12, 12, 0, 3, 12, 60883 },
    { 12, 12, 0, 3, 12, 60907 },
    { 12, 12, 0, 3, 12, 60931 },
    { 12, 12, 0, 3, 12, 60955 },
    { 12, 12, 0, 3, 12, 60979 },
    { 12, 12, 0, 3, 12, 61003 },
    { 12, 12, 0, 3, 12, 61027 },
    { 12, 12, 0, 3, 12, 61051 },
    { 12, 12, 0, 3, 12, 61075 },
    { 12, 12, 0, 3, 12, 61099 },
    { 12, 12, 0, 3, 12, 61123 },
    { 12, 12, 0, 3, 12, 61147 },
    { 12, 11, 0, 3, 12, 61171 },
    { 12, 12, 0, 3, 12, 61193 },
    { 12, 11, 0, 3, 12, 61217 },
    { 12, 12, 0, 3, 12, 61239 },
    { 12, 12, 0, 3, 12, 61263 },
    { 12, 12, 0, 3, 12, 61287 },
    { 12, 12, 0, 3, 12, 61311 },
    { 12, 12, 0, 3, 12, 61335 },
    { 12, 12, 0, 3, 12, 61359 },
    { 12, 12, 0, 3, 12, 61383 },
    { 12, 12, 0, 3, 12, 61407 },
    { 12, 12, 0, 3, 12, 61431 },
    { 12, 12, 0, 3, 12, 61455 },
    { 12, 12, 0, 3, 12, 61479 },
    { 12, 12, 0, 3, 12, 61503 },
    { 12, 12, 0, 3, 12, 61527 },
    { 12, 12, 0, 3, 12, 61551 },
    { 12, 12, 0, 3, 12, 61575 },
    { 12, 12, 0, 3, 12, 61599 },
    { 12, 12, 0, 3, 12, 61623 },
    { 12, 12, 0, 3, 12, 61647 },
    { 12, 12, 0, 3, 12, 61671 },
    { 12, 12, 0, 3, 12, 61695 },
    { 12, 12, 0, 3, 12, 61719 },
    { 12, 12, 0, 3, 12, 61743 },
    { 12, 12, 0, 3, 12, 61767 },
    { 12, 12, 0, 3, 12, 61791 },
    { 12, 12, 0, 3, 12, 61815 },
    { 12, 12, 0, 3, 12, 61839 },
    { 12, 12, 0, 3, 12, 61863 },
    { 12, 12, 0, 3, 12, 61887 },
    { 12, 12, 0, 3, 12, 61911 },
    { 12, 12, 0, 3, 12, 61935 },
    { 12, 12, 0, 3, 12, 61959 },
    { 12, 12, 0, 3, 12, 61983 },
    { 12, 12, 0, 3, 12, 62007 },
    { 12, 12, 0, 3, 12, 62031 },
    { 12, 12, 0, 3, 12, 62055 },
    { 12, 12, 0, 3, 12, 62079 },
    { 12, 12, 0, 3, 12, 62103 },
    { 12, 12, 0, 3, 12, 62127 },
    { 12, 12, 0, 3, 12, 62151 },
    { 12, 12, 0, 3, 12, 62175 },
    { 12, 11, 0, 3, 12, 62199 },
    { 12, 12, 0, 3, 12, 62221 },
    { 12, 11, 0, 3, 12, 62245 },
    { 12, 12, 0, 3, 12, 62267 },
    { 12, 11, 0, 3, 12, 62291 },
    { 12, 12, 0, 3, 12, 62313 },
    { 12, 12, 0, 3, 12, 62337 },
    { 12, 11, 0, 3, 12, 62361 },
    { 12, 12, 0, 3, 12, 62383 },
    { 12, 12, 0, 3, 12, 62407 },
    { 12, 12, 0, 3, 12, 62431 },
    { 12, 12, 0, 3, 12, 62455 },
    { 12, 11, 0, 3, 12, 62479 },
    { 12, 12, 0, 3, 12, 62501 },
    { 12, 12, 0, 3, 12, 62525 },
    { 12, 12, 0, 3, 12, 62549 },
    { 12, 12, 0, 3, 12, 62573 },
    { 12, 11, 0, 3, 12, 62597 },
    { 12, 12, 0, 3, 12, 62619 },
    { 12, 12, 0, 3, 12, 62643 },
    { 12, 11, 0, 3, 12, 62667 },
    { 12, 12, 0, 3, 12, 62689 },
    { 12, 12, 0, 3, 12, 62713 },
    { 12, 12, 0, 3, 12, 62737 },
    { 12, 12, 0, 3, 12, 62761 },
    { 12, 12, 0, 3, 12, 62785 },
    { 12, 12, 0, 3, 12, 62809 },
    { 12, 12, 0, 3, 12, 62833 },
    { 12, 11, 0, 3, 12, 62857 },
    { 12, 12, 0, 3, 12, 62879 },
    { 12, 12, 0, 3, 12, 62903 },
    { 12, 12, 0, 3, 12, 62927 },
    { 12, 12, 0, 3, 12, 62951 },
    { 12, 12, 0, 3, 12, 62975 },
    { 12, 12, 0, 3, 12, 62999 },
    { 12, 12, 0, 3, 12, 63023 },
    { 12, 12, 0, 3, 12, 63047 },
    { 12, 11, 0, 3, 12, 63071 },
    { 12, 12, 0, 3, 12, 63093 },
    { 12, 12, 0, 3, 12, 63117 },
    { 12, 12, 0, 3, 12, 63141 },
    { 12, 12, 0, 3, 12, 63165 },
    { 12, 12, 0, 3, 12, 63189 },
    { 12, 12, 0, 3, 12, 63213 },
    { 12, 11, 0, 3, 12, 63237 },
    { 12, 12, 0, 3, 12, 63259 },
    { 12, 12, 0, 3, 12, 63283 },
    { 12, 12, 0, 3, 12, 63307 },
    { 12, 12, 0, 3, 12, 63331 },
    { 12, 11, 0, 3, 12, 63355 },
    { 12, 12, 0, 3, 12, 63377 },
    { 12, 12, 0, 3, 12, 63401 },
    { 12, 12, 0, 3, 12, 63425 },
    { 12, 12, 0, 3, 12, 63449 },
    { 12, 12, 0, 3, 12, 63473 },
    { 12, 12, 0, 3, 12, 63497 },
    { 12, 12, 0, 3, 12, 63521 },
    { 12, 12, 0, 3, 12, 63545 },
    { 12, 12, 0, 3, 12, 63569 },
    { 12, 12, 0, 3, 12, 63593 },
    { 12, 12, 0, 3, 12, 63617 },
    { 12, 12, 0, 3, 12, 63641 },
    { 12, 12, 0, 3, 12, 63665 },
    { 12, 12, 0, 3, 12, 63689 },
    { 12, 12, 0, 3, 12, 63713 },
    { 12, 12, 0, 3, 12, 63737 },
    { 12, 12, 0, 3, 12, 63761 },
    { 12, 12, 0, 3, 12, 63785 },
    { 12, 12, 0, 3, 12, 63809 },
    { 12, 12, 0, 3, 12, 63833 },
    { 12, 12, 0, 3, 12, 63857 },
    { 12, 12, 0, 3, 12, 63881 },
    { 12, 12, 0, 3, 12, 63905 },
    { 12, 12, 0, 3, 12, 63929 },
    { 12, 12, 0, 3, 12, 63953 },
    { 12, 11, 0, 3, 12, 63977 },
    { 12, 12, 0, 3, 12, 63999 },
    { 12, 12, 0, 3, 12, 64023 },
    { 12, 12, 0, 3, 12, 64047 },
    { 12, 11, 0, 4, 12, 64071 },
    { 12, 12, 0, 3, 12, 64093 },
    { 12, 12, 0, 3, 12, 64117 },
    { 12, 12, 0, 3, 12, 64141 },
    { 12, 12, 0, 3, 12, 64165 },
    { 12, 12, 0, 3, 12, 64189 },
    { 12, 10, 0, 4, 12, 64213 },
    { 12, 12, 0, 3, 12, 64233 },
    { 12, 12, 0, 3, 12, 64257 },
    { 12, 12, 0, 3, 12, 64281 },
    { 12, 12, 0, 3, 12, 64305 },
    { 12, 12, 0, 3, 12, 64329 },
    { 12, 12, 0, 3, 12, 64353 },
    { 12, 11, 0, 3, 12, 64377 },
    { 12, 12, 0, 3, 12, 64399 },
    { 12, 12, 0, 3, 12, 64423 },
    { 12, 12, 0, 3, 12, 64447 },
    { 12, 11, 0, 4, 12, 64471 },
    { 12, 12, 0, 3, 12, 64493 },
    { 12, 11, 0, 3, 12, 64517 },
    { 12, 11, 0, 3, 12, 64539 },
    { 12, 12, 0, 3, 12, 64561 },
    { 12, 12, 0, 3, 12, 64585 },
    { 12, 12, 0, 3, 12, 64609 },
    { 12, 12, 0, 3, 12, 64633 },
    { 12, 12, 0, 3, 12, 64657 },
    { 12, 12, 0, 3, 12, 64681 },
    { 12, 12, 0, 3, 12, 64705 },
    { 12, 12, 0, 3, 12, 64729 },
    { 12, 12, 0, 3, 12, 64753 },
    { 12, 11, 0, 3, 12, 64777 },
    { 12, 12, 0, 3, 12, 64799 },
    { 12, 12, 0, 3, 12, 64823 },
    { 12, 11, 0, 4, 12, 64847 },
    { 12, 12, 0, 3, 12, 64869 },
    { 12, 11, 0, 3, 12, 64893 },
    { 12, 12, 0, 3, 12, 64915 },
    { 12, 12, 0, 3, 12, 64939 },
    { 12, 12, 0, 3, 12, 64963 },
    { 12, 12, 0, 3, 12, 64987 },
    { 12, 12, 0, 3, 12, 65011 },
    { 12, 11, 0, 4, 12, 65035 },
    { 12, 12, 0, 3, 12, 65057 },
    { 12, 12, 0, 3, 12, 65081 },
    { 12, 12, 0, 3, 12, 65105 },
    { 12, 12, 0, 3, 12, 65129 },
    { 12, 12, 0, 3, 12, 65153 },
    { 12, 12, 0, 3, 12, 65177 },
    { 12, 12, 0, 3, 12, 65201 },
    { 12, 12, 0, 3, 12, 65225 },
    { 12, 11, 0, 4, 12, 65249 },
    { 12, 12, 0, 3, 12, 65271 },
    { 12, 12, 0, 3, 12, 65295 },
    { 12, 12, 0, 3, 12, 65319 },
    { 12, 12, 0, 3, 12, 65343 },
    { 12, 12, 0, 3, 12, 65367 },
    { 12, 12, 0, 3, 12, 65391 },
    { 12, 12, 0, 3, 12, 65415 },
    { 12, 12, 0, 3, 12, 65439 },
    { 12, 12, 0, 3, 12, 65463 },
    { 12, 12, 0, 3, 12, 65487 },
    { 12, 11, 0, 4, 12, 65511 },
    { 12, 12, 0, 3, 12, 65533 },
    { 12, 12, 0, 3, 12, 65557 },
    { 12, 12, 0, 3, 12, 65581 },
    { 12, 11, 0, 4, 12, 65605 },
    { 12, 11, 0, 4, 12, 65627 },
    { 12, 12, 0, 3, 12, 65649 },
    { 12, 11, 0, 4, 12, 65673 },
    { 12, 12, 0, 3, 12, 65695 },
    { 12, 12, 0, 3, 12, 65719 },
    { 12, 11, 0, 4, 12, 65743 },
    { 12, 12, 0, 3, 12, 65765 },
    { 12, 12, 0, 3, 12, 65789 },
    { 12, 12, 0, 3, 12, 65813 },
    { 12, 12, 0, 3, 12, 65837 },
    { 12, 12, 0, 3, 12, 65861 },
    { 12, 12, 0, 3, 12, 65885 },
    { 12, 12, 0, 3, 12, 65909 },
    { 12, 12, 0, 3, 12, 65933 },
    { 12, 12, 0, 3, 12, 65957 },
    { 12, 12, 0, 3, 12, 65981 },
    { 12, 12, 0, 3, 12, 66005 },
    { 12, 11, 0, 4, 12, 66029 },
    { 12, 12, 0, 3, 12, 66051 },
    { 12, 12, 0, 3, 12, 66075 },
    { 12, 12, 0, 3, 12, 66099 },
    { 12, 12, 0, 3, 12, 66123 },
    { 12, 12, 0, 3, 12, 66147 },
    { 12, 12, 0, 3, 12, 66171 },
    { 12, 12, 0, 3, 12, 66195 },
    { 12, 12, 0, 3, 12, 66219 },
    { 12, 12, 0, 3, 12, 66243 },
    { 12, 12, 0, 3, 12, 66267 },
    { 12, 12, 0, 3, 12, 66291 },
    { 12, 12, 0, 3, 12, 66315 },
    { 12, 12, 0, 3, 12, 66339 },
    { 12, 12, 0, 3, 12, 66363 },
    { 12, 12, 0, 3, 12, 66387 },
    { 12, 12, 0, 3, 12, 66411 },
    { 12, 12, 0, 3, 12, 66435 },
    { 12, 12, 0, 3, 12, 66459 },
    { 12, 12, 0, 3, 12, 66483 },
    { 12, 12, 0, 3, 12, 66507 },
    { 12, 12, 0, 3, 12, 66531 },
    { 12, 12, 0, 3, 12, 66555 },
    { 12, 12, 0, 3, 12, 66579 },
    { 12, 12, 0, 3, 12, 66603 },
    { 12, 12, 0, 3, 12, 66627 },
    { 12, 12, 0, 3, 12, 66651 },
    { 12, 12, 0, 3, 12, 66675 },
    { 12, 12, 0, 3, 12, 66699 },
    { 12, 12, 0, 3, 12, 66723 },
    { 12, 12, 0, 3, 12, 66747 },
    { 12, 12, 0, 3, 12, 66771 },
    { 12, 12, 0, 3, 12, 66795 },
    { 12, 12, 0, 3, 12, 66819 },
    { 12, 12, 0, 3, 12, 66843 },
    { 12, 12, 0, 3, 12, 66867 },
    { 12, 12, 0, 3, 12, 66891 },
    { 12, 12, 0, 3, 12, 66915 },
    { 12, 11, 0, 4, 12, 66939 },
    { 12, 12, 0, 3, 12, 66961 },
    { 12, 12, 0, 3, 12, 66985 },
    { 12, 12, 0, 3, 12, 67009 },
    { 12, 12, 0, 3, 12, 67033 },
    { 12, 12, 0, 3, 12, 67057 },
    { 12, 12, 0, 3, 12, 67081 },
    { 12, 12, 0, 3, 12, 67105 },
    { 12, 12, 0, 3, 12, 67129 },
    { 12, 12, 0, 3, 12, 67153 },
    { 12, 12, 0, 3, 12, 67177 },
    { 12, 12, 0, 3, 12, 67201 },
    { 12, 12, 0, 3, 12, 67225 },
    { 12, 12, 0, 3, 12, 67249 },
    { 12, 12, 0, 3, 12, 67273 },
    { 12, 12, 0, 3, 12, 67297 },
    { 12, 12, 0, 3, 12, 67321 },
    { 12, 12, 0, 3, 12, 67345 },
    { 12, 12, 0, 3, 12, 67369 },
    { 12, 11, 0, 3, 12, 67393 },
    { 12, 12, 0, 3, 12, 67415 },
    { 12, 12, 0, 3, 12, 67439 },
    { 12, 10, 0, 4, 12, 67463 },
    { 12, 12, 0, 3, 12, 67483 },
    { 12, 12, 0, 3, 12, 67507 },
    { 12, 12, 0, 3, 12, 67531 },
    { 12, 12, 0, 3, 12, 67555 },
    { 12, 12, 0, 3, 12, 67579 },
    { 12, 12, 0, 3, 12, 67603 },
    { 12, 12, 0, 3, 12, 67627 },
    { 12, 12, 0, 3, 12, 67651 },
    { 12, 12, 0, 3, 12, 67675 },
    { 12, 12, 0, 3, 12, 67699 },
    { 12, 12, 0, 3, 12, 67723 },
    { 12, 12, 0, 3, 12, 67747 },
    { 12, 12, 0, 3, 12, 67771 },
    { 12, 12, 0, 3, 12, 67795 },
    { 12, 12, 0, 3, 12, 67819 },
    { 12, 12, 0, 3, 12, 67843 },
    { 12, 12, 0, 3, 12, 67867 },
    { 12, 12, 0, 3, 12, 67891 },
    { 12, 12, 0, 3, 12, 67915 },
    { 12, 12, 0, 3, 12, 67939 },
    { 12, 12, 0, 3, 12, 67963 },
    { 12, 12, 0, 3, 12, 67987 },
    { 12, 12, 0, 3, 12, 68011 },
    { 12, 12, 0, 3, 12, 68035 },
    { 12, 12, 0, 3, 12, 68059 },
    { 12, 11, 0, 3, 12, 68083 },
    { 12, 12, 0, 3, 12, 68105 },
    { 12, 11, 0, 3, 12, 68129 },
    { 12, 12, 0, 3, 12, 68151 },
    { 12, 12, 0, 3, 12, 68175 },
    { 12, 11, 0, 3, 12, 68199 },
    { 12, 12, 0, 3, 12, 68221 },
    { 12, 11, 0, 3, 12, 68245 },
    { 12, 12, 0, 3, 12, 68267 },
    { 12, 11, 0, 3, 12, 68291 },
    { 12, 12, 0, 3, 12, 68313 },
    { 12, 12, 0, 3, 12, 68337 },
    { 12, 12, 0, 3, 12, 68361 },
    { 12, 11, 0, 3, 12, 68385 },
    { 12, 11, 0, 3, 12, 68407 },
    { 12, 12, 0, 3, 12, 68429 },
    { 12, 12, 0, 3, 12, 68453 },
    { 12, 12, 0, 3, 12, 68477 },
    { 12, 12, 0, 3, 12, 68501 },
    { 12, 12, 0, 3, 12, 68525 },
    { 12, 11, 0, 3, 12, 68549 },
    { 12, 12, 0, 3, 12, 68571 },
    { 12, 12, 0, 3, 12, 68595 },
    { 12, 12, 0, 3, 12, 68619 },
    { 12, 12, 0, 3, 12, 68643 },
    { 12, 12, 0, 3, 12, 68667 },
    { 12, 12, 0, 3, 12, 68691 },
    { 12, 12, 0, 3, 12, 68715 },
    { 12, 12, 0, 3, 12, 68739 },
    { 12, 12, 0, 3, 12, 68763 },
    { 12, 12, 0, 3, 12, 68787 },
    { 12, 12, 0, 3, 12, 68811 },
    { 12, 12, 0, 3, 12, 68835 },
    { 12, 12, 0, 3, 12, 68859 },
    { 12, 12, 0, 3, 12, 68883 },
    { 12, 12, 0, 3, 12, 68907 },
    { 12, 12, 0, 3, 12, 68931 },
    { 12, 12, 0, 3, 12, 68955 },
    { 12, 12, 0, 3, 12, 68979 },
    { 12, 11, 0, 3, 12, 69003 },
    { 12, 12, 0, 3, 12, 69025 },
    { 12, 12, 0, 3, 12, 69049 },
    { 12, 12, 0, 3, 12, 69073 },
    { 12, 12, 0, 3, 12, 69097 },
    { 12, 12, 0, 3, 12, 69121 },
    { 12, 12, 0, 3, 12, 69145 },
    { 12, 12, 0, 3, 12, 69169 },
    { 12, 12, 0, 3, 12, 69193 },
    { 12, 12, 0, 3, 12, 69217 },
    { 12, 12, 0, 3, 12, 69241 },
    { 12, 12, 0, 3, 12, 69265 },
    { 12, 12, 0, 3, 12, 69289 },
    { 12, 12, 0, 3, 12, 69313 },
    { 12, 12, 0, 3, 12, 69337 },
    { 12, 12, 0, 3, 12, 69361 },
    { 12, 12, 0, 3, 12, 69385 },
    { 12, 12, 0, 3, 12, 69409 },
    { 12, 12, 0, 3, 12, 69433 },
    { 12, 12, 0, 3, 12, 69457 },
    { 12, 11, 0, 3, 12, 69481 },
    { 12, 12, 0, 3, 12, 69503 },
    { 12, 12, 0, 3, 12, 69527 },
    { 12, 12, 0, 3, 12, 69551 },
    { 12, 12, 0, 3, 12, 69575 },
    { 12, 12, 0, 3, 12, 69599 },
    { 12, 12, 0, 3, 12, 69623 },
    { 12, 11, 0, 3, 12, 69647 },
    { 12, 12, 0, 3, 12, 69669 },
    { 12, 11, 0, 3, 12, 69693 },
    { 12, 12, 0, 3, 12, 69715 },
    { 12, 12, 0, 3, 12, 69739 },
    { 12, 11, 0, 3, 12, 69763 },
    { 12, 12, 0, 3, 12, 69785 },
    { 12, 12, 0, 3, 12, 69809 },
    { 12, 12, 0, 3, 12, 69833 },
    { 12, 12, 0, 3, 12, 69857 },
    { 12, 12, 0, 3, 12, 69881 },
    { 12, 12, 0, 3, 12, 69905 },
    { 12, 12, 0, 3, 12, 69929 },
    { 12, 12, 0, 3, 12, 69953 },
    { 12, 12, 0, 3, 12, 69977 },
    { 12, 12, 0, 3, 12, 70001 },
    { 12, 12, 0, 3, 12, 70025 },
    { 12, 12, 0, 3, 12, 70049 },
    { 12, 12, 0, 3, 12, 70073 },
    { 12, 11, 0, 3, 12, 70097 },
    { 12, 12, 0, 3, 12, 70119 },
    { 12, 12, 0, 3, 12, 70143 },
    { 12, 12, 0, 3, 12, 70167 },
    { 12, 12, 0, 3, 12, 70191 },
    { 12, 12, 0, 3, 12, 70215 },
    { 12, 12, 0, 3, 12, 70239 },
    { 12, 11, 0, 3, 12, 70263 },
    { 12, 12, 0, 3, 12, 70285 },
    { 12, 12, 0, 3, 12, 70309 },
    { 12, 11, 0, 3, 12, 70333 },
    { 12, 12, 0, 3, 12, 70355 },
    { 12, 12, 0, 3, 12, 70379 },
    { 12, 12, 0, 3, 12, 70403 },
    { 12, 12, 0, 3, 12, 70427 },
    { 12, 12, 0, 3, 12, 70451 },
    { 12, 12, 0, 3, 12, 70475 },
    { 12, 12, 0, 3, 12, 70499 },
    { 12, 12, 0, 3, 12, 70523 },
    { 12, 12, 0, 3, 12, 70547 },
    { 12, 12, 0, 3, 12, 70571 },
    { 12, 12, 0, 3, 12, 70595 },
    { 12, 11, 0, 3, 12, 70619 },
    { 12, 11, 0, 3, 12, 70641 },
    { 12, 11, 0, 3, 12, 70663 },
    { 12, 12, 0, 3, 12, 70685 },
    { 12, 12, 0, 3, 12, 70709 },
    { 12, 12, 0, 3, 12, 70733 },
    { 12, 12, 0, 3, 12, 70757 },
    { 12, 12, 0, 3, 12, 70781 },
    { 12, 12, 0, 3, 12, 70805 },
    { 12, 12, 0, 3, 12, 70829 },
    { 12, 12, 0, 3, 12, 70853 },
    { 12, 12, 0, 3, 12, 70877 },
    { 12, 12, 0, 3, 12, 70901 },
    { 12, 12, 0, 3, 12, 70925 },
    { 12, 11, 0, 3, 12, 70949 },
    { 12, 11, 0, 3, 12, 70971 },
    { 12, 12, 0, 3, 12, 70993 },
    { 12, 12, 0, 3, 12, 71017 },
    { 12, 12, 0, 3, 12, 71041 },
    { 12, 12, 0, 3, 12, 71065 },
    { 12, 12, 0, 3, 12, 71089 },
    { 12, 12, 0, 3, 12, 71113 },
    { 12, 12, 0, 3, 12, 71137 },
    { 12, 12, 0, 3, 12, 71161 },
    { 12, 12, 0, 3, 12, 71185 },
    { 12, 12, 0, 3, 12, 71209 },
    { 12, 12, 0, 3, 12, 71233 },
    { 12, 12, 0, 3, 12, 71257 },
    { 12, 12, 0, 3, 12, 71281 },
    { 12, 12, 0, 3, 12, 71305 },
    { 12, 12, 0, 3, 12, 71329 },
    { 12, 12, 0, 3, 12, 71353 },
    { 12, 12, 0, 3, 12, 71377 },
    { 12, 12, 0, 3, 12, 71401 },
    { 12, 12, 0, 3, 12, 71425 },
    { 12, 12, 0, 3, 12, 71449 },
    { 12, 12, 0, 3, 12, 71473 },
    { 12, 12, 0, 3, 12, 71497 },
    { 12, 11, 0, 3, 12, 71521 },
    { 12, 12, 0, 3, 12, 71543 },
    { 12, 12, 0, 3, 12, 71567 },
    { 12, 12, 0, 3, 12, 71591 },
    { 12, 12, 0, 3, 12, 71615 },
    { 12, 12, 0, 3, 12, 71639 },
    { 12, 12, 0, 3, 12, 71663 },
    { 12, 12, 0, 3, 12, 71687 },
    { 12, 11, 0, 4, 12, 71711 },
    { 12, 12, 0, 3, 12, 71733 },
    { 12, 12, 0, 3, 12, 71757 },
    { 12, 11, 0, 3, 12, 71781 },
    { 12, 11, 0, 3, 12, 71803 },
    { 12, 11, 0, 3, 12, 71825 },
    { 12, 11, 0, 3, 12, 71847 },
    { 12, 12, 0, 3, 12, 71869 },
    { 12, 12, 0, 3, 12, 71893 },
    { 12, 11, 0, 3, 12, 71917 },
    { 12, 12, 0, 3, 12, 71939 },
    { 12, 12, 0, 3, 12, 71963 },
    { 12, 12, 0, 3, 12, 71987 },
    { 12, 12, 0, 3, 12, 72011 },
    { 12, 12, 0, 3, 12, 72035 },
    { 12, 12, 0, 3, 12, 72059 },
    { 12, 12, 0, 3, 12, 72083 },
    { 12, 12, 0, 3, 12, 72107 },
    { 12, 12, 0, 3, 12, 72131 },
    { 12, 12, 0, 3, 12, 72155 },
    { 12, 12, 0, 3, 12, 72179 },
    { 12, 12, 0, 3, 12, 72203 },
    { 12, 12, 0, 3, 12, 72227 },
    { 12, 12, 0, 3, 12, 72251 },
    { 12, 11, 0, 3, 12, 72275 },
    { 12, 12, 0, 3, 12, 72297 },
    { 12, 12, 0, 3, 12, 72321 },
    { 12, 11, 0, 3, 12, 72345 },
    { 12, 12, 0, 3, 12, 72367 },
    { 12, 12, 0, 3, 12, 72391 },
    { 12, 12, 0, 3, 12, 72415 },
    { 12, 12, 0, 3, 12, 72439 },
    { 12, 12, 0, 3, 12, 72463 },
    { 12, 12, 0, 3, 12, 72487 },
    { 12, 12, 0, 3, 12, 72511 },
    { 12, 12, 0, 3, 12, 72535 },
    { 12, 11, 0, 3, 12, 72559 },
    { 12, 12, 0, 3, 12, 72581 },
    { 12, 12, 0, 3, 12, 72605 },
    { 12, 12, 0, 3, 12, 72629 },
    { 12, 12, 0, 3, 12, 72653 },
    { 12, 12, 0, 3, 12, 72677 },
    { 12, 12, 0, 3, 12, 72701 },
    { 12, 12, 0, 3, 12, 72725 },
    { 12, 12, 0, 3, 12, 72749 },
    { 12, 12, 0, 3, 12, 72773 },
    { 12, 12, 0, 3, 12, 72797 },
    { 12, 12, 0, 3, 12, 72821 },
    { 12, 12, 0, 3, 12, 72845 },
    { 12, 12, 0, 3, 12, 72869 },
    { 12, 12, 0, 3, 12, 72893 },
    { 12, 12, 0, 3, 12, 72917 },
    { 12, 12, 0, 3, 12, 72941 },
    { 12, 12, 0, 3, 12, 72965 },
    { 12, 12, 0, 3, 12, 72989 },
    { 12, 12, 0, 3, 12, 73013 },
    { 12, 12, 0, 3, 12, 73037 },
    { 12, 12, 0, 3, 12, 73061 },
    { 12, 12, 0, 3, 12, 73085 },
    { 12, 12, 0, 3, 12, 73109 },
    { 12, 12, 0, 3, 12, 73133 },
    { 12, 12, 0, 3, 12, 73157 },
    { 12, 12, 0, 3, 12, 73181 },
    { 12, 12, 0, 3, 12, 73205 },
    { 12, 12, 0, 3, 12, 73229 },
    { 12, 12, 0, 3, 12, 73253 },
    { 12, 12, 0, 3, 12, 73277 },
    { 12, 12, 0, 3, 12, 73301 },
    { 12, 12, 0, 3, 12, 73325 },
    { 12, 12, 0, 3, 12, 73349 },
    { 12, 12, 0, 3, 12, 73373 },
    { 12, 12, 0, 3, 12, 73397 },
    { 12, 12, 0, 3, 12, 73421 },
    { 12, 12, 0, 3, 12, 73445 },
    { 12, 12, 0, 3, 12, 73469 },
    { 12, 12, 0, 3, 12, 73493 },
    { 12, 12, 0, 3, 12, 73517 },
    { 12, 12, 0, 3, 12, 73541 },
    { 12, 12, 0, 3, 12, 73565 },
    { 12, 12, 0, 3, 12, 73589 },
    { 12, 12, 0, 3, 12, 73613 },
    { 12, 12, 0, 3, 12, 73637 },
    { 12, 12, 0, 3, 12, 73661 },
    { 12, 12, 0, 3, 12, 73685 },
    { 12, 12, 0, 3, 12, 73709 },
    { 12, 12, 0, 3, 12, 73733 },
    { 12, 12, 0, 3, 12, 73757 },
    { 12, 12, 0, 3, 12, 73781 },
    { 12, 12, 0, 3, 12, 73805 },
    { 12, 12, 0, 3, 12, 73829 },
    { 12, 12, 0, 3, 12, 73853 },
    { 12, 12, 0, 3, 12, 73877 },
    { 12, 12, 0, 3, 12, 73901 },
    { 12, 12, 0, 3, 12, 73925 },
    { 12, 12, 0, 3, 12, 73949 },
    { 12, 12, 0, 3, 12, 73973 },
    { 12, 12, 0, 3, 12, 73997 },
    { 12, 12, 0, 3, 12, 74021 },
    { 12, 12, 0, 3, 12, 74045 },
    { 12, 12, 0, 3, 12, 74069 },
    { 12, 12, 0, 3, 12, 74093 },
    { 12, 12, 0, 3, 12, 74117 },
    { 12, 12, 0, 3, 12, 74141 },
    { 12, 12, 0, 3, 12, 74165 },
    { 12, 12, 0, 3, 12, 74189 },
    { 12, 11, 0, 3, 12, 74213 },
    { 12, 11, 0, 3, 12, 74235 },
    { 12, 12, 0, 3, 12, 74257 },
    { 12, 12, 0, 3, 12, 74281 },
    { 12, 12, 0, 3, 12, 74305 },
    { 12, 11, 0, 3, 12, 74329 },
    { 12, 12, 0, 3, 12, 74351 },
    { 12, 12, 0, 3, 12, 74375 },
    { 12, 12, 0, 3, 12, 74399 },
    { 12, 12, 0, 3, 12, 74423 },
    { 12, 12, 0, 3, 12, 74447 },
    { 12, 11, 0, 3, 12, 74471 },
    { 12, 12, 0, 3, 12, 74493 },
    { 12, 12, 0, 3, 12, 74517 },
    { 12, 12, 0, 3, 12, 74541 },
    { 12, 12, 0, 3, 12, 74565 },
    { 12, 12, 0, 3, 12, 74589 },
    { 12, 11, 0, 3, 12, 74613 },
    { 12, 12, 0, 3, 12, 74635 },
    { 12, 11, 0, 3, 12, 74659 },
    { 12, 12, 0, 3, 12, 74681 },
    { 12, 12, 0, 3, 12, 74705 },
    { 12, 12, 0, 3, 12, 74729 },
    { 12, 12, 0, 3, 12, 74753 },
    { 12, 12, 0, 3, 12, 74777 },
    { 12, 12, 0, 3, 12, 74801 },
    { 12, 12, 0, 3, 12, 74825 },
    { 12, 11, 0, 3, 12, 74849 },
    { 12, 12, 0, 3, 12, 74871 },
    { 12, 12, 0, 3, 12, 74895 },
    { 12, 12, 0, 3, 12, 74919 },
    { 12, 12, 0, 3, 12, 74943 },
    { 12, 12, 0, 3, 12, 74967 },
    { 12, 12, 0, 3, 12, 74991 },
    { 12, 12, 0, 3, 12, 75015 },
    { 12, 12, 0, 3, 12, 75039 },
    { 12, 12, 0, 3, 12, 75063 },
    { 12, 12, 0, 3, 12, 75087 },
    { 12, 11, 0, 3, 12, 75111 },
    { 12, 12, 0, 3, 12, 75133 },
    { 12, 11, 0, 3, 12, 75157 },
    { 12, 12, 0, 3, 12, 75179 },
    { 12, 12, 0, 3, 12, 75203 },
    { 12, 12, 0, 3, 12, 75227 },
    { 12, 12, 0, 3, 12, 75251 },
    { 12, 12, 0, 3, 12, 75275 },
    { 12, 12, 0, 3, 12, 75299 },
    { 12, 12, 0, 3, 12, 75323 },
    { 12, 12, 0, 3, 12, 75347 },
    { 12, 12, 0, 3, 12, 75371 },
    { 12, 12, 0, 3, 12, 75395 },
    { 12, 12, 0, 3, 12, 75419 },
    { 12, 12, 0, 3, 12, 75443 },
    { 12, 12, 0, 3, 12, 75467 },
    { 12, 12, 0, 3, 12, 75491 },
    { 12, 12, 0, 3, 12, 75515 },
    { 12, 12, 0, 3, 12, 75539 },
    { 12, 12, 0, 3, 12, 75563 },
    { 12, 11, 0, 3, 12, 75587 },
    { 12, 12, 0, 3, 12, 75609 },
    { 12, 12, 0, 3, 12, 75633 },
    { 12, 12, 0, 3, 12, 75657 },
    { 12, 12, 0, 3, 12, 75681 },
    { 12, 12, 0, 3, 12, 75705 },
    { 12, 12, 0, 3, 12, 75729 },
    { 12, 12, 0, 3, 12, 75753 },
    { 12, 11, 0, 3, 12, 75777 },
    { 12, 12, 0, 3, 12, 75799 },
    { 12, 12, 0, 3, 12, 75823 },
    { 12, 12, 0, 3, 12, 75847 },
    { 12, 12, 0, 3, 12, 75871 },
    { 12, 11, 0, 3, 12, 75895 },
    { 12, 12, 0, 3, 12, 75917 },
    { 12, 12, 0, 3, 12, 75941 },
    { 12, 12, 0, 3, 12, 75965 },
    { 12, 12, 0, 3, 12, 75989 },
    { 12, 12, 0, 3, 12, 76013 },
    { 12, 11, 0, 3, 12, 76037 },
    { 12, 12, 0, 3, 12, 76059 },
    { 12, 12, 0, 3, 12, 76083 },
    { 12, 10, 0, 4, 12, 76107 },
    { 12, 12, 0, 3, 12, 76127 },
    { 12, 12, 0, 3, 12, 76151 },
    { 12, 12, 0, 3, 12, 76175 },
    { 12, 12, 0, 3, 12, 76199 },
    { 12, 12, 0, 3, 12, 76223 },
    { 12, 12, 0, 3, 12, 76247 },
    { 12, 12, 0, 3, 12, 76271 },
    { 12, 12, 0, 3, 12, 76295 },
    { 12, 12, 0, 3, 12, 76319 },
    { 12, 11, 0, 4, 12, 76343 },
    { 12, 12, 0, 3, 12, 76365 },
    { 12, 12, 0, 3, 12, 76389 },
    { 12, 11, 0, 4, 12, 76413 },
    { 12, 12, 0, 3, 12, 76435 },
    { 12, 12, 0, 3, 12, 76459 },
    { 12, 12, 0, 3, 12, 76483 },
    { 12, 12, 0, 3, 12, 76507 },
    { 12, 12, 0, 3, 12, 76531 },
    { 12, 12, 0, 3, 12, 76555 },
    { 12, 12, 0, 3, 12, 76579 },
    { 12, 12, 0, 3, 12, 76603 },
    { 12, 12, 0, 3, 12, 76627 },
    { 12, 12, 0, 3, 12, 76651 },
    { 12, 12, 0, 3, 12, 76675 },
    { 12, 12, 0, 3, 12, 76699 },
    { 12, 12, 0, 3, 12, 76723 },
    { 12, 12, 0, 3, 12, 76747 },
    { 12, 12, 0, 3, 12, 76771 },
    { 12, 12, 0, 3, 12, 76795 },
    { 12, 12, 0, 3, 12, 76819 },
    { 12, 12, 0, 3, 12, 76843 },
    { 12, 12, 0, 3, 12, 76867 },
    { 12, 12, 0, 3, 12, 76891 },
    { 12, 12, 0, 3, 12, 76915 },
    { 12, 12, 0, 3, 12, 76939 },
    { 12, 12, 0, 3, 12, 76963 },
    { 12, 11, 0, 4, 12, 76987 },
    { 12, 12, 0, 3, 12, 77009 },
    { 12, 12, 0, 3, 12, 77033 },
    { 12, 12, 0, 3, 12, 77057 },
    { 12, 12, 0, 3, 12, 77081 },
    { 12, 12, 0, 3, 12, 77105 },
    { 12, 12, 0, 3, 12, 77129 },
    { 12, 12, 0, 3, 12, 77153 },
    { 12, 12, 0, 3, 12, 77177 },
    { 12, 12, 0, 3, 12, 77201 },
    { 12, 12, 0, 3, 12, 77225 },
    { 12, 12, 0, 3, 12, 77249 },
    { 12, 12, 0, 3, 12, 77273 },
    { 12, 12, 0, 3, 12, 77297 },
    { 12, 12, 0, 3, 12, 77321 },
    { 12, 12, 0, 3, 12, 77345 },
    { 12, 12, 0, 3, 12, 77369 },
    { 12, 12, 0, 3, 12, 77393 },
    { 12, 12, 0, 3, 12, 77417 },
    { 12, 12, 0, 3, 12, 77441 },
    { 12, 12, 0, 3, 12, 77465 },
    { 12, 12, 0, 3, 12, 77489 },
    { 12, 12, 0, 3, 12, 77513 },
    { 12, 12, 0, 3, 12, 77537 },
    { 12, 12, 0, 3, 12, 77561 },
    { 12, 12, 0, 3, 12, 77585 },
    { 12, 12, 0, 3, 12, 77609 },
    { 12, 12, 0, 3, 12, 77633 },
    { 12, 12, 0, 3, 12, 77657 },
    { 12, 12, 0, 3, 12, 77681 },
    { 12, 12, 0, 3, 12, 77705 },
    { 12, 12, 0, 3, 12, 77729 },
    { 12, 12, 0, 3, 12, 77753 },
    { 12, 12, 0, 3, 12, 77777 },
    { 12, 12, 0, 3, 12, 77801 },
    { 12, 12, 0, 3, 12, 77825 },
    { 12, 12, 0, 3, 12, 77849 },
    { 12, 12, 0, 3, 12, 77873 },
    { 12, 11, 0, 3, 12, 77897 },
    { 12, 12, 0, 3, 12, 77919 },
    { 12, 12, 0, 3, 12, 77943 },
    { 12, 12, 0, 3, 12, 77967 },
    { 12, 11, 0, 3, 12, 77991 },
    { 12, 11, 0, 3, 12, 78013 },
    { 12, 11, 0, 4, 12, 78035 },
    { 12, 12, 0, 3, 12, 78057 },
    { 12, 12, 0, 3, 12, 78081 },
    { 12, 12, 0, 3, 12, 78105 },
    { 12, 12, 0, 3, 12, 78129 },
    { 12, 12, 0, 3, 12, 78153 },
    { 12, 11, 0, 4, 12, 78177 },
    { 12, 12, 0, 3, 12, 78199 },
    { 12, 12, 0, 3, 12, 78223 },
    { 12, 12, 0, 3, 12, 78247 },
    { 12, 11, 0, 4, 12, 78271 },
    { 12, 12, 0, 3, 12, 78293 },
    { 12, 12, 0, 3, 12, 78317 },
    { 12, 12, 0, 3, 12, 78341 },
    { 12, 12, 0, 3, 12, 78365 },
    { 12, 12, 0, 3, 12, 78389 },
    { 12, 12, 0, 3, 12, 78413 },
    { 12, 12, 0, 3, 12, 78437 },
    { 12, 11, 0, 3, 12, 78461 },
    { 12, 12, 0, 3, 12, 78483 },
    { 12, 12, 0, 3, 12, 78507 },
    { 12, 12, 0, 3, 12, 78531 },
    { 12, 12, 0, 3, 12, 78555 },
    { 12, 12, 0, 3, 12, 78579 },
    { 12, 12, 0, 3, 12, 78603 },
    { 12, 12, 0, 3, 12, 78627 },
    { 12, 12, 0, 3, 12, 78651 },
    { 12, 12, 0, 3, 12, 78675 },
    { 12, 12, 0, 3, 12, 78699 },
    { 12, 12, 0, 3, 12, 78723 },
    { 12, 12, 0, 3, 12, 78747 },
    { 12, 12, 0, 3, 12, 78771 },
    { 12, 12, 0, 3, 12, 78795 },
    { 12, 12, 0, 3, 12, 78819 },
    { 12, 12, 0, 3, 12, 78843 },
    { 12, 12, 0, 3, 12, 78867 },
    { 12, 12, 0, 3, 12, 78891 },
    { 12, 12, 0, 3, 12, 78915 },
    { 12, 12, 0, 3, 12, 78939 },
    { 12, 12, 0, 3, 12, 78963 },
    { 12, 12, 0, 3, 12, 78987 },
    { 12, 12, 0, 3, 12, 79011 },
    { 12, 12, 0, 3, 12, 79035 },
    { 12, 12, 0, 3, 12, 79059 },
    { 12, 12, 0, 3, 12, 79083 },
    { 12, 12, 0, 3, 12, 79107 },
    { 12, 12, 0, 3, 12, 79131 },
    { 12, 12, 0, 3, 12, 79155 },
    { 12, 12, 0, 3, 12, 79179 },
    { 12, 12, 0, 3, 12, 79203 },
    { 12, 12, 0, 3, 12, 79227 },
    { 12, 12, 0, 3, 12, 79251 },
    { 12, 12, 0, 3, 12, 79275 },
    { 12, 12, 0, 3, 12, 79299 },
    { 12, 12, 0, 3, 12, 79323 },
    { 12, 12, 0, 3, 12, 79347 },
    { 12, 12, 0, 3, 12, 79371 },
    { 12, 12, 0, 3, 12, 79395 },
    { 12, 12, 0, 3, 12, 79419 },
    { 12, 12, 0, 3, 12, 79443 },
    { 12, 12, 0, 3, 12, 79467 },
    { 12, 12, 0, 3, 12, 79491 },
    { 12, 11, 0, 4, 12, 79515 },
    { 12, 12, 0, 3, 12, 79537 },
    { 12, 11, 0, 3, 12, 79561 },
    { 12, 11, 0, 3, 12, 79583 },
    { 12, 11, 0, 3, 12, 79605 },
    { 12, 11, 0, 3, 12, 79627 },
    { 12, 11, 0, 3, 12, 79649 },
    { 12, 11, 0, 3, 12, 79671 },
    { 12, 11, 0, 3, 12, 79693 },
    { 12, 11, 0, 3, 12, 79715 },
    { 12, 11, 0, 3, 12, 79737 },
    { 12, 11, 0, 3, 12, 79759 },
    { 12, 11, 0, 3, 12, 79781 },
    { 12, 11, 0, 3, 12, 79803 },
    { 12, 11, 0, 3, 12, 79825 },
    { 12, 11, 0, 3, 12, 79847 },
    { 12, 11, 0, 3, 12, 79869 },
    { 12, 11, 0, 3, 12, 79891 },
    { 12, 11, 0, 3, 12, 79913 },
    { 12, 11, 0, 3, 12, 79935 },
    { 12, 11, 0, 3, 12, 79957 },
    { 12, 11, 0, 3, 12, 79979 },
    { 12, 11, 0, 3, 12, 80001 },
    { 12, 11, 0, 3, 12, 80023 },
    { 12, 11, 0, 3, 12, 80045 },
    { 12, 11, 0, 3, 12, 80067 },
    { 12, 11, 0, 3, 12, 80089 },
    { 12, 11, 0, 3, 12, 80111 },
    { 12, 11, 0, 3, 12, 80133 },
    { 12, 11, 0, 3, 12, 80155 },
    { 12, 11, 0, 3, 12, 80177 },
    { 12, 11, 0, 3, 12, 80199 },
    { 12, 11, 0, 3, 12, 80221 },
    { 12, 11, 0, 3, 12, 80243 },
    { 12, 11, 0, 3, 12, 80265 },
    { 12, 11, 0, 3, 12, 80287 },
    { 12, 11, 0, 3, 12, 80309 },
    { 12, 11, 0, 3, 12, 80331 },
    { 12, 11, 0, 3, 12, 80353 },
    { 12, 11, 0, 3, 12, 80375 },
    { 12, 11, 0, 3, 12, 80397 },
    { 12, 11, 0, 3, 12, 80419 },
    { 12, 12, 0, 3, 12, 80441 },
    { 12, 11, 0, 3, 12, 80465 },
    { 12, 11, 0, 3, 12, 80487 },
    { 12, 11, 0, 3, 12, 80509 },
    { 12, 11, 0, 3, 12, 80531 },
    { 12, 11, 0, 3, 12, 80553 },
    { 12, 11, 0, 3, 12, 80575 },
    { 12, 11, 0, 3, 12, 80597 },
    { 12, 11, 0, 3, 12, 80619 },
    { 12, 11, 0, 3, 12, 80641 },
    { 12, 11, 0, 3, 12, 80663 },
    { 12, 11, 0, 3, 12, 80685 },
    { 12, 11, 0, 3, 12, 80707 },
    { 12, 11, 0, 3, 12, 80729 },
    { 12, 11, 0, 3, 12, 80751 },
    { 12, 11, 0, 3, 12, 80773 },
    { 12, 11, 0, 3, 12, 80795 },
    { 12, 11, 0, 3, 12, 80817 },
    { 12, 11, 0, 3, 12, 80839 },
    { 12, 11, 0, 3, 12, 80861 },
    { 12, 11, 0, 3, 12, 80883 },
    { 12, 12, 0, 3, 12, 80905 },
    { 12, 11, 0, 3, 12, 80929 },
    { 12, 11, 0, 3, 12, 80951 },
    { 12, 12, 0, 3, 12, 80973 },
    { 12, 11, 0, 3, 12, 80997 },
    { 12, 11, 0, 3, 12, 81019 },
    { 12, 11, 0, 3, 12, 81041 },
    { 12, 11, 0, 4, 12, 81063 },
    { 12, 11, 0, 4, 12, 81085 },
    { 12, 12, 0, 3, 12, 81107 },
    { 12, 12, 0, 3, 12, 81131 },
    { 12, 11, 0, 4, 12, 81155 },
    { 12, 12, 0, 3, 12, 81177 },
    { 12, 12, 0, 3, 12, 81201 },
    { 12, 12, 0, 3, 12, 81225 },
    { 12, 11, 0, 4, 12, 81249 },
    { 12, 12, 0, 3, 12, 81271 },
    { 12, 12, 0, 3, 12, 81295 },
    { 12, 12, 0, 3, 12, 81319 },
    { 12, 12, 0, 3, 12, 81343 },
    { 12, 12, 0, 3, 12, 81367 },
    { 12, 12, 0, 3, 12, 81391 },
    { 12, 12, 0, 3, 12, 81415 },
    { 12, 11, 0, 4, 12, 81439 },
    { 12, 12, 0, 3, 12, 81461 },
    { 12, 12, 0, 3, 12, 81485 },
    { 12, 12, 0, 3, 12, 81509 },
    { 12, 12, 0, 3, 12, 81533 },
    { 12, 12, 0, 3, 12, 81557 },
    { 12, 12, 0, 3, 12, 81581 },
    { 12, 12, 0, 3, 12, 81605 },
    { 12, 12, 0, 3, 12, 81629 },
    { 12, 12, 0, 3, 12, 81653 },
    { 12, 12, 0, 3, 12, 81677 },
    { 12, 11, 0, 3, 12, 81701 },
    { 12, 10, 0, 4, 12, 81723 },
    { 12, 12, 0, 3, 12, 81743 },
    { 12, 12, 0, 3, 12, 81767 },
    { 12, 12, 0, 3, 12, 81791 },
    { 12, 11, 0, 4, 12, 81815 },
    { 12, 11, 0, 3, 12, 81837 },
    { 12, 12, 0, 3, 12, 81859 },
    { 12, 12, 0, 3, 12, 81883 },
    { 12, 12, 0, 3, 12, 81907 },
    { 12, 12, 0, 3, 12, 81931 },
    { 12, 11, 0, 4, 12, 81955 },
    { 12, 12, 0, 3, 12, 81977 },
    { 12, 12, 0, 3, 12, 82001 },
    { 12, 12, 0, 3, 12, 82025 },
    { 12, 12, 0, 3, 12, 82049 },
    { 12, 12, 0, 3, 12, 82073 },
    { 12, 12, 0, 3, 12, 82097 },
    { 12, 12, 0, 3, 12, 82121 },
    { 12, 12, 0, 3, 12, 82145 },
    { 12, 12, 0, 3, 12, 82169 },
    { 12, 11, 0, 3, 12, 82193 },
    { 12, 11, 0, 3, 12, 82215 },
    { 12, 11, 0, 3, 12, 82237 },
    { 12, 12, 0, 3, 12, 82259 },
    { 12, 12, 0, 3, 12, 82283 },
    { 12, 12, 0, 3, 12, 82307 },
    { 12, 11, 0, 3, 12, 82331 },
    { 12, 11, 0, 3, 12, 82353 },
    { 12, 12, 0, 3, 12, 82375 },
    { 12, 11, 0, 3, 12, 82399 },
    { 12, 11, 0, 3, 12, 82421 },
    { 12, 11, 0, 3, 12, 82443 },
    { 12, 11, 0, 3, 12, 82465 },
    { 12, 12, 0, 3, 12, 82487 },
    { 12, 12, 0, 3, 12, 82511 },
    { 12, 12, 0, 3, 12, 82535 },
    { 12, 12, 0, 3, 12, 82559 },
    { 12, 12, 0, 3, 12, 82583 },
    { 12, 12, 0, 3, 12, 82607 },
    { 12, 12, 0, 3, 12, 82631 },
    { 12, 12, 0, 3, 12, 82655 },
    { 12, 12, 0, 3, 12, 82679 },
    { 12, 12, 0, 3, 12, 82703 },
    { 12, 12, 0, 3, 12, 82727 },
    { 12, 12, 0, 3, 12, 82751 },
    { 12, 12, 0, 3, 12, 82775 },
    { 12, 12, 0, 3, 12, 82799 },
    { 12, 12, 0, 3, 12, 82823 },
    { 12, 11, 0, 3, 12, 82847 },
    { 12, 12, 0, 3, 12, 82869 },
    { 12, 11, 0, 3, 12, 82893 },
    { 12, 12, 0, 3, 12, 82915 },
    { 12, 12, 0, 3, 12, 82939 },
    { 12, 12, 0, 3, 12, 82963 },
    { 12, 12, 0, 3, 12, 82987 },
    { 12, 12, 0, 3, 12, 83011 },
    { 12, 12, 0, 3, 12, 83035 },
    { 12, 12, 0, 3, 12, 83059 },
    { 12, 12, 0, 3, 12, 83083 },
    { 12, 12, 0, 3, 12, 83107 },
    { 12, 12, 0, 3, 12, 83131 },
    { 12, 12, 0, 3, 12, 83155 },
    { 12, 12, 0, 3, 12, 83179 },
    { 12, 11, 0, 3, 12, 83203 },
    { 12, 11, 0, 3, 12, 83225 },
    { 12, 12, 0, 3, 12, 83247 },
    { 12, 12, 0, 3, 12, 83271 },
    { 12, 12, 0, 3, 12, 83295 },
    { 12, 12, 0, 3, 12, 83319 },
    { 12, 12, 0, 3, 12, 83343 },
    { 12, 12, 0, 3, 12, 83367 },
    { 12, 12, 0, 3, 12, 83391 },
    { 12, 12, 0, 3, 12, 83415 },
    { 12, 12, 0, 3, 12, 83439 },
    { 12, 11, 0, 3, 12, 83463 },
    { 12, 12, 0, 3, 12, 83485 },
    { 12, 12, 0, 3, 12, 83509 },
    { 12, 12, 0, 3, 12, 83533 },
    { 12, 12, 0, 3, 12, 83557 },
    { 12, 12, 0, 3, 12, 83581 },
    { 12, 12, 0, 3, 12, 83605 },
    { 12, 12, 0, 3, 12, 83629 },
    { 12, 12, 0, 3, 12, 83653 },
    { 12, 12, 0, 3, 12, 83677 },
    { 12, 12, 0, 3, 12, 83701 },
    { 12, 12, 0, 3, 12, 83725 },
    { 12, 12, 0, 3, 12, 83749 },
    { 12, 12, 0, 3, 12, 83773 },
    { 12, 12, 0, 3, 12, 83797 },
    { 12, 11, 0, 3, 12, 83821 },
    { 12, 12, 0, 3, 12, 83843 },
    { 12, 12, 0, 3, 12, 83867 },
    { 12, 12, 0, 3, 12, 83891 },
    { 12, 12, 0, 3, 12, 83915 },
    { 12, 12, 0, 3, 12, 83939 },
    { 12, 12, 0, 3, 12, 83963 },
    { 12, 11, 0, 3, 12, 83987 },
    { 12, 12, 0, 3, 12, 84009 },
    { 12, 12, 0, 3, 12, 84033 },
    { 12, 12, 0, 3, 12, 84057 },
    { 12, 12, 0, 3, 12, 84081 },
    { 12, 12, 0, 3, 12, 84105 },
    { 12, 12, 0, 3, 12, 84129 },
    { 12, 12, 0, 3, 12, 84153 },
    { 12, 12, 0, 3, 12, 84177 },
    { 12, 12, 0, 3, 12, 84201 },
    { 12, 12, 0, 3, 12, 84225 },
    { 12, 12, 0, 3, 12, 84249 },
    { 12, 12, 0, 3, 12, 84273 },
    { 12, 12, 0, 3, 12, 84297 },
    { 12, 12, 0, 3, 12, 84321 },
    { 12, 12, 0, 3, 12, 84345 },
    { 12, 12, 0, 3, 12, 84369 },
    { 12, 12, 0, 3, 12, 84393 },
    { 12, 12, 0, 3, 12, 84417 },
    { 12, 12, 0, 3, 12, 84441 },
    { 12, 12, 0, 3, 12, 84465 },
    { 12, 12, 0, 3, 12, 84489 },
    { 12, 12, 0, 3, 12, 84513 },
    { 12, 12, 0, 3, 12, 84537 },
    { 12, 12, 0, 3, 12, 84561 },
    { 12, 12, 0, 3, 12, 84585 },
    { 12, 12, 0, 3, 12, 84609 },
    { 12, 12, 0, 3, 12, 84633 },
    { 12, 12, 0, 3, 12, 84657 },
    { 12, 12, 0, 3, 12, 84681 },
    { 12, 12, 0, 3, 12, 84705 },
    { 12, 12, 0, 3, 12, 84729 },
    { 12, 12, 0, 3, 12, 84753 },
    { 12, 12, 0, 3, 12, 84777 },
    { 12, 12, 0, 3, 12, 84801 },
    { 12, 12, 0, 3, 12, 84825 },
    { 12, 12, 0, 3, 12, 84849 },
    { 12, 12, 0, 3, 12, 84873 },
    { 12, 12, 0, 3, 12, 84897 },
    { 12, 12, 0, 3, 12, 84921 },
    { 12, 12, 0, 3, 12, 84945 },
    { 12, 11, 0, 4, 12, 84969 },
    { 12, 12, 0, 3, 12, 84991 },
    { 12, 12, 0, 3, 12, 85015 },
    { 12, 12, 0, 3, 12, 85039 },
    { 12, 12, 0, 3, 12, 85063 },
    { 12, 12, 0, 3, 12, 85087 },
    { 12, 12, 0, 3, 12, 85111 },
    { 12, 12, 0, 3, 12, 85135 },
    { 12, 12, 0, 3, 12, 85159 },
    { 12, 12, 0, 3, 12, 85183 },
    { 12, 11, 0, 4, 12, 85207 },
    { 12, 12, 0, 3, 12, 85229 },
    { 12, 12, 0, 3, 12, 85253 },
    { 12, 12, 0, 3, 12, 85277 },
    { 12, 12, 0, 3, 12, 85301 },
    { 12, 12, 0, 3, 12, 85325 },
    { 12, 12, 0, 3, 12, 85349 },
    { 12, 12, 0, 3, 12, 85373 },
    { 12, 12, 0, 3, 12, 85397 },
    { 12, 12, 0, 3, 12, 85421 },
    { 12, 12, 0, 3, 12, 85445 },
    { 12, 12, 0, 3, 12, 85469 },
    { 12, 12, 0, 3, 12, 85493 },
    { 12, 12, 0, 3, 12, 85517 },
    { 12, 12, 0, 3, 12, 85541 },
    { 12, 12, 0, 3, 12, 85565 },
    { 12, 12, 0, 3, 12, 85589 },
    { 12, 12, 0, 3, 12, 85613 },
    { 12, 12, 0, 3, 12, 85637 },
    { 12, 12, 0, 3, 12, 85661 },
    { 12, 12, 0, 3, 12, 85685 },
    { 12, 12, 0, 3, 12, 85709 },
    { 12, 12, 0, 3, 12, 85733 },
    { 12, 12, 0, 3, 12, 85757 },
    { 12, 12, 0, 3, 12, 85781 },
    { 12, 12, 0, 3, 12, 85805 },
    { 12, 12, 0, 3, 12, 85829 },
    { 12, 12, 0, 3, 12, 85853 },
    { 12, 12, 0, 3, 12, 85877 },
    { 12, 12, 0, 3, 12, 85901 },
    { 12, 12, 0, 3, 12, 85925 },
    { 12, 12, 0, 3, 12, 85949 },
    { 12, 12, 0, 3, 12, 85973 },
    { 12, 12, 0, 3, 12, 85997 },
    { 12, 12, 0, 3, 12, 86021 },
    { 12, 12, 0, 3, 12, 86045 },
    { 12, 12, 0, 3, 12, 86069 },
    { 12, 12, 0, 3, 12, 86093 },
    { 12, 12, 0, 3, 12, 86117 },
    { 12, 12, 0, 3, 12, 86141 },
    { 12, 12, 0, 3, 12, 86165 },
    { 12, 10, 0, 4, 12, 86189 },
    { 12, 12, 0, 3, 12, 86209 },
    { 12, 12, 0, 3, 12, 86233 },
    { 12, 12, 0, 3, 12, 86257 },
    { 12, 12, 0, 3, 12, 86281 },
    { 12, 12, 0, 3, 12, 86305 },
    { 12, 12, 0, 3, 12, 86329 },
    { 12, 12, 0, 3, 12, 86353 },
    { 12, 12, 0, 3, 12, 86377 },
    { 12, 12, 0, 3, 12, 86401 },
    { 12, 12, 0, 3, 12, 86425 },
    { 12, 12, 0, 3, 12, 86449 },
    { 12, 12, 0, 3, 12, 86473 },
    { 12, 12, 0, 3, 12, 86497 },
    { 12, 12, 0, 3, 12, 86521 },
    { 12, 12, 0, 3, 12, 86545 },
    { 12, 12, 0, 3, 12, 86569 },
    { 12, 12, 0, 3, 12, 86593 },
    { 12, 12, 0, 3, 12, 86617 },
    { 12, 12, 0, 3, 12, 86641 },
    { 12, 12, 0, 3, 12, 86665 },
    { 12, 12, 0, 3, 12, 86689 },
    { 12, 12, 0, 3, 12, 86713 },
    { 12, 12, 0, 3, 12, 86737 },
    { 12, 12, 0, 3, 12, 86761 },
    { 12, 12, 0, 3, 12, 86785 },
    { 12, 12, 0, 3, 12, 86809 },
    { 12, 12, 0, 3, 12, 86833 },
    { 12, 12, 0, 3, 12, 86857 },
    { 12, 12, 0, 3, 12, 86881 },
    { 12, 12, 0, 3, 12, 86905 },
    { 12, 12, 0, 3, 12, 86929 },
    { 12, 12, 0, 3, 12, 86953 },
    { 12, 12, 0, 3, 12, 86977 },
    { 12, 12, 0, 3, 12, 87001 },
    { 12, 12, 0, 3, 12, 87025 },
    { 12, 12, 0, 3, 12, 87049 },
    { 12, 12, 0, 3, 12, 87073 },
    { 12, 11, 0, 3, 12, 87097 },
    { 12, 12, 0, 3, 12, 87119 },
    { 12, 11, 0, 3, 12, 87143 },
    { 12, 12, 0, 3, 12, 87165 },
    { 12, 12, 0, 3, 12, 87189 },
    { 12, 11, 0, 4, 12, 87213 },
    { 12, 12, 0, 3, 12, 87235 },
    { 12, 11, 0, 4, 12, 87259 },
    { 12, 12, 0, 3, 12, 87281 },
    { 12, 12, 0, 3, 12, 87305 },
    { 12, 11, 0, 4, 12, 87329 },
    { 12, 11, 0, 4, 12, 87351 },
    { 12, 12, 0, 3, 12, 87373 },
    { 12, 12, 0, 3, 12, 87397 },
    { 12, 12, 0, 3, 12, 87421 },
    { 12, 12, 0, 3, 12, 87445 },
    { 12, 12, 0, 3, 12, 87469 },
    { 12, 12, 0, 3, 12, 87493 },
    { 12, 12, 0, 3, 12, 87517 },
    { 12, 11, 0, 4, 12, 87541 },
    { 12, 12, 0, 3, 12, 87563 },
    { 12, 12, 0, 3, 12, 87587 },
    { 12, 12, 0, 3, 12, 87611 },
    { 12, 12, 0, 3, 12, 87635 },
    { 12, 12, 0, 3, 12, 87659 },
    { 12, 12, 0, 3, 12, 87683 },
    { 12, 12, 0, 3, 12, 87707 },
    { 12, 12, 0, 3, 12, 87731 },
    { 12, 12, 0, 3, 12, 87755 },
    { 12, 12, 0, 3, 12, 87779 },
    { 12, 12, 0, 3, 12, 87803 },
    { 12, 12, 0, 3, 12, 87827 },
    { 12, 12, 0, 3, 12, 87851 },
    { 12, 12, 0, 3, 12, 87875 },
    { 12, 10, 0, 4, 12, 87899 },
    { 12, 12, 0, 3, 12, 87919 },
    { 12, 12, 0, 3, 12, 87943 },
    { 12, 12, 0, 3, 12, 87967 },
    { 12, 12, 0, 3, 12, 87991 },
    { 12, 12, 0, 3, 12, 88015 },
    { 12, 12, 0, 3, 12, 88039 },
    { 12, 12, 0, 3, 12, 88063 },
    { 12, 11, 0, 3, 12, 88087 },
    { 12, 12, 0, 3, 12, 88109 },
    { 12, 12, 0, 3, 12, 88133 },
    { 12, 12, 0, 3, 12, 88157 },
    { 12, 12, 0, 3, 12, 88181 },
    { 12, 12, 0, 3, 12, 88205 },
    { 12, 12, 0, 3, 12, 88229 },
    { 12, 12, 0, 3, 12, 88253 },
    { 12, 12, 0, 3, 12, 88277 },
    { 12, 12, 0, 3, 12, 88301 },
    { 12, 12, 0, 3, 12, 88325 },
    { 12, 12, 0, 3, 12, 88349 },
    { 12, 12, 0, 3, 12, 88373 },
    { 12, 12, 0, 3, 12, 88397 },
    { 12, 12, 0, 3, 12, 88421 },
    { 12, 12, 0, 3, 12, 88445 },
    { 12, 11, 0, 4, 12, 88469 },
    { 12, 11, 0, 4, 12, 88491 },
    { 12, 12, 0, 3, 12, 88513 },
    { 12, 12, 0, 3, 12, 88537 },
    { 12, 12, 0, 3, 12, 88561 },
    { 12, 10, 0, 4, 12, 88585 },
    { 12, 12, 0, 3, 12, 88605 },
    { 12, 12, 0, 3, 12, 88629 },
    { 12, 12, 0, 3, 12, 88653 },
    { 12, 12, 0, 3, 12, 88677 },
    { 12, 11, 0, 3, 12, 88701 },
    { 12, 12, 0, 3, 12, 88723 },
    { 12, 12, 0, 3, 12, 88747 },
    { 12, 12, 0, 3, 12, 88771 },
    { 12, 12, 0, 3, 12, 88795 },
    { 12, 12, 0, 3, 12, 88819 },
    { 12, 12, 0, 3, 12, 88843 },
    { 12, 12, 0, 3, 12, 88867 },
    { 12, 11, 0, 3, 12, 88891 },
    { 12, 12, 0, 3, 12, 88913 },
    { 12, 12, 0, 3, 12, 88937 },
    { 12, 12, 0, 3, 12, 88961 },
    { 12, 12, 0, 3, 12, 88985 },
    { 12, 12, 0, 3, 12, 89009 },
    { 12, 12, 0, 3, 12, 89033 },
    { 12, 12, 0, 3, 12, 89057 },
    { 12, 12, 0, 3, 12, 89081 },
    { 12, 12, 0, 3, 12, 89105 },
    { 12, 12, 0, 3, 12, 89129 },
    { 12, 12, 0, 3, 12, 89153 },
    { 12, 12, 0, 3, 12, 89177 },
    { 12, 12, 0, 3, 12, 89201 },
    { 12, 12, 0, 3, 12, 89225 },
    { 12, 12, 0, 3, 12, 89249 },
    { 12, 12, 0, 3, 12, 89273 },
    { 12, 12, 0, 3, 12, 89297 },
    { 12, 11, 0, 3, 12, 89321 },
    { 12, 12, 0, 3, 12, 89343 },
    { 12, 11, 0, 3, 12, 89367 },
    { 12, 12, 0, 3, 12, 89389 },
    { 12, 11, 0, 3, 12, 89413 },
    { 12, 12, 0, 3, 12, 89435 },
    { 12, 11, 0, 3, 12, 89459 },
    { 12, 11, 0, 3, 12, 89481 },
    { 12, 12, 0, 3, 12, 89503 },
    { 12, 12, 0, 3, 12, 89527 },
    { 12, 12, 0, 3, 12, 89551 },
    { 12, 12, 0, 3, 12, 89575 },
    { 12, 12, 0, 3, 12, 89599 },
    { 12, 12, 0, 3, 12, 89623 },
    { 12, 12, 0, 3, 12, 89647 },
    { 12, 12, 0, 3, 12, 89671 },
    { 12, 12, 0, 3, 12, 89695 },
    { 12, 12, 0, 3, 12, 89719 },
    { 12, 12, 0, 3, 12, 89743 },
    { 12, 12, 0, 3, 12, 89767 },
    { 12, 12, 0, 3, 12, 89791 },
    { 12, 12, 0, 3, 12, 89815 },
    { 12, 12, 0, 3, 12, 89839 },
    { 12, 12, 0, 3, 12, 89863 },
    { 12, 12, 0, 3, 12, 89887 },
    { 12, 12, 0, 3, 12, 89911 },
    { 12, 12, 0, 3, 12, 89935 },
    { 12, 12, 0, 3, 12, 89959 },
    { 12, 12, 0, 3, 12, 89983 },
    { 12, 12, 0, 3, 12, 90007 },
    { 12, 12, 0, 3, 12, 90031 },
    { 12, 12, 0, 3, 12, 90055 },
    { 12, 12, 0, 3, 12, 90079 },
    { 12, 12, 0, 3, 12, 90103 },
    { 12, 12, 0, 3, 12, 90127 },
    { 12, 12, 0, 3, 12, 90151 },
    { 12, 12, 0, 3, 12, 90175 },
    { 12, 12, 0, 3, 12, 90199 },
    { 12, 12, 0, 3, 12, 90223 },
    { 12, 12, 0, 3, 12, 90247 },
    { 12, 12, 0, 3, 12, 90271 },
    { 12, 12, 0, 3, 12, 90295 },
    { 12, 12, 0, 3, 12, 90319 },
    { 12, 12, 0, 3, 12, 90343 },
    { 12, 12, 0, 3, 12, 90367 },
    { 12, 12, 0, 3, 12, 90391 },
    { 12, 11, 0, 3, 12, 90415 },
    { 12, 10, 0, 4, 12, 90437 },
    { 12, 9, 0, 4, 12, 90457 },
    { 12, 10, 0, 4, 12, 90475 },
    { 12, 10, 0, 4, 12, 90495 },
    { 12, 12, 0, 3, 12, 90515 },
    { 12, 12, 0, 3, 12, 90539 },
    { 12, 7, 0, 6, 12, 90563 },
    { 12, 4, 0, 11, 12, 90577 },
    { 12, 5, 0, 8, 12, 90585 },
    { 12, 3, 0, 11, 12, 90595 },
    { 12, 12, 0, 3, 12, 90601 },
    { 12, 8, 0, 6, 12, 90625 },
    { 12, 9, 0, 6, 12, 90641 },
    { 12, 6, 0, 7, 12, 90659 },
    { 12, 10, 0, 4, 12, 90671 },
    { 12, 11, 0, 4, 12, 90691 },
    { 12, 3, 0, 13, 12, 90713 },
    { 12, 12, 0, 3, 12, 90719 },
    { 12, 12, 0, 3, 12, 90743 },
    { 12, 12, 0, 3, 12, 90767 },
    { 12, 5, 0, 8, 12, 90791 },
    { 12, 9, 0, 4, 12, 90801 },
};

const moui_font_t moui_font_cn_12 = {
    .px_size       = 12,
    .line_height   = 14,
    .ascii_width   = 0,
    .bpp           = 1,
    .ascii_glyphs  = NULL,
    .cn_count      = 3919,
    .cn_codepoints = moui_font_cn_12_codepoints,
    .cn_glyphs     = moui_font_cn_12_glyphs,
    .bitmap_data   = moui_font_cn_12_bitmaps,
};
