/* Generated from Alibaba PuHuiTi 3 - free for commercial use */
/* Copyright 2023 Alibaba (China) Co., Ltd. */

#include "font/moui_font.h"

static const uint8_t moui_font_cn_16_bitmaps[] = {
    0x30,0x30,0x30,0x30,0x30,0x20,0x20,0x20,0x00,0x30,0x30,0x00,0x00,0x68,0x68,0x68,
    0x28,0x28,0x00,0x00,0x00,0x00,0x00,0x00,0x00,0x00,0x19,0x80,0x11,0x00,0x11,0x00,
    0xFF,0x80,0x33,0x00,0x32,0x00,0x22,0x00,0xFF,0x80,0x26,0x00,0x66,0x00,0x44,0x00,
    0x00,0x00,0x08,0x00,0x08,0x00,0x3E,0x00,0x68,0x00,0x48,0x00,0x68,0x00,0x38,0x00,
    0x1E,0x00,0x0B,0x00,0x09,0x00,0x09,0x00,0x4B,0x00,0x7C,0x00,0x08,0x00,0x08,0x00,
    0x00,0x00,0x38,0x40,0x4C,0x80,0x44,0x80,0x45,0x00,0x49,0x00,0x3A,0xE0,0x04,0x90,
    0x04,0x90,0x09,0x90,0x08,0x90,0x10,0xE0,0x00,0x00,0x00,0x00,0x1E,0x00,0x32,0x00,
    0x33,0x00,0x36,0x00,0x1C,0x00,0x38,0xC0,0x6C,0x80,0x46,0x80,0x43,0x80,0x63,0x80,
    0x3C,0xC0,0x00,0x00,0x00,0x00,0x60,0x60,0x60,0x20,0x20,0x00,0x00,0x00,0x00,0x00,
    0x00,0x00,0x00,0x18,0x10,0x20,0x20,0x60,0x60,0x40,0x40,0x40,0x60,0x60,0x20,0x20,
    0x10,0x18,0x00,0x00,0x60,0x20,0x30,0x10,0x10,0x18,0x18,0x18,0x18,0x18,0x10,0x10,
    0x30,0x20,0x60,0x00,0x00,0x10,0x54,0xFC,0x38,0x6C,0x00,0x00,0x00,0x00,0x00,0x00,
    0x00,0x00,0x08,0x00,0x08,0x00,0x08,0x00,0x08,0x00,0x7F,0x00,0x08,0x00,0x08,0x00,
    0x08,0x00,0x00,0x00,0x20,0x20,0x60,0x40,0x00,0x00,0x7C,0x00,0x00,0x00,0x00,0x00,
    0x60,0x60,0x00,0x02,0x04,0x04,0x0C,0x08,0x08,0x18,0x10,0x10,0x30,0x20,0x60,0x00,
    0x3E,0x00,0x23,0x00,0x61,0x00,0x41,0x00,0x41,0x00,0x41,0x00,0x41,0x00,0x41,0x00,
    0x61,0x00,0x23,0x00,0x3E,0x00,0x00,0x00,0x00,0x00,0x3C,0x00,0x2C,0x00,0x0C,0x00,
    0x0C,0x00,0x0C,0x00,0x0C,0x00,0x0C,0x00,0x0C,0x00,0x0C,0x00,0x0C,0x00,0x0C,0x00,
    0x00,0x00,0x3E,0x00,0x03,0x00,0x03,0x00,0x03,0x00,0x02,0x00,0x06,0x00,0x0C,0x00,
    0x18,0x00,0x30,0x00,0x60,0x00,0x7F,0x00,0x00,0x00,0x3E,0x00,0x02,0x00,0x03,0x00,
    0x02,0x00,0x06,0x00,0x3C,0x00,0x03,0x00,0x03,0x00,0x03,0x00,0x03,0x00,0x7E,0x00,
    0x00,0x00,0x00,0x00,0x06,0x00,0x0E,0x00,0x0A,0x00,0x12,0x00,0x32,0x00,0x62,0x00,
    0x42,0x00,0x7F,0x00,0x02,0x00,0x02,0x00,0x02,0x00,0x00,0x00,0x3E,0x00,0x20,0x00,
    0x20,0x00,0x20,0x00,0x3C,0x00,0x43,0x00,0x01,0x00,0x01,0x00,0x01,0x00,0x03,0x00,
    0x7E,0x00,0x00,0x00,0x00,0x00,0x0E,0x00,0x30,0x00,0x20,0x00,0x60,0x00,0x5E,0x00,
    0x63,0x00,0x41,0x00,0x41,0x00,0x41,0x00,0x63,0x00,0x3E,0x00,0x00,0x00,0x00,0x00,
    0x7F,0x00,0x01,0x00,0x03,0x00,0x02,0x00,0x06,0x00,0x04,0x00,0x0C,0x00,0x08,0x00,
    0x18,0x00,0x10,0x00,0x30,0x00,0x00,0x00,0x3E,0x00,0x63,0x00,0x41,0x00,0x61,0x00,
    0x22,0x00,0x3E,0x00,0x61,0x00,0x41,0x00,0x41,0x00,0x63,0x00,0x3E,0x00,0x00,0x00,
    0x00,0x00,0x3E,0x00,0x63,0x00,0x41,0x00,0x41,0x00,0x41,0x00,0x63,0x00,0x3D,0x00,
    0x03,0x00,0x02,0x00,0x06,0x00,0x38,0x00,0x00,0x00,0x00,0x00,0x30,0x30,0x00,0x00,
    0x00,0x00,0x00,0x30,0x30,0x00,0x30,0x30,0x00,0x00,0x00,0x00,0x00,0x10,0x30,0x20,
    0x60,0x00,0x01,0x00,0x07,0x00,0x3C,0x00,0x60,0x00,0x40,0x00,0x78,0x00,0x0E,0x00,
    0x03,0x00,0x00,0x00,0x7F,0x00,0x00,0x00,0x00,0x00,0x7F,0x00,0x7F,0x00,0x00,0x00,
    0x00,0x00,0x00,0x00,0x40,0x00,0x70,0x00,0x1C,0x00,0x03,0x00,0x01,0x00,0x0E,0x00,
    0x38,0x00,0x40,0x00,0x00,0x00,0x7C,0x04,0x06,0x04,0x0C,0x18,0x10,0x30,0x00,0x30,
    0x30,0x00,0x00,0x07,0xE0,0x18,0x30,0x30,0x18,0x23,0xC8,0x64,0xC8,0x4C,0x48,0x48,
    0x48,0x48,0xC8,0x4F,0xF0,0x62,0x20,0x30,0x00,0x1C,0x60,0x07,0xC0,0x00,0x00,0x0E,
    0x00,0x0A,0x00,0x1A,0x00,0x13,0x00,0x11,0x00,0x31,0x00,0x3F,0x80,0x3F,0x80,0x60,
    0xC0,0x40,0xC0,0xC0,0x60,0x00,0x00,0x7E,0x00,0x63,0x00,0x61,0x00,0x61,0x00,0x63,
    0x00,0x7F,0x00,0x61,0x80,0x61,0x80,0x61,0x80,0x61,0x00,0x7F,0x00,0x00,0x00,0x1F,
    0x80,0x30,0x00,0x20,0x00,0x60,0x00,0x60,0x00,0x60,0x00,0x60,0x00,0x60,0x00,0x20,
    0x00,0x30,0x80,0x1F,0x80,0x00,0x00,0x00,0x00,0x7F,0x00,0x61,0x80,0x60,0xC0,0x60,
    0xC0,0x60,0x40,0x60,0x40,0x60,0xC0,0x60,0xC0,0x60,0x80,0x63,0x80,0x7F,0x00,0x00,
    0x00,0x7F,0x00,0x60,0x00,0x60,0x00,0x60,0x00,0x60,0x00,0x7E,0x00,0x60,0x00,0x60,
    0x00,0x60,0x00,0x60,0x00,0x7F,0x00,0x00,0x00,0x7F,0x60,0x60,0x60,0x60,0x7E,0x60,
    0x60,0x60,0x60,0x60,0x00,0x1F,0x80,0x30,0x00,0x20,0x00,0x60,0x00,0x60,0x00,0x63,
    0xC0,0x60,0xC0,0x60,0xC0,0x20,0xC0,0x30,0xC0,0x1F,0xC0,0x00,0x00,0x00,0x00,0x60,
    0xC0,0x60,0xC0,0x60,0xC0,0x60,0xC0,0x7F,0xC0,0x7F,0xC0,0x60,0xC0,0x60,0xC0,0x60,
    0xC0,0x60,0xC0,0x60,0xC0,0x00,0x00,0x60,0x60,0x60,0x60,0x60,0x60,0x60,0x60,0x60,
    0x60,0x60,0x00,0x30,0x30,0x30,0x30,0x30,0x30,0x30,0x30,0x30,0x30,0x30,0x30,0x30,
    0xE0,0x00,0x61,0x80,0x63,0x00,0x66,0x00,0x64,0x00,0x68,0x00,0x78,0x00,0x6C,0x00,
    0x66,0x00,0x63,0x00,0x61,0x00,0x61,0xC0,0x00,0x00,0x60,0x60,0x60,0x60,0x60,0x60,
    0x60,0x60,0x60,0x60,0x7F,0x00,0x70,0x70,0x70,0x70,0x78,0xF0,0x68,0xB0,0x6C,0xB0,
    0x65,0xB0,0x65,0x30,0x67,0x30,0x60,0x30,0x60,0x30,0x60,0x30,0x00,0x00,0x70,0x40,
    0x78,0x40,0x68,0x40,0x6C,0x40,0x64,0x40,0x66,0x40,0x62,0x40,0x63,0x40,0x61,0x40,
    0x60,0xC0,0x60,0xC0,0x00,0x00,0x1F,0x80,0x30,0xC0,0x20,0x40,0x60,0x60,0x60,0x60,
    0x60,0x60,0x60,0x60,0x60,0x60,0x20,0x40,0x30,0xC0,0x1F,0x80,0x00,0x00,0x00,0x00,
    0x7E,0x00,0x63,0x00,0x61,0x80,0x61,0x80,0x61,0x80,0x63,0x00,0x7E,0x00,0x60,0x00,
    0x60,0x00,0x60,0x00,0x60,0x00,0x00,0x00,0x1F,0x80,0x30,0xC0,0x20,0x40,0x60,0x60,
    0x60,0x60,0x60,0x60,0x60,0x60,0x60,0x60,0x20,0x40,0x30,0xC0,0x1F,0x80,0x03,0x00,
    0x01,0x80,0x00,0x00,0x00,0x00,0x7E,0x00,0x63,0x00,0x61,0x00,0x61,0x80,0x61,0x00,
    0x7F,0x00,0x7C,0x00,0x62,0x00,0x63,0x00,0x61,0x80,0x60,0xC0,0x00,0x00,0x3F,0x00,
    0x60,0x00,0x60,0x00,0x60,0x00,0x30,0x00,0x1E,0x00,0x03,0x00,0x01,0x00,0x01,0x00,
    0x43,0x00,0x7E,0x00,0x00,0x00,0x00,0x00,0xFF,0x00,0x18,0x00,0x18,0x00,0x18,0x00,
    0x18,0x00,0x18,0x00,0x18,0x00,0x18,0x00,0x18,0x00,0x18,0x00,0x18,0x00,0x00,0x00,
    0x60,0xC0,0x60,0xC0,0x60,0xC0,0x60,0xC0,0x60,0xC0,0x60,0xC0,0x60,0xC0,0x60,0xC0,
    0x20,0xC0,0x30,0x80,0x1F,0x00,0x00,0x00,0x00,0x00,0xC0,0xC0,0x40,0x80,0x61,0x80,
    0x61,0x00,0x21,0x00,0x33,0x00,0x32,0x00,0x12,0x00,0x1E,0x00,0x0C,0x00,0x0C,0x00,
    0x00,0x00,0xC0,0x0C,0x43,0x0C,0x43,0x08,0x63,0x88,0x66,0x98,0x24,0x98,0x24,0xD0,
    0x34,0x50,0x3C,0x50,0x18,0x70,0x18,0x60,0x00,0x00,0x60,0x80,0x21,0x00,0x33,0x00,
    0x12,0x00,0x1C,0x00,0x0C,0x00,0x1E,0x00,0x12,0x00,0x33,0x00,0x61,0x80,0xC0,0xC0,
    0x00,0x00,0xC1,0x80,0x61,0x00,0x23,0x00,0x32,0x00,0x16,0x00,0x0C,0x00,0x08,0x00,
    0x08,0x00,0x08,0x00,0x08,0x00,0x08,0x00,0x00,0x00,0x7F,0x80,0x01,0x80,0x03,0x00,
    0x02,0x00,0x04,0x00,0x0C,0x00,0x18,0x00,0x30,0x00,0x20,0x00,0x60,0x00,0x7F,0x80,
    0x00,0x00,0x70,0x60,0x60,0x60,0x60,0x60,0x60,0x60,0x60,0x60,0x60,0x60,0x60,0x60,
    0x70,0x00,0x00,0x70,0x30,0x30,0x30,0x30,0x30,0x30,0x30,0x30,0x30,0x30,0x30,0x30,
    0x30,0x70,0x00,0x00,0x1C,0x00,0x14,0x00,0x34,0x00,0x26,0x00,0x22,0x00,0x63,0x00,
    0x00,0x00,0x00,0x00,0x00,0x00,0x00,0x00,0x00,0x00,0x00,0x00,0x00,0x00,0xFF,0x00,
    0x60,0x30,0x00,0x00,0x00,0x00,0x00,0x00,0x00,0x00,0x00,0x00,0x00,0x1E,0x00,0x13,
    0x00,0x01,0x00,0x01,0x00,0x3F,0x00,0x61,0x00,0x41,0x00,0x63,0x00,0x3D,0x00,0x00,
    0x00,0x60,0x00,0x60,0x00,0x60,0x00,0x6E,0x00,0x73,0x80,0x61,0x80,0x60,0x80,0x60,
    0x80,0x60,0x80,0x60,0x80,0x71,0x80,0x7F,0x00,0x00,0x00,0x00,0x00,0x1E,0x32,0x60,
    0x40,0x40,0x40,0x60,0x60,0x3E,0x00,0x01,0x80,0x01,0x80,0x01,0x80,0x1D,0x80,0x33,
    0x80,0x61,0x80,0x41,0x80,0x41,0x80,0x41,0x80,0x61,0x80,0x63,0x80,0x3F,0x80,0x00,
    0x00,0x00,0x00,0x1E,0x00,0x33,0x00,0x61,0x00,0x41,0x00,0x7F,0x00,0x40,0x00,0x60,
    0x00,0x61,0x00,0x3F,0x00,0x00,0x00,0x3C,0x20,0x20,0xF8,0xF8,0x20,0x20,0x20,0x20,
    0x20,0x20,0x20,0x00,0x1D,0x80,0x33,0x80,0x61,0x80,0x41,0x80,0x41,0x80,0x41,0x80,
    0x61,0x80,0x63,0x80,0x3F,0x80,0x01,0x80,0x03,0x00,0x3E,0x00,0x00,0x00,0x60,0x00,
    0x60,0x00,0x60,0x00,0x6E,0x00,0x7B,0x00,0x61,0x00,0x61,0x80,0x61,0x80,0x61,0x80,
    0x61,0x80,0x61,0x80,0x61,0x80,0x00,0x00,0x60,0x60,0x00,0x60,0x60,0x60,0x60,0x60,
    0x60,0x60,0x60,0x60,0x30,0x30,0x00,0x30,0x30,0x30,0x30,0x30,0x30,0x30,0x30,0x30,
    0x30,0x30,0xE0,0x00,0x60,0x00,0x60,0x00,0x60,0x00,0x63,0x00,0x66,0x00,0x64,0x00,
    0x68,0x00,0x78,0x00,0x68,0x00,0x6C,0x00,0x66,0x00,0x63,0x00,0x00,0x00,0x60,0x60,
    0x60,0x60,0x60,0x60,0x60,0x60,0x60,0x60,0x60,0x30,0x00,0x00,0x6E,0x70,0x73,0xD8,
    0x61,0x08,0x61,0x08,0x61,0x08,0x61,0x08,0x61,0x08,0x61,0x08,0x61,0x08,0x6E,0x00,
    0x7B,0x00,0x61,0x00,0x61,0x80,0x61,0x80,0x61,0x80,0x61,0x80,0x61,0x80,0x61,0x80,
    0x1E,0x00,0x33,0x00,0x61,0x80,0x41,0x80,0x41,0x80,0x41,0x80,0x61,0x80,0x61,0x00,
    0x3F,0x00,0x00,0x00,0x6E,0x00,0x73,0x80,0x61,0x80,0x60,0x80,0x60,0x80,0x60,0x80,
    0x60,0x80,0x71,0x80,0x7F,0x00,0x60,0x00,0x60,0x00,0x60,0x00,0x00,0x00,0x1D,0x80,
    0x33,0x80,0x61,0x80,0x41,0x80,0x41,0x80,0x41,0x80,0x61,0x80,0x63,0x80,0x3F,0x80,
    0x01,0x80,0x01,0x80,0x01,0x80,0x00,0x00,0x6C,0x78,0x60,0x60,0x60,0x60,0x60,0x60,
    0x60,0x3C,0x62,0x40,0x60,0x3C,0x06,0x06,0x06,0x7C,0x00,0x20,0x20,0xF8,0xF8,0x20,
    0x20,0x20,0x20,0x20,0x20,0x38,0x00,0x61,0x00,0x61,0x00,0x61,0x00,0x61,0x00,0x61,
    0x00,0x61,0x00,0x61,0x00,0x23,0x00,0x3D,0x00,0x00,0x00,0xC1,0x00,0x43,0x00,0x42,
    0x00,0x62,0x00,0x26,0x00,0x24,0x00,0x34,0x00,0x1C,0x00,0x18,0x00,0xC2,0x08,0x47,
    0x18,0x45,0x10,0x65,0x10,0x65,0x90,0x28,0xA0,0x28,0xA0,0x38,0xE0,0x18,0x60,0xC3,
    0x00,0x62,0x00,0x24,0x00,0x3C,0x00,0x18,0x00,0x1C,0x00,0x24,0x00,0x62,0x00,0xC3,
    0x00,0xC1,0x00,0x43,0x00,0x42,0x00,0x62,0x00,0x26,0x00,0x34,0x00,0x14,0x00,0x1C,
    0x00,0x18,0x00,0x18,0x00,0x10,0x00,0x70,0x00,0x00,0x00,0x7E,0x7E,0x04,0x0C,0x18,
    0x10,0x20,0x60,0x7F,0x30,0x20,0x20,0x20,0x20,0x20,0x20,0x40,0x20,0x20,0x20,0x20,
    0x20,0x20,0x30,0x00,0x00,0x40,0x40,0x40,0x40,0x40,0x40,0x40,0x40,0x40,0x40,0x40,
    0x40,0x40,0x40,0x40,0x00,0x00,0x40,0x60,0x20,0x20,0x20,0x20,0x20,0x30,0x20,0x20,
    0x20,0x20,0x20,0x60,0x40,0x00,0x00,0x79,0x00,0x4F,0x00,0x82,0x00,0x00,0x00,0x00,
    0x00,0x00,0x00,0x00,0x00,0x1F,0x00,0x30,0x00,0x30,0x00,0x30,0x00,0x30,0x00,0x7E,
    0x00,0x10,0x00,0x10,0x00,0x10,0x00,0x30,0x00,0x3F,0x00,0x00,0x00,0xC1,0x80,0x63,
    0x00,0x22,0x00,0x16,0x00,0x1C,0x00,0x7F,0x00,0x08,0x00,0x7F,0x00,0x08,0x00,0x08,
    0x00,0x08,0x00,0x00,0x00,0x78,0xC8,0xC8,0x48,0x30,0x00,0x00,0x00,0x00,0x00,0x00,
    0x00,0x08,0x00,0x08,0x00,0x08,0x00,0x7F,0x00,0x08,0x00,0x08,0x00,0x00,0x00,0x7F,
    0x00,0x00,0x00,0x60,0x20,0x00,0x00,0x00,0x00,0x00,0x41,0x00,0x63,0x00,0x36,0x00,
    0x1C,0x00,0x1C,0x00,0x36,0x00,0x63,0x00,0x41,0x00,0x00,0x00,0x18,0x00,0x08,0x00,
    0x00,0x00,0x00,0x00,0x7F,0x00,0x00,0x00,0x00,0x00,0x18,0x00,0x08,0x00,0x00,0x00,
    0x7F,0xC0,0x00,0x00,0x00,0x00,0x00,0x00,0x00,0x00,0x00,0x00,0x30,0xC2,0x00,0x30,
    0xC7,0x00,0x00,0x00,0x00,0x38,0x40,0x00,0x4C,0x80,0x00,0x44,0x80,0x00,0x45,0x00,
    0x00,0x49,0x00,0x00,0x3A,0xE3,0x80,0x04,0x94,0xC0,0x04,0x94,0x40,0x09,0x94,0x40,
    0x08,0x94,0x40,0x10,0xE3,0x80,0x00,0x00,0x00,0x00,0x00,0x00,0x1F,0x00,0x30,0x00,
    0x20,0x00,0x20,0x00,0xFE,0x00,0x60,0x00,0xFE,0x00,0x20,0x00,0x20,0x00,0x30,0x00,
    0x1F,0x00,0x00,0x00,0x00,0x00,0x78,0xFC,0xC9,0x80,0xC9,0x00,0x4B,0x00,0x73,0x00,
    0x03,0x00,0x03,0x00,0x03,0x00,0x01,0x00,0x01,0x84,0x00,0xFC,0x00,0x00,0x00,0x00,
    0xFB,0x9C,0x23,0x9C,0x23,0xDC,0x23,0x6C,0x23,0x6C,0x23,0x0C,0x03,0x0C,0x00,0x00,
    0x00,0x00,0x00,0x00,0x00,0x00,0x00,0x00,0x06,0x00,0x0C,0x00,0x18,0x00,0x30,0x00,
    0x7F,0xFC,0x30,0x00,0x18,0x00,0x0C,0x00,0x06,0x00,0x00,0x00,0x01,0x80,0x03,0xC0,
    0x07,0xE0,0x0D,0xB0,0x09,0x90,0x01,0x80,0x01,0x80,0x01,0x80,0x01,0x80,0x01,0x80,
    0x01,0x80,0x01,0x80,0x01,0x80,0x00,0x00,0x00,0x60,0x00,0x30,0x00,0x18,0x00,0x0C,
    0x7F,0xFC,0x00,0x08,0x00,0x10,0x00,0x20,0x00,0x40,0x00,0x00,0x01,0x80,0x01,0x80,
    0x01,0x80,0x01,0x80,0x01,0x80,0x01,0x80,0x01,0x80,0x09,0x90,0x09,0xB0,0x05,0xE0,
    0x03,0xC0,0x01,0x80,0x01,0x00,0x00,0x00,0x01,0x80,0x01,0x00,0x01,0x00,0x01,0x00,
    0x03,0x00,0x02,0x00,0x02,0x00,0x22,0x00,0xE2,0x00,0x26,0x00,0x14,0x00,0x14,0x00,
    0x0C,0x00,0x0C,0x00,0x00,0x00,0x00,0x00,0x71,0xC0,0x4A,0x40,0x84,0x40,0xCE,0x40,
    0x7B,0xC0,0x00,0x00,0x00,0x00,0x00,0x00,0x71,0x00,0x4F,0x00,0xC6,0x00,0x00,0x00,
    0x71,0x00,0x4F,0x00,0xC6,0x00,0x00,0x00,0x00,0x00,0x03,0x00,0x06,0x00,0x7F,0x00,
    0x0C,0x00,0x18,0x00,0x7F,0x00,0x7F,0x00,0x60,0x00,0x00,0x00,0x01,0x00,0x07,0x00,
    0x3C,0x00,0x60,0x00,0x40,0x00,0x78,0x00,0x0E,0x00,0x01,0x00,0x00,0x00,0x7F,0x00,
    0x00,0x00,0x40,0x00,0x70,0x00,0x1C,0x00,0x03,0x00,0x01,0x00,0x0F,0x00,0x78,0x00,
    0x40,0x00,0x00,0x00,0x7F,0x00,0x00,0x00,0x01,0x80,0x0E,0x70,0x10,0x08,0x21,0x84,
    0x47,0x86,0x40,0x82,0x40,0x82,0x40,0x82,0x40,0x82,0x40,0x82,0x40,0x82,0x60,0x84,
    0x20,0x0C,0x18,0x18,0x07,0xE0,0x00,0x00,0x20,0x04,0x47,0x86,0x45,0x82,0xC1,0x82,
    0x81,0x82,0x81,0x83,0x81,0x83,0x81,0x83,0x81,0x82,0xC1,0x82,0x41,0x82,0x41,0x86,
    0x20,0x04,0x00,0x00,0x00,0x00,0x3F,0xFC,0x3F,0xFC,0x3F,0xFC,0x3F,0xFC,0x3F,0xFC,
    0x3F,0xFC,0x3F,0xFC,0x3F,0xFC,0x3F,0xFC,0x3F,0xFC,0x3F,0xFC,0x00,0x00,0x3F,0xFC,
    0x20,0x04,0x20,0x04,0x20,0x04,0x20,0x04,0x20,0x04,0x20,0x04,0x20,0x04,0x20,0x04,
    0x20,0x04,0x3F,0xFC,0x00,0x00,0x01,0x00,0x01,0x80,0x01,0x80,0x03,0xC0,0x07,0xE0,
    0x07,0xE0,0x0F,0xF0,0x0F,0xF0,0x1F,0xF8,0x3F,0xFC,0x00,0x00,0x01,0x00,0x01,0x80,
    0x02,0x40,0x02,0x40,0x04,0x20,0x04,0x20,0x08,0x10,0x08,0x10,0x10,0x08,0x3F,0xFC,
    0x00,0x00,0x3F,0xFC,0x10,0x08,0x08,0x10,0x08,0x10,0x04,0x20,0x04,0x20,0x02,0x40,
    0x01,0x80,0x01,0x80,0x01,0x00,0x00,0x00,0x01,0x00,0x01,0x80,0x03,0xC0,0x07,0xE0,
    0x0F,0xF0,0x1F,0xF8,0x3F,0xFC,0x1F,0xF8,0x0F,0xF0,0x07,0xE0,0x03,0xC0,0x01,0x80,
    0x00,0x00,0x01,0x00,0x01,0x80,0x02,0x40,0x04,0x20,0x08,0x10,0x10,0x08,0x20,0x04,
    0x10,0x08,0x08,0x10,0x04,0x20,0x02,0x40,0x01,0x80,0x00,0x00,0x07,0xE0,0x08,0x10,
    0x10,0x08,0x20,0x04,0x20,0x04,0x20,0x04,0x20,0x04,0x20,0x04,0x10,0x08,0x08,0x10,
    0x07,0xE0,0x00,0x00,0x00,0x00,0x07,0xE0,0x0F,0xF0,0x1F,0xF8,0x1F,0xF8,0x3F,0xFC,
    0x3F,0xFC,0x3F,0xFC,0x1F,0xF8,0x1F,0xF8,0x0F,0xF0,0x07,0xE0,0x00,0x00,0x00,0x00,
    0x01,0x00,0x01,0x00,0x01,0x80,0x01,0x80,0x23,0xC4,0x1F,0xF8,0x0F,0xF0,0x03,0xC0,
    0x07,0xE0,0x07,0xE0,0x04,0x20,0x08,0x10,0x01,0x00,0x01,0x00,0x01,0x80,0x01,0x80,
    0x2E,0x74,0x10,0x08,0x08,0x10,0x04,0x20,0x04,0x20,0x05,0xA0,0x06,0x60,0x08,0x10,
    0x20,0x00,0x10,0x00,0x0C,0x00,0x08,0x00,0x00,0x00,0x38,0x00,0x24,0x00,0x24,0x00,
    0x18,0x00,0x00,0x00,0x00,0x6C,0x00,0xC8,0x00,0x98,0x00,0x90,0x01,0xB0,0x01,0x20,
    0x03,0x20,0x01,0x20,0x01,0xB0,0x00,0x90,0x00,0x90,0x00,0xC8,0x00,0x48,0x00,0x6C,
    0x00,0x00,0x36,0x00,0x12,0x00,0x13,0x00,0x19,0x00,0x09,0x00,0x0D,0x80,0x04,0x80,
    0x0C,0x80,0x09,0x80,0x09,0x00,0x1B,0x00,0x12,0x00,0x32,0x00,0x26,0x00,0x00,0x00,
    0x00,0x38,0x00,0x20,0x00,0x20,0x00,0x20,0x00,0x20,0x00,0x20,0x00,0x20,0x00,0x20,
    0x00,0x00,0x00,0x00,0x00,0x00,0x00,0x00,0x00,0x00,0x04,0x00,0x04,0x00,0x04,0x00,
    0x04,0x00,0x04,0x00,0x04,0x00,0x04,0x00,0x04,0x00,0x1C,0x00,0x00,0x78,0x00,0x48,
    0x00,0x58,0x00,0x50,0x00,0x50,0x00,0x50,0x00,0x50,0x00,0x50,0x00,0x70,0x00,0x00,
    0x00,0x00,0x00,0x00,0x00,0x00,0x0E,0x00,0x0A,0x00,0x0A,0x00,0x0A,0x00,0x0A,0x00,
    0x0A,0x00,0x3A,0x00,0x22,0x00,0x3E,0x00,0x00,0x00,0x00,0x38,0x00,0x30,0x00,0x30,
    0x00,0x20,0x00,0x20,0x00,0x20,0x00,0x20,0x00,0x20,0x00,0x20,0x00,0x20,0x00,0x30,
    0x00,0x30,0x00,0x30,0x00,0x38,0x00,0x00,0x1C,0x00,0x0C,0x00,0x0C,0x00,0x0C,0x00,
    0x0C,0x00,0x04,0x00,0x04,0x00,0x04,0x00,0x04,0x00,0x0C,0x00,0x0C,0x00,0x0C,0x00,
    0x0C,0x00,0x1C,0x00,0x00,0x00,0x7F,0xFE,0x00,0x00,0x00,0x00,0x00,0x00,0x00,0x00,
    0x00,0x00,0x00,0x00,0x7F,0xFE,0x7F,0xFE,0x01,0x80,0x01,0x80,0x01,0x80,0x01,0x80,
    0x01,0x80,0x01,0x80,0x01,0x80,0x01,0x80,0x01,0x80,0x01,0x80,0x07,0x80,0x00,0x00,
    0x02,0x00,0x02,0x00,0x02,0x00,0x02,0x00,0x02,0x1E,0x07,0xF8,0x7E,0x00,0x42,0x00,
    0x02,0x00,0x02,0x00,0x02,0x04,0x02,0x04,0x02,0x0C,0x03,0xF8,0x7F,0xFE,0x04,0x00,
    0x04,0x00,0x04,0x00,0x07,0xF8,0x04,0x18,0x04,0x18,0x04,0x18,0x08,0x18,0x08,0x18,
    0x10,0x10,0x30,0x30,0x60,0xF0,0x40,0x00,0x00,0x40,0x00,0x40,0x00,0x40,0x7F,0xFC,
    0x00,0x40,0x18,0x40,0x08,0x40,0x0C,0xC0,0x06,0x80,0x03,0x80,0x03,0x80,0x06,0xC0,
    0x1C,0x38,0x70,0x0E,0x40,0x00,0x3F,0xFC,0x00,0x00,0x00,0x00,0x00,0x00,0x1F,0xF8,
    0x1F,0xF8,0x00,0x00,0x00,0x00,0x00,0x00,0x00,0x00,0x7F,0xFE,0x00,0x00,0x00,0x00,
    0x01,0x00,0x01,0x00,0x01,0x00,0x01,0x00,0x01,0x00,0x01,0xFC,0x01,0x00,0x01,0x00,
    0x01,0x00,0x01,0x00,0x01,0x00,0x01,0x00,0x01,0x00,0x7F,0xFE,0x7F,0xFE,0x01,0x00,
    0x01,0x00,0x01,0x00,0x01,0xC0,0x01,0x20,0x01,0x18,0x01,0x0C,0x01,0x08,0x01,0x00,
    0x01,0x00,0x01,0x00,0x01,0x00,0x01,0x00,0x3F,0xFC,0x00,0x80,0x01,0x80,0x01,0x00,
    0x03,0x00,0x07,0x60,0x0D,0x30,0x19,0x18,0x31,0x0C,0x61,0x06,0x01,0x00,0x01,0x00,
    0x01,0x00,0x01,0x00,0x08,0x00,0x08,0x00,0x0F,0xFC,0x0F,0xFC,0x18,0x00,0x18,0x00,
    0x1F,0xF8,0x00,0x08,0x00,0x08,0x00,0x08,0x7F,0xE8,0x00,0x08,0x00,0x08,0x00,0xF8,
    0x00,0x00,0x3F,0xF8,0x02,0x08,0x06,0x08,0x06,0x18,0x04,0x18,0x3F,0xF8,0x3F,0xF8,
    0x04,0x18,0x04,0x18,0x04,0x10,0x04,0x10,0x0C,0x10,0x7F,0xFE,0x03,0x00,0x03,0x00,
    0x3F,0xFC,0x02,0x00,0x06,0x00,0x7F,0xFE,0x04,0x00,0x0C,0x00,0x0F,0xF8,0x00,0x18,
    0x18,0x30,0x0E,0x60,0x01,0xC0,0x00,0x78,0x00,0x10,0x00,0x00,0x1F,0xF8,0x10,0x18,
    0x10,0x18,0x10,0x18,0x1F,0xF8,0x10,0x18,0x10,0x18,0x10,0x18,0x1F,0xF8,0x10,0x18,
    0x10,0x18,0x10,0x18,0x7F,0xFE,0x00,0x00,0x01,0x10,0x11,0x10,0x11,0x10,0x11,0x10,
    0x7F,0xFE,0x11,0x10,0x11,0x10,0x11,0x10,0x11,0x10,0x11,0xF0,0x10,0x00,0x10,0x00,
    0x10,0x00,0x1F,0xFC,0x00,0x08,0x03,0xF8,0x1F,0x00,0x18,0x00,0x18,0x00,0x18,0x00,
    0x1F,0xFC,0x18,0x20,0x18,0x20,0x18,0x20,0x18,0x20,0x18,0x20,0x7F,0xFE,0x7F,0xFE,
    0x7F,0xFE,0x01,0x00,0x01,0x00,0x3F,0xFC,0x3F,0xFC,0x21,0x0C,0x21,0x8C,0x23,0xCC,
    0x26,0x2C,0x3C,0x1C,0x28,0x0C,0x20,0x08,0x20,0x38,0x00,0x20,0x02,0x40,0x02,0x40,
    0x02,0x40,0x62,0x44,0x22,0x44,0x32,0x4C,0x12,0x48,0x12,0x48,0x1A,0x50,0x0A,0x50,
    0x02,0x40,0x02,0x40,0x02,0x40,0x7F,0xFE,0x0C,0x60,0x0C,0x60,0x0C,0x60,0x08,0x60,
    0x0C,0x60,0x0E,0x60,0x0A,0x70,0x11,0xD0,0x10,0x98,0x21,0x8C,0x63,0x04,0x46,0x02,
    0x00,0x00,0x3F,0xFC,0x03,0x00,0x02,0x00,0x7F,0xFC,0x04,0x00,0x08,0x80,0x18,0x80,
    0x10,0x80,0x3F,0xFC,0x00,0x80,0x08,0xB0,0x18,0x98,0x30,0x8C,0x60,0x86,0xC7,0x82,
    0x00,0x00,0x00,0x00,0x04,0x10,0x08,0x20,0x18,0x20,0x13,0x44,0x22,0xC8,0x7F,0xF8,
    0x04,0x10,0x08,0x20,0x10,0x60,0x3E,0xFC,0x20,0x80,0x00,0x00,0x00,0x00,0x7F,0xFE,
    0x01,0xFC,0x3F,0x80,0x01,0x00,0x01,0x00,0x3F,0xF8,0x01,0x00,0x01,0x00,0x7F,0xFE,
    0x02,0x00,0x04,0x60,0x0C,0x30,0x10,0xF8,0x3F,0xFC,0x00,0x04,0x00,0x00,0x7F,0xFE,
    0x04,0x40,0x04,0x40,0x3F,0xFC,0x24,0x4C,0x24,0x4C,0x26,0x4C,0x2F,0xEC,0x29,0xBC,
    0x39,0x9C,0x31,0x0C,0x23,0x0C,0x20,0x38,0x00,0x00,0x00,0x00,0x7F,0xFE,0x22,0x40,
    0x32,0x44,0x1A,0x48,0x0A,0x50,0x3F,0xFE,0x30,0x00,0x30,0x00,0x30,0x00,0x20,0x00,
    0x20,0x00,0x20,0x00,0x40,0x00,0x40,0x00,0x01,0x00,0x01,0x00,0x7F,0xFC,0x11,0x08,
    0x19,0x10,0x0D,0x30,0x09,0x00,0x7F,0xFE,0x13,0x08,0x11,0x98,0x10,0xE0,0x10,0x60,
    0x17,0x38,0x1C,0x06,0x10,0x00,0x01,0x80,0x03,0x80,0x02,0x40,0x04,0x60,0x18,0x30,
    0x31,0x8C,0xE1,0x86,0x41,0x82,0x01,0x80,0x01,0x80,0x01,0x80,0x01,0x80,0x01,0x80,
    0x01,0x80,0x01,0x80,0x20,0x04,0x30,0x0C,0x08,0x18,0x04,0x20,0x02,0xC0,0x01,0x00,
    0x01,0x00,0x01,0x00,0x01,0x00,0x01,0x00,0x01,0x00,0x01,0x00,0x01,0x00,0x01,0x00,
    0x01,0x00,0x01,0x00,0x01,0x00,0x01,0x00,0x3F,0xFC,0x21,0x04,0x21,0x04,0x21,0x04,
    0x21,0x04,0x21,0x04,0x3F,0xFC,0x01,0x00,0x01,0x00,0x01,0x00,0x01,0x00,0x01,0x00,
    0x01,0x00,0x01,0x00,0x3F,0xFC,0x3F,0xFC,0x01,0x00,0x01,0x00,0x3F,0xF8,0x01,0x00,
    0x01,0x00,0x01,0x00,0x7F,0xFE,0x01,0x00,0x01,0x00,0x01,0x00,0x01,0x00,0x01,0x00,
    0x01,0x00,0x1F,0xF8,0x11,0x08,0x11,0x08,0x1F,0xF8,0x01,0x00,0x01,0x00,0x3F,0xFC,
    0x21,0x04,0x21,0x04,0x3F,0xFC,0x01,0x00,0x01,0x00,0x01,0x00,0x08,0x40,0x08,0x80,
    0x28,0xFE,0x29,0xA0,0x29,0x30,0x2A,0x18,0x28,0x10,0x29,0xFC,0x29,0x24,0x29,0x24,
    0x29,0x24,0x29,0x24,0x29,0xFC,0x09,0x04,0x00,0x00,0x00,0x00,0x04,0x00,0x04,0x00,
    0x04,0x00,0x7F,0xE0,0x04,0x20,0x04,0x20,0x64,0x20,0x1C,0x20,0x06,0x20,0x0F,0xA0,
    0x08,0xA2,0x18,0x26,0x30,0x24,0x60,0x3C,0x40,0x00,0x0F,0xF0,0x08,0x10,0x0B,0x10,
    0x09,0x90,0x08,0xD0,0x08,0x90,0x7F,0xFE,0x08,0x10,0x18,0x10,0x18,0x10,0x10,0x10,
    0x10,0x10,0x20,0xF0,0x60,0x80,0x00,0x00,0x11,0x00,0x19,0x00,0x0D,0x00,0x09,0x00,
    0x7F,0xFC,0x01,0x04,0x03,0x0C,0x02,0xCC,0x02,0x6C,0x06,0x28,0x0C,0x08,0x18,0x08,
    0x30,0x08,0x60,0x78,0x40,0x00,0x01,0x00,0x01,0x00,0x01,0x80,0x7F,0xFC,0x01,0x00,
    0x01,0x00,0x01,0x00,0x3F,0xFC,0x3F,0xFC,0x01,0x00,0x01,0x00,0x01,0x00,0x01,0x00,
    0x7F,0xFE,0x7F,0xFE,0x00,0x00,0x00,0x00,0x3E,0xFC,0x22,0xC4,0x22,0xC4,0x3A,0xE4,
    0x2A,0xD4,0x26,0xDC,0x22,0xC4,0x22,0xC4,0x22,0xC4,0x2E,0xDC,0x00,0x00,0x11,0x08,
    0x19,0x18,0x08,0x90,0x7F,0xFE,0x7F,0xFE,0x05,0x20,0x09,0x10,0x31,0x08,0xEF,0xF6,
    0x41,0x02,0x01,0x00,0x7F,0xFC,0x01,0x00,0x01,0x00,0x01,0x00,0x00,0x00,0x7F,0xF0,
    0x04,0x10,0x04,0x30,0x04,0x20,0x04,0x20,0x0C,0x7C,0x08,0x0C,0x08,0x0C,0x08,0x0C,
    0x18,0x08,0x10,0x08,0x20,0x08,0x60,0xF8,0x40,0x00,0x06,0x00,0x04,0x00,0x0F,0xE0,
    0x0F,0xE0,0x18,0x60,0x30,0x40,0x60,0xC0,0x20,0x80,0x01,0xC0,0x03,0x60,0x06,0x20,
    0x0C,0x18,0x30,0x0C,0x60,0x06,0x40,0x00,0x00,0x00,0x01,0x00,0x03,0x00,0x02,0x00,
    0x06,0x30,0x0C,0x60,0x18,0x40,0x30,0xC0,0x61,0x80,0x43,0x20,0x02,0x10,0x04,0x18,
    0x18,0x08,0x3F,0xFC,0x20,0x04,0x00,0x04,0x02,0x00,0x11,0x18,0x11,0x98,0x18,0x90,
    0x08,0x90,0x0C,0x30,0x04,0x20,0x06,0x60,0x03,0xC0,0x01,0x80,0x03,0xC0,0x06,0x60,
    0x1C,0x38,0x70,0x0E,0x40,0x02,0x01,0x00,0x01,0x00,0x01,0x80,0x3F,0xFC,0x00,0x18,
    0x00,0x30,0x00,0x60,0x00,0xC0,0x03,0x80,0x06,0x00,0x3C,0x00,0x78,0x00,0xCF,0x82,
    0x43,0xFE,0x03,0x00,0x02,0x00,0x1F,0xF0,0x10,0x10,0x10,0x10,0x10,0xF0,0x10,0x00,
    0x1F,0xFC,0x1F,0xFC,0x00,0x04,0x7F,0xE4,0x7F,0xEC,0x00,0x0C,0x00,0x78,0x00,0x00,
    0x00,0x00,0x04,0x00,0x0C,0x00,0x0F,0xFE,0x1F,0xFE,0x12,0x00,0x22,0x00,0x63,0xFC,
    0x42,0x00,0x02,0x00,0x02,0x00,0x03,0xFC,0x02,0x00,0x02,0x00,0x02,0x00,0x02,0x00,
    0x00,0x00,0x07,0xFC,0x7F,0x80,0x31,0x88,0x11,0x98,0x09,0x90,0x0D,0xA0,0x01,0x80,
    0x7F,0xFE,0x01,0x80,0x01,0x80,0x01,0x80,0x01,0x80,0x07,0x00,0x00,0x00,0x00,0x00,
    0x01,0xFC,0x3F,0x80,0x01,0x00,0x01,0x00,0x3F,0xF8,0x3F,0xF8,0x00,0x30,0x00,0xE0,
    0x01,0x80,0x06,0x00,0x38,0x00,0x6C,0x00,0x47,0xFE,0x00,0x00,0x00,0x00,0x1F,0xF8,
    0x1E,0x00,0x31,0x80,0x31,0x80,0x31,0x80,0x3F,0xFC,0x3F,0xFC,0x01,0x80,0x09,0xB0,
    0x11,0x98,0x31,0x8C,0x61,0x86,0xC7,0x82,0x00,0x00,0x00,0x00,0x00,0x04,0x07,0xF8,
    0x0E,0x00,0x08,0x00,0x08,0x00,0x0F,0xFC,0x08,0x20,0x08,0x20,0x08,0x20,0x7F,0xFE,
    0x00,0x00,0x06,0x00,0x1C,0x00,0x70,0x00,0x20,0x00,0x00,0x04,0x0F,0xF8,0x0E,0x00,
    0x08,0x00,0x08,0x00,0x0F,0xFC,0x08,0x20,0x08,0x20,0x08,0x20,0x7F,0xFE,0x00,0x40,
    0x00,0x60,0x00,0x18,0x00,0x0C,0x00,0x04,0x00,0x08,0x3F,0xF8,0x21,0x00,0x01,0x00,
    0x7F,0xFC,0x7F,0xFC,0x06,0x60,0x0C,0x30,0x3C,0x38,0xE4,0x26,0x44,0x20,0x04,0x20,
    0x0C,0x20,0x38,0x20,0x10,0x20,0x00,0x04,0x3F,0xF8,0x01,0x00,0x01,0x00,0x7F,0xFE,
    0x09,0x20,0x0D,0x24,0x7D,0x2C,0x0D,0x30,0x0D,0x24,0x1D,0x26,0x6D,0x3C,0x01,0x00,
    0x01,0x00,0x01,0x00,0x3F,0xF8,0x01,0x00,0x01,0x00,0x7F,0xFC,0x05,0x24,0x3D,0x38,
    0x05,0x20,0x1D,0xA4,0x67,0xBC,0x07,0x40,0x0D,0x30,0x31,0x1C,0x41,0x06,0x01,0x00,
    0x00,0x00,0x3F,0xF8,0x00,0x18,0x00,0x60,0x00,0xC0,0x01,0x80,0x03,0x00,0x06,0x00,
    0x08,0x00,0x10,0x04,0x20,0x04,0x60,0x04,0x30,0x0C,0x1F,0xF8,0x04,0x00,0x04,0x00,
    0x04,0x00,0x7F,0xE0,0x7F,0xE0,0x04,0x20,0x04,0x20,0x04,0x20,0x04,0x20,0x0C,0x20,
    0x08,0x22,0x18,0x22,0x30,0x26,0x60,0x3C,0x40,0x00,0x04,0x00,0x0C,0x00,0x1F,0xFC,
    0x10,0x00,0x20,0x00,0x7F,0xF0,0x00,0x60,0x00,0xC0,0x03,0x00,0x06,0x00,0x0C,0x04,
    0x10,0x04,0x30,0x0C,0x1F,0xF8,0x00,0x00,0x00,0x00,0x01,0x80,0x01,0x80,0x11,0x80,
    0x11,0xB8,0x13,0xE8,0x3F,0x88,0x71,0x88,0x11,0x88,0x11,0x98,0x11,0xB0,0x11,0x84,
    0x10,0x02,0x10,0x06,0x1F,0xFC,0x00,0x00,0x3F,0xFC,0x3F,0xFC,0x10,0x08,0x1C,0x08,
    0x06,0x08,0x03,0x08,0x01,0x28,0x01,0xC8,0x07,0x08,0x3C,0x08,0x70,0x08,0x00,0x18,
    0x00,0xF0,0x00,0x00,0x01,0x00,0x03,0x10,0x06,0x18,0x08,0x20,0x3F,0xC0,0x01,0x88,
    0x03,0x08,0x0E,0x18,0x1F,0xF0,0x10,0x30,0x00,0x60,0x00,0xC0,0x07,0x00,0x7C,0x00,
    0x40,0x00,0x00,0x00,0x02,0x10,0x02,0x18,0x02,0x04,0x3F,0xF2,0x02,0x10,0x02,0x10,
    0x02,0x10,0x7F,0xFC,0x02,0x04,0x02,0x04,0x02,0x04,0x02,0x0C,0x02,0x78,0x02,0x00,
    0x02,0x00,0x3F,0xFC,0x00,0x04,0x18,0xC8,0x06,0xD8,0x22,0xC0,0x38,0xC0,0x06,0xC0,
    0x00,0x80,0x7F,0xFE,0x00,0x80,0x01,0xE0,0x06,0x38,0x7C,0x0E,0x40,0x04,0x00,0x40,
    0x1F,0x40,0x78,0x40,0x08,0x40,0x08,0x40,0x7F,0x40,0x08,0x40,0x08,0x40,0x3E,0x40,
    0x22,0x40,0x22,0x44,0x22,0x46,0x22,0x66,0x3E,0x3C,0x00,0x00,0x00,0x20,0x7F,0xA0,
    0x49,0xA0,0x29,0x20,0x27,0x20,0x21,0x20,0x7F,0x20,0x02,0x20,0x0C,0x20,0x9F,0xA0,
    0x7C,0x22,0x0C,0x22,0x0C,0x26,0x38,0x3C,0x00,0x00,0x08,0x20,0x08,0x40,0x7F,0x7E,
    0x08,0xC0,0x3E,0x80,0x23,0x80,0x3E,0xF8,0x22,0x10,0x3E,0x30,0x08,0x60,0x08,0x40,
    0x7F,0x82,0x08,0x86,0x08,0xFC,0x08,0x00,0x00,0x00,0x3F,0xFC,0x00,0x0C,0x00,0x30,
    0x00,0x60,0x01,0xC0,0x01,0x80,0x01,0x80,0x01,0x80,0x01,0x80,0x01,0x80,0x01,0x80,
    0x01,0x80,0x07,0x00,0x00,0x00,0x3F,0xF8,0x00,0x10,0x0C,0x60,0x03,0xC0,0x01,0x80,
    0x7F,0xFE,0x01,0x84,0x01,0x8C,0x01,0x98,0x01,0x88,0x01,0x80,0x01,0x80,0x07,0x00,
    0x00,0x00,0x00,0x00,0x06,0x00,0x0F,0xE0,0x18,0x20,0x30,0x40,0x7F,0xF8,0x01,0x08,
    0x01,0x08,0x7F,0xFE,0x01,0x08,0x01,0x08,0x3F,0xF8,0x01,0x00,0x01,0x00,0x07,0x00,
    0x00,0x00,0x00,0x00,0x01,0x00,0x7F,0xFE,0x01,0x00,0x1F,0xF8,0x11,0x08,0x1F,0xF8,
    0x01,0x00,0x3F,0xF8,0x01,0x08,0x7F,0xFE,0x01,0x08,0x3F,0xF8,0x01,0x00,0x07,0x00,
    0x00,0x00,0x1F,0xF8,0x00,0x00,0x00,0x00,0x00,0x00,0x00,0x00,0x00,0x00,0x00,0x00,
    0x00,0x00,0x00,0x00,0x00,0x00,0x7F,0xFE,0x00,0x00,0x3F,0xF8,0x01,0x80,0x01,0x80,
    0x01,0x80,0x01,0x80,0x7F,0xFE,0x01,0x80,0x01,0x80,0x01,0x80,0x01,0x80,0x01,0x80,
    0x01,0x80,0x0F,0x00,0x00,0x00,0x3F,0xF8,0x00,0x00,0x00,0x00,0x00,0x00,0x7F,0xFE,
    0x08,0x00,0x08,0x00,0x1F,0xF0,0x00,0x10,0x00,0x10,0x00,0x10,0x00,0x30,0x01,0xE0,
    0x00,0x00,0x3F,0xF8,0x00,0x00,0x00,0x00,0x00,0x00,0x00,0x00,0x7F,0xFE,0x02,0x00,
    0x06,0x60,0x04,0x20,0x08,0x10,0x18,0x18,0x3F,0xF8,0x20,0x0C,0x00,0x00,0x7F,0xFC,
    0x0C,0x00,0x08,0x00,0x0F,0xF0,0x08,0x10,0x08,0x10,0x18,0x10,0x1F,0xF0,0x00,0x10,
    0x00,0x10,0x00,0x10,0x7F,0xFE,0x00,0x00,0x00,0x00,0x3F,0xFC,0x02,0x00,0x02,0x00,
    0x02,0x00,0x06,0x00,0x3F,0xF0,0x04,0x10,0x04,0x10,0x04,0x10,0x0C,0x10,0x0C,0x10,
    0x7F,0xFE,0x00,0x00,0x04,0x20,0x04,0x20,0x04,0x20,0x7F,0xFC,0x04,0x20,0x04,0x20,
    0x04,0x20,0x04,0x20,0x7F,0xFE,0x0C,0x20,0x0C,0x20,0x08,0x20,0x18,0x20,0x70,0x20,
    0x20,0x20,0x7F,0xFC,0x06,0x40,0x06,0x40,0x26,0x44,0x26,0x44,0x36,0x48,0x16,0x48,
    0x1E,0x50,0x0E,0x50,0x06,0x40,0x06,0x40,0x06,0x40,0x7F,0xFE,0x00,0x00,0x04,0x40,
    0x24,0x44,0x24,0x4C,0x27,0x78,0x24,0x60,0x24,0x40,0x25,0x42,0x7F,0x7C,0x40,0x00,
    0x00,0x00,0x1F,0xF8,0x00,0x00,0x00,0x00,0x7F,0xFE,0x01,0x00,0x01,0x00,0x01,0x80,
    0x7F,0xFE,0x10,0x00,0x10,0x00,0x10,0x00,0x10,0x00,0x10,0x00,0x10,0x00,0x10,0x00,
    0x10,0x00,0x10,0x00,0x1F,0xFC,0x01,0x00,0x01,0x00,0x7F,0xFE,0x7F,0xFE,0x00,0x00,
    0x00,0x00,0x0F,0xE0,0x0C,0x20,0x0C,0x20,0x0C,0x20,0x08,0x22,0x08,0x22,0x18,0x26,
    0x60,0x3C,0x40,0x00,0x01,0x00,0x01,0x80,0x7F,0xFE,0x00,0x00,0x04,0x60,0x0C,0x30,
    0x18,0x18,0x64,0x24,0x26,0x64,0x02,0xC0,0x01,0x80,0x03,0xC0,0x1C,0x78,0x70,0x0E,
    0x40,0x00,0x00,0x00,0x01,0x00,0x01,0x80,0x7F,0xFE,0x02,0x00,0x06,0x20,0x0C,0x60,
    0x3F,0xC8,0x01,0x98,0x03,0x10,0x0E,0x60,0x38,0xC0,0x61,0xE0,0x06,0x30,0x1C,0x0C,
    0x30,0x04,0x01,0x00,0x01,0x00,0x7F,0xFE,0x7F,0xFC,0x06,0x40,0x16,0x50,0x16,0x58,
    0x26,0x48,0x24,0x4C,0x44,0x44,0xC4,0x46,0x4C,0x44,0x18,0x40,0x31,0xC0,0x21,0x00,
    0x01,0x00,0x01,0x80,0x7F,0xFE,0x0C,0x30,0x04,0x20,0x04,0x20,0x3F,0xFC,0x30,0x00,
    0x30,0x00,0x30,0x00,0x20,0x00,0x20,0x00,0x20,0x00,0x60,0x00,0xC0,0x00,0x01,0x00,
    0x01,0x80,0x7F,0xFE,0x00,0x00,0x1F,0xF8,0x10,0x08,0x1F,0xF8,0x00,0x00,0x3F,0xFC,
    0x00,0x18,0x00,0xE0,0x01,0x80,0x01,0x80,0x07,0x80,0x00,0x00,0x01,0x00,0x01,0x80,
    0x7F,0xFE,0x00,0x00,0x00,0x00,0x3F,0xF8,0x31,0x08,0x31,0x08,0x31,0x08,0x3F,0xF8,
    0x31,0x08,0x31,0x08,0x3F,0xF8,0x30,0x08,0x00,0x00,0x01,0x00,0x01,0x80,0x7F,0xFE,
    0x00,0x00,0x1F,0xF8,0x10,0x18,0x1F,0xF8,0x00,0x00,0x3F,0xF8,0x00,0xE0,0x7F,0xFE,
    0x01,0x00,0x01,0x00,0x07,0x00,0x00,0x00,0x01,0x00,0x01,0x80,0x7F,0xFE,0x00,0x00,
    0x00,0x00,0x1F,0xF8,0x10,0x18,0x10,0x18,0x1F,0xF8,0x01,0x80,0x09,0xB0,0x19,0x98,
    0x61,0x84,0xC7,0x82,0x00,0x00,0x01,0x00,0x01,0x80,0x7F,0xFE,0x00,0x00,0x1F,0xF8,
    0x1F,0xF8,0x00,0x00,0x3F,0xFC,0x20,0x04,0x20,0x04,0x1F,0xF8,0x00,0x80,0x00,0x80,
    0x07,0x80,0x00,0x00,0x01,0x00,0x01,0x80,0x7F,0xFE,0x00,0x00,0x1F,0xF0,0x10,0x10,
    0x1F,0xF0,0x00,0x00,0x3F,0xFC,0x20,0x04,0x07,0xE0,0x04,0x66,0x08,0x64,0x70,0x3C,
    0x40,0x00,0x01,0x00,0x01,0x80,0x3F,0xFC,0x04,0x20,0x04,0x20,0x7F,0xFE,0x7F,0xFE,
    0x01,0x80,0x7F,0xFC,0x7F,0xFC,0x0D,0xA0,0x19,0x98,0x31,0x8E,0x47,0x04,0x00,0x00,
    0x01,0x00,0x01,0x00,0x01,0x00,0x01,0x00,0x01,0x80,0x01,0x80,0x03,0x80,0x02,0xC0,
    0x02,0x40,0x04,0x60,0x0C,0x30,0x18,0x10,0x30,0x0C,0x60,0x06,0x00,0x04,0x08,0x00,
    0x0B,0xF8,0x18,0x08,0x10,0x18,0x30,0x30,0x30,0x60,0x70,0x40,0xD0,0x80,0x11,0x80,
    0x11,0x00,0x12,0x02,0x12,0x06,0x12,0x06,0x13,0xFC,0x00,0x00,0x0C,0x20,0x08,0x20,
    0x18,0x20,0x10,0x20,0x30,0x20,0x30,0x20,0x77,0xFE,0xD0,0x20,0x10,0x20,0x10,0x20,
    0x10,0x20,0x10,0x20,0x10,0x20,0x10,0x20,0x00,0x20,0x00,0x00,0x0C,0x00,0x08,0x00,
    0x1B,0xFC,0x13,0xFC,0x30,0x00,0x30,0x00,0x70,0x00,0xD0,0x00,0x10,0x00,0x10,0x00,
    0x10,0x00,0x10,0x00,0x17,0xFE,0x10,0x00,0x10,0x00,0x00,0x00,0x08,0x00,0x0B,0xFC,
    0x1A,0x04,0x13,0x0C,0x31,0x08,0x31,0x08,0x71,0x98,0xD0,0x90,0x10,0xF0,0x10,0x60,
    0x10,0xE0,0x11,0xB0,0x13,0x1C,0x1E,0x06,0x14,0x02,0x04,0x40,0x0C,0x40,0x08,0x40,
    0x18,0x40,0x18,0x40,0x38,0x50,0x78,0x78,0xD8,0x4E,0x18,0x42,0x18,0x40,0x18,0x40,
    0x18,0x40,0x18,0x40,0x18,0x40,0x00,0x40,0x09,0x80,0x09,0x80,0x11,0x80,0x17,0xF0,
    0x37,0xF0,0x31,0x10,0x51,0x10,0xD1,0x10,0x11,0x10,0x11,0x10,0x11,0x12,0x12,0x12,
    0x16,0x12,0x1C,0x1E,0x18,0x00,0x01,0x80,0x03,0x80,0x06,0x40,0x0C,0x20,0x1A,0x18,
    0x71,0x0C,0xC0,0x82,0x00,0x80,0x3F,0xF8,0x00,0x10,0x00,0x30,0x00,0x60,0x00,0x40,
    0x01,0x80,0x00,0x80,0x01,0x80,0x03,0x80,0x02,0xC0,0x04,0x60,0x08,0x30,0x30,0x18,
    0xE4,0x26,0x44,0x22,0x04,0x20,0x04,0x20,0x0C,0x20,0x08,0x20,0x18,0x20,0x30,0x20,
    0x20,0x20,0x08,0x00,0x0B,0xF8,0x19,0x08,0x11,0x08,0x31,0x18,0x31,0x10,0x71,0x1C,
    0xD1,0x04,0x11,0x04,0x11,0x04,0x13,0x04,0x12,0x04,0x16,0x0C,0x1C,0x38,0x14,0x00,
    0x08,0x20,0x08,0x20,0x08,0x20,0x08,0x20,0x08,0x20,0x0C,0x60,0x0E,0x60,0x0A,0x70,
    0x1B,0x50,0x11,0xD0,0x10,0x98,0x21,0x08,0x63,0x04,0x46,0x06,0x02,0x02,0x01,0x80,
    0x03,0x80,0x06,0x40,0x0C,0x30,0x18,0x18,0xE0,0x0E,0x48,0x32,0x08,0xE0,0x0F,0x80,
    0x0C,0x00,0x08,0x08,0x08,0x08,0x08,0x08,0x0F,0xF8,0x00,0x00,0x01,0x80,0x03,0x80,
    0x06,0x40,0x0C,0x30,0x18,0x18,0x7F,0xFE,0xCF,0xF2,0x08,0x30,0x08,0x20,0x08,0x60,
    0x09,0xC0,0x08,0x04,0x08,0x0C,0x0F,0xF8,0x00,0x00,0x08,0x00,0x0B,0xFC,0x18,0x0C,
    0x10,0x18,0x30,0x30,0x30,0x60,0x70,0x60,0xD7,0xFE,0x10,0x60,0x10,0x60,0x10,0x60,
    0x10,0x60,0x10,0x60,0x11,0xE0,0x10,0x00,0x0C,0x60,0x08,0x60,0x18,0x60,0x10,0x60,
    0x30,0x60,0x37,0xFE,0x70,0x60,0xD0,0x60,0x10,0x60,0x10,0x60,0x10,0x60,0x10,0x60,
    0x13,0xFE,0x13,0xFE,0x00,0x00,0x08,0x40,0x08,0x40,0x1A,0x40,0x12,0x4C,0x32,0x74,
    0x37,0xC4,0x7E,0x4C,0xD2,0x4C,0x12,0x4C,0x12,0x58,0x12,0x40,0x12,0x02,0x12,0x06,
    0x13,0xFC,0x10,0x00,0x08,0x30,0x08,0x30,0x18,0x30,0x17,0xFE,0x30,0x30,0x32,0x30,
    0x72,0x30,0xD1,0x20,0x11,0x20,0x10,0xA0,0x10,0xC0,0x10,0xE0,0x13,0x98,0x1E,0x0E,
    0x14,0x00,0x0C,0x10,0x08,0x10,0x18,0x10,0x17,0xFE,0x37,0xFE,0x30,0x10,0x73,0x10,
    0xD1,0x10,0x11,0x90,0x10,0x90,0x10,0x10,0x10,0x10,0x10,0x10,0x10,0x70,0x00,0x00,
    0x08,0x40,0x18,0x40,0x10,0x40,0x12,0x44,0x32,0x44,0x32,0x44,0x72,0x44,0xF2,0x44,
    0x32,0x44,0x32,0x44,0x32,0x44,0x32,0x44,0x33,0xFC,0x30,0x04,0x00,0x00,0x08,0x00,
    0x08,0x3C,0x1B,0xF0,0x10,0x20,0x30,0x20,0x30,0x20,0x70,0x20,0xD7,0xFE,0x10,0x20,
    0x10,0x20,0x10,0x20,0x10,0x20,0x10,0x20,0x10,0x20,0x10,0x20,0x0C,0x80,0x08,0xB0,
    0x08,0x98,0x18,0x8C,0x10,0x80,0x37,0xFE,0x74,0x80,0xD0,0xC0,0x50,0xC0,0x10,0x40,
    0x10,0x40,0x10,0x66,0x10,0x24,0x10,0x3C,0x10,0x00,0x01,0x80,0x03,0x80,0x06,0x40,
    0x0C,0x20,0x1B,0x18,0xF1,0x8E,0x40,0x82,0x3F,0xF8,0x3F,0xF8,0x00,0x30,0x18,0x60,
    0x07,0xC0,0x01,0xC0,0x00,0x60,0x00,0x20,0x02,0x00,0x26,0x08,0x23,0x08,0x21,0x08,
    0x21,0x88,0x20,0x18,0x20,0x18,0x20,0x10,0x23,0x10,0x26,0x30,0x2C,0x38,0x38,0x6C,
    0x61,0x86,0x23,0x02,0x02,0x00,0x08,0x80,0x08,0xC8,0x1A,0x44,0x12,0x6C,0x32,0x48,
    0x33,0x08,0x71,0x18,0xD1,0x90,0x50,0xB0,0x10,0x60,0x10,0x60,0x11,0xB0,0x13,0x18,
    0x1E,0x06,0x14,0x02,0x0A,0x00,0x19,0x7C,0x11,0x84,0x12,0x04,0x32,0x04,0x32,0x04,
    0x52,0x04,0xD2,0x04,0x12,0x04,0x12,0x04,0x12,0x04,0x12,0x04,0x12,0x04,0x12,0x1C,
    0x00,0x00,0x08,0x80,0x1B,0xFC,0x12,0x44,0x12,0x44,0x32,0x44,0x32,0x44,0x52,0x44,
    0xD2,0x44,0x12,0x44,0x12,0x44,0x13,0xC4,0x17,0x5C,0x10,0x40,0x10,0x40,0x00,0x40,
    0x08,0x40,0x18,0x40,0x10,0x40,0x17,0xFC,0x36,0x44,0x36,0x44,0x56,0x44,0xD6,0x44,
    0x16,0x44,0x17,0xFC,0x10,0x40,0x10,0x40,0x10,0x40,0x10,0x40,0x00,0x40,0x08,0x20,
    0x09,0x20,0x11,0x20,0x13,0xFC,0x33,0xFC,0x32,0x20,0x56,0x20,0xD0,0x20,0x17,0xFE,
    0x17,0xFE,0x10,0x20,0x10,0x20,0x10,0x20,0x10,0x20,0x10,0x20,0x08,0x40,0x08,0xE0,
    0x18,0xA0,0x11,0x10,0x33,0x08,0x36,0x04,0x5D,0x12,0xD1,0x10,0x11,0x10,0x11,0x10,
    0x11,0x10,0x11,0x10,0x12,0x10,0x16,0x10,0x14,0x10,0x08,0x00,0x08,0x7C,0x1F,0xE0,
    0x10,0x60,0x30,0x60,0x30,0x60,0x50,0x60,0xD7,0xFE,0x10,0x60,0x10,0x60,0x10,0x60,
    0x10,0x60,0x17,0xFE,0x17,0xFE,0x00,0x00,0x08,0x20,0x08,0xB0,0x11,0x10,0x11,0x18,
    0x32,0x08,0x36,0x04,0x7F,0xFE,0xD3,0xF8,0x11,0x88,0x11,0x08,0x11,0x08,0x11,0x08,
    0x12,0x18,0x1E,0x70,0x14,0x00,0x08,0x40,0x08,0x60,0x1F,0xFE,0x17,0xFE,0x31,0x80,
    0x31,0x80,0x71,0xFC,0xD1,0x88,0x11,0x08,0x11,0x08,0x11,0x08,0x13,0x08,0x12,0x08,
    0x1C,0x78,0x14,0x00,0x01,0x80,0x03,0x80,0x06,0x40,0x0C,0x30,0x19,0x98,0x71,0x8C,
    0xC1,0x82,0x11,0x80,0x11,0xF8,0x11,0x80,0x11,0x80,0x11,0x80,0x11,0x80,0x7F,0xFE,
    0x08,0x00,0x0F,0xF8,0x10,0x88,0x10,0x88,0x30,0x88,0x3F,0xFE,0x50,0x88,0xD0,0x88,
    0x10,0x88,0x17,0xF8,0x11,0x00,0x11,0x00,0x13,0x00,0x1E,0x00,0x14,0x00,0x08,0x00,
    0x1F,0xFE,0x10,0x80,0x10,0x80,0x30,0x80,0x30,0x80,0x57,0xF8,0xD1,0x88,0x11,0x08,
    0x11,0x08,0x11,0x08,0x11,0x08,0x11,0x08,0x17,0xFE,0x10,0x00,0x08,0x40,0x08,0x40,
    0x1F,0xFE,0x17,0xFE,0x30,0x40,0x30,0x40,0x57,0xF8,0xD3,0x08,0x11,0x18,0x11,0x90,
    0x10,0xE0,0x10,0xE0,0x11,0xB8,0x1E,0x0E,0x18,0x02,0x0C,0x40,0x08,0x58,0x18,0x4C,
    0x10,0x44,0x37,0xFE,0x37,0xFE,0x70,0x40,0xD0,0x40,0x10,0xE0,0x10,0xA0,0x11,0x90,
    0x13,0x18,0x12,0x0C,0x1C,0x06,0x14,0x02,0x0D,0xA0,0x08,0xB0,0x08,0x98,0x10,0x88,
    0x11,0xFE,0x37,0x80,0x70,0x8C,0xD0,0x98,0x10,0xF0,0x10,0x60,0x10,0xC0,0x13,0xE2,
    0x16,0x24,0x10,0x3C,0x10,0x08,0x08,0x40,0x08,0x40,0x18,0x40,0x17,0xFC,0x30,0x40,
    0x30,0xE0,0x70,0xE0,0xD1,0xD0,0x11,0x58,0x12,0x48,0x16,0x44,0x1C,0x46,0x18,0x42,
    0x10,0x40,0x10,0x40,0x01,0x80,0x03,0x80,0x06,0x40,0x0C,0x60,0x18,0x18,0x7C,0x2E,
    0x4C,0x22,0x0C,0x60,0x0E,0x60,0x0A,0x60,0x19,0xD0,0x10,0x98,0x31,0x8C,0x67,0x06,
    0x02,0x02,0x08,0x90,0x08,0x98,0x18,0x8C,0x10,0x88,0x37,0xFC,0x30,0x80,0x70,0xA0,
    0xD0,0xA0,0x11,0xA0,0x11,0xA0,0x11,0x24,0x13,0x22,0x16,0x22,0x1C,0x3C,0x14,0x00,
    0x08,0x40,0x08,0x40,0x18,0x40,0x14,0x46,0x32,0x44,0x32,0x48,0x71,0x58,0xD1,0x70,
    0x50,0xE0,0x10,0xA0,0x11,0x90,0x11,0x18,0x12,0x0C,0x1C,0x06,0x14,0x02,0x01,0x80,
    0x03,0xC0,0x06,0x60,0x0C,0x30,0x38,0x18,0x6F,0xF6,0x40,0x00,0x00,0x00,0x7F,0xFC,
    0x02,0x00,0x06,0x60,0x0C,0x30,0x18,0x70,0x3F,0xF8,0x00,0x08,0x01,0x80,0x03,0xC0,
    0x06,0x60,0x0C,0x30,0x31,0x0C,0xF1,0x16,0x19,0x18,0x0D,0x30,0x05,0x60,0x01,0x00,
    0x7F,0xFE,0x01,0x00,0x01,0x00,0x01,0x00,0x01,0x00,0x08,0x40,0x08,0x40,0x1F,0xFC,
    0x10,0x40,0x30,0x40,0x33,0xFC,0x70,0x40,0xD0,0x40,0x17,0xFC,0x10,0x44,0x10,0x44,
    0x10,0x44,0x10,0x5C,0x10,0x40,0x10,0x40,0x08,0x40,0x08,0xC0,0x1B,0xFC,0x10,0x80,
    0x30,0x80,0x37,0xFE,0x51,0x80,0xD1,0x00,0x11,0xFC,0x10,0x08,0x12,0x18,0x13,0x90,
    0x10,0x70,0x10,0x18,0x10,0x08,0x08,0x80,0x09,0x80,0x19,0xFE,0x13,0x00,0x32,0x80,
    0x34,0x80,0x77,0xFC,0xD7,0xFC,0x10,0x84,0x10,0x84,0x11,0x8C,0x11,0x0C,0x13,0x0C,
    0x1E,0x78,0x14,0x00,0x08,0x40,0x08,0x60,0x18,0xB0,0x11,0x98,0x33,0x0C,0x3F,0x06,
    0x75,0x0A,0xD1,0x30,0x11,0xE0,0x11,0x80,0x11,0x08,0x11,0x04,0x11,0x0C,0x11,0xF8,
    0x10,0x00,0x08,0x40,0x0E,0x40,0x13,0x40,0x11,0xC0,0x37,0xFC,0x30,0x84,0x70,0x84,
    0xD0,0xE4,0x10,0xA4,0x11,0x94,0x11,0x04,0x13,0x04,0x16,0x0C,0x1C,0x38,0x00,0x00,
    0x08,0x60,0x08,0x40,0x13,0xFC,0x13,0xFC,0x32,0x04,0x32,0x04,0x52,0x04,0xD3,0xFC,
    0x12,0x04,0x12,0x04,0x12,0x04,0x12,0x04,0x13,0xFC,0x13,0xFC,0x12,0x04,0x08,0x40,
    0x08,0x40,0x10,0x40,0x17,0xFE,0x30,0x40,0x30,0x40,0x50,0x40,0xD3,0xFC,0x13,0xFC,
    0x12,0x0C,0x12,0x0C,0x12,0x0C,0x13,0xFC,0x13,0xFC,0x12,0x0C,0x08,0x60,0x0A,0x64,
    0x1A,0x64,0x11,0x6C,0x31,0x68,0x30,0x60,0x53,0xFC,0xD0,0x60,0x10,0x60,0x17,0xFE,
    0x17,0xFE,0x10,0x60,0x10,0x60,0x10,0x60,0x10,0x60,0x08,0x40,0x08,0xA0,0x19,0xB0,
    0x11,0x18,0x36,0x8C,0x3C,0x46,0x50,0x60,0xD0,0x00,0x17,0xF8,0x10,0x18,0x13,0x30,
    0x11,0xE0,0x10,0x60,0x10,0x30,0x00,0x10,0x08,0x40,0x18,0x40,0x13,0xFC,0x13,0xFC,
    0x32,0x44,0x32,0x44,0x53,0xFC,0xD2,0x44,0x12,0x44,0x12,0x44,0x13,0xFC,0x10,0x40,
    0x10,0x40,0x10,0x40,0x00,0x40,0x08,0x00,0x0B,0xFC,0x18,0x04,0x10,0x04,0x37,0xF4,
    0x30,0x04,0x70,0x04,0xD3,0xE4,0x12,0x24,0x12,0x24,0x12,0x24,0x13,0xE4,0x10,0x04,
    0x10,0x3C,0x10,0x00,0x08,0x80,0x08,0xC8,0x12,0x48,0x12,0x68,0x32,0x48,0x32,0x08,
    0x72,0x08,0xD2,0x48,0x12,0x48,0x12,0x90,0x13,0x18,0x12,0x2C,0x10,0x46,0x11,0x82,
    0x11,0x00,0x08,0x00,0x1B,0xFC,0x13,0xFC,0x12,0x44,0x32,0x44,0x32,0x44,0x52,0x44,
    0xD3,0xFC,0x12,0x44,0x12,0x44,0x12,0x44,0x12,0x44,0x13,0xFC,0x12,0x04,0x10,0x00,
    0x08,0x00,0x0B,0xFC,0x1A,0x04,0x12,0x04,0x32,0x04,0x33,0xFC,0x52,0x04,0xD2,0x04,
    0x12,0x04,0x13,0xFC,0x10,0x00,0x10,0x00,0x10,0x00,0x17,0xFE,0x10,0x00,0x08,0x40,
    0x18,0x40,0x10,0x60,0x17,0xFE,0x30,0x00,0x33,0x08,0x51,0x08,0xD1,0x18,0x11,0x90,
    0x10,0x90,0x10,0x90,0x10,0xA0,0x10,0x20,0x17,0xFE,0x00,0x00,0x08,0x00,0x08,0xFC,
    0x13,0xE0,0x12,0x20,0x32,0x20,0x32,0x20,0x53,0xFE,0xD2,0x30,0x12,0x10,0x12,0x10,
    0x12,0x50,0x12,0xD2,0x13,0x9A,0x16,0x4C,0x10,0x60,0x08,0xC0,0x08,0x40,0x10,0x40,
    0x17,0xFC,0x30,0x40,0x30,0x40,0x70,0x40,0xD0,0x40,0x17,0xFC,0x10,0x40,0x10,0x40,
    0x10,0x40,0x10,0x40,0x17,0xFE,0x10,0x00,0x08,0x40,0x08,0xC0,0x1F,0xFE,0x17,0xFE,
    0x30,0x80,0x31,0x80,0x71,0x00,0xD3,0xFC,0x12,0x20,0x16,0x20,0x1C,0x20,0x18,0x20,
    0x10,0x20,0x17,0xFE,0x00,0x00,0x08,0x40,0x08,0x40,0x1F,0xFE,0x17,0xFE,0x30,0x80,
    0x31,0x80,0x71,0x00,0xD3,0xFC,0x13,0x04,0x15,0x04,0x19,0x04,0x11,0x04,0x11,0xFC,
    0x11,0x04,0x11,0x04,0x08,0x40,0x08,0x40,0x10,0x40,0x17,0xFC,0x30,0xE0,0x30,0xE0,
    0x71,0x50,0xD3,0x58,0x12,0x48,0x14,0x44,0x1C,0x47,0x1B,0xFA,0x10,0x40,0x10,0x40,
    0x00,0x40,0x08,0x00,0x1F,0xFE,0x10,0x0C,0x10,0x0C,0x30,0x0C,0x33,0xCC,0x52,0x4C,
    0xD2,0x4C,0x12,0x4C,0x12,0x4C,0x13,0xCC,0x10,0x0C,0x10,0x0C,0x10,0x78,0x10,0x20,
    0x01,0x80,0x03,0xC0,0x06,0x60,0x0C,0x30,0x30,0x1C,0x6F,0xF6,0x01,0x80,0x01,0x80,
    0x3F,0xFC,0x01,0x80,0x09,0xB0,0x11,0x98,0x21,0x86,0x47,0x04,0x00,0x00,0x09,0x20,
    0x11,0x20,0x17,0xFC,0x31,0x24,0x31,0x24,0x77,0xFC,0x55,0x20,0xD5,0x20,0x17,0xFC,
    0x11,0x24,0x11,0x24,0x11,0x24,0x12,0x2C,0x1C,0x20,0x14,0x20,0x08,0x80,0x09,0x80,
    0x19,0xFE,0x11,0xFE,0x32,0xC0,0x36,0xC0,0x7C,0xFC,0xD0,0xC0,0x10,0xC0,0x10,0xC0,
    0x10,0xFC,0x10,0xC0,0x10,0xC0,0x10,0xC0,0x10,0xC0,0x09,0x80,0x19,0x00,0x11,0xFC,
    0x13,0x04,0x32,0x04,0x34,0x48,0x54,0x40,0xD1,0x48,0x12,0x48,0x12,0x44,0x16,0x44,
    0x14,0x46,0x1C,0x42,0x11,0xC0,0x00,0x00,0x08,0x00,0x13,0xFC,0x12,0x44,0x32,0x44,
    0x32,0x44,0x73,0xFC,0x72,0x44,0xF2,0x44,0x32,0x44,0x33,0xFC,0x36,0x44,0x34,0x44,
    0x34,0x44,0x3C,0x5C,0x34,0x00,0x10,0x00,0x17,0xF8,0x14,0x08,0x35,0xF8,0x24,0x48,
    0x64,0x48,0x65,0xF8,0xE5,0x58,0x25,0x58,0x25,0x58,0x25,0x58,0x29,0x56,0x29,0x66,
    0x38,0x46,0x00,0x00,0x08,0x80,0x08,0x84,0x13,0xF4,0x10,0x88,0x30,0x98,0x30,0xB0,
    0x57,0xFE,0xD0,0xC0,0x11,0x8C,0x13,0x38,0x1D,0xC0,0x11,0x04,0x11,0x04,0x11,0xFC,
    0x10,0x00,0x09,0x08,0x09,0x18,0x10,0x90,0x17,0xFC,0x30,0x40,0x30,0x40,0x73,0xFC,
    0xD0,0x40,0x10,0x40,0x10,0x40,0x17,0xFE,0x10,0x40,0x10,0x40,0x10,0x40,0x10,0x40,
    0x00,0x00,0x08,0x00,0x1F,0xFE,0x10,0x60,0x10,0x40,0x33,0xFC,0x33,0xFC,0x52,0x04,
    0xD2,0x04,0x13,0xFC,0x13,0xFC,0x12,0x04,0x12,0x04,0x13,0xFC,0x13,0xFC,0x12,0x04,
    0x08,0x60,0x08,0x60,0x1B,0xFC,0x13,0xFC,0x30,0x60,0x30,0x60,0x77,0xFE,0xD0,0x60,
    0x50,0x60,0x13,0xFC,0x10,0x60,0x10,0x60,0x10,0x60,0x17,0xFE,0x10,0x00,0x08,0x40,
    0x18,0x40,0x17,0xFE,0x30,0x40,0x30,0x40,0x37,0xFC,0x54,0x44,0xD4,0x44,0x17,0xFC,
    0x16,0x40,0x12,0x40,0x11,0xC0,0x11,0xE0,0x1E,0x1E,0x18,0x00,0x08,0x00,0x0F,0xFC,
    0x10,0xC0,0x10,0x90,0x31,0x18,0x33,0x0C,0x57,0xFE,0xD0,0x44,0x90,0x40,0x13,0xFC,
    0x10,0x40,0x10,0x40,0x10,0x40,0x17,0xFE,0x10,0x00,0x08,0x40,0x08,0x80,0x11,0xFC,
    0x13,0x08,0x34,0xB0,0x30,0x60,0x53,0xA0,0xDE,0x40,0x10,0xFE,0x13,0x0C,0x16,0xD8,
    0x10,0x70,0x10,0xC0,0x1F,0x00,0x14,0x00,0x18,0x04,0x17,0xC4,0x12,0x14,0x32,0x14,
    0x33,0xD4,0x33,0xD4,0x54,0x94,0xD4,0x94,0x1E,0x94,0x19,0x94,0x11,0x14,0x13,0x04,
    0x12,0x04,0x14,0x1C,0x18,0x00,0x08,0x40,0x08,0x40,0x13,0xFC,0x10,0x40,0x30,0x40,
    0x37,0xFE,0x50,0x10,0xD0,0x10,0x17,0xFE,0x10,0x10,0x13,0x10,0x11,0x90,0x10,0x90,
    0x10,0x70,0x00,0x00,0x18,0x00,0x17,0xFC,0x14,0x04,0x34,0x04,0x35,0xF4,0x74,0x04,
    0x74,0x04,0xF4,0xF4,0x34,0x94,0x34,0x94,0x34,0x94,0x34,0xF4,0x34,0x04,0x34,0x1C,
    0x34,0x10,0x09,0x10,0x19,0x10,0x11,0x10,0x17,0xFC,0x31,0x10,0x71,0x10,0x51,0x10,
    0x91,0x10,0x1F,0xFE,0x1F,0xFE,0x10,0xB0,0x11,0x18,0x12,0x0C,0x1C,0x06,0x14,0x04,
    0x08,0xC0,0x18,0x40,0x17,0xFE,0x17,0xFE,0x30,0xC0,0x30,0xC4,0x51,0x4C,0xD3,0x38,
    0x17,0x20,0x1D,0x10,0x19,0x18,0x11,0x2C,0x11,0xC6,0x13,0x02,0x00,0x00,0x08,0x40,
    0x08,0x40,0x17,0xFC,0x10,0x40,0x36,0x44,0x32,0x48,0x71,0x58,0xD0,0x40,0x17,0xFE,
    0x10,0x60,0x10,0xE0,0x11,0x90,0x13,0x18,0x1E,0x06,0x10,0x02,0x08,0x00,0x1B,0xF8,
    0x12,0x08,0x12,0x08,0x32,0x08,0x73,0xF8,0x50,0x00,0xD0,0x00,0x13,0xFC,0x12,0x04,
    0x12,0x04,0x12,0x04,0x13,0xFC,0x12,0x04,0x00,0x00,0x00,0x00,0x09,0x00,0x11,0x04,
    0x17,0xFC,0x34,0x88,0x30,0xB8,0x70,0xE2,0x7F,0xE4,0xF4,0x1C,0x37,0xFC,0x37,0xFC,
    0x31,0x20,0x31,0x22,0x32,0x26,0x3C,0x3C,0x08,0x00,0x08,0x40,0x18,0x40,0x10,0x7E,
    0x10,0x40,0x33,0xFC,0x33,0xFC,0x52,0x4C,0xD2,0x4C,0x12,0x4C,0x12,0x4C,0x12,0x4C,
    0x10,0xB0,0x11,0x9C,0x1E,0x06,0x00,0x02,0x00,0x00,0x10,0x04,0x17,0xC4,0x14,0x54,
    0x25,0x54,0x25,0x54,0x65,0x54,0xE5,0x54,0x65,0x54,0x25,0x54,0x25,0x54,0x23,0x14,
    0x23,0x84,0x26,0xC4,0x2C,0x5C,0x20,0x00,0x08,0x00,0x0B,0xFC,0x10,0x40,0x10,0x40,
    0x30,0x40,0x37,0xFE,0x70,0xB0,0xD1,0x18,0x17,0x1C,0x1D,0x12,0x11,0x10,0x11,0x10,
    0x11,0x10,0x12,0x10,0x04,0x00,0x0C,0x40,0x08,0x60,0x18,0xB0,0x11,0x98,0x33,0x0C,
    0x3E,0x06,0x75,0xF8,0xD0,0x00,0x17,0xFE,0x17,0xFE,0x11,0x90,0x11,0x18,0x12,0x38,
    0x17,0xE4,0x10,0x04,0x09,0x80,0x19,0x00,0x13,0xFC,0x36,0x00,0x3F,0xFC,0x72,0x88,
    0x52,0x68,0xD2,0x28,0x1F,0xFE,0x16,0xC8,0x14,0x68,0x17,0xFE,0x10,0x08,0x10,0x78,
    0x10,0x00,0x00,0x00,0x08,0x00,0x0B,0xF8,0x10,0x08,0x10,0x08,0x37,0xFE,0x31,0x00,
    0x52,0x00,0xD3,0xFC,0x14,0x40,0x17,0xFE,0x10,0x60,0x10,0x60,0x11,0x98,0x1F,0x0E,
    0x14,0x02,0x08,0x00,0x1B,0xFC,0x10,0x0C,0x13,0xFC,0x30,0x0C,0x37,0xFC,0x50,0x00,
    0xD7,0xFE,0x14,0x06,0x13,0xF8,0x11,0x18,0x10,0xB0,0x10,0xE0,0x17,0x9E,0x18,0x02,
    0x08,0x00,0x1F,0xFE,0x10,0x40,0x10,0x40,0x37,0xFC,0x36,0x44,0x57,0xFC,0xD6,0x44,
    0x16,0x44,0x17,0xFC,0x12,0x40,0x11,0xC0,0x11,0xE0,0x1F,0x3E,0x18,0x00,0x08,0x00,
    0x0B,0xFC,0x1A,0x04,0x12,0x04,0x32,0x04,0x33,0xFC,0x70,0x60,0xD3,0x60,0x13,0x60,
    0x12,0x7C,0x13,0x60,0x13,0x60,0x17,0xE0,0x1C,0x7E,0x14,0x00,0x08,0x20,0x09,0xA8,
    0x1F,0x24,0x11,0x24,0x31,0x20,0x37,0xFE,0x71,0x20,0x51,0x24,0x1B,0xDC,0x17,0x18,
    0x11,0x30,0x11,0x72,0x11,0xDA,0x17,0x0E,0x10,0x00,0x08,0x40,0x08,0x90,0x11,0x18,
    0x12,0xFC,0x37,0x86,0x31,0xB0,0x72,0x0C,0xDC,0x82,0x11,0xF8,0x13,0x08,0x15,0x90,
    0x18,0xE0,0x11,0xF0,0x1F,0x0E,0x04,0x02,0x00,0x00,0x08,0x60,0x1A,0x64,0x13,0x6C,
    0x11,0xF8,0x30,0x60,0x33,0xFC,0x52,0x04,0xD3,0xFC,0x12,0x04,0x12,0x04,0x13,0xFC,
    0x12,0x04,0x12,0x04,0x12,0x1C,0x00,0x00,0x08,0x00,0x11,0xC4,0x17,0x14,0x31,0x14,
    0x31,0x14,0x3F,0xD4,0x53,0x14,0xD3,0x94,0x17,0x94,0x15,0x54,0x19,0x54,0x11,0x04,
    0x11,0x04,0x11,0x1C,0x10,0x00,0x08,0x20,0x19,0x90,0x13,0x08,0x16,0x06,0x34,0xE4,
    0x30,0xB0,0x51,0x18,0xD6,0x0C,0x1F,0xFE,0x12,0x08,0x12,0x08,0x12,0x08,0x12,0x08,
    0x13,0xF8,0x02,0x08,0x08,0x00,0x17,0xFC,0x14,0xC4,0x32,0x4C,0x33,0x78,0x72,0x08,
    0x73,0xFC,0xF0,0x18,0x30,0x60,0x37,0xFE,0x30,0x40,0x30,0x40,0x30,0x40,0x31,0xC0,
    0x30,0x00,0x08,0x00,0x0B,0xF8,0x12,0x08,0x12,0x08,0x32,0x08,0x33,0xF8,0x70,0x40,
    0xD0,0x40,0x17,0xFE,0x10,0xE0,0x11,0xD0,0x13,0x48,0x1E,0x46,0x14,0x42,0x10,0x40,
    0x01,0x80,0x03,0xC0,0x0C,0x60,0x18,0x18,0x6F,0xE6,0x40,0x00,0x3F,0x48,0x21,0x48,
    0x3F,0x48,0x21,0x48,0x21,0x48,0x3F,0x48,0x21,0x08,0x27,0x38,0x00,0x00,0x08,0x40,
    0x08,0x40,0x17,0xFE,0x10,0x00,0x30,0x00,0x33,0xFC,0x50,0x00,0xD3,0xFC,0x10,0x00,
    0x13,0xFC,0x12,0x04,0x12,0x04,0x12,0x04,0x13,0xFC,0x12,0x04,0x18,0x00,0x17,0xFE,
    0x10,0x90,0x30,0x90,0x37,0xFC,0x34,0x94,0x74,0x94,0xF4,0x94,0x35,0xF4,0x35,0x6C,
    0x35,0x2C,0x36,0x44,0x34,0x44,0x34,0x1C,0x00,0x00,0x08,0x40,0x08,0xA0,0x11,0xB0,
    0x13,0x18,0x36,0x0C,0x3F,0xFE,0x50,0x00,0xD6,0xCC,0x12,0x48,0x12,0x48,0x13,0x78,
    0x11,0x10,0x10,0x10,0x17,0xFE,0x00,0x00,0x08,0x40,0x10,0xFC,0x15,0x8C,0x35,0x88,
    0x26,0x70,0x24,0x70,0x67,0x8E,0xE4,0x30,0x24,0xC8,0x25,0x18,0x24,0x66,0x27,0x8C,
    0x20,0x70,0x23,0xC0,0x22,0x00,0x00,0x00,0x08,0x40,0x18,0x60,0x17,0xFE,0x14,0x4C,
    0x34,0x8C,0x34,0x8C,0x55,0xFE,0xD5,0xEC,0x16,0xAC,0x14,0xAC,0x14,0x9C,0x14,0x8C,
    0x14,0x8C,0x1C,0xB8,0x10,0xA0,0x10,0x00,0x1B,0xF8,0x12,0x08,0x13,0xF8,0x32,0x08,
    0x33,0xF8,0x53,0xF8,0xD2,0x08,0x13,0xF8,0x12,0x08,0x1F,0xFE,0x10,0x90,0x13,0x38,
    0x16,0x06,0x18,0x02,0x08,0x40,0x18,0xC0,0x17,0xFE,0x31,0xB0,0x33,0x50,0x76,0x4C,
    0x5F,0xFE,0xD6,0x48,0x17,0xF8,0x16,0x48,0x16,0x48,0x17,0xFA,0x10,0x42,0x10,0x7E,
    0x10,0x00,0x08,0x40,0x08,0x40,0x1B,0xFC,0x11,0x08,0x31,0x10,0x30,0x90,0x77,0xFE,
    0xD0,0x00,0x10,0x00,0x13,0xFC,0x12,0x0C,0x12,0x0C,0x12,0x0C,0x13,0xFC,0x12,0x0C,
    0x10,0x00,0x1F,0xC4,0x3F,0xD4,0x22,0x94,0x24,0x94,0x64,0xD4,0x6F,0x54,0xA3,0x14,
    0x23,0x14,0x2F,0xD4,0x23,0x14,0x23,0x04,0x2F,0xC4,0x28,0x1C,0x20,0x10,0x08,0x00,
    0x17,0xFC,0x16,0x04,0x36,0x04,0x37,0xFC,0x36,0x20,0x56,0xA4,0xD6,0xA4,0x16,0xFC,
    0x14,0x20,0x15,0x24,0x15,0x24,0x1D,0x24,0x19,0xFC,0x10,0x04,0x18,0x40,0x16,0x44,
    0x12,0x4C,0x31,0x58,0x30,0x40,0x37,0xFC,0x76,0x04,0xF6,0xF4,0x36,0x94,0x36,0x94,
    0x36,0x94,0x36,0xF4,0x36,0x04,0x36,0x1C,0x30,0x00,0x18,0x00,0x11,0xF8,0x14,0x08,
    0x34,0x08,0x27,0xFE,0x24,0x80,0x65,0xFC,0xE5,0xFC,0x27,0x20,0x27,0xFE,0x24,0x20,
    0x24,0x50,0x20,0xD8,0x23,0x06,0x22,0x02,0x08,0x40,0x18,0x40,0x17,0xFC,0x10,0xE0,
    0x31,0x98,0x36,0x0C,0x5F,0xFE,0xD0,0x08,0x13,0xC8,0x12,0x48,0x12,0x48,0x13,0xC8,
    0x10,0x08,0x10,0x38,0x10,0x00,0x09,0x10,0x19,0x10,0x17,0xFC,0x11,0x10,0x31,0x10,
    0x3F,0xFE,0x50,0x00,0xD0,0x00,0x13,0xF8,0x12,0x08,0x13,0xF8,0x12,0x08,0x12,0x08,
    0x13,0xF8,0x12,0x08,0x08,0x00,0x0B,0xF8,0x1A,0x08,0x13,0xF8,0x32,0x08,0x32,0x08,
    0x73,0xF8,0xD0,0x00,0x17,0xFC,0x16,0x04,0x17,0xFC,0x16,0x04,0x16,0x04,0x17,0xFC,
    0x16,0x04,0x08,0x48,0x12,0x4C,0x11,0x48,0x37,0xFC,0x30,0xC0,0x70,0x80,0x57,0xFE,
    0xD1,0x18,0x13,0xFC,0x1F,0x16,0x1B,0x10,0x13,0x64,0x13,0x04,0x11,0xFC,0x10,0x00,
    0x08,0x80,0x1B,0xBC,0x12,0x04,0x12,0x04,0x33,0xBC,0x32,0x04,0x52,0x04,0xD3,0xFC,
    0x13,0xFC,0x11,0xB0,0x11,0x30,0x11,0x32,0x13,0x32,0x1E,0x1E,0x08,0x00,0x08,0x40,
    0x18,0x40,0x17,0xFC,0x10,0x40,0x37,0xFC,0x30,0x40,0x5F,0xFE,0xD0,0x00,0x13,0xF8,
    0x12,0x48,0x12,0x48,0x12,0x68,0x11,0xB8,0x1F,0x0E,0x14,0x02,0x18,0x40,0x10,0x40,
    0x17,0xFC,0x30,0x40,0x33,0xF8,0x72,0x08,0x73,0xF8,0xF2,0x08,0x33,0xF8,0x32,0x08,
    0x32,0x08,0x33,0xF8,0x32,0x08,0x3F,0xFE,0x00,0x00,0x14,0x00,0x14,0xFE,0x14,0x10,
    0x24,0x30,0x27,0xFC,0x64,0x84,0x64,0x94,0xE4,0x94,0x24,0x94,0x24,0x94,0x25,0xA4,
    0x26,0x38,0x24,0x4C,0x21,0x86,0x00,0x02,0x18,0x00,0x17,0xBC,0x14,0x84,0x34,0x84,
    0x37,0xBC,0x74,0x00,0x74,0x00,0xF7,0xFC,0x34,0x24,0x34,0x24,0x37,0x98,0x34,0x18,
    0x34,0x2C,0x34,0xC6,0x30,0x00,0x18,0x40,0x10,0x40,0x17,0xFC,0x14,0x04,0x37,0xFC,
    0x34,0x00,0x74,0x00,0xF7,0xFC,0x36,0x54,0x36,0x54,0x37,0xFC,0x3A,0x54,0x3A,0x54,
    0x32,0x5C,0x00,0x00,0x00,0x00,0x12,0x10,0x12,0x30,0x12,0x20,0x2F,0xBE,0x22,0x64,
    0x62,0x64,0x62,0xE8,0xE7,0xA8,0x24,0xA8,0x24,0x98,0x24,0x90,0x24,0xB8,0x27,0xE4,
    0x20,0xC6,0x20,0x82,0x08,0x40,0x18,0x40,0x17,0xFE,0x10,0x00,0x33,0xF8,0x32,0x08,
    0x51,0xF0,0xD7,0xFE,0x14,0x06,0x14,0x06,0x13,0xF8,0x10,0x40,0x10,0x40,0x11,0xC0,
    0x00,0x00,0x00,0x00,0x10,0x20,0x1E,0x20,0x32,0xFC,0x22,0x24,0x24,0xFE,0x6C,0x24,
    0x6E,0xFC,0xE2,0x20,0x2A,0xFC,0x2A,0x20,0x27,0xFE,0x24,0x20,0x2F,0x20,0x39,0xFE,
    0x08,0x00,0x08,0x00,0x1B,0xFC,0x12,0x4C,0x13,0xFC,0x32,0x4C,0x32,0x4C,0x73,0xFC,
    0xF0,0x40,0x37,0xFC,0x34,0x44,0x34,0x54,0x35,0xF4,0x34,0x0C,0x34,0x1C,0x30,0x00,
    0x08,0x40,0x18,0xA0,0x11,0x90,0x12,0x0C,0x3D,0xF6,0x70,0x00,0x77,0x94,0xF4,0x94,
    0x37,0x94,0x34,0x94,0x37,0x94,0x34,0x94,0x34,0x84,0x35,0x9C,0x30,0x00,0x08,0x40,
    0x1A,0x4C,0x11,0x48,0x17,0xFE,0x37,0xFE,0x34,0x06,0x55,0xFE,0xD0,0x00,0x10,0x00,
    0x17,0xFE,0x10,0x90,0x11,0x98,0x13,0x08,0x17,0xFC,0x10,0x04,0x08,0x40,0x10,0xC0,
    0x17,0xFC,0x34,0x4C,0x37,0xFC,0x34,0x4C,0x54,0x4C,0xD7,0xFC,0x10,0x50,0x10,0xD8,
    0x10,0xD8,0x11,0x7C,0x16,0x42,0x1C,0x7E,0x00,0x00,0x00,0x00,0x08,0x58,0x18,0x48,
    0x17,0xFE,0x10,0x40,0x37,0xFC,0x36,0x44,0x57,0xFC,0xD6,0x44,0x17,0xFC,0x16,0x0C,
    0x1F,0xFE,0x12,0x08,0x11,0x88,0x10,0xF8,0x10,0x20,0x00,0x00,0x18,0x00,0x17,0xFC,
    0x10,0xA0,0x30,0xA0,0x27,0xFC,0x64,0xA4,0x67,0xFC,0xE0,0x00,0x20,0x40,0x2F,0xFC,
    0x20,0xE0,0x21,0x50,0x26,0x4C,0x2C,0x46,0x20,0x40,0x10,0xC0,0x10,0x40,0x37,0xFC,
    0x21,0x10,0x21,0x10,0x67,0xFC,0x64,0x44,0xE0,0x40,0x2F,0xFE,0x21,0x00,0x21,0xF8,
    0x23,0x08,0x22,0x08,0x2C,0x78,0x28,0x00,0x18,0x40,0x10,0x40,0x17,0xFC,0x30,0x40,
    0x27,0xFC,0x20,0x80,0x6F,0xFE,0xE1,0x10,0x22,0x48,0x2D,0x56,0x29,0x72,0x21,0xF0,
    0x2E,0x4C,0x25,0xC4,0x21,0x00,0x08,0x20,0x16,0x22,0x12,0xFC,0x13,0x24,0x30,0x28,
    0x3F,0xFE,0x56,0x30,0x56,0x60,0x16,0xFC,0x17,0x44,0x16,0x7C,0x17,0x44,0x16,0x44,
    0x14,0x7C,0x10,0x44,0x08,0x40,0x1A,0x44,0x12,0x44,0x13,0xFC,0x31,0x20,0x32,0x20,
    0x73,0xFE,0xD6,0x20,0x5F,0xFC,0x1A,0x20,0x13,0xFC,0x12,0x20,0x12,0x20,0x13,0xFE,
    0x12,0x00,0x1B,0x10,0x13,0x10,0x1F,0xD0,0x33,0x3E,0x2F,0xA4,0x63,0x64,0x6F,0xE4,
    0xEF,0xEC,0x26,0x18,0x27,0x98,0x24,0x98,0x24,0x98,0x2C,0xA4,0x3B,0xC2,0x20,0x42,
    0x08,0x40,0x1B,0xFC,0x13,0x14,0x12,0xF4,0x32,0xF4,0x33,0x14,0x53,0xFC,0xD3,0x18,
    0x1E,0x86,0x19,0xF8,0x13,0x18,0x1C,0xB0,0x10,0xE0,0x17,0x1E,0x18,0x02,0x00,0x00,
    0x08,0x80,0x11,0xF0,0x13,0x10,0x17,0xB8,0x3A,0x44,0x32,0x44,0x53,0xFC,0xD1,0x84,
    0x56,0x58,0x19,0xF0,0x16,0x68,0x19,0xAC,0x13,0x26,0x1D,0xE2,0x10,0x00,0x00,0x00,
    0x08,0x40,0x18,0x40,0x17,0xFE,0x14,0xA4,0x33,0x9C,0x33,0x08,0x57,0xFE,0xDA,0x0A,
    0x13,0xF8,0x12,0x08,0x13,0xF8,0x13,0x58,0x16,0x4C,0x1D,0xC2,0x10,0x00,0x09,0x08,
    0x11,0x90,0x17,0xFC,0x35,0x4C,0x35,0x54,0x34,0xD4,0x57,0xFC,0xD0,0x00,0x13,0xFC,
    0x12,0x0C,0x12,0x0C,0x13,0xFC,0x12,0x0C,0x13,0xFC,0x12,0x0C,0x00,0x00,0x10,0x00,
    0x17,0xFC,0x11,0xA0,0x27,0xFC,0x25,0xA4,0x65,0xA4,0x67,0xFC,0xE2,0x48,0x26,0x58,
    0x2F,0xFC,0x20,0xE0,0x21,0xF0,0x22,0x58,0x2C,0x46,0x20,0x40,0x18,0x00,0x17,0xFE,
    0x11,0xB8,0x36,0x44,0x27,0xFC,0x67,0xFC,0x60,0x00,0xEF,0xFE,0x27,0xFC,0x26,0x44,
    0x27,0xFC,0x27,0xFC,0x20,0x00,0x2F,0xFE,0x20,0x00,0x18,0x10,0x17,0x98,0x14,0xFE,
    0x34,0xA4,0x24,0xA4,0x67,0x94,0x64,0x7E,0xE4,0x08,0x27,0x88,0x2C,0x88,0x2C,0xFE,
    0x3C,0x88,0x2B,0x88,0x20,0x08,0x00,0x08,0x18,0x00,0x17,0xFC,0x10,0x40,0x37,0xFC,
    0x27,0x5C,0x24,0x44,0x63,0x58,0xEF,0xFE,0x20,0x40,0x20,0xC0,0x27,0xFC,0x24,0xA4,
    0x24,0xA4,0x24,0xAC,0x20,0x08,0x18,0x00,0x17,0xFC,0x16,0x4C,0x37,0xFC,0x26,0x4C,
    0x27,0xFC,0x60,0x00,0xEF,0xBC,0xAA,0xAC,0x2A,0xAC,0x2F,0xBC,0x2A,0xAC,0x2A,0xAC,
    0x2F,0xBC,0x20,0x00,0x0C,0x40,0x0C,0x40,0x0C,0x40,0x0C,0x40,0x0C,0x40,0x0C,0x40,
    0x0C,0x40,0x0C,0x40,0x0C,0x40,0x08,0x40,0x08,0x42,0x18,0x46,0x30,0x46,0x60,0x7C,
    0x40,0x00,0x03,0x00,0x02,0x00,0x06,0x60,0x0C,0x30,0x18,0x10,0x3F,0xF8,0x7F,0x4C,
    0x04,0x44,0x04,0x40,0x04,0x40,0x0C,0x42,0x08,0x42,0x10,0x46,0x60,0x7C,0x40,0x00,
    0x00,0x00,0x1F,0xF8,0x00,0x00,0x00,0x00,0x00,0x00,0x7F,0xFC,0x7F,0xFC,0x04,0x40,
    0x04,0x40,0x04,0x40,0x0C,0x44,0x08,0x46,0x30,0x46,0x60,0x7C,0x40,0x00,0x1F,0xF8,
    0x10,0x08,0x10,0x08,0x10,0x08,0x10,0x08,0x1F,0xF8,0x1F,0xF8,0x04,0x40,0x04,0x40,
    0x04,0x44,0x08,0x42,0x18,0x46,0x70,0x7C,0x40,0x00,0x01,0x00,0x01,0x00,0x7F,0xFC,
    0x02,0x00,0x04,0x60,0x0C,0x30,0x18,0x30,0x3F,0xFC,0x06,0x48,0x04,0x40,0x04,0x40,
    0x0C,0x46,0x18,0x44,0x70,0x7C,0x40,0x00,0x00,0x00,0x06,0x40,0x06,0x40,0x26,0x44,
    0x36,0x48,0x1E,0x50,0x0E,0x70,0x06,0x60,0x1E,0x70,0x76,0x58,0x44,0x44,0x04,0x40,
    0x0C,0x42,0x18,0x46,0x70,0x7C,0x40,0x00,0x01,0x80,0x09,0x80,0x19,0x80,0x1F,0xFC,
    0x31,0x80,0x21,0x80,0x01,0x80,0x7F,0xFE,0x04,0x40,0x04,0x40,0x04,0x40,0x0C,0x42,
    0x18,0x46,0x70,0x7C,0x40,0x00,0x01,0x00,0x31,0x08,0x11,0x08,0x19,0x10,0x0D,0x30,
    0x09,0x20,0x7F,0xFC,0x04,0x40,0x04,0x40,0x04,0x40,0x0C,0x44,0x08,0x42,0x18,0x46,
    0x60,0x7C,0x40,0x00,0x01,0x00,0x01,0x00,0x7F,0xFE,0x01,0x00,0x01,0x00,0x1F,0xF8,
    0x10,0x08,0x10,0x08,0x1F,0xF8,0x06,0x40,0x04,0x40,0x04,0x42,0x08,0x46,0x70,0x7C,
    0x40,0x00,0x06,0x00,0x04,0x00,0x0F,0xF0,0x10,0x60,0x3F,0xF8,0x5F,0xF8,0x11,0x08,
    0x11,0x08,0x1F,0xF8,0x01,0x80,0x02,0x80,0x06,0x86,0x1C,0x84,0x70,0xFC,0x40,0x00,
    0x08,0x30,0x04,0x20,0x04,0x40,0x1F,0xF8,0x10,0x08,0x10,0x08,0x10,0x08,0x10,0x08,
    0x1F,0xF8,0x04,0x40,0x04,0x40,0x0C,0x46,0x18,0x44,0x70,0x7C,0x40,0x00,0x04,0x00,
    0x0F,0xF0,0x18,0x30,0x30,0x60,0x7F,0xF8,0x71,0x08,0x31,0x08,0x31,0x08,0x3F,0xF8,
    0x03,0xA0,0x02,0xB0,0x04,0x9A,0x18,0x84,0x70,0xFC,0x40,0x00,0x00,0x00,0x09,0x10,
    0x19,0x18,0x0D,0x20,0x3F,0xFC,0x20,0x04,0x20,0x04,0x0F,0xF0,0x08,0x10,0x08,0x10,
    0x0F,0xF0,0x06,0x40,0x04,0x42,0x0C,0x46,0x30,0x7C,0x40,0x00,0x01,0x80,0x09,0x00,
    0x37,0xDC,0x24,0x44,0x24,0x44,0x27,0xC4,0x24,0x44,0x3C,0x44,0x37,0xDC,0x04,0x40,
    0x04,0x40,0x04,0x42,0x08,0x46,0x70,0x7C,0x40,0x00,0x08,0x30,0x08,0x30,0x7E,0xFE,
    0x08,0x30,0x08,0x30,0x3E,0xFC,0x22,0x84,0x22,0x84,0x3E,0xFC,0x14,0x58,0x15,0x58,
    0x27,0x5A,0x26,0x9A,0x4D,0x8E,0x41,0x00,0x06,0x00,0x03,0x00,0x01,0x00,0x01,0x80,
    0x01,0x80,0x03,0xC0,0x02,0x40,0x06,0x60,0x0C,0x20,0x08,0x30,0x18,0x18,0x30,0x0C,
    0x60,0x06,0x00,0x00,0x00,0x00,0x01,0x80,0x03,0x80,0x06,0x40,0x0C,0x30,0x18,0x18,
    0x7F,0xFE,0x5F,0xFA,0x01,0x00,0x01,0x00,0x1F,0xF8,0x01,0x00,0x01,0x00,0x01,0x00,
    0x7F,0xFC,0x00,0x40,0x06,0x40,0x06,0x40,0x04,0x40,0x04,0x40,0x04,0x60,0x04,0x20,
    0x0C,0x20,0x08,0x30,0x18,0x10,0x10,0x18,0x30,0x08,0x60,0x0C,0x40,0x06,0x00,0x00,
    0x00,0x40,0x06,0x40,0x04,0x20,0x08,0x20,0x18,0x10,0x11,0x18,0x21,0x0C,0xC3,0x06,
    0x02,0x40,0x06,0x60,0x04,0x20,0x08,0x30,0x1F,0xF0,0x3C,0x18,0x00,0x08,0x03,0x00,
    0x01,0x00,0x01,0x80,0x00,0x80,0x7F,0xFE,0x00,0x00,0x00,0x00,0x06,0x60,0x0C,0x20,
    0x08,0x10,0x18,0x18,0x10,0x08,0x30,0x0C,0x60,0x06,0x00,0x00,0x08,0x10,0x0C,0x30,
    0x04,0x20,0x04,0x40,0x3F,0xFC,0x00,0x00,0x00,0x00,0x00,0x00,0x1F,0xF8,0x00,0x00,
    0x00,0x00,0x00,0x00,0x00,0x00,0x7F,0xFE,0x0C,0x20,0x0C,0x20,0x0C,0x20,0x3F,0xFC,
    0x0C,0x20,0x0C,0x20,0x0C,0x20,0x0C,0x20,0x7F,0xFE,0x00,0x00,0x06,0x40,0x0C,0x30,
    0x18,0x18,0x60,0x0C,0x00,0x04,0x08,0x10,0x0C,0x20,0x04,0x60,0x3F,0xF8,0x01,0x00,
    0x01,0x00,0x01,0x00,0x7F,0xFC,0x01,0x00,0x03,0x80,0x02,0xC0,0x04,0x60,0x18,0x30,
    0x70,0x0E,0x40,0x02,0x03,0x00,0x21,0x04,0x31,0x08,0x11,0x08,0x19,0x90,0x08,0xB0,
    0x08,0x10,0x7F,0xFE,0x7F,0xFE,0x04,0x40,0x04,0x60,0x08,0x30,0x10,0x08,0x60,0x04,
    0x20,0x04,0x07,0xF8,0x0E,0x00,0x08,0x00,0x08,0x00,0x0F,0xFC,0x08,0x20,0x08,0x20,
    0x08,0x20,0x7F,0xFE,0x00,0x00,0x06,0x60,0x18,0x18,0x70,0x0C,0x40,0x04,0x00,0x00,
    0x08,0x10,0x08,0x10,0x7F,0xFC,0x08,0x10,0x08,0x10,0x0F,0xF0,0x08,0x10,0x0F,0xF0,
    0x08,0x10,0x08,0x10,0x7F,0xFE,0x04,0x40,0x0E,0x30,0x30,0x0E,0x40,0x04,0x1F,0xF8,
    0x10,0x18,0x1F,0xF8,0x10,0x18,0x1F,0xF8,0x10,0x18,0x10,0x18,0x1F,0xF8,0x10,0x18,
    0x7F,0xFE,0x04,0x40,0x0E,0x38,0x70,0x0E,0x40,0x02,0x00,0x00,0x02,0x40,0x02,0x40,
    0x3F,0xF8,0x32,0x48,0x32,0x48,0x32,0x48,0x3F,0xF8,0x32,0x48,0x32,0x48,0x32,0x48,
    0x7F,0xFE,0x04,0x40,0x0E,0x30,0x30,0x0E,0x40,0x04,0x08,0x30,0x04,0x20,0x04,0x60,
    0x7F,0xFE,0x08,0x20,0x13,0x4C,0x32,0xC8,0x2E,0xB8,0x7D,0xF0,0x08,0x30,0x1E,0x28,
    0x12,0x48,0x6E,0xDC,0x33,0xE4,0x02,0x04,0x08,0x30,0x04,0x20,0x3F,0xFC,0x01,0x00,
    0x3F,0xF8,0x01,0x00,0x03,0x00,0x7F,0xFE,0x04,0x60,0x18,0x30,0x74,0x2E,0x44,0x22,
    0x0C,0x20,0x18,0x20,0x30,0x20,0x00,0x00,0x08,0x20,0x04,0x60,0x7F,0xFC,0x04,0x40,
    0x3F,0xF8,0x04,0x48,0x7F,0xFE,0x7F,0xFE,0x04,0x48,0x3F,0xF8,0x0C,0x60,0x1C,0x70,
    0x34,0x4C,0xC4,0x46,0x04,0x40,0x00,0x00,0x0C,0x20,0x06,0x60,0x3F,0xF8,0x21,0x08,
    0x3F,0xF8,0x21,0x08,0x3F,0xF8,0x00,0x00,0x7F,0xFE,0x00,0x00,0x1F,0xF8,0x10,0x08,
    0x10,0x08,0x1F,0xF8,0x10,0x08,0x00,0x00,0x02,0x40,0x7E,0x7C,0x02,0x42,0x7E,0x7C,
    0x00,0x00,0x3F,0xF8,0x3F,0xF8,0x31,0x08,0x3F,0xF8,0x3F,0xFC,0x04,0x20,0x7F,0xFE,
    0x02,0x40,0x3C,0x3E,0x60,0x04,0x01,0x00,0x01,0x00,0x01,0x00,0x3F,0xFC,0x21,0x0C,
    0x21,0x0C,0x21,0x8C,0x23,0xCC,0x26,0x6C,0x2C,0x3C,0x38,0x1C,0x20,0x0C,0x20,0x0C,
    0x20,0x38,0x00,0x00,0x3F,0xFC,0x20,0x04,0x28,0x24,0x2C,0x24,0x26,0x44,0x23,0xC4,
    0x21,0x84,0x23,0xC4,0x26,0x44,0x2C,0x24,0x38,0x34,0x20,0x04,0x20,0x3C,0x20,0x20,
    0x01,0x00,0x01,0x00,0x3F,0xF8,0x31,0x08,0x31,0x08,0x31,0x08,0x3F,0xF8,0x31,0x08,
    0x31,0x08,0x7F,0xFE,0x30,0x08,0x30,0x08,0x30,0x08,0x30,0x38,0x00,0x00,0x1E,0x78,
    0x12,0x48,0x12,0x48,0x12,0x48,0x12,0x48,0x7F,0xFE,0x12,0x48,0x12,0x48,0x12,0x48,
    0x12,0xC8,0x22,0x88,0x22,0x88,0x6F,0xB8,0x41,0x20,0x7F,0xFC,0x01,0x00,0x01,0x00,
    0x1F,0xF8,0x11,0x08,0x11,0x08,0x1F,0xF8,0x11,0x08,0x11,0x08,0x7F,0xFE,0x10,0x08,
    0x10,0x08,0x10,0x38,0x00,0x00,0x3F,0xFC,0x20,0x0C,0x2F,0xEC,0x20,0x0C,0x2F,0xEC,
    0x00,0x00,0x1F,0xF8,0x10,0x18,0x1F,0xF8,0x10,0x18,0x1F,0xF8,0x10,0x18,0x1F,0xF8,
    0x10,0x18,0x00,0x00,0x3F,0xFC,0x2F,0xEC,0x20,0x0C,0x2F,0xEC,0x04,0x00,0x0F,0xF0,
    0x30,0x60,0x7F,0xF8,0x11,0x88,0x1F,0xF8,0x03,0x84,0x06,0x82,0x78,0xFC,0x40,0x00,
    0x00,0x00,0x3F,0xFC,0x20,0x04,0x20,0x04,0x20,0x04,0x0F,0xE0,0x0C,0x60,0x0C,0x60,
    0x0C,0x60,0x0C,0x60,0x08,0x62,0x08,0x62,0x10,0x66,0x60,0x3C,0x40,0x00,0x3F,0xFC,
    0x20,0x04,0x28,0x04,0x0F,0xF0,0x0F,0xF0,0x08,0x00,0x08,0x00,0x1F,0xF8,0x00,0x08,
    0x7F,0xE8,0x7F,0xE8,0x00,0x08,0x00,0x78,0x00,0x00,0x3F,0xFC,0x22,0x04,0x22,0x04,
    0x3F,0xFC,0x04,0x00,0x08,0x80,0x18,0x80,0x1F,0xFC,0x00,0x80,0x00,0x80,0x7F,0xFE,
    0x00,0x80,0x00,0x80,0x00,0x80,0x01,0x80,0x01,0x00,0x3F,0xFC,0x21,0x04,0x23,0x04,
    0x03,0x08,0x06,0x98,0x0C,0xB0,0x18,0xE0,0x38,0x60,0xE8,0x30,0x48,0x98,0x0B,0x8E,
    0x0E,0x02,0x08,0x00,0x3F,0xFC,0x20,0x04,0x20,0x14,0x3E,0x10,0x00,0xFC,0x00,0x10,
    0x7F,0xD0,0x16,0x50,0x16,0x70,0x16,0x10,0x36,0x72,0x26,0x06,0x63,0xFC,0x40,0x00,
    0x3F,0xFC,0x24,0x04,0x26,0x04,0x0F,0xF0,0x18,0x60,0x3F,0xF8,0x51,0x88,0x11,0x08,
    0x1F,0xF8,0x03,0xA0,0x06,0x9A,0x0C,0x8A,0x70,0xFC,0x40,0x00,0x00,0x00,0x06,0x00,
    0x04,0x00,0x0F,0xF8,0x1C,0x30,0x26,0x60,0x43,0xC0,0x03,0xC0,0x1C,0x78,0x70,0x0E,
    0x47,0xC0,0x00,0x60,0x18,0x00,0x1F,0x80,0x00,0xF0,0x00,0x10,0x00,0x00,0x67,0xF8,
    0x20,0x18,0x33,0x10,0x12,0x10,0x1A,0x10,0x02,0x10,0x1B,0xFC,0x10,0x04,0x10,0x04,
    0x3F,0xF4,0x20,0x04,0x60,0x04,0x40,0x78,0x00,0x40,0x00,0x00,0x00,0x40,0x40,0x40,
    0x60,0x40,0x20,0x44,0x3F,0x4C,0x11,0x78,0x03,0x70,0x12,0x70,0x32,0x50,0x24,0x58,
    0x2C,0x4C,0x68,0x46,0x50,0x42,0xC3,0xC0,0x02,0x00,0x00,0x40,0x60,0x40,0x20,0x40,
    0x37,0xFC,0x14,0x44,0x14,0x44,0x04,0x44,0x14,0x44,0x14,0x44,0x37,0xFC,0x20,0x40,
    0x20,0x40,0x60,0x40,0x40,0x40,0x00,0x40,0x00,0x80,0x60,0x80,0x20,0x80,0x37,0xF8,
    0x10,0x88,0x10,0x88,0x00,0x88,0x1F,0xFE,0x3F,0xFE,0x21,0xC0,0x21,0x60,0x23,0x30,
    0x46,0x18,0x58,0x0E,0x10,0x02,0x67,0xFC,0x26,0x0C,0x36,0x0C,0x16,0x0C,0x16,0x0C,
    0x07,0xFC,0x17,0xFC,0x11,0x30,0x31,0x30,0x21,0x30,0x23,0x32,0x66,0x32,0x5C,0x1E,
    0x08,0x00,0x00,0x00,0x00,0xC0,0x40,0x80,0x21,0x90,0x33,0x08,0x12,0x08,0x17,0xFC,
    0x00,0x06,0x10,0x00,0x13,0xF8,0x32,0x08,0x22,0x08,0x22,0x08,0x62,0x08,0x43,0xF8,
    0x02,0x08,0x00,0x00,0x00,0x40,0x60,0xE0,0x21,0xB0,0x33,0x18,0x16,0x8C,0x0C,0xC6,
    0x00,0x62,0x10,0x00,0x17,0xF8,0x30,0x18,0x22,0x30,0x21,0xE0,0x60,0xC0,0x20,0x30,
    0x00,0x10,0x00,0x80,0x40,0x80,0x27,0xFC,0x31,0x00,0x11,0x40,0x12,0x40,0x02,0x40,
    0x17,0xFC,0x10,0x40,0x33,0x58,0x22,0x48,0x24,0x44,0x4C,0x46,0x49,0xC2,0x01,0x00,
    0x01,0x80,0x43,0xF0,0x22,0x10,0x24,0x20,0x3F,0xF8,0x00,0xC8,0x00,0xC8,0x1F,0xFE,
    0x30,0xC8,0x20,0xC8,0x27,0xF8,0x20,0xC0,0x40,0xC0,0x43,0x80,0x00,0x00,0x00,0x00,
    0x00,0x80,0x4F,0xFC,0x20,0x80,0x27,0xF8,0x30,0x88,0x0F,0xFE,0x00,0x88,0x37,0xF8,
    0x21,0x00,0x2F,0xFE,0x22,0x10,0x67,0x20,0x40,0xE0,0x5F,0x1C,0x10,0x04,0x01,0x60,
    0x63,0x20,0x22,0x20,0x37,0xFE,0x16,0x20,0x0E,0x20,0x0B,0xFC,0x0A,0x20,0x12,0x20,
    0x13,0xFC,0x22,0x20,0x22,0x20,0x63,0xFE,0x42,0x00,0x02,0x00,0x00,0x00,0x00,0x40,
    0x60,0x40,0x27,0xFE,0x30,0x00,0x13,0xFC,0x13,0xFC,0x02,0x0C,0x12,0x0C,0x13,0xFC,
    0x30,0x40,0x22,0x48,0x26,0x44,0x64,0x46,0x49,0xC2,0x00,0x00,0x00,0x00,0x67,0xFC,
    0x24,0x04,0x24,0x44,0x15,0xF4,0x24,0x44,0x07,0xF4,0x14,0x04,0x34,0x04,0x25,0xE4,
    0x25,0x24,0x6D,0x24,0x49,0xE4,0x48,0x1C,0x18,0x10,0x00,0x00,0x00,0x40,0x40,0x40,
    0x27,0xFC,0x20,0x40,0x1F,0xFE,0x21,0x20,0x03,0x38,0x16,0x8C,0x39,0xFA,0x22,0x08,
    0x25,0x10,0x28,0xE0,0x41,0xF0,0x4E,0x1E,0x08,0x02,0x00,0x28,0x40,0x24,0x27,0xFE,
    0x24,0x20,0x34,0x20,0x07,0xE4,0x04,0x24,0x37,0xF8,0x27,0xD8,0x26,0x58,0x2E,0x50,
    0x4B,0xF2,0x48,0x6A,0x58,0xCE,0x10,0x00,0x00,0xC0,0x40,0xC0,0x2F,0xFC,0x20,0x80,
    0x17,0xF8,0x01,0x80,0x0F,0xFC,0x32,0x10,0x27,0xF8,0x38,0x86,0x37,0xF8,0x40,0x80,
    0x41,0xF0,0xDE,0x1C,0x08,0x04,0x00,0xC0,0x4F,0xFE,0x20,0x00,0x27,0xFC,0x15,0xE4,
    0x05,0x14,0x04,0xE4,0x17,0xFC,0x30,0x00,0x27,0xFC,0x2F,0xFE,0x62,0x40,0x46,0x58,
    0x19,0xC6,0x00,0x00,0x00,0x00,0x08,0x00,0x49,0x7C,0x2E,0x04,0x28,0xE8,0x2F,0x90,
    0x0C,0x7E,0x08,0x7E,0x2F,0x94,0x3A,0x50,0x2F,0xDC,0x22,0x50,0x46,0x50,0x4D,0xB0,
    0x58,0x9E,0x11,0x80,0x0F,0xE0,0x08,0x20,0x08,0x20,0x08,0x20,0x08,0x20,0x08,0x20,
    0x08,0x20,0x08,0x20,0x08,0x20,0x18,0x22,0x10,0x22,0x30,0x26,0x60,0x3C,0x40,0x00,
    0x0F,0xE0,0x08,0x20,0x08,0x20,0x08,0x20,0x0E,0x20,0x0B,0x20,0x19,0xA0,0x18,0xE0,
    0x18,0xA0,0x10,0x22,0x10,0x22,0x20,0x22,0x60,0x3C,0x40,0x00,0x3F,0xF8,0x20,0x08,
    0x20,0x08,0x2F,0xE8,0x20,0x48,0x2C,0x48,0x26,0xC8,0x23,0x88,0x21,0x88,0x23,0xCA,
    0x26,0x6A,0x7C,0x2A,0x48,0x0E,0x40,0x00,0x00,0x00,0x08,0x00,0x1F,0xFC,0x10,0x40,
    0x30,0x40,0xF7,0xFE,0x50,0x40,0x10,0x40,0x17,0xFC,0x00,0x00,0x0F,0xE0,0x08,0x60,
    0x08,0x62,0x18,0x62,0x70,0x3C,0x40,0x00,0x08,0x00,0x4A,0x78,0x4A,0x48,0x4A,0x48,
    0x7E,0x48,0x00,0x48,0x7E,0x48,0x02,0x48,0x02,0x48,0x3E,0xC8,0x20,0x8A,0x22,0x8A,
    0x3E,0x8A,0x63,0x0E,0x01,0x00,0x3F,0xF8,0x21,0x08,0x27,0xE8,0x24,0x68,0x27,0xE8,
    0x24,0x68,0x27,0xE8,0x20,0x08,0x2F,0xE8,0x21,0x08,0x2F,0xEA,0x41,0x0A,0xDF,0xFE,
    0x00,0x00,0x00,0x00,0x01,0x88,0x7E,0xB0,0x22,0x44,0x1C,0x38,0x1B,0xD8,0xFF,0xF6,
    0x10,0x10,0x1F,0xF0,0x0C,0x20,0x7F,0xFC,0x00,0x00,0x07,0xE4,0x0C,0x64,0x78,0x3C,
    0x20,0x00,0x08,0x20,0x18,0x30,0x24,0x64,0x22,0x44,0x23,0xC4,0x21,0x84,0x21,0x84,
    0x22,0x44,0x26,0x64,0x2C,0x34,0x38,0x14,0x20,0x04,0x3F,0xFC,0x3F,0xFC,0x00,0x00,
    0x07,0xE0,0x04,0x20,0x04,0x20,0x04,0x20,0x04,0x20,0x3C,0x3C,0x20,0x04,0x20,0x04,
    0x20,0x04,0x20,0x04,0x20,0x04,0x3F,0xFC,0x3F,0xFC,0x20,0x04,0x00,0x00,0x3E,0x7C,
    0x22,0x44,0x22,0x44,0x22,0x44,0x22,0x44,0x22,0x44,0x23,0xC4,0x20,0x04,0x20,0x04,
    0x20,0x04,0x20,0x04,0x3F,0xFC,0x20,0x04,0x20,0x04,0x01,0x00,0x01,0x00,0x11,0x08,
    0x11,0x08,0x11,0x08,0x11,0x08,0x1F,0xF8,0x01,0x00,0x21,0x04,0x21,0x04,0x21,0x04,
    0x21,0x04,0x21,0x04,0x3F,0xFC,0x00,0x04,0x01,0x00,0x01,0x00,0x3F,0xFC,0x3F,0xFC,
    0x01,0x00,0x01,0x00,0x7F,0xFE,0x7F,0xFE,0x01,0x00,0x31,0x08,0x31,0x08,0x31,0x08,
    0x31,0x08,0x3F,0xF8,0x00,0x08,0x1F,0xF8,0x00,0x30,0x00,0xE0,0x29,0x94,0x3D,0x94,
    0x27,0xA4,0x25,0xC4,0x27,0xC4,0x2D,0xA4,0x31,0x9C,0x27,0x14,0x20,0x04,0x3F,0xFC,
    0x00,0x04,0x02,0x40,0x32,0x4C,0x1A,0x58,0x12,0x50,0x7F,0xFE,0x04,0x20,0x22,0x4C,
    0x2F,0xFC,0x21,0x0C,0x21,0x0C,0x2F,0xFC,0x21,0x0C,0x20,0x0C,0x3F,0xFC,0x00,0x0C,
    0x3F,0xF8,0x3F,0xF8,0x02,0x08,0x02,0x08,0x02,0x08,0x06,0x08,0x06,0x08,0x04,0x08,
    0x04,0x08,0x0C,0x08,0x18,0x08,0x30,0x18,0x60,0xF0,0x40,0x00,0x3F,0xF8,0x00,0x08,
    0x00,0x08,0x00,0x08,0x00,0x68,0x01,0xC8,0x07,0x08,0x1C,0x08,0x70,0x08,0x40,0x08,
    0x00,0x08,0x00,0x18,0x00,0xF0,0x00,0x00,0x3F,0xFC,0x01,0x0C,0x01,0x08,0x1B,0x08,
    0x13,0x08,0x33,0x08,0x22,0x08,0x62,0x08,0x26,0x08,0x04,0x08,0x0C,0x08,0x18,0x18,
    0x60,0xF0,0x40,0x00,0x04,0x40,0x06,0x40,0x04,0x20,0x08,0x30,0x18,0x18,0x30,0x0C,
    0x7F,0xF6,0x04,0x12,0x04,0x10,0x04,0x10,0x04,0x30,0x0C,0x30,0x18,0x30,0x70,0xE0,
    0x40,0x00,0x10,0x00,0x13,0xFC,0x13,0xFC,0x10,0x44,0x1E,0xC4,0x78,0xC4,0x10,0xC4,
    0x10,0xC4,0x10,0x84,0x12,0x84,0x16,0x84,0x19,0x04,0x33,0x0C,0x06,0x38,0x04,0x00,
    0x00,0x04,0x7F,0x04,0x08,0x44,0x08,0x44,0x08,0x44,0x08,0x44,0x08,0x44,0x7F,0x44,
    0x08,0x44,0x08,0x44,0x08,0x44,0x08,0x04,0x08,0x04,0x08,0x3C,0x00,0x00,0x00,0x04,
    0x7F,0x84,0x12,0x24,0x12,0x24,0x12,0x24,0x12,0x24,0x12,0x24,0x7F,0xA4,0x12,0x24,
    0x12,0x24,0x12,0x24,0x22,0x04,0x22,0x04,0x62,0x1C,0x40,0x00,0x10,0x04,0x14,0x04,
    0x12,0x24,0x10,0xA4,0x3F,0x24,0x50,0x24,0x11,0x24,0x12,0x24,0x1E,0x24,0x0C,0x24,
    0x19,0x24,0x39,0x84,0x6D,0x04,0x07,0x3C,0x00,0x00,0x00,0x04,0x7F,0x84,0x08,0x24,
    0x08,0x24,0x1F,0x24,0x1F,0x24,0x31,0x24,0x33,0x24,0x5A,0x24,0xCA,0x24,0x04,0x24,
    0x0C,0x04,0x18,0x04,0x30,0x3C,0x40,0x00,0x08,0x04,0x08,0x04,0x0C,0x24,0x7F,0xA4,
    0x22,0x24,0x62,0x24,0x12,0x24,0x1C,0x24,0x0C,0x24,0x0C,0x24,0x1A,0x24,0x13,0x04,
    0x21,0x04,0x40,0x3C,0x00,0x00,0x00,0x04,0x3F,0x04,0x21,0x24,0x29,0x24,0x29,0x24,
    0x29,0x24,0x29,0x24,0x29,0x24,0x29,0x24,0x29,0x24,0x0C,0x24,0x1A,0x04,0x31,0x84,
    0x61,0x3C,0x00,0x00,0x00,0x04,0x3F,0x84,0x20,0xB4,0x31,0xB4,0x32,0xB4,0x2A,0xB4,
    0x2E,0xB4,0x24,0xB4,0x2E,0xB4,0x2A,0xB4,0x32,0xB4,0x31,0x84,0x20,0x84,0x23,0x9C,
    0x00,0x10,0x04,0x04,0x0C,0x24,0x1B,0x24,0x31,0xA4,0x60,0xE4,0xFF,0x24,0x21,0x24,
    0x21,0x24,0x21,0x24,0x27,0x24,0x24,0x24,0x20,0x84,0x20,0x84,0x1F,0x1C,0x00,0x00,
    0x00,0x00,0x10,0x00,0x13,0xFC,0x13,0xFC,0x7C,0xC4,0x08,0xC4,0x18,0xC4,0x12,0x84,
    0x34,0x84,0xDC,0x84,0x56,0x84,0x11,0x8C,0x11,0x0C,0x13,0x0C,0x16,0x78,0x14,0x00,
    0x00,0x00,0x00,0x04,0x3B,0xC4,0x2A,0x54,0x2A,0x54,0x2A,0x54,0x2A,0x54,0x7F,0xD4,
    0x2A,0x54,0x2A,0x54,0x2A,0x54,0x2A,0x54,0x2A,0x44,0x4A,0x44,0x5D,0x9C,0x44,0x00,
    0x04,0x04,0x44,0x84,0x25,0x24,0x25,0x24,0x16,0x24,0x04,0x24,0x7F,0xA4,0x04,0x24,
    0x0C,0x24,0x7F,0xA4,0x08,0x24,0x08,0x04,0x18,0x04,0x30,0x3C,0x20,0x00,0x10,0x04,
    0x10,0x04,0x3F,0x24,0x21,0x24,0x41,0x24,0xFD,0x24,0x65,0x24,0x25,0x24,0x25,0x24,
    0x3D,0x24,0x27,0x24,0x20,0x84,0x20,0x84,0x3F,0x9C,0x00,0x00,0x00,0x04,0x1F,0x04,
    0x78,0x64,0x08,0x64,0x08,0x64,0x7F,0x64,0x08,0x64,0x1A,0x64,0x1E,0x64,0x29,0xE4,
    0x69,0x64,0xC8,0x04,0x08,0x04,0x08,0x3C,0x08,0x00,0x00,0x04,0x3F,0x04,0x21,0x24,
    0x21,0x24,0x21,0x24,0x3F,0x24,0x08,0x24,0x18,0x24,0x7F,0x24,0x11,0x24,0x11,0x24,
    0x11,0x04,0x21,0x04,0x6F,0x3C,0x40,0x20,0x00,0x04,0x1F,0x04,0x78,0x24,0x08,0x24,
    0x08,0x24,0x7F,0xA4,0x08,0x24,0x08,0x24,0x3F,0x24,0x21,0x24,0x21,0x24,0x21,0x04,
    0x21,0x04,0x3F,0x3C,0x00,0x20,0x00,0x04,0x7F,0x84,0x08,0x24,0x12,0x24,0x31,0x24,
    0x2F,0xA4,0x74,0xA4,0x04,0x24,0x04,0x24,0x7F,0xA4,0x04,0x24,0x04,0x04,0x1F,0x84,
    0x70,0x3C,0x00,0x10,0x14,0x04,0x24,0x04,0x3F,0xA4,0x3F,0xA4,0x44,0x24,0x7F,0xA4,
    0x7F,0xA4,0x04,0x24,0x3F,0xA4,0x24,0xA4,0x24,0xA4,0x24,0x84,0x27,0x84,0x26,0x1C,
    0x04,0x00,0x00,0x04,0x3F,0xA4,0x20,0xB4,0x20,0xB4,0x3F,0xB4,0x22,0x34,0x22,0x34,
    0x2F,0xB4,0x32,0xB4,0x32,0xB4,0x32,0xB4,0x52,0x84,0x53,0x84,0x42,0x1C,0x00,0x00,
    0x01,0x90,0x19,0x18,0x09,0x30,0x3F,0xFC,0x03,0x00,0x02,0x00,0x7F,0xFE,0x04,0x20,
    0x18,0x10,0x3F,0xFC,0xC2,0x36,0x06,0x20,0x0C,0x20,0x78,0xE0,0x20,0x00,0x00,0x84,
    0x61,0x84,0x1A,0x24,0x0E,0x24,0x3B,0x24,0x65,0xA4,0x04,0x24,0x7F,0xA4,0x04,0x24,
    0x25,0x24,0x25,0x24,0x64,0x84,0x44,0xC4,0xDC,0x1C,0x00,0x00,0x04,0x04,0x04,0x04,
    0x7F,0xA4,0x04,0x24,0x04,0x24,0x3F,0xA4,0x24,0xA4,0x24,0xA4,0x2F,0xA4,0x0C,0x24,
    0x17,0x24,0x25,0x84,0xC4,0xC4,0x04,0x3C,0x04,0x20,0x0C,0x00,0x04,0x04,0x7F,0xA4,
    0x08,0x24,0x11,0x24,0x32,0x24,0x7E,0x24,0x04,0xA4,0x09,0x24,0x33,0x24,0x66,0x24,
    0x0E,0x04,0x19,0x04,0xE0,0x9C,0x40,0x90,0x04,0x04,0x0E,0x04,0x1B,0x24,0x31,0xA4,
    0x60,0xE4,0xFF,0x24,0x00,0x24,0x00,0x24,0x7F,0xA4,0x08,0x24,0x13,0x24,0x31,0x04,
    0x3F,0x84,0x40,0x9C,0x00,0x00,0x00,0x00,0x00,0x04,0x1E,0x04,0x12,0x24,0x12,0x24,
    0x23,0x24,0x61,0xA4,0x4C,0x24,0x7F,0xA4,0x7F,0xA4,0x0C,0x24,0x1F,0x24,0x2D,0x84,
    0xCC,0x84,0x0C,0x1C,0x0C,0x00,0x08,0x04,0x0C,0x04,0x7F,0xA4,0x03,0x24,0x32,0x24,
    0x0C,0x24,0x0E,0x24,0x31,0xA4,0xD2,0xA4,0x12,0x24,0x12,0x24,0x32,0x04,0x22,0x04,
    0x62,0x3C,0x40,0x00,0x00,0x00,0x31,0x04,0x12,0x04,0x7F,0xA4,0x04,0xA4,0x04,0xA4,
    0x3F,0xA4,0x24,0x24,0x24,0x24,0x7F,0xA4,0x0C,0xA4,0x1C,0xA4,0x34,0x84,0x67,0x84,
    0xC4,0x1C,0x04,0x00,0x00,0x00,0x04,0x04,0x44,0x84,0x25,0x24,0x16,0x24,0x04,0x24,
    0x3F,0xA4,0x21,0xA4,0x3F,0xA4,0x21,0xA4,0x21,0xA4,0x3F,0xA4,0x21,0x84,0x21,0x84,
    0x23,0x1C,0x00,0x00,0x08,0x30,0x04,0x20,0x7F,0xFE,0x00,0x00,0x00,0x08,0x3F,0x48,
    0x23,0x48,0x3F,0x48,0x23,0x48,0x23,0x48,0x3F,0x48,0x23,0x48,0x23,0x08,0x26,0x38,
    0x00,0x00,0x00,0x00,0x00,0x04,0x3F,0x04,0x21,0x24,0x21,0x24,0x3F,0x24,0x04,0x24,
    0x04,0x24,0x3F,0xA4,0x24,0xA4,0x2C,0xA4,0x2A,0xA4,0x31,0x84,0x20,0x84,0x23,0xBC,
    0x00,0x10,0x04,0x04,0x0E,0x04,0x1B,0x24,0x30,0xA4,0x60,0x64,0xDF,0x24,0x00,0x24,
    0x28,0xA4,0x25,0xA4,0x25,0x24,0x15,0x24,0x13,0x04,0x0F,0xC4,0x78,0x1C,0x00,0x00,
    0x00,0x00,0x00,0x04,0x3F,0x84,0x21,0xA4,0x3F,0xA4,0x21,0xA4,0x3F,0xA4,0x10,0x24,
    0x30,0x24,0x3F,0xA4,0x52,0xA4,0x14,0xA4,0x24,0x84,0xC8,0x84,0x33,0x1C,0x10,0x00,
    0x08,0x04,0x0C,0x04,0x7F,0xA4,0x12,0x24,0x12,0x24,0x12,0x24,0x7F,0xA4,0x00,0x24,
    0x00,0x24,0x3F,0x24,0x21,0x24,0x21,0x04,0x21,0x04,0x3F,0x1C,0x00,0x00,0x00,0x04,
    0x3F,0x04,0x01,0x24,0x3F,0x24,0x01,0x24,0x01,0x24,0x7F,0xE4,0x64,0xA4,0x25,0xA4,
    0x15,0x24,0x1F,0x24,0x25,0x84,0xC4,0x44,0x1C,0x1C,0x10,0x00,0x00,0x04,0x3F,0x84,
    0x20,0xA4,0x20,0xA4,0x3F,0xA4,0x22,0x24,0x22,0x24,0x3F,0xE4,0x22,0x24,0x2F,0xA4,
    0x2F,0xA4,0x48,0x84,0x48,0x84,0xCF,0x9C,0x00,0x00,0x00,0x04,0x3F,0x84,0x04,0x14,
    0x04,0x14,0x7F,0xD4,0x15,0x14,0x75,0xD4,0x15,0x14,0x75,0x54,0x5D,0xD4,0x1F,0x14,
    0x35,0x84,0x64,0xC4,0xC4,0x5C,0x04,0x00,0x08,0x30,0x04,0x60,0x7F,0xFE,0x1E,0x08,
    0x21,0x48,0x3F,0x48,0x21,0x48,0x3F,0x48,0x27,0x38,0x00,0x00,0x3F,0xFC,0x02,0x0C,
    0x06,0x08,0x38,0x78,0x60,0x00,0x00,0x00,0x00,0x04,0x7F,0x84,0x00,0x24,0x3F,0x24,
    0x21,0x24,0x21,0x24,0x1E,0x24,0x00,0x24,0x3F,0xA4,0x24,0xA4,0x3F,0xA4,0x24,0x84,
    0x24,0x84,0x3F,0xBC,0x00,0x00,0x0C,0x04,0x04,0x04,0x7F,0xA4,0x44,0xA4,0x3F,0xA4,
    0x04,0x24,0x3F,0xA4,0x04,0x24,0x7F,0xE4,0x04,0x24,0x3F,0xA4,0x21,0x84,0x21,0x84,
    0x3F,0xBC,0x00,0x00,0x36,0x84,0x2D,0x04,0x6F,0x24,0x16,0xA4,0x3F,0xA4,0x24,0xA4,
    0x3F,0xA4,0x24,0xA4,0x3F,0xA4,0x04,0x24,0x7F,0xE4,0x0E,0x04,0x35,0x84,0xC4,0xDC,
    0x04,0x00,0x00,0x20,0x3E,0xFE,0x22,0x48,0x3E,0x48,0x21,0xFE,0x3E,0x30,0x52,0x30,
    0x5E,0xFC,0x00,0x30,0x7F,0xF8,0x02,0x08,0x06,0x08,0x0C,0x08,0x78,0x78,0x40,0x00,
    0x00,0x00,0x02,0x00,0x02,0x00,0x02,0x00,0x7F,0xFC,0x7F,0xF8,0x02,0x08,0x02,0x08,
    0x02,0x08,0x06,0x08,0x04,0x08,0x0C,0x08,0x08,0x08,0x30,0x08,0x60,0xF8,0x40,0x00,
    0x00,0x40,0x00,0x40,0x7E,0x40,0x05,0xFC,0x65,0xFC,0x24,0x44,0x14,0x44,0x18,0xC4,
    0x08,0xC4,0x1C,0x84,0x14,0x84,0x27,0x84,0x63,0x0C,0xC6,0x38,0x02,0x00,0x02,0x00,
    0x02,0x00,0x02,0x00,0x7F,0xF0,0x02,0x10,0x02,0x10,0x36,0x18,0x26,0x3C,0x64,0x34,
    0x44,0x36,0xCC,0x34,0x18,0x30,0x30,0x20,0x61,0xE0,0x40,0x00,0x00,0x40,0x00,0xC0,
    0x7C,0xC0,0x11,0xFC,0x11,0xFC,0x10,0xC4,0x10,0xC4,0x10,0x84,0x10,0x84,0x12,0x8C,
    0xBF,0x8C,0x61,0x0C,0x03,0x0C,0x06,0x78,0x04,0x00,0x10,0x00,0x10,0x00,0x10,0x7C,
    0x7F,0x44,0x13,0x44,0x13,0x44,0x12,0x44,0x12,0x44,0x12,0x44,0x32,0x44,0x22,0x44,
    0x22,0x44,0x62,0x7C,0xCE,0x44,0x40,0x00,0x06,0x00,0x0C,0x00,0x1F,0xF8,0x3C,0x30,
    0x66,0xC0,0x03,0x80,0x0E,0x70,0xF2,0x0E,0x02,0x00,0x3F,0xF8,0x02,0x18,0x04,0x18,
    0x0C,0x10,0x30,0xF0,0x40,0x00,0x00,0x00,0x01,0x00,0x05,0x20,0x09,0x30,0x31,0x0C,
    0x61,0x74,0x01,0xC0,0x3E,0x00,0x63,0x00,0x3F,0xF8,0x3F,0xF8,0x02,0x08,0x06,0x08,
    0x0C,0x08,0x30,0x78,0x40,0x00,0x00,0x60,0x3E,0x60,0x3E,0x60,0x01,0xFC,0x00,0x44,
    0x7F,0x44,0x7F,0x44,0x10,0x44,0x14,0x44,0x36,0x44,0x22,0x44,0x7E,0xC4,0x71,0x8C,
    0x01,0xB8,0x03,0x00,0x00,0x20,0x3E,0x20,0x22,0x20,0x22,0xFC,0x22,0x64,0x3E,0x64,
    0x22,0x64,0x22,0x64,0x3E,0x44,0x22,0x44,0x22,0x44,0x2F,0x84,0xF9,0x84,0x03,0x3C,
    0x02,0x00,0x18,0x00,0x10,0xFC,0x7F,0xCC,0x32,0x48,0x32,0x78,0x0C,0x30,0x1E,0xFC,
    0x62,0x86,0x02,0x00,0x3F,0xF8,0x06,0x08,0x04,0x08,0x0C,0x18,0x70,0xF0,0x40,0x00,
    0x08,0x20,0x08,0x20,0x08,0x20,0x3F,0xFC,0x08,0xFC,0x08,0x24,0x7F,0x64,0x7F,0x64,
    0x1A,0x44,0x16,0x44,0x32,0x44,0x2F,0xC4,0x79,0x84,0x01,0xBC,0x01,0x00,0x00,0x20,
    0x3F,0xA0,0x20,0x20,0x20,0x7C,0x3F,0xA4,0x28,0x24,0x28,0x24,0x2F,0x24,0x29,0x24,
    0x29,0x24,0x29,0x44,0x49,0x44,0x51,0xC4,0x76,0x98,0xC0,0x80,0x00,0x60,0x7E,0x60,
    0x06,0x60,0x04,0xFC,0x1C,0x44,0x36,0x44,0x61,0x44,0x00,0x44,0x7E,0x44,0x08,0x44,
    0x08,0x44,0x09,0x84,0xFF,0x8C,0x83,0x38,0x01,0x00,0x04,0x20,0x04,0x20,0x7F,0xFE,
    0x04,0x20,0x00,0x00,0x3F,0xFC,0x20,0x04,0x22,0x04,0x3F,0xF8,0x02,0x18,0x06,0x18,
    0x04,0x18,0x18,0x10,0x70,0xF0,0x40,0x00,0x08,0x40,0x08,0x40,0x7F,0xF8,0x08,0x48,
    0x0D,0xC8,0x78,0xCA,0x09,0xBA,0x3B,0x0E,0x22,0x00,0x3F,0xF8,0x02,0x08,0x06,0x08,
    0x0C,0x08,0x38,0x78,0x40,0x00,0x08,0x20,0x08,0x20,0x7F,0x20,0x08,0x7C,0x7F,0x24,
    0x41,0x24,0x00,0x24,0x3E,0x64,0x04,0x64,0x09,0x44,0x7E,0x44,0x08,0xC4,0x08,0x84,
    0x39,0x38,0x01,0x00,0x3F,0xF8,0x0C,0x70,0x03,0x80,0x3F,0xF8,0x21,0x08,0x3F,0xF8,
    0x3F,0xF8,0x21,0x08,0x02,0x00,0x3F,0xF8,0x02,0x08,0x04,0x08,0x38,0x78,0x40,0x00,
    0x00,0x00,0x18,0x20,0x1E,0x20,0x32,0x20,0x26,0xFC,0x7F,0x24,0x3F,0x24,0x29,0x24,
    0x29,0x24,0x3F,0x44,0x0C,0x44,0x0C,0xDC,0x15,0x92,0x24,0x02,0x63,0xFC,0x00,0x00,
    0x00,0x00,0x00,0x20,0x3F,0x20,0x21,0x20,0x21,0xFC,0x3F,0x24,0x00,0x24,0x3F,0x24,
    0x29,0x24,0x29,0x24,0x29,0x64,0x29,0x44,0x1C,0x44,0x33,0xC4,0x61,0x9C,0x00,0x80,
    0x12,0x20,0x12,0x20,0x7F,0xA0,0x12,0xFC,0x1E,0xFC,0x08,0x24,0x3F,0x24,0x29,0x24,
    0x29,0x64,0x3F,0x44,0x08,0x44,0x7F,0x44,0x08,0x84,0x09,0x98,0x09,0x00,0x31,0x20,
    0x31,0x20,0x7F,0xA0,0x31,0x7C,0x3F,0x7C,0x31,0x24,0x3F,0x24,0x31,0x24,0x7F,0xA4,
    0x20,0x24,0x2A,0x24,0x31,0x44,0x21,0x44,0x3F,0xDC,0x00,0x80,0x04,0x20,0x7F,0xFE,
    0x04,0x20,0x1F,0xF8,0x10,0x08,0x1F,0xF8,0x1F,0xF8,0x02,0x00,0x7F,0xFE,0x0C,0x20,
    0x1B,0x18,0xEF,0xF6,0x46,0x10,0x1C,0xE0,0x20,0x00,0x32,0x20,0x7F,0xA0,0x32,0x20,
    0x3E,0x7C,0x08,0x7C,0x3F,0x24,0x29,0x24,0x3F,0x24,0x08,0x24,0x7F,0xA4,0x08,0x24,
    0x3F,0x44,0x09,0x44,0x7E,0xDC,0x00,0x80,0x04,0x00,0x0C,0x00,0x0F,0xFC,0x1F,0xFC,
    0x30,0x0C,0x20,0x0C,0x6C,0x0C,0x46,0x0C,0x03,0x08,0x01,0x88,0x00,0x08,0x00,0x08,
    0x00,0x08,0x00,0xF8,0x00,0x00,0x00,0x00,0x0C,0x00,0x08,0x00,0x1F,0xFC,0x10,0x04,
    0x32,0x0C,0x62,0x0C,0x44,0x8C,0x0C,0xCC,0x08,0x4C,0x18,0x6C,0x3F,0xEC,0x00,0x38,
    0x00,0x08,0x00,0xF8,0x00,0x00,0x0C,0x00,0x08,0x00,0x1F,0xFC,0x1F,0xFC,0x32,0x64,
    0x62,0x4C,0x44,0x4C,0x04,0xCC,0x08,0x8C,0x19,0x88,0x31,0x08,0x63,0x08,0x06,0x08,
    0x1C,0x78,0x08,0x00,0x04,0x00,0x08,0x00,0x0F,0xFC,0x10,0x0C,0x38,0x0C,0x6E,0x0C,
    0x43,0x0C,0x01,0x9C,0x00,0x7C,0x03,0x8C,0x1E,0x0C,0x30,0x08,0x00,0x08,0x00,0x78,
    0x00,0x00,0x00,0x00,0x0C,0x00,0x08,0x00,0x1F,0xF8,0x30,0x08,0x60,0x08,0xDF,0x88,
    0x50,0x88,0x10,0x88,0x10,0x88,0x1F,0x88,0x10,0x78,0x10,0x46,0x10,0x06,0x1F,0xFC,
    0x00,0x00,0x0C,0x00,0x08,0x00,0x1F,0xFC,0x13,0x64,0x32,0x44,0x62,0x4C,0x5E,0x4C,
    0x07,0xCC,0x09,0xCC,0x19,0xF8,0x33,0x18,0x62,0x08,0x04,0x08,0x18,0x78,0x00,0x00,
    0x08,0x00,0x08,0x00,0x1F,0xFC,0x30,0x04,0x68,0x84,0xC5,0xA4,0x27,0x24,0x23,0x24,
    0x25,0x24,0x38,0xA4,0x28,0xA4,0x3F,0xE4,0x3F,0xEC,0x00,0x78,0x00,0x00,0x08,0x80,
    0x0C,0x80,0x08,0x80,0x18,0x84,0x10,0x88,0x30,0x90,0x30,0xA0,0xD0,0xC0,0x51,0x80,
    0x17,0x80,0x14,0x82,0x10,0x86,0x10,0x86,0x10,0xFC,0x10,0x00,0x04,0x40,0x04,0x40,
    0x04,0x40,0x04,0x46,0x7C,0x5C,0x04,0x70,0x04,0x40,0x04,0x40,0x04,0x40,0x04,0x40,
    0x0C,0x42,0x3C,0x42,0x64,0x42,0x04,0x7C,0x04,0x00,0x3F,0x40,0x23,0x40,0x3F,0x4C,
    0x23,0x58,0x3F,0x70,0x00,0x40,0x7F,0xC0,0x04,0x44,0x24,0x44,0x27,0x7C,0x24,0x00,
    0x54,0x00,0xCF,0xFE,0x40,0x00,0x00,0x00,0x3F,0xFC,0x20,0x00,0x20,0x80,0x27,0xF8,
    0x27,0xF8,0x24,0x88,0x24,0x88,0x24,0x88,0x24,0xA8,0x24,0x98,0x20,0x80,0x20,0x00,
    0x3F,0xFE,0x00,0x00,0x3F,0xFE,0x20,0x00,0x20,0x38,0x23,0xC0,0x22,0x00,0x22,0x00,
    0x23,0xFE,0x22,0x20,0x26,0x20,0x24,0x20,0x2C,0x20,0x20,0x00,0x3F,0xFE,0x00,0x00,
    0x3F,0xFC,0x20,0x00,0x20,0x00,0x2F,0xF8,0x20,0x80,0x20,0x80,0x27,0xF8,0x20,0x80,
    0x20,0x80,0x2F,0xFC,0x20,0x00,0x20,0x00,0x3F,0xFC,0x00,0x00,0x3F,0xFE,0x20,0x00,
    0x20,0x00,0x27,0xF8,0x24,0x48,0x27,0xF8,0x24,0x48,0x24,0x48,0x27,0xF8,0x20,0x40,
    0x20,0x40,0x20,0x40,0x3F,0xFE,0x00,0x00,0x3F,0xFC,0x20,0x00,0x21,0x20,0x2F,0x3C,
    0x21,0x20,0x21,0x20,0x2F,0x3C,0x21,0x20,0x21,0x20,0x2F,0x3C,0x21,0x20,0x20,0x00,
    0x3F,0xFE,0x00,0x00,0x3F,0xFE,0x22,0x20,0x22,0x20,0x22,0x20,0x22,0x20,0x22,0x20,
    0x22,0x24,0x26,0x24,0x24,0x3C,0x28,0x00,0x20,0x00,0x20,0x00,0x3F,0xFE,0x3F,0xFC,
    0x20,0x00,0x2C,0x08,0x26,0x10,0x23,0x30,0x21,0xE0,0x20,0xC0,0x21,0xE0,0x23,0x30,
    0x2E,0x18,0x28,0x0C,0x20,0x00,0x3F,0xFE,0x3F,0xFE,0x23,0x00,0x22,0x00,0x27,0xFC,
    0x2C,0x40,0x24,0x40,0x2F,0xFE,0x20,0xC0,0x20,0xE0,0x23,0x38,0x2E,0x0C,0x28,0x00,
    0x3F,0xFE,0x00,0x00,0x3F,0xFE,0x22,0x10,0x2F,0xFC,0x22,0x10,0x20,0x80,0x2F,0xFC,
    0x23,0x00,0x27,0xF8,0x2A,0x08,0x32,0x08,0x23,0xF8,0x20,0x00,0x3F,0xFE,0x00,0x00,
    0x01,0x00,0x01,0x00,0x01,0x00,0x01,0x00,0x01,0x00,0x01,0x00,0x7F,0xFE,0x01,0x00,
    0x01,0x00,0x01,0x00,0x01,0x00,0x01,0x00,0x01,0x00,0x01,0x00,0x01,0x00,0x01,0xF8,
    0x3F,0x80,0x01,0x80,0x01,0x80,0x01,0x80,0x01,0x80,0x7F,0xFE,0x01,0x80,0x01,0x80,
    0x01,0x80,0x01,0x80,0x01,0x80,0x01,0x80,0x01,0x80,0x00,0x00,0x00,0x30,0x07,0xB0,
    0x7C,0x30,0x04,0x30,0x04,0x30,0x04,0x30,0x7F,0xFE,0x04,0x30,0x04,0x30,0x0C,0x30,
    0x08,0x30,0x18,0x30,0x30,0x30,0x60,0x30,0x40,0x30,0x0C,0x00,0x08,0x00,0x0F,0xF8,
    0x19,0x80,0x31,0x80,0x21,0x80,0x61,0x80,0x7F,0xFE,0x7F,0xFE,0x01,0x80,0x01,0x80,
    0x01,0x80,0x01,0x80,0x01,0x80,0x01,0x80,0x00,0x00,0x01,0x00,0x01,0x00,0x3F,0xFC,
    0x3F,0xFC,0x01,0x00,0x09,0x10,0x09,0x10,0x08,0x10,0x7F,0xFE,0x08,0x10,0x08,0x10,
    0x18,0x10,0x10,0x10,0x60,0x10,0x40,0x10,0x01,0x00,0x31,0x0C,0x11,0x18,0x09,0x10,
    0x0D,0x20,0x01,0x00,0x3F,0xFC,0x01,0x00,0x01,0x00,0x7F,0xFE,0x7F,0xFE,0x01,0x00,
    0x01,0x00,0x01,0x00,0x01,0x00,0x04,0x80,0x08,0x84,0x18,0x98,0x38,0xF0,0x79,0xC0,
    0xDE,0x86,0x18,0x84,0x18,0xFC,0x19,0x00,0x01,0x00,0x7F,0xFE,0x01,0x00,0x01,0x00,
    0x01,0x00,0x01,0x00,0x30,0x80,0x30,0x80,0x30,0x80,0x37,0xF8,0x78,0x88,0x78,0x88,
    0x32,0x8C,0x36,0x8E,0x34,0x8A,0x3D,0x9A,0x31,0x18,0x33,0x18,0x32,0x18,0x3C,0x70,
    0x34,0x00,0x03,0x00,0x03,0x00,0x1F,0xF8,0x11,0x08,0x11,0x08,0x1F,0xF8,0x11,0x08,
    0x1F,0xF8,0x02,0x00,0x0C,0x80,0x18,0x80,0x7F,0xFE,0x00,0x80,0x00,0x80,0x00,0x80,
    0x01,0x00,0x01,0x80,0x7F,0xFC,0x04,0x20,0x0C,0x20,0x0C,0x60,0x1E,0x58,0x33,0x8C,
    0x61,0x04,0x01,0x00,0x7F,0xFE,0x01,0x00,0x01,0x00,0x01,0x00,0x01,0x00,0x00,0x00,
    0x01,0x00,0x01,0xFC,0x01,0x00,0x01,0x00,0x1F,0xF8,0x10,0x08,0x1F,0xF8,0x10,0x08,
    0x1F,0xF8,0x1F,0xF8,0x01,0x00,0x7F,0xFE,0x01,0x00,0x01,0x00,0x01,0x00,0x08,0x30,
    0x04,0x20,0x1F,0xF8,0x11,0x08,0x11,0x08,0x1F,0xF8,0x11,0x08,0x11,0x08,0x1F,0xF8,
    0x01,0x00,0x01,0x00,0x7F,0xFE,0x01,0x00,0x01,0x00,0x01,0x00,0x00,0x00,0x01,0x00,
    0x01,0x00,0x3F,0xFC,0x01,0x00,0x7F,0xFC,0x08,0x04,0x0E,0xC8,0x12,0xC8,0x0C,0x80,
    0x02,0x80,0x7F,0xFE,0x01,0xC0,0x07,0x70,0x7C,0x0C,0x40,0x02,0x01,0x00,0x01,0x00,
    0x7F,0xFE,0x01,0x00,0x3F,0xFC,0x3F,0xFC,0x24,0x64,0x22,0xC4,0x2F,0xF4,0x21,0x04,
    0x2F,0xF4,0x21,0x04,0x21,0x04,0x21,0x1C,0x00,0x00,0x30,0x58,0x30,0x4C,0x37,0xFE,
    0x30,0x40,0x7B,0xFC,0x32,0x44,0x33,0xFC,0x32,0x44,0x33,0xFC,0x32,0x0C,0x3F,0xFE,
    0x32,0x08,0x31,0x88,0x30,0xF8,0x30,0x40,0x00,0x00,0x02,0x00,0x02,0x00,0x02,0x00,
    0x02,0x00,0x03,0x00,0x03,0xC0,0x02,0x60,0x02,0x38,0x02,0x0C,0x02,0x04,0x02,0x00,
    0x02,0x00,0x02,0x00,0x02,0x00,0x02,0x00,0x01,0x00,0x01,0x00,0x01,0x80,0x7F,0xFE,
    0x01,0x00,0x01,0x00,0x01,0xC0,0x01,0x60,0x01,0x30,0x01,0x0C,0x01,0x04,0x01,0x00,
    0x01,0x00,0x01,0x00,0x01,0x00,0x01,0x00,0x01,0x00,0x01,0xFE,0x01,0xFE,0x01,0x00,
    0x01,0x00,0x01,0x00,0x3F,0xF8,0x30,0x08,0x30,0x08,0x30,0x08,0x30,0x08,0x3F,0xF8,
    0x30,0x08,0x00,0x00,0x01,0x00,0x01,0x00,0x01,0xF8,0x01,0x00,0x01,0x00,0x01,0x00,
    0x7F,0xFE,0x01,0x00,0x01,0x80,0x01,0x60,0x01,0x38,0x01,0x0C,0x01,0x00,0x01,0x00,
    0x01,0x00,0x01,0x00,0x01,0x00,0x01,0xFE,0x01,0x00,0x01,0x00,0x1F,0xF8,0x10,0x08,
    0x10,0x08,0x10,0x08,0x1F,0xF8,0x10,0x00,0x30,0x00,0x20,0x00,0x60,0x00,0x40,0x00,
    0x01,0x00,0x01,0x00,0x01,0xFC,0x01,0x00,0x3F,0xFC,0x20,0x0C,0x2C,0x2C,0x22,0x4C,
    0x21,0x8C,0x23,0x8C,0x26,0x6C,0x2C,0x2C,0x20,0x0C,0x3F,0xFC,0x20,0x0C,0x00,0x20,
    0x7F,0xA0,0x64,0x20,0x64,0x20,0x64,0x20,0x7F,0x30,0x61,0x2C,0x61,0x26,0x61,0x22,
    0x7F,0x20,0x64,0x20,0x64,0x20,0x64,0x20,0x7F,0xA0,0x00,0x20,0x3F,0xF8,0x3F,0xF8,
    0x02,0x08,0x02,0x08,0x02,0x08,0x02,0x08,0x02,0x08,0x02,0x78,0x02,0x60,0x02,0x00,
    0x02,0x00,0x02,0x00,0x7F,0xFE,0x01,0x00,0x1E,0x7C,0x30,0x44,0x22,0x44,0x22,0x44,
    0x22,0x44,0x22,0x44,0x22,0x44,0x2E,0x44,0x32,0x44,0x26,0x6C,0x04,0x58,0x08,0x40,
    0x70,0x40,0x20,0x40,0x02,0x00,0x1E,0xFC,0x30,0xFC,0x20,0x84,0x20,0x84,0x20,0x84,
    0x3E,0x84,0x20,0x84,0x20,0x84,0x20,0x84,0x22,0x84,0x3E,0x9C,0x20,0x80,0x00,0x80,
    0x00,0x80,0x06,0x00,0x07,0xF0,0x08,0x10,0x18,0x20,0x3F,0xFE,0x50,0x00,0x10,0x00,
    0x13,0xF8,0x12,0x18,0x12,0x10,0x12,0x70,0x22,0x06,0x22,0x04,0x63,0xFC,0x40,0x00,
    0x00,0x00,0x3E,0x7C,0x22,0x44,0x22,0x44,0x3E,0x44,0x22,0x44,0x22,0x44,0x3E,0x44,
    0x20,0x44,0x24,0x44,0x22,0x44,0x2F,0x5C,0x31,0x40,0x40,0x40,0x00,0x00,0x00,0x00,
    0x08,0x00,0x08,0x7C,0x08,0x7C,0x7F,0x44,0x08,0x44,0x08,0x44,0x08,0x44,0x7F,0xC4,
    0x10,0x44,0x16,0x44,0x23,0x44,0x23,0x5C,0x7F,0xC0,0x01,0x40,0x00,0x40,0x01,0x00,
    0x1F,0x7C,0x30,0x44,0x22,0x44,0x3A,0x64,0x2A,0x54,0x26,0x54,0x22,0x5C,0x26,0x44,
    0x3A,0x44,0x22,0x44,0x04,0x5C,0x0C,0x40,0x38,0x40,0x20,0x40,0x01,0x80,0x19,0x18,
    0x09,0x30,0x3F,0xFC,0x03,0x00,0x02,0x00,0x7F,0xFE,0x0C,0x20,0x1F,0xF8,0x38,0x2E,
    0xE8,0x22,0x09,0xE8,0x08,0x08,0x0F,0xF8,0x00,0x00,0x10,0x00,0x10,0x7C,0x3F,0xFC,
    0x24,0x64,0x64,0x64,0x7F,0xE4,0x04,0x64,0x24,0x64,0x27,0xE4,0x24,0x64,0x24,0x64,
    0x25,0xFC,0x7E,0x60,0x00,0x60,0x00,0x60,0x00,0x00,0x08,0x00,0x3B,0x9C,0x42,0x94,
    0x4A,0x94,0x4B,0x94,0x4A,0x94,0x4A,0x94,0x4B,0x94,0x5A,0x14,0x72,0x94,0x52,0x94,
    0x13,0xDC,0x37,0x50,0x64,0x10,0x40,0x00,0x1F,0xFE,0x1F,0xFE,0x10,0x00,0x10,0x00,
    0x10,0x00,0x10,0x00,0x10,0x00,0x10,0x00,0x10,0x00,0x30,0x00,0x20,0x00,0x20,0x00,
    0x60,0x00,0x40,0x00,0x3F,0xFE,0x30,0x00,0x30,0x00,0x37,0xF8,0x36,0x08,0x36,0x08,
    0x36,0x08,0x36,0x18,0x36,0x70,0x26,0x04,0x26,0x06,0x62,0x04,0x43,0xFC,0xC0,0x00,
    0x3F,0xFE,0x30,0x00,0x30,0x00,0x30,0x00,0x3F,0xFE,0x30,0x60,0x30,0x60,0x30,0x60,
    0x30,0x60,0x20,0x60,0x20,0x60,0x60,0x60,0x41,0xE0,0x40,0x00,0x1F,0xFE,0x10,0x00,
    0x10,0x80,0x10,0x80,0x17,0xFC,0x17,0xFC,0x10,0x8C,0x31,0x8C,0x31,0x0C,0x21,0x0C,
    0x23,0x08,0x66,0x08,0x4C,0x78,0x48,0x00,0x3F,0xFE,0x30,0x00,0x30,0x00,0x3F,0xFE,
    0x31,0x00,0x31,0x00,0x31,0xF8,0x31,0xF8,0x33,0x08,0x22,0x08,0x22,0x08,0x64,0x08,
    0x5C,0x78,0xC8,0x00,0x3F,0xFE,0x30,0x00,0x30,0xC0,0x30,0xC0,0x30,0xC0,0x3F,0xFC,
    0x3F,0xFC,0x30,0xF0,0x30,0xD8,0x20,0xCC,0x20,0xC4,0x60,0xC0,0x5F,0xFE,0xC0,0x00,
    0x1F,0xFE,0x10,0x00,0x10,0xD0,0x10,0xC8,0x10,0xC4,0x1F,0xFE,0x10,0xC0,0x30,0xC0,
    0x30,0xA0,0x21,0x20,0x23,0x10,0x66,0x08,0x5C,0x06,0x48,0x02,0x3F,0xFE,0x20,0x00,
    0x2F,0x84,0x28,0x94,0x2A,0x94,0x2A,0x94,0x2A,0x94,0x2A,0x94,0x2A,0x94,0x2A,0x94,
    0x63,0x14,0x44,0x84,0xD8,0x5C,0x50,0x00,0x00,0x00,0x3F,0xFE,0x20,0x00,0x27,0xFC,
    0x24,0x4C,0x24,0x4C,0x27,0xFC,0x24,0x4C,0x27,0xFC,0x20,0x40,0x27,0xFC,0x20,0x40,
    0x60,0x40,0x4F,0xFE,0xC0,0x00,0x3F,0xFE,0x30,0x00,0x37,0xFC,0x34,0x0C,0x37,0xFC,
    0x37,0xFC,0x20,0x00,0x27,0xFC,0x20,0x38,0x2F,0xFE,0x20,0x40,0x60,0x40,0xC3,0xC0,
    0x40,0x00,0x00,0x00,0x3F,0xFE,0x30,0x40,0x30,0xC0,0x37,0xFC,0x34,0x04,0x37,0xFC,
    0x34,0x04,0x37,0xFC,0x20,0x40,0x23,0x58,0x26,0x4C,0x64,0x46,0x49,0xC2,0x40,0x00,
    0x00,0x00,0x3F,0xFE,0x20,0x00,0x26,0x00,0x26,0x7C,0x2F,0x44,0x26,0x44,0x26,0x7C,
    0x2F,0x44,0x2F,0xFC,0x3E,0x44,0x76,0x44,0x46,0x7C,0x46,0x44,0xC6,0x00,0x3F,0xFE,
    0x30,0x00,0x3F,0xFE,0x37,0xF8,0x34,0x08,0x27,0xF8,0x27,0xF8,0x24,0xF8,0x23,0x00,
    0x23,0xF8,0x2F,0x18,0x70,0xE0,0x4F,0xBE,0x50,0x02,0x00,0x00,0x3F,0xFE,0x20,0x00,
    0x20,0x04,0x2F,0xC4,0x20,0x3E,0x2F,0x84,0x28,0xA4,0x2F,0xA4,0x20,0x34,0x2C,0x94,
    0x25,0x04,0x65,0xC4,0x5F,0x1C,0x40,0x00,0x3F,0xFE,0x20,0x00,0x2F,0x7C,0x29,0x10,
    0x29,0x50,0x2F,0x50,0x29,0x50,0x2F,0x7E,0x28,0x10,0x29,0x30,0x29,0x32,0x4E,0xD2,
    0xC8,0x9E,0x40,0x00,0x00,0x00,0x01,0x00,0x01,0x00,0x01,0x00,0x3F,0xFC,0x01,0x00,
    0x01,0x00,0x01,0x00,0x7F,0xFE,0x03,0x00,0x06,0x60,0x04,0x30,0x08,0x10,0x33,0xF8,
    0x3F,0x0C,0x00,0x04,0x1F,0xF8,0x10,0x18,0x10,0x18,0x1F,0xF8,0x10,0x18,0x1F,0xF8,
    0x10,0x18,0x10,0x18,0x7F,0xFE,0x06,0x60,0x0C,0x30,0x18,0x18,0x3F,0xFC,0x00,0x04,
    0x00,0x00,0x03,0x00,0x04,0x60,0x18,0x10,0x3F,0xFC,0x03,0x04,0x7F,0xFE,0x04,0x60,
    0x08,0x30,0x3F,0xFC,0xE0,0x06,0x1F,0xF0,0x00,0x00,0x00,0x00,0x3F,0xFC,0x00,0x00,
    0x03,0x00,0x06,0x60,0x08,0x18,0x3F,0xFC,0x02,0x04,0x7F,0xFC,0x04,0x60,0x08,0xF0,
    0x33,0x9C,0xCC,0x66,0x03,0x88,0x1E,0x38,0x01,0xE0,0x1F,0x00,0x20,0x00,0x00,0x00,
    0x3F,0xF8,0x10,0x08,0x18,0x18,0x08,0x10,0x08,0x30,0x04,0x20,0x06,0x60,0x02,0xC0,
    0x01,0x80,0x03,0xC0,0x0E,0x60,0x38,0x38,0x60,0x0E,0x00,0x00,0x3F,0xF8,0x10,0x08,
    0x13,0x18,0x19,0x10,0x08,0x90,0x0C,0xB0,0x04,0x20,0x06,0x40,0x03,0x80,0x01,0x80,
    0x06,0xE0,0x18,0x38,0x70,0x0E,0x40,0x02,0x3F,0xF0,0x0C,0x30,0x0C,0x20,0x0C,0x60,
    0x0C,0x78,0x0A,0x08,0x0A,0x18,0x09,0x10,0x11,0xA0,0x10,0xE0,0x31,0xE0,0x63,0x18,
    0xDC,0x0E,0x10,0x02,0x06,0x00,0x04,0x00,0x7F,0xFE,0x04,0x00,0x04,0x00,0x0F,0xF8,
    0x0F,0xF8,0x0A,0x18,0x1A,0x10,0x11,0x20,0x30,0xE0,0x21,0xE0,0x67,0x38,0xDC,0x0E,
    0x10,0x02,0x7F,0xFC,0x02,0x84,0x22,0x8C,0x66,0x88,0x34,0xC8,0x14,0x48,0x0C,0x58,
    0x0C,0x70,0x1C,0x20,0x16,0x70,0x22,0xD8,0x61,0x8C,0xC7,0x06,0x02,0x02,0x01,0xFC,
    0x1F,0x80,0x10,0x00,0x10,0x00,0x1F,0xF8,0x14,0x08,0x12,0x18,0x13,0x10,0x11,0x20,
    0x30,0xE0,0x21,0xE0,0x27,0x38,0x5C,0x0E,0x50,0x02,0x00,0x00,0x22,0x20,0x32,0x70,
    0x22,0x08,0x3F,0xFE,0x06,0x00,0x04,0x00,0x07,0xF8,0x0F,0xF8,0x0A,0x10,0x1B,0x30,
    0x11,0xE0,0x20,0xC0,0x63,0x70,0xDC,0x1E,0x10,0x02,0x08,0x00,0x08,0xFC,0x0F,0xFC,
    0x08,0x44,0x08,0x4C,0x08,0x48,0x7F,0x48,0x0C,0x28,0x2E,0x30,0x2D,0x30,0x6D,0x30,
    0x4D,0xE8,0xCC,0xCC,0x3B,0x86,0x01,0x02,0x7F,0x00,0x22,0xFC,0x22,0x44,0x3E,0x44,
    0x22,0x4C,0x22,0x68,0x22,0x28,0x3E,0x38,0x22,0x30,0x23,0xB0,0xFF,0x68,0x62,0xC4,
    0x03,0x82,0x02,0x00,0x00,0x00,0x3F,0xFC,0x11,0x08,0x19,0x90,0x08,0xB0,0x3F,0xFC,
    0x20,0x04,0x20,0x04,0x1F,0xF0,0x04,0x30,0x06,0x60,0x01,0x80,0x07,0xE0,0x78,0x1E,
    0x40,0x00,0x00,0x00,0x01,0x00,0x01,0x80,0x7F,0xFC,0x02,0x40,0x1A,0x58,0x32,0x4C,
    0x62,0x46,0x40,0x00,0x1F,0xF0,0x0C,0x30,0x06,0x60,0x03,0xC0,0x07,0xE0,0x78,0x3E,
    0x40,0x02,0x0C,0x00,0x0C,0xFC,0x12,0xFC,0x21,0xC4,0xC1,0x44,0x7F,0x44,0x0C,0x6C,
    0x7F,0xA8,0x7F,0xA8,0x2E,0x10,0x2D,0x30,0x4D,0x68,0x4C,0xC4,0xD9,0x86,0x01,0x02,
    0x00,0x00,0x18,0x00,0x5A,0x7C,0x5A,0xC0,0x3C,0x80,0x3C,0x80,0x18,0xFC,0x7E,0xC4,
    0x19,0xA4,0x19,0xA8,0x7F,0x28,0x11,0x10,0x11,0x38,0x32,0x6C,0x67,0xC6,0x44,0x82,
    0x3F,0xF8,0x0F,0xC0,0x38,0x38,0x3F,0xFC,0x3E,0x78,0x76,0xCE,0x7F,0xFC,0x40,0x04,
    0x5F,0xF4,0x1F,0xF0,0x10,0x10,0x1F,0xF0,0x7F,0xFE,0x00,0x00,0x00,0x00,0x3F,0xF8,
    0x30,0x08,0x30,0x08,0x30,0x08,0x30,0x08,0x30,0x08,0x30,0x08,0x30,0x08,0x30,0x08,
    0x30,0x08,0x3F,0xF8,0x30,0x08,0x00,0x00,0x00,0x00,0x01,0x00,0x01,0x00,0x01,0x00,
    0x7F,0xFE,0x01,0x00,0x01,0x00,0x01,0x00,0x1F,0xF8,0x10,0x18,0x10,0x18,0x10,0x18,
    0x10,0x18,0x1F,0xF8,0x1F,0xF8,0x10,0x18,0x0C,0x00,0x08,0x00,0x1F,0xFC,0x10,0x0C,
    0x30,0x0C,0x7F,0xCC,0xDF,0xCC,0x10,0xCC,0x10,0xCC,0x10,0xCC,0x1F,0xCC,0x1F,0xCC,
    0x00,0x08,0x00,0x78,0x00,0x00,0x1F,0xF8,0x10,0x08,0x10,0x08,0x10,0x08,0x1F,0xF8,
    0x02,0x00,0x02,0x00,0x7F,0xF8,0x06,0x08,0x04,0x08,0x0C,0x08,0x18,0x08,0x70,0xF8,
    0x40,0x00,0x00,0x00,0x1F,0xF8,0x10,0x08,0x10,0x08,0x10,0x08,0x10,0x08,0x10,0x08,
    0x1F,0xF8,0x1F,0xF8,0x04,0x20,0x0C,0x70,0x18,0x18,0x30,0x0C,0x60,0x06,0x40,0x04,
    0x00,0x0C,0x00,0x0C,0x3C,0x8C,0x24,0x8C,0x24,0x8C,0x24,0x8C,0x24,0x8C,0x24,0x8C,
    0x24,0x8C,0x24,0xFC,0x24,0xCC,0x3C,0x0C,0x00,0x0C,0x00,0x0C,0x00,0x0C,0x7F,0xF8,
    0x04,0x08,0x04,0x08,0x0C,0x08,0x18,0x18,0x30,0x70,0xC0,0x00,0x1F,0xF8,0x10,0x08,
    0x10,0x08,0x10,0x08,0x10,0x08,0x1F,0xF8,0x10,0x08,0x00,0x10,0x7C,0x90,0x7C,0x90,
    0x64,0x90,0x64,0x90,0x64,0x90,0x64,0x90,0x64,0x90,0x65,0x98,0x65,0x08,0x65,0x08,
    0x7F,0x0C,0x02,0x04,0x04,0x06,0x04,0x00,0x3D,0xFE,0x3D,0xFE,0x24,0x10,0x24,0x10,
    0x24,0x10,0x24,0x10,0x24,0x10,0x24,0x10,0x24,0x10,0x24,0x10,0x3C,0x10,0x00,0x10,
    0x00,0xF0,0x00,0x00,0x7F,0xFE,0x00,0x08,0x00,0x08,0x00,0x08,0x1F,0x88,0x10,0x88,
    0x10,0x88,0x10,0x88,0x10,0x88,0x1F,0x88,0x00,0x08,0x00,0x08,0x00,0x78,0x00,0x00,
    0x03,0x00,0x02,0x00,0x04,0x60,0x08,0x30,0x10,0x18,0x7F,0xFC,0x00,0x04,0x00,0x00,
    0x1F,0xF8,0x10,0x08,0x10,0x08,0x10,0x08,0x10,0x08,0x1F,0xF8,0x10,0x08,0x00,0x00,
    0x01,0x00,0x01,0x00,0x3F,0xFC,0x3F,0xFC,0x21,0x0C,0x21,0x0C,0x21,0x0C,0x3F,0xFC,
    0x11,0x00,0x19,0x00,0x0D,0x00,0x07,0x00,0x0F,0xC0,0x78,0x3E,0x40,0x00,0x01,0x00,
    0x01,0x00,0x7F,0xFE,0x7F,0xFE,0x06,0x00,0x04,0x00,0x0C,0x00,0x1F,0xF8,0x38,0x08,
    0xE8,0x08,0x48,0x08,0x08,0x08,0x0F,0xF8,0x08,0x08,0x00,0x00,0x00,0x20,0x00,0x20,
    0x7C,0x20,0x64,0x20,0x64,0x20,0x64,0x20,0x65,0xFE,0x64,0x20,0x64,0x20,0x64,0x20,
    0x64,0x20,0x7C,0x20,0x7C,0x20,0x00,0x20,0x00,0x20,0x1F,0xF8,0x10,0x18,0x10,0x18,
    0x1F,0xF8,0x00,0x00,0x7F,0xFE,0x7F,0xFE,0x08,0x00,0x1F,0xF0,0x00,0x10,0x00,0x10,
    0x00,0x10,0x01,0xF0,0x01,0x00,0x00,0x00,0x3F,0xFC,0x00,0x0C,0x00,0x0C,0x7F,0xFC,
    0x00,0x0C,0x00,0x0C,0x1F,0xCC,0x10,0x4C,0x10,0x4C,0x10,0x4C,0x1F,0xCC,0x00,0x0C,
    0x00,0x3C,0x00,0x00,0x03,0xFC,0x7D,0x04,0x65,0x04,0x65,0x8C,0x64,0x88,0x64,0x88,
    0x64,0xD8,0x64,0x50,0x64,0x60,0x64,0x70,0x7C,0xD8,0x01,0x8C,0x06,0x06,0x04,0x02,
    0x3D,0xFC,0x3C,0x04,0x24,0x04,0x24,0x04,0x24,0x14,0x24,0x24,0x24,0xC4,0x27,0x84,
    0x25,0x04,0x24,0x04,0x3C,0x04,0x3C,0x0C,0x00,0x78,0x00,0x00,0x3D,0xFC,0x3C,0x30,
    0x24,0x30,0x24,0x30,0x24,0x30,0x25,0xFE,0x25,0xFE,0x24,0x30,0x24,0x30,0x24,0x30,
    0x3C,0x30,0x00,0x20,0x00,0xE0,0x00,0x00,0x00,0x40,0x00,0xC0,0x3C,0xFE,0x25,0x80,
    0x25,0x00,0x27,0xF8,0x25,0xF8,0x24,0x30,0x24,0x20,0x24,0x40,0x24,0x80,0x3D,0x82,
    0x01,0x06,0x01,0xFC,0x00,0x00,0x06,0x00,0x0F,0xF8,0x08,0x18,0x3C,0x30,0x66,0x60,
    0x01,0x80,0x0E,0xF0,0x78,0x1E,0x00,0x00,0x1F,0xF8,0x10,0x18,0x10,0x18,0x10,0x18,
    0x1F,0xF8,0x10,0x18,0x00,0x00,0x01,0x80,0x03,0x80,0x06,0x40,0x0C,0x30,0x38,0x18,
    0xEF,0xFE,0x40,0x02,0x00,0x00,0x1F,0xF8,0x10,0x18,0x10,0x18,0x10,0x18,0x10,0x18,
    0x1F,0xF8,0x00,0x00,0x01,0x80,0x01,0x80,0x7F,0xFE,0x01,0x80,0x01,0x80,0x01,0x80,
    0x3F,0xFC,0x00,0x00,0x00,0x00,0x1F,0xF8,0x10,0x08,0x10,0x08,0x10,0x08,0x1F,0xF8,
    0x10,0x08,0x1F,0xF0,0x10,0x10,0x10,0x10,0x1F,0xF0,0x01,0x00,0x01,0x00,0x3F,0xFC,
    0x21,0x0C,0x21,0x0C,0x21,0x0C,0x21,0x0C,0x21,0x38,0x01,0x00,0x00,0x00,0x00,0x00,
    0x3F,0xFC,0x20,0x04,0x20,0x04,0x2F,0xF4,0x20,0x04,0x20,0x04,0x27,0xE4,0x24,0x24,
    0x24,0x24,0x24,0x24,0x27,0xE4,0x20,0x04,0x20,0x3C,0x00,0x00,0x01,0x00,0x02,0x00,
    0x07,0xF8,0x08,0x18,0x3C,0x30,0x62,0x60,0x01,0x80,0x07,0x00,0x3F,0xF8,0xE8,0x08,
    0x08,0x08,0x08,0x08,0x0F,0xF8,0x0F,0xF8,0x00,0x00,0x00,0x00,0x1F,0xF8,0x18,0x00,
    0x10,0x00,0x10,0x00,0x1F,0xFE,0x10,0x00,0x10,0x00,0x17,0xF8,0x34,0x08,0x24,0x08,
    0x24,0x08,0x47,0xF8,0xC4,0x08,0x04,0x08,0x00,0x00,0x01,0x00,0x01,0x00,0x7F,0xFC,
    0x01,0x00,0x01,0x00,0x3F,0xF8,0x21,0x08,0x21,0x08,0x3F,0xF8,0x11,0x00,0x19,0x00,
    0x07,0x00,0x07,0x80,0x7C,0x7E,0x40,0x00,0x00,0x20,0x00,0x20,0x3C,0x20,0x24,0x20,
    0x24,0x20,0x25,0xFC,0x24,0x20,0x24,0x20,0x24,0x20,0x24,0x20,0x24,0x20,0x3C,0x20,
    0x00,0x20,0x03,0xFE,0x01,0x00,0x03,0x00,0x3F,0xFC,0x20,0x0C,0x20,0x0C,0x20,0x0C,
    0x27,0xEC,0x24,0x6C,0x24,0x6C,0x24,0x6C,0x27,0xEC,0x20,0x0C,0x20,0x0C,0x20,0x3C,
    0x00,0x00,0x00,0x00,0x01,0xFE,0x3C,0x40,0x24,0x40,0x24,0x40,0x24,0x50,0x24,0x78,
    0x24,0x4C,0x24,0x46,0x24,0x42,0x24,0x40,0x3C,0x40,0x3C,0x40,0x00,0x40,0x00,0x40,
    0x1F,0xF8,0x10,0x08,0x10,0x08,0x10,0x08,0x1F,0xF8,0x00,0x00,0x00,0x00,0x3F,0xF8,
    0x20,0x08,0x20,0x08,0x20,0x08,0x3F,0xF8,0x3F,0xF8,0x00,0x00,0x00,0x00,0x01,0xF8,
    0x3C,0x08,0x24,0x88,0x25,0x88,0x25,0x88,0x25,0x18,0x25,0xFC,0x24,0x04,0x24,0x04,
    0x27,0xF4,0x3C,0x04,0x3C,0x04,0x00,0x7C,0x00,0x00,0x3F,0xF8,0x04,0x08,0x04,0x08,
    0x7F,0xFE,0x04,0x08,0x3F,0xF8,0x3F,0xF8,0x08,0x00,0x1F,0xF8,0x38,0x08,0x68,0x08,
    0xC8,0x08,0x0F,0xF8,0x08,0x08,0x00,0x00,0x01,0x00,0x01,0x80,0x7F,0xFC,0x0C,0x30,
    0x06,0x60,0x03,0x80,0x0F,0xE0,0xF8,0x1E,0x40,0x02,0x1F,0xF8,0x10,0x08,0x10,0x08,
    0x10,0x08,0x1F,0xF8,0x10,0x08,0x00,0x00,0x3F,0xFC,0x01,0x00,0x01,0x00,0x7F,0xFC,
    0x02,0x40,0x04,0x60,0x18,0x30,0x3F,0xFC,0xFF,0xF6,0x18,0x10,0x18,0x10,0x18,0x10,
    0x1F,0xF0,0x18,0x10,0x00,0x20,0x00,0x60,0x3C,0xD0,0x24,0x98,0x25,0x0C,0x27,0x46,
    0x26,0x22,0x24,0x30,0x27,0xFC,0x24,0x08,0x24,0x08,0x3C,0x10,0x00,0x30,0x00,0x60,
    0x00,0x20,0x00,0x40,0x00,0x58,0x3C,0x4C,0x24,0x44,0x27,0xFE,0x27,0xFE,0x24,0x60,
    0x24,0x60,0x24,0x60,0x24,0xF0,0x24,0x90,0x3D,0x98,0x03,0x0C,0x06,0x06,0x04,0x00,
    0x3F,0xFC,0x01,0x80,0x03,0x00,0x07,0x70,0x19,0x18,0x71,0x06,0x41,0x02,0x1F,0xF8,
    0x10,0x18,0x10,0x18,0x10,0x18,0x1F,0xF8,0x1F,0xF8,0x00,0x00,0x03,0xFC,0x7B,0x24,
    0x6B,0x24,0x6B,0x24,0x6B,0x24,0x6B,0x24,0x6B,0xFC,0x6B,0x00,0x6B,0x00,0x6B,0x04,
    0x7B,0x02,0x03,0x06,0x01,0xFC,0x00,0x00,0x00,0x20,0x00,0x20,0x3B,0xFE,0x28,0x20,
    0x28,0x20,0x29,0x24,0x29,0x24,0x29,0x24,0x29,0xFC,0x29,0xFC,0x28,0x20,0x38,0x22,
    0x00,0x22,0x00,0x3E,0x00,0x00,0x00,0x10,0x00,0xD0,0x3C,0x90,0x24,0x88,0x25,0x08,
    0x27,0x04,0x27,0xFA,0x24,0x88,0x24,0x88,0x24,0x88,0x24,0x88,0x3D,0x88,0x03,0x08,
    0x06,0x78,0x04,0x00,0x01,0x80,0x02,0xC0,0x04,0x60,0x19,0x18,0x70,0x8E,0x40,0x82,
    0x1F,0xF0,0x00,0x20,0x00,0x40,0x1F,0xF8,0x10,0x08,0x10,0x08,0x1F,0xF8,0x1F,0xF8,
    0x00,0x00,0x00,0x3C,0x3D,0xE0,0x25,0x80,0x25,0x80,0x25,0x80,0x25,0xFE,0x25,0x90,
    0x25,0x90,0x25,0x10,0x25,0x10,0x3D,0x10,0x03,0x10,0x06,0x10,0x04,0x10,0x00,0x00,
    0x00,0x40,0x00,0x60,0x3F,0xFE,0x27,0xFE,0x24,0x00,0x24,0x00,0x25,0xF0,0x25,0x10,
    0x25,0x10,0x25,0x10,0x25,0x10,0x3D,0x12,0x03,0x12,0x06,0x1E,0x04,0x00,0x00,0x40,
    0x00,0xC0,0x78,0x90,0x69,0x98,0x69,0x08,0x6B,0xFC,0x6A,0x96,0x68,0x90,0x68,0x90,
    0x69,0x90,0x69,0x14,0x79,0x12,0x7A,0x16,0x0E,0x1C,0x04,0x00,0x00,0x00,0x01,0x80,
    0x00,0x80,0x1F,0xFC,0x10,0x04,0x10,0x04,0x1F,0xFC,0x10,0x00,0x10,0x00,0x37,0xFC,
    0x34,0x0C,0x24,0x0C,0x64,0x0C,0x44,0x0C,0xC7,0xFC,0x04,0x0C,0x00,0x00,0x00,0x60,
    0x00,0x60,0x3B,0xFE,0x2B,0xFE,0x28,0x60,0x28,0x60,0x2B,0xFC,0x29,0x08,0x29,0x88,
    0x28,0x90,0x28,0x70,0x38,0x60,0x01,0x98,0x07,0x0E,0x04,0x02,0x1F,0xF8,0x10,0x08,
    0x10,0x08,0x1F,0xF8,0x00,0x00,0x00,0x00,0x3F,0xFC,0x01,0x00,0x7F,0xFC,0x01,0x80,
    0x03,0xC0,0x0E,0x70,0x70,0x1E,0x00,0x02,0x00,0x00,0x00,0x20,0x00,0x20,0x3C,0xB8,
    0x25,0xA8,0x25,0x2C,0x25,0x24,0x27,0x26,0x26,0x2A,0x26,0x2C,0x24,0x18,0x24,0x30,
    0x3C,0x60,0x01,0xC0,0x07,0x00,0x04,0x00,0x03,0xF8,0x3C,0x88,0x2D,0x98,0x2D,0x90,
    0x2D,0x9C,0x2D,0x84,0x2D,0x4C,0x2D,0x48,0x2D,0x38,0x2F,0x30,0x3E,0x38,0x06,0x4C,
    0x0D,0x86,0x01,0x02,0x00,0x00,0x00,0xC0,0x00,0x80,0x3C,0xFC,0x25,0xFC,0x25,0x44,
    0x27,0x68,0x26,0x68,0x24,0x60,0x24,0x60,0x24,0x60,0x24,0xD0,0x3C,0x98,0x03,0x0C,
    0x06,0x06,0x04,0x00,0x00,0x80,0x00,0x80,0x39,0x80,0x29,0xFC,0x2B,0x54,0x2A,0x54,
    0x28,0x94,0x28,0xA4,0x29,0x24,0x2B,0x64,0x2E,0x44,0x3A,0xC4,0x01,0x8C,0x03,0x38,
    0x00,0x00,0x00,0x10,0x03,0xD0,0x78,0x50,0x48,0x90,0x48,0x90,0x49,0x10,0x49,0x50,
    0x4B,0xD0,0x4F,0x10,0x49,0x10,0x49,0x12,0x79,0x12,0x01,0x12,0x07,0x1E,0x00,0x00,
    0x3F,0xFC,0x04,0x00,0x04,0x00,0x3F,0xF0,0x04,0x10,0x08,0x10,0x7F,0xFE,0x00,0x00,
    0x1F,0xF8,0x10,0x08,0x10,0x08,0x10,0x08,0x1F,0xF8,0x10,0x08,0x01,0xFE,0x78,0x08,
    0x49,0x88,0x49,0x08,0x49,0x08,0x49,0xFE,0x48,0x28,0x48,0x68,0x48,0x48,0x78,0x88,
    0x7B,0x08,0x0E,0x08,0x04,0x70,0x00,0x00,0x1F,0xF8,0x10,0x08,0x10,0x08,0x10,0x08,
    0x1F,0xF8,0x01,0x00,0x01,0x00,0x7F,0xFC,0x03,0xC0,0x07,0x60,0x19,0x30,0x71,0x0E,
    0x41,0x02,0x01,0x00,0x00,0x00,0x1F,0xF8,0x10,0x08,0x10,0x08,0x1F,0xF8,0x00,0x00,
    0x00,0x00,0x3F,0xFC,0x01,0x00,0x01,0x00,0x3F,0xF8,0x01,0x00,0x01,0x00,0x7F,0xFE,
    0x00,0x80,0x08,0x80,0x1F,0xFC,0x1F,0xFC,0x20,0x80,0x20,0x80,0x7F,0xFE,0x00,0x00,
    0x00,0x00,0x1F,0xF8,0x10,0x08,0x10,0x08,0x10,0x08,0x1F,0xF8,0x10,0x08,0x00,0x20,
    0x00,0x20,0x38,0x20,0x2B,0xFC,0x2B,0x24,0x2B,0x24,0x2B,0x24,0x2B,0x54,0x2B,0x54,
    0x2B,0x8C,0x2B,0x8C,0x3B,0x04,0x03,0x04,0x03,0x1C,0x00,0x00,0x01,0xFE,0x39,0x00,
    0x29,0xC4,0x29,0x4C,0x29,0x28,0x29,0x38,0x29,0x10,0x29,0x28,0x29,0x6C,0x29,0x44,
    0x39,0x84,0x01,0x00,0x01,0xFE,0x1F,0xF0,0x18,0x10,0x18,0x10,0x1F,0xF0,0x00,0x00,
    0x1F,0xF8,0x10,0x08,0x11,0x88,0x11,0x08,0x11,0x08,0x03,0xC0,0x0E,0x38,0x78,0x0E,
    0x40,0x02,0x00,0x00,0x00,0x20,0x00,0x60,0x3C,0xD0,0x2C,0x98,0x2D,0x0C,0x2E,0x07,
    0x2D,0xFA,0x2D,0x08,0x2D,0x08,0x2D,0x18,0x2D,0x30,0x3D,0x04,0x01,0x04,0x01,0xFC,
    0x00,0x00,0x00,0x60,0x00,0x40,0x3D,0xF8,0x25,0x08,0x25,0x08,0x25,0x38,0x25,0x00,
    0x25,0x00,0x25,0xFC,0x24,0x04,0x27,0xF4,0x3C,0x04,0x00,0x04,0x00,0x3C,0x00,0x00,
    0x00,0x00,0x01,0xFC,0x79,0x04,0x69,0x04,0x69,0xFC,0x69,0xFC,0x69,0x40,0x69,0x44,
    0x69,0x58,0x6B,0x70,0x6A,0x40,0x7A,0x42,0x06,0x46,0x0C,0x7C,0x04,0x00,0x3F,0xFC,
    0x31,0x84,0x31,0x84,0x37,0xE4,0x31,0x84,0x3F,0xF4,0x30,0x04,0x30,0x04,0x27,0xE4,
    0x24,0x24,0x27,0xE4,0x67,0xE4,0x40,0x1C,0x40,0x00,0x00,0x00,0x00,0x40,0x00,0x40,
    0x7B,0xFC,0x6B,0xFC,0x68,0x40,0x68,0x40,0x6B,0xFE,0x68,0x60,0x68,0xE0,0x68,0xD0,
    0x69,0x48,0x7A,0x44,0x04,0x42,0x00,0x40,0x00,0x40,0x03,0xFE,0x38,0x0C,0x28,0x0C,
    0x28,0x0C,0x29,0xEC,0x29,0x2C,0x29,0x2C,0x29,0x2C,0x29,0x2C,0x29,0xEC,0x38,0x0C,
    0x00,0x0C,0x00,0x38,0x00,0x20,0x01,0xFE,0x3C,0x30,0x24,0x20,0x24,0x60,0x24,0x70,
    0x24,0xA8,0x25,0xAC,0x27,0x26,0x26,0x22,0x24,0x20,0x3C,0x20,0x00,0x00,0x03,0xFE,
    0x00,0x20,0x00,0x20,0x79,0xFC,0x69,0x24,0x69,0x24,0x69,0x24,0x69,0xFC,0x69,0x24,
    0x69,0x24,0x69,0x24,0x69,0xFC,0x78,0x20,0x00,0x20,0x00,0x20,0x00,0x20,0x00,0x00,
    0x01,0xFC,0x7B,0x20,0x6B,0x24,0x69,0x24,0x69,0xA8,0x68,0xA8,0x68,0x20,0x6B,0xFE,
    0x68,0x20,0x68,0x20,0x78,0x20,0x00,0x20,0x01,0xE0,0x00,0x00,0x00,0x00,0x01,0x80,
    0x02,0xC0,0x0C,0x60,0x18,0x18,0xEF,0xFE,0x40,0x02,0x00,0x00,0x3E,0xFC,0x22,0x8C,
    0x22,0x8C,0x22,0x8C,0x22,0x88,0x3E,0x98,0x00,0x80,0x00,0x80,0x01,0xFC,0x79,0x0C,
    0x69,0x0C,0x69,0x0C,0x69,0xFC,0x69,0x0C,0x69,0x0C,0x69,0x0C,0x69,0xFC,0x69,0x0C,
    0x79,0x0C,0x01,0x0C,0x07,0xFE,0x00,0x00,0x00,0x80,0x00,0x80,0x79,0xFC,0x69,0x04,
    0x6A,0x04,0x6F,0xE4,0x69,0x24,0x69,0x24,0x69,0x24,0x69,0xE4,0x69,0x1C,0x69,0x02,
    0x79,0x02,0x01,0xFE,0x00,0x00,0x00,0xC0,0x00,0x80,0x7C,0xFE,0x65,0xFE,0x67,0x40,
    0x66,0x40,0x66,0x7C,0x64,0x40,0x64,0x40,0x64,0x40,0x64,0x7C,0x7C,0x40,0x00,0x40,
    0x00,0x40,0x00,0x40,0x01,0x00,0x3E,0x00,0x68,0xFC,0x08,0x84,0x7F,0x84,0x7F,0x84,
    0x18,0x84,0x1C,0x84,0x2E,0x84,0x6B,0x84,0xC8,0x84,0x48,0x84,0x08,0xFC,0x08,0x84,
    0x08,0x00,0x08,0x20,0x18,0x20,0x1F,0x30,0x31,0x2C,0x52,0x26,0x4E,0x20,0x0C,0x20,
    0x3B,0xFE,0x60,0x00,0x1F,0xF8,0x1F,0xF8,0x10,0x08,0x10,0x08,0x1F,0xF8,0x10,0x08,
    0x00,0x00,0x00,0x80,0x00,0x60,0x38,0x10,0x2B,0xE0,0x28,0x26,0x28,0x2C,0x2B,0xB8,
    0x28,0xB0,0x29,0x30,0x29,0x28,0x2B,0x2C,0x3A,0x24,0x04,0x22,0x0D,0xE0,0x01,0x00,
    0x00,0x00,0x00,0x88,0x00,0x88,0x39,0x88,0x29,0x7E,0x29,0x7E,0x2B,0x08,0x2B,0x48,
    0x2D,0x28,0x29,0x28,0x29,0x38,0x29,0x08,0x39,0x08,0x01,0x08,0x01,0x38,0x01,0x20,
    0x3E,0xFC,0x22,0xCC,0x22,0xCC,0x22,0xCC,0x3E,0xFC,0x00,0x00,0x0F,0xE0,0x08,0x60,
    0x08,0x60,0x08,0x62,0x08,0x62,0x30,0x66,0x60,0x3C,0x40,0x00,0x00,0x00,0x00,0x20,
    0x00,0x20,0x3C,0x20,0x27,0xFE,0x24,0x20,0x24,0x20,0x24,0x20,0x25,0xFC,0x25,0xFC,
    0x25,0x04,0x25,0x04,0x25,0x04,0x3D,0xFC,0x01,0xFC,0x01,0x04,0x02,0x00,0x02,0x00,
    0x7A,0x1C,0x4F,0xD4,0x4A,0x54,0x4A,0x54,0x4A,0x54,0x4A,0x54,0x4A,0x54,0x4A,0x54,
    0x4A,0x54,0x7C,0xD4,0x04,0x9C,0x0D,0x94,0x08,0x00,0x00,0x90,0x00,0x98,0x3C,0x88,
    0x2F,0xFE,0x2C,0xA0,0x2C,0xA4,0x2C,0xA4,0x2D,0x28,0x2D,0x38,0x2D,0x30,0x3F,0x60,
    0x3E,0xE2,0x05,0xA2,0x0C,0x3C,0x08,0x00,0x21,0x00,0x63,0x00,0x13,0xFC,0x14,0x48,
    0x14,0xC8,0x18,0xE0,0x31,0x30,0x6E,0x0E,0x48,0x02,0x1F,0xF8,0x10,0x08,0x10,0x08,
    0x10,0x08,0x1F,0xF8,0x10,0x08,0x00,0x40,0x00,0x60,0x7B,0xFC,0x6B,0xFC,0x68,0x90,
    0x69,0x98,0x69,0x0C,0x6F,0x1E,0x6A,0x94,0x68,0xF0,0x68,0x60,0x78,0xE0,0x79,0x98,
    0x07,0x0E,0x04,0x02,0x00,0xC0,0x00,0x80,0x79,0xFC,0x4B,0x88,0x4E,0x90,0x48,0x60,
    0x48,0xF0,0x4B,0x0E,0x4C,0x02,0x49,0xF8,0x49,0x08,0x79,0x08,0x01,0x08,0x01,0xF8,
    0x00,0x00,0x00,0x00,0x00,0x20,0x00,0x60,0x39,0xFC,0x29,0x04,0x29,0x04,0x29,0xFC,
    0x29,0xFC,0x29,0x04,0x29,0x04,0x29,0xFC,0x29,0x04,0x29,0x04,0x39,0xFC,0x01,0x04,
    0x01,0x04,0x00,0x00,0x00,0x60,0x00,0x20,0x3B,0xFE,0x28,0x40,0x28,0x88,0x29,0x98,
    0x2B,0xF0,0x28,0x24,0x28,0x4C,0x29,0x88,0x2B,0x10,0x38,0x70,0x38,0xD8,0x07,0x06,
    0x02,0x02,0x00,0x50,0x00,0x48,0x3F,0xFE,0x3F,0xFE,0x20,0x40,0x2F,0xE4,0x20,0x28,
    0x20,0x28,0x2F,0x28,0x29,0x30,0x29,0x30,0x29,0x32,0x6F,0x52,0x40,0x8C,0xC0,0x00,
    0x03,0xFC,0x7A,0x04,0x4A,0x24,0x4A,0x24,0x4A,0xFC,0x4A,0x24,0x4A,0x64,0x4A,0x64,
    0x4A,0xD4,0x4B,0x8C,0x7A,0x04,0x02,0x04,0x03,0xFC,0x02,0x04,0x01,0x00,0x01,0x80,
    0x7F,0xFE,0x00,0x00,0x1F,0xF8,0x10,0x08,0x10,0x08,0x1F,0xF8,0x03,0x04,0x06,0x8C,
    0x1C,0xF0,0xFC,0x60,0x4C,0x98,0x0F,0x86,0x08,0x00,0x1F,0xF0,0x10,0x10,0x10,0x10,
    0x10,0x10,0x1F,0xF0,0x00,0x00,0x00,0x00,0x3E,0x7C,0x22,0x44,0x22,0x44,0x22,0x44,
    0x3E,0x7C,0x22,0x44,0x00,0x00,0x00,0x00,0x00,0x90,0x00,0x90,0x78,0x90,0x4B,0xFC,
    0x48,0x90,0x48,0x90,0x48,0x90,0x48,0x90,0x4B,0xFE,0x4B,0xFE,0x48,0x90,0x79,0x98,
    0x03,0x0C,0x06,0x06,0x04,0x04,0x00,0x60,0x00,0x40,0x3C,0xFC,0x2D,0x88,0x2E,0xD0,
    0x2C,0x60,0x2D,0xA0,0x2E,0x7E,0x2C,0xFE,0x2D,0x84,0x2E,0x48,0x3C,0x30,0x00,0xE0,
    0x03,0x80,0x04,0x00,0x00,0x20,0x00,0x20,0x39,0xFC,0x29,0xFC,0x28,0x20,0x28,0x20,
    0x2B,0xFE,0x28,0x20,0x28,0x20,0x29,0xFC,0x28,0x20,0x38,0x20,0x38,0x20,0x03,0xFE,
    0x00,0x60,0x00,0x60,0x38,0xD0,0x29,0x98,0x2B,0x0C,0x2F,0xFE,0x28,0x02,0x28,0x00,
    0x29,0xF8,0x29,0x08,0x29,0x08,0x39,0x08,0x39,0x08,0x01,0xF8,0x01,0x08,0x0C,0x40,
    0x0C,0x50,0x3F,0x48,0x0C,0x44,0x0C,0x40,0x7F,0xFE,0x00,0x60,0x00,0x64,0x3F,0x28,
    0x23,0x38,0x23,0x30,0x23,0x32,0x3F,0x54,0x01,0x9C,0x01,0x08,0x00,0x60,0x00,0x40,
    0x7B,0xFC,0x4A,0x04,0x4A,0x04,0x4A,0xF4,0x4A,0x94,0x4A,0x94,0x4A,0x94,0x4A,0x94,
    0x4A,0xF4,0x7A,0x04,0x02,0x04,0x02,0x1C,0x00,0x00,0x00,0x00,0x00,0x90,0x00,0x90,
    0x7F,0xFE,0x6C,0x90,0x6C,0x90,0x6D,0x08,0x6D,0x08,0x6C,0x98,0x6C,0x90,0x6C,0x70,
    0x6C,0x60,0x7C,0xF0,0x01,0x98,0x07,0x06,0x04,0x02,0x03,0xFE,0x78,0x90,0x68,0x90,
    0x6A,0x92,0x6E,0x92,0x6A,0x94,0x6A,0x94,0x6B,0x94,0x69,0x98,0x68,0x90,0x78,0x90,
    0x00,0x90,0x07,0xFE,0x00,0xA0,0x79,0xA4,0x69,0x2C,0x6B,0x38,0x6B,0x70,0x6D,0xE2,
    0x69,0x22,0x69,0x3C,0x69,0x60,0x68,0x60,0x6B,0xFE,0x78,0x60,0x00,0x60,0x00,0x60,
    0x00,0x60,0x01,0x10,0x01,0x10,0x7A,0x20,0x4A,0xBC,0x4A,0xE4,0x4F,0xC4,0x49,0x24,
    0x49,0x24,0x4A,0x14,0x4F,0x94,0x48,0x04,0x48,0x04,0x7F,0xC4,0x04,0x1C,0x00,0x00,
    0x3F,0xFE,0x00,0x08,0x1F,0x88,0x10,0x88,0x1F,0x88,0x00,0x08,0x7F,0xFE,0x00,0x08,
    0x1F,0x88,0x10,0x88,0x10,0x88,0x1F,0x88,0x00,0x78,0x00,0x40,0x00,0x00,0x00,0x20,
    0x01,0xF8,0x7B,0x94,0x69,0x96,0x69,0x90,0x6F,0xFE,0x69,0x90,0x69,0x96,0x69,0xD4,
    0x6F,0x98,0x69,0x90,0x79,0xBA,0x01,0xCA,0x03,0x0E,0x00,0x00,0x00,0x20,0x03,0x26,
    0x79,0xAC,0x68,0xA8,0x69,0xFC,0x69,0xFC,0x69,0x04,0x69,0xFC,0x69,0x04,0x69,0x04,
    0x69,0xFC,0x79,0x04,0x01,0x04,0x01,0x1C,0x00,0x00,0x00,0x00,0x01,0xFC,0x39,0x24,
    0x29,0x24,0x29,0xFC,0x29,0x24,0x29,0x24,0x29,0xFC,0x28,0x20,0x28,0x20,0x2B,0xFC,
    0x38,0x20,0x00,0x20,0x07,0xFE,0x07,0xDC,0x7A,0x54,0x4A,0x54,0x4A,0x54,0x4F,0xD4,
    0x4A,0x54,0x4A,0x54,0x4F,0xD6,0x4A,0x52,0x4A,0x52,0x7A,0x56,0x04,0x5C,0x0D,0x90,
    0x08,0x00,0x00,0x00,0x3E,0x7C,0x22,0x44,0x22,0x44,0x3E,0x7C,0x00,0x00,0x01,0x30,
    0x01,0x18,0x7F,0xFC,0x01,0x80,0x03,0x80,0x06,0x60,0x1C,0x38,0x70,0x0E,0x00,0x00,
    0x00,0x00,0x00,0x40,0x00,0x44,0x7B,0xFC,0x48,0x48,0x48,0x50,0x4B,0xFE,0x48,0x40,
    0x48,0xFC,0x4B,0x18,0x4E,0x20,0x4B,0xFE,0x78,0x20,0x00,0x20,0x00,0xE0,0x00,0x80,
    0x08,0x04,0x08,0xFC,0x7E,0x80,0x08,0x80,0x0E,0xFE,0x78,0x98,0x09,0x98,0x09,0x18,
    0x33,0x18,0x1F,0xF8,0x10,0x08,0x10,0x08,0x10,0x08,0x1F,0xF8,0x10,0x08,0x00,0x28,
    0x00,0x2C,0x3B,0xFE,0x28,0x20,0x28,0x20,0x2B,0xFC,0x2A,0x24,0x2B,0xFC,0x2B,0xFC,
    0x2A,0x24,0x2B,0xFC,0x3A,0x24,0x02,0x24,0x02,0x3C,0x00,0x10,0x00,0x60,0x00,0x20,
    0x3B,0xFE,0x28,0x00,0x29,0xFC,0x29,0x04,0x29,0xFC,0x28,0x00,0x2B,0xFC,0x28,0x0C,
    0x28,0x30,0x38,0x20,0x00,0x20,0x00,0xE0,0x00,0x00,0x00,0x60,0x00,0x20,0x3B,0xFE,
    0x28,0x00,0x28,0x00,0x29,0xFC,0x28,0x00,0x29,0xFC,0x28,0x00,0x29,0xFC,0x29,0x04,
    0x39,0x04,0x01,0x04,0x01,0xFC,0x01,0x04,0x00,0x60,0x00,0xD0,0x38,0x88,0x2B,0xFC,
    0x2B,0x86,0x28,0x98,0x29,0x4C,0x2E,0x82,0x29,0xF8,0x29,0x88,0x2A,0x90,0x3C,0x60,
    0x00,0xF0,0x07,0x0E,0x04,0x00,0x00,0x00,0x3F,0xFC,0x30,0x00,0x3F,0xF8,0x30,0x00,
    0x3F,0xFE,0x34,0x88,0x34,0x70,0x27,0xB0,0x24,0x0E,0x27,0xF8,0x24,0x08,0x64,0x08,
    0x47,0xF8,0x44,0x08,0x00,0x00,0x00,0x40,0x00,0xD8,0x39,0x88,0x2B,0xFC,0x28,0x02,
    0x29,0x80,0x29,0xFC,0x2B,0x20,0x2A,0x20,0x2B,0xFE,0x28,0x60,0x38,0x70,0x00,0x98,
    0x07,0x06,0x04,0x02,0x00,0x00,0x01,0x80,0x00,0x80,0x3F,0xFE,0x20,0x80,0x2F,0xF8,
    0x20,0x88,0x3F,0xFE,0x20,0x88,0x2F,0xF8,0x20,0x80,0x2F,0xF8,0x2C,0x08,0x6C,0x08,
    0x4F,0xF8,0xCC,0x08,0x00,0xC0,0x00,0x80,0x79,0xF8,0x69,0x10,0x6A,0x30,0x6F,0xFC,
    0x6B,0x24,0x6B,0x24,0x6B,0x24,0x6B,0xFE,0x68,0x60,0x78,0x70,0x01,0x98,0x07,0x06,
    0x04,0x02,0x00,0x40,0x00,0x7C,0x78,0x40,0x6B,0xFC,0x6A,0x04,0x6A,0x5C,0x6B,0xE4,
    0x6A,0x44,0x6A,0x38,0x6A,0xF0,0x6A,0x90,0x7A,0x92,0x04,0x92,0x0D,0x9E,0x05,0x00,
    0x08,0x80,0x10,0x80,0x1F,0xFC,0x30,0x80,0x5F,0xFC,0xD0,0x80,0x1F,0xFC,0x10,0x80,
    0x1F,0xFC,0x00,0x00,0x1F,0xF8,0x10,0x08,0x10,0x08,0x1F,0xF8,0x10,0x08,0x00,0xA0,
    0x01,0x90,0x39,0x10,0x29,0xFE,0x2B,0x10,0x2B,0x10,0x2D,0xFC,0x29,0x10,0x29,0x10,
    0x29,0xFC,0x29,0x10,0x39,0x10,0x01,0xFE,0x01,0x00,0x01,0x00,0x01,0xFC,0x39,0x0C,
    0x29,0xFC,0x29,0x0C,0x29,0x0C,0x29,0xFC,0x28,0x00,0x2B,0xFC,0x2A,0x04,0x2B,0xFC,
    0x3A,0x04,0x02,0x04,0x03,0xFC,0x02,0x04,0x03,0xFC,0x7A,0x40,0x48,0x40,0x4F,0xFC,
    0x49,0x48,0x49,0x48,0x4F,0xFE,0x49,0x48,0x49,0x48,0x4F,0xFC,0x78,0x40,0x00,0x40,
    0x03,0xFC,0x00,0x00,0x00,0x20,0x01,0x20,0x79,0x3C,0x69,0x20,0x6F,0xFE,0x68,0x00,
    0x69,0xFC,0x69,0x0C,0x69,0x0C,0x69,0xFC,0x69,0x0C,0x79,0xFC,0x01,0x0C,0x01,0x18,
    0x00,0x00,0x03,0xFC,0x78,0x20,0x68,0xC0,0x69,0xC4,0x6E,0x58,0x6A,0xF0,0x69,0xA8,
    0x6B,0xE8,0x6D,0x68,0x69,0xA4,0x7B,0x26,0x06,0x22,0x04,0xE0,0x00,0x00,0x01,0x00,
    0x01,0x80,0x7F,0xFE,0x04,0x20,0x04,0x60,0x3F,0xFC,0x22,0x44,0x24,0x24,0x38,0x14,
    0x27,0xE4,0x24,0x24,0x24,0x24,0x27,0xE4,0x20,0x1C,0x00,0x00,0x07,0xFE,0x74,0x84,
    0x55,0x04,0x55,0x74,0x55,0x54,0x55,0x54,0x55,0x54,0x54,0xD4,0x54,0xD4,0x54,0xF4,
    0x77,0x04,0x04,0x04,0x04,0x1C,0x04,0x00,0x00,0x00,0x00,0x90,0x00,0x90,0x38,0x90,
    0x2B,0x9E,0x28,0x90,0x28,0x90,0x2B,0x9C,0x2B,0x9C,0x28,0x90,0x28,0x90,0x2B,0x9E,
    0x3B,0x9E,0x00,0x90,0x00,0x90,0x00,0x90,0x00,0x60,0x00,0x40,0x39,0xFC,0x29,0x24,
    0x29,0x24,0x29,0xFC,0x29,0x24,0x29,0x44,0x29,0xFC,0x28,0xA0,0x29,0x20,0x3B,0xFE,
    0x38,0x20,0x00,0x20,0x00,0x20,0x00,0x00,0x00,0x60,0x00,0x70,0x78,0x98,0x69,0x0C,
    0x6F,0xFE,0x6C,0x60,0x68,0x60,0x6B,0xFE,0x68,0x60,0x69,0xFC,0x69,0x0C,0x79,0x0C,
    0x01,0x0C,0x01,0xFC,0x00,0x0C,0x01,0x10,0x01,0x10,0x79,0x10,0x4F,0xFE,0x49,0x00,
    0x49,0x44,0x49,0xA4,0x4B,0xA4,0x4F,0x2C,0x49,0x28,0x49,0x28,0x79,0x08,0x01,0x08,
    0x07,0xFE,0x00,0x00,0x03,0x10,0x03,0x10,0x7B,0x10,0x4F,0xFC,0x4B,0x44,0x4B,0x44,
    0x4B,0x44,0x4B,0xFC,0x4F,0x44,0x4B,0x44,0x4B,0x44,0x7B,0x44,0x03,0x7C,0x06,0x44,
    0x00,0x40,0x00,0x20,0x01,0x20,0x79,0x3C,0x69,0x20,0x69,0x20,0x6B,0xFE,0x68,0x20,
    0x6B,0x24,0x6B,0x64,0x6B,0x54,0x6B,0x9C,0x7B,0x8C,0x7B,0x04,0x03,0xFC,0x00,0x00,
    0x00,0x40,0x00,0x40,0x7B,0xFC,0x48,0x44,0x4F,0xFE,0x48,0x44,0x4B,0xFC,0x48,0x40,
    0x4A,0xD4,0x4A,0xD4,0x4A,0xD4,0x7B,0x4C,0x07,0x4C,0x04,0x44,0x08,0x04,0x00,0x40,
    0x00,0x40,0x7B,0xFE,0x48,0x90,0x48,0x90,0x4B,0xFC,0x4A,0x04,0x4A,0x44,0x4B,0xFC,
    0x4A,0x4C,0x4A,0x4C,0x7A,0x4C,0x02,0x58,0x00,0x40,0x00,0x40,0x00,0x40,0x03,0xFC,
    0x7A,0x04,0x4A,0xC4,0x49,0xF8,0x49,0x88,0x4E,0xF0,0x48,0x70,0x4F,0x8E,0x4C,0x00,
    0x49,0xF8,0x79,0x08,0x01,0x08,0x01,0xF8,0x00,0x00,0x00,0x00,0x03,0xFC,0x7A,0x64,
    0x4B,0xFC,0x4A,0x64,0x4A,0x64,0x4B,0xFC,0x48,0x00,0x4F,0xFE,0x49,0x44,0x49,0x28,
    0x79,0x30,0x01,0x58,0x03,0x86,0x02,0x00,0x00,0x00,0x0C,0x30,0x04,0x60,0x3F,0xFC,
    0x01,0x00,0x3F,0xFC,0x01,0x00,0x7F,0xFC,0x19,0x18,0x09,0x30,0x7F,0xFE,0x00,0x00,
    0x1F,0xF8,0x10,0x08,0x1F,0xF8,0x10,0x08,0x00,0x00,0x01,0x04,0x01,0x04,0x77,0xD4,
    0x51,0x14,0x51,0x14,0x57,0xD4,0x55,0x54,0x55,0x54,0x57,0xD4,0x51,0x94,0x53,0xD4,
    0x75,0x64,0x09,0x24,0x09,0x1C,0x01,0x00,0x01,0x00,0x01,0x78,0x7B,0x08,0x4A,0x08,
    0x4A,0xFE,0x4E,0x40,0x4E,0x40,0x4E,0xFC,0x4B,0x90,0x4A,0xFE,0x4A,0x10,0x7A,0x30,
    0x02,0x68,0x02,0xC6,0x03,0x02,0x00,0x28,0x00,0x24,0x7B,0xFE,0x4A,0x10,0x4A,0x10,
    0x4B,0xD4,0x4A,0x14,0x4A,0x14,0x4B,0xD8,0x4B,0x58,0x4F,0x52,0x7D,0xDA,0x04,0x2A,
    0x0C,0x4E,0x04,0x00,0x00,0x20,0x02,0x24,0x7A,0x24,0x4B,0xFC,0x48,0x00,0x48,0x00,
    0x4F,0xFE,0x48,0x40,0x4B,0xFC,0x4A,0x94,0x4A,0x94,0x7A,0x94,0x02,0x94,0x02,0x94,
    0x00,0x08,0x01,0x00,0x7F,0xFE,0x01,0x00,0x3F,0xFC,0x00,0x00,0x1F,0xF8,0x10,0x08,
    0x1F,0xF8,0x04,0x20,0x7F,0xFE,0x00,0x00,0x1F,0xF8,0x10,0x08,0x1F,0xF8,0x10,0x08,
    0x01,0xFC,0x79,0x0C,0x69,0xFC,0x69,0x0C,0x69,0xFC,0x69,0x00,0x69,0xFC,0x6A,0x24,
    0x6E,0x64,0x6B,0xDC,0x7A,0x94,0x03,0xF4,0x00,0x0C,0x00,0x10,0x00,0x00,0x00,0x40,
    0x00,0x20,0x3B,0xFC,0x2A,0x04,0x2B,0xFC,0x28,0x00,0x29,0xF8,0x29,0xF8,0x29,0x08,
    0x29,0xF8,0x29,0x08,0x39,0xF8,0x00,0x00,0x07,0xFE,0x00,0x40,0x00,0x40,0x7B,0xFC,
    0x48,0xD0,0x49,0xD8,0x4B,0x44,0x4D,0xFA,0x49,0x08,0x49,0xF8,0x49,0x08,0x49,0x08,
    0x79,0xF8,0x00,0x00,0x07,0xFE,0x00,0x40,0x00,0x40,0x7B,0xFC,0x68,0x40,0x69,0x08,
    0x6B,0xFE,0x69,0x08,0x68,0x00,0x6B,0xFC,0x6A,0x6C,0x6A,0x4C,0x7A,0x6C,0x01,0x98,
    0x07,0x06,0x00,0x02,0x00,0x60,0x00,0x70,0x78,0x98,0x6B,0x0C,0x6E,0xF6,0x68,0x00,
    0x6B,0xD4,0x6A,0x54,0x6B,0xD4,0x6A,0x54,0x6B,0xD4,0x7A,0x54,0x02,0x44,0x02,0xDC,
    0x00,0x00,0x00,0x60,0x01,0xFC,0x79,0x04,0x49,0xFC,0x49,0x04,0x49,0x04,0x49,0xFC,
    0x49,0x04,0x49,0xFC,0x48,0x48,0x4B,0xFE,0x78,0x60,0x00,0x90,0x07,0x0E,0x04,0x02,
    0x03,0xFC,0x7B,0x90,0x48,0xF0,0x4B,0x0C,0x4F,0xFC,0x4E,0xA4,0x49,0x18,0x4E,0xE4,
    0x48,0x42,0x4F,0xFC,0x78,0xF0,0x03,0x5C,0x0C,0x46,0x00,0x40,0x00,0x00,0x00,0x40,
    0x00,0x44,0x7B,0xF8,0x68,0x50,0x6F,0xFE,0x68,0xC8,0x6F,0xF4,0x6D,0x04,0x68,0xF8,
    0x6B,0xFC,0x6A,0x0C,0x7B,0xFC,0x02,0x0C,0x03,0xFC,0x02,0x0C,0x00,0xA0,0x01,0x10,
    0x7B,0x48,0x4E,0xF6,0x48,0x92,0x4B,0xF8,0x48,0x08,0x4F,0xBC,0x4E,0xA4,0x4A,0x94,
    0x4A,0x9C,0x4B,0xB4,0x7C,0xC4,0x03,0x9C,0x00,0x00,0x3F,0x7C,0x23,0x04,0x23,0x04,
    0x3F,0x7C,0x00,0x04,0x7F,0x04,0x55,0x74,0x55,0x54,0x7F,0x54,0x55,0x54,0x55,0x74,
    0x55,0x04,0x43,0x1C,0x00,0x00,0x01,0x10,0x01,0x10,0x77,0xD0,0x51,0x1E,0x51,0x24,
    0x57,0xF4,0x55,0x54,0x55,0x50,0x57,0xD8,0x53,0x98,0x53,0xD8,0x75,0x64,0x09,0x24,
    0x09,0x42,0x01,0x42,0x01,0x00,0x7F,0xFE,0x01,0x00,0x3F,0xFC,0x00,0x00,0x1F,0xF8,
    0x1F,0xF8,0x04,0x20,0x7F,0xFE,0x00,0x00,0x7F,0x7C,0x11,0x44,0x13,0x44,0x6E,0x7C,
    0x40,0x00,0x03,0xFE,0x78,0x40,0x69,0xFC,0x69,0xFC,0x69,0x04,0x69,0xFC,0x69,0x04,
    0x69,0xFC,0x68,0x8A,0x6B,0xFC,0x78,0x5C,0x00,0x72,0x07,0x9C,0x00,0x00,0x00,0x00,
    0x00,0x40,0x00,0x7C,0x38,0x40,0x2B,0xFE,0x2A,0x44,0x2A,0x5C,0x2B,0xE4,0x2A,0x7C,
    0x2A,0x00,0x2B,0x52,0x2A,0xD4,0x3A,0xD4,0x04,0x50,0x0D,0xFE,0x04,0x00,0x00,0x40,
    0x00,0x20,0x77,0xFE,0x54,0x88,0x54,0x88,0x55,0xDC,0x54,0x88,0x54,0x98,0x55,0xD8,
    0x55,0xBC,0x55,0xAE,0x76,0xEA,0x04,0x88,0x08,0x88,0x08,0x00,0x03,0xFC,0x7A,0x04,
    0x4B,0xFC,0x4A,0x1C,0x4B,0xE0,0x4A,0xFC,0x4B,0x24,0x4A,0xFC,0x4A,0x20,0x4D,0xFC,
    0x7D,0x2C,0x05,0xFC,0x09,0x04,0x00,0x08,0x00,0x00,0x01,0x00,0x01,0x3C,0x77,0xE4,
    0x51,0x24,0x57,0xE4,0x54,0x7C,0x57,0xE4,0x54,0x64,0x54,0x64,0x57,0xFC,0x51,0x24,
    0x77,0xE4,0x71,0x24,0x01,0x4C,0x01,0x50,0x00,0x90,0x02,0x96,0x7A,0xD8,0x4A,0x92,
    0x4B,0xDE,0x4C,0x80,0x49,0xF8,0x4A,0x10,0x4F,0xFC,0x4B,0xFC,0x4A,0x24,0x7B,0xFC,
    0x02,0x24,0x06,0x2C,0x04,0x00,0x02,0x80,0x02,0x9E,0x77,0xD0,0x52,0x90,0x52,0x90,
    0x53,0x9E,0x52,0x94,0x53,0x94,0x52,0xA4,0x57,0xE4,0x50,0x24,0x72,0xA4,0x04,0x64,
    0x0C,0x44,0x00,0x40,0x00,0x20,0x03,0xFE,0x78,0x20,0x4B,0xFC,0x48,0x00,0x4B,0xFC,
    0x4A,0x04,0x4B,0xFC,0x48,0x90,0x4F,0xFE,0x48,0x00,0x7B,0xFC,0x02,0x04,0x03,0xFC,
    0x02,0x04,0x03,0xFC,0x7B,0xAC,0x4A,0xAC,0x4A,0xB4,0x4B,0xFC,0x48,0x20,0x48,0x20,
    0x4B,0xFC,0x48,0x20,0x4F,0xFE,0x7A,0x34,0x02,0x94,0x02,0x52,0x04,0x02,0x00,0x00,
    0x00,0x60,0x03,0xFE,0x78,0x60,0x6B,0xFC,0x68,0x00,0x6B,0xFC,0x6A,0x04,0x69,0xF8,
    0x68,0x00,0x69,0xF8,0x69,0x08,0x79,0xF0,0x00,0x98,0x07,0xFE,0x00,0x00,0x3E,0x7C,
    0x22,0x44,0x22,0x44,0x3E,0x7C,0x01,0x30,0x7F,0xFC,0x02,0xC0,0x0C,0x30,0x70,0x0E,
    0x3E,0xFC,0x22,0xCC,0x22,0xCC,0x3E,0xFC,0x00,0x00,0x00,0x00,0x01,0xF8,0x79,0x08,
    0x49,0xF8,0x48,0x00,0x4B,0xBC,0x4A,0xA4,0x4B,0xBC,0x48,0x60,0x4F,0xFE,0x48,0x60,
    0x78,0xF0,0x03,0x6C,0x0C,0x62,0x00,0x60,0x00,0x00,0x01,0x10,0x01,0x10,0x3B,0xDE,
    0x2A,0xA4,0x2C,0xA4,0x28,0x00,0x2B,0xFC,0x29,0x68,0x29,0x68,0x2B,0x6C,0x2A,0xF4,
    0x3C,0x72,0x00,0x60,0x07,0xFE,0x00,0x90,0x03,0xFE,0x78,0x90,0x6B,0xFC,0x6A,0x0C,
    0x6B,0xFC,0x6A,0x0C,0x69,0xF0,0x69,0xFC,0x6A,0x24,0x6E,0x64,0x7B,0x9C,0x03,0xF4,
    0x00,0x0C,0x00,0x10,0x00,0x40,0x07,0xFC,0x78,0x00,0x4B,0xF8,0x4B,0xF8,0x48,0x00,
    0x4F,0xFC,0x4D,0xBC,0x48,0x40,0x4B,0xCC,0x4C,0xF0,0x7F,0x68,0x01,0xAC,0x0E,0xE2,
    0x00,0x00,0x00,0x00,0x00,0x40,0x03,0xFC,0x78,0x40,0x4F,0xFC,0x4C,0x04,0x4B,0xF8,
    0x4B,0xF8,0x4A,0x48,0x49,0xB0,0x4F,0xFC,0x4A,0x44,0x7A,0x78,0x03,0x40,0x0C,0xFE,
    0x08,0x00,0x00,0x00,0x3E,0xFC,0x22,0xC4,0x3E,0xFC,0x7F,0xFE,0x01,0x00,0x1F,0xF8,
    0x10,0x08,0x11,0x88,0x1E,0x78,0x60,0x06,0x3E,0xFC,0x22,0x84,0x3E,0xFC,0x00,0x00,
    0x00,0x00,0x00,0x40,0x07,0xFE,0x78,0x00,0x4B,0xBC,0x4A,0xA4,0x4B,0xBC,0x4F,0xFC,
    0x48,0x90,0x4B,0xFC,0x48,0x90,0x4F,0xFE,0x79,0xAC,0x0F,0x10,0x09,0xCE,0x01,0x00,
    0x00,0x00,0x00,0x02,0x07,0xFC,0x7A,0x48,0x4B,0x78,0x4C,0xA4,0x4C,0xA4,0x4B,0x58,
    0x4B,0x88,0x4C,0xBE,0x4B,0x88,0x4F,0xA8,0x7C,0x98,0x04,0x88,0x07,0x58,0x00,0x00,
    0x01,0x00,0x7F,0xFC,0x1F,0xF8,0x1F,0xF8,0x01,0x00,0x7E,0xFC,0x7E,0xFC,0x0C,0x70,
    0x7F,0xFC,0x3F,0xFC,0x7F,0xFE,0x03,0x88,0xBC,0x70,0x47,0x9E,0x08,0x00,0x00,0x00,
    0x3F,0xFC,0x20,0x04,0x21,0x84,0x21,0x04,0x21,0x04,0x21,0x84,0x23,0xC4,0x26,0x64,
    0x24,0x34,0x38,0x14,0x20,0x04,0x3F,0xFC,0x3F,0xFC,0x20,0x04,0x3F,0xFC,0x3F,0xFC,
    0x22,0x44,0x22,0x44,0x26,0x44,0x26,0x44,0x24,0x44,0x2C,0x7C,0x38,0x04,0x20,0x04,
    0x20,0x04,0x3F,0xFC,0x20,0x04,0x00,0x00,0x3F,0xFC,0x20,0x04,0x20,0x04,0x27,0xE4,
    0x24,0x64,0x24,0x64,0x24,0x64,0x24,0x64,0x27,0xE4,0x20,0x04,0x20,0x04,0x3F,0xFC,
    0x20,0x04,0x00,0x00,0x00,0x00,0x3F,0xFC,0x20,0x04,0x21,0x04,0x21,0x04,0x2F,0xF4,
    0x21,0x04,0x21,0x84,0x23,0xC4,0x26,0x64,0x2C,0x34,0x28,0x14,0x3F,0xFC,0x3F,0xFC,
    0x20,0x04,0x00,0x00,0x3F,0xFC,0x20,0x04,0x20,0x44,0x2F,0xF4,0x20,0xC4,0x21,0xC4,
    0x23,0x44,0x26,0x44,0x2C,0x44,0x30,0x44,0x21,0xC4,0x20,0x04,0x3F,0xFC,0x20,0x04,
    0x00,0x00,0x3F,0xFC,0x21,0x04,0x21,0x04,0x2F,0xF4,0x21,0x04,0x29,0x24,0x29,0x24,
    0x2F,0xE4,0x21,0x14,0x21,0x14,0x20,0xF4,0x20,0x04,0x3F,0xFC,0x20,0x04,0x00,0x00,
    0x3F,0xFC,0x20,0x04,0x20,0x04,0x2F,0xE4,0x20,0x04,0x2F,0xF4,0x22,0x84,0x22,0x84,
    0x26,0x94,0x2C,0xD4,0x38,0x64,0x20,0x04,0x3F,0xFC,0x20,0x04,0x00,0x00,0x3F,0xFC,
    0x20,0x04,0x21,0x04,0x21,0x04,0x2F,0xF4,0x21,0x04,0x23,0xC4,0x25,0x64,0x2D,0x34,
    0x39,0x14,0x21,0x04,0x20,0x04,0x3F,0xFC,0x20,0x04,0x03,0x00,0x02,0x00,0x3F,0xFC,
    0x22,0x04,0x23,0x04,0x27,0xE4,0x24,0x24,0x3E,0x44,0x21,0xC4,0x21,0xC4,0x27,0x24,
    0x2C,0x24,0x20,0x04,0x3F,0xFC,0x20,0x04,0x00,0x00,0x3F,0xFC,0x21,0x04,0x21,0x04,
    0x2F,0xF4,0x21,0x04,0x2F,0xE4,0x21,0x04,0x2F,0xF4,0x21,0x24,0x21,0x24,0x21,0x44,
    0x20,0x04,0x3F,0xFC,0x20,0x04,0x00,0x00,0x3F,0xFC,0x20,0x04,0x21,0x04,0x2F,0xF4,
    0x21,0x04,0x21,0x04,0x27,0xE4,0x24,0x24,0x24,0x24,0x27,0xE4,0x20,0x04,0x20,0x04,
    0x3F,0xFC,0x20,0x04,0x00,0x00,0x3F,0xFC,0x20,0x04,0x2F,0xF4,0x21,0x04,0x21,0x04,
    0x2F,0xF4,0x21,0x04,0x21,0x64,0x21,0x24,0x2F,0xF4,0x20,0x04,0x20,0x04,0x3F,0xFC,
    0x20,0x04,0x00,0x00,0x3F,0xFC,0x22,0x04,0x27,0xE4,0x2C,0x24,0x3A,0x44,0x21,0x84,
    0x2E,0x7C,0x33,0x14,0x20,0xC4,0x2E,0x04,0x21,0xE4,0x20,0x04,0x3F,0xFC,0x20,0x04,
    0x00,0x00,0x3F,0xFC,0x21,0x64,0x3F,0xF4,0x21,0x04,0x2F,0xE4,0x29,0x24,0x2F,0xE4,
    0x29,0x24,0x2F,0xE4,0x29,0x24,0x29,0x64,0x20,0x04,0x3F,0xFC,0x20,0x04,0x00,0x00,
    0x3F,0xFC,0x20,0x04,0x27,0xE4,0x24,0x24,0x27,0xE4,0x2F,0xE4,0x28,0x24,0x29,0x24,
    0x29,0x24,0x23,0xE4,0x3C,0x34,0x20,0x04,0x3F,0xFC,0x20,0x04,0x00,0x00,0x3F,0xFC,
    0x29,0x24,0x25,0x24,0x2F,0xF4,0x21,0x04,0x3F,0xF4,0x24,0x64,0x2F,0xF4,0x34,0x4C,
    0x25,0xB4,0x27,0xE4,0x20,0x04,0x3F,0xFC,0x20,0x04,0x00,0x00,0x01,0x80,0x01,0x80,
    0x01,0x80,0x01,0x80,0x01,0x80,0x3F,0xFC,0x01,0x80,0x01,0x80,0x01,0x80,0x01,0x80,
    0x01,0x80,0x01,0x80,0x7F,0xFE,0x7F,0xFE,0x3F,0xF8,0x18,0x18,0x0C,0x30,0x03,0xC0,
    0x03,0xC0,0x1C,0x78,0xE1,0x0E,0x01,0x00,0x3F,0xF8,0x01,0x00,0x01,0x00,0x01,0x00,
    0x7F,0xFE,0x00,0x00,0x02,0x00,0x02,0x00,0x7F,0xFE,0x04,0x00,0x0C,0x40,0x08,0x40,
    0x10,0x40,0x37,0xFC,0x70,0x40,0xD0,0x40,0x10,0x40,0x10,0x40,0x17,0xFE,0x10,0x00,
    0x10,0x00,0x00,0x00,0x01,0x00,0x01,0x00,0x3F,0xFC,0x01,0x00,0x01,0x00,0x01,0x00,
    0x7F,0xFE,0x01,0x00,0x01,0x00,0x3F,0xFC,0x01,0x00,0x01,0x00,0x01,0x00,0x7F,0xFE,
    0x00,0x60,0x10,0x60,0x13,0x60,0x13,0x6C,0x13,0x7C,0x7F,0xE4,0x17,0x64,0x13,0x64,
    0x13,0x64,0x13,0x7C,0x17,0x60,0x1F,0x62,0xE3,0x02,0x01,0xFE,0x00,0x00,0x13,0x04,
    0x13,0x24,0x13,0x24,0x13,0x24,0x7F,0x24,0x13,0x24,0x13,0x24,0x13,0x24,0x13,0x24,
    0x12,0x24,0x1E,0x24,0x72,0x24,0x06,0x24,0x04,0x24,0x0C,0x00,0x10,0x00,0x13,0xF8,
    0x10,0x18,0x10,0x60,0x7D,0xC0,0x13,0x00,0x13,0xFC,0x11,0x24,0x11,0x24,0x17,0x64,
    0x3A,0x44,0x64,0xC4,0x08,0x8C,0x03,0x38,0x01,0x00,0x10,0x00,0x13,0xF8,0x11,0x08,
    0x11,0x10,0x7D,0x10,0x11,0x1C,0x11,0x84,0x11,0x88,0x11,0x48,0x12,0x50,0x1E,0x30,
    0x76,0x70,0x04,0xCC,0x0F,0x86,0x02,0x02,0x10,0x20,0x10,0x20,0x10,0x20,0x11,0x20,
    0x7D,0x20,0x11,0x3C,0x11,0x20,0x11,0x20,0x11,0x20,0x11,0x20,0x1D,0x20,0x79,0x20,
    0x41,0x20,0x0F,0xFE,0x10,0xC0,0x10,0x80,0x10,0xFC,0x11,0xFC,0x7D,0x04,0x7E,0x84,
    0x10,0x44,0x10,0x24,0x10,0x1C,0x10,0x64,0x1D,0x84,0x79,0x04,0x40,0x04,0x00,0x3C,
    0x00,0x00,0x10,0x40,0x10,0x60,0x13,0xFE,0x13,0xFE,0x7C,0x80,0x10,0x80,0x10,0xFC,
    0x10,0x8C,0x11,0x88,0x13,0x08,0x1D,0x08,0xF3,0x08,0x02,0x08,0x0C,0x78,0x04,0x00,
    0x00,0x00,0x10,0x00,0x11,0xF8,0x11,0x08,0x11,0x48,0x7D,0x68,0x11,0x28,0x11,0x28,
    0x17,0xFE,0x17,0xFE,0x11,0x08,0x1D,0x08,0x7A,0x08,0x02,0x08,0x0C,0x38,0x04,0x00,
    0x10,0x80,0x10,0x80,0x11,0xFC,0x11,0xFC,0x7D,0x04,0x12,0x48,0x12,0x48,0x10,0x40,
    0x10,0x60,0x10,0xE0,0x1C,0xB0,0x71,0x98,0x03,0x0C,0x0E,0x06,0x04,0x02,0x10,0x00,
    0x13,0xFE,0x13,0xFE,0x10,0x20,0x7C,0x60,0x7C,0x60,0x10,0xF0,0x11,0xE8,0x11,0x64,
    0x12,0x66,0x10,0x62,0x3C,0x60,0x60,0x60,0x00,0x60,0x00,0x00,0x01,0x00,0x09,0x18,
    0x09,0x10,0x11,0x10,0x19,0x38,0x3D,0x2C,0x25,0x64,0x43,0x42,0x01,0x00,0x3F,0xF8,
    0x01,0x00,0x01,0x00,0x01,0x00,0x7F,0xFE,0x10,0x40,0x10,0x40,0x13,0xFE,0x13,0xFE,
    0x7C,0x00,0x10,0x00,0x11,0xF0,0x11,0x10,0x11,0x10,0x11,0x10,0x1D,0x10,0x73,0x12,
    0x02,0x12,0x06,0x1E,0x0C,0x00,0x10,0x40,0x10,0x40,0x10,0x40,0x13,0xF8,0x7C,0x48,
    0x7C,0x48,0x10,0x48,0x17,0xFE,0x17,0xFE,0x10,0xC0,0x1C,0xA0,0x79,0x30,0x42,0x18,
    0x0C,0x0E,0x08,0x02,0x04,0x00,0x25,0xFC,0x25,0x0C,0x24,0x88,0x24,0x50,0x24,0x60,
    0x25,0xD8,0x27,0x06,0x01,0x00,0x3F,0xF8,0x3F,0xF8,0x01,0x00,0x01,0x00,0x7F,0xFE,
    0x10,0x00,0x11,0xFC,0x11,0xFC,0x10,0x00,0x7C,0x00,0x10,0x00,0x13,0xFE,0x10,0x40,
    0x10,0xC0,0x10,0x98,0x15,0x88,0x3D,0x0C,0x63,0xFC,0x03,0x06,0x00,0x04,0x10,0x00,
    0x13,0xFC,0x12,0x04,0x12,0x64,0x7E,0x64,0x12,0x64,0x12,0x64,0x12,0x64,0x12,0x64,
    0x12,0x44,0x1C,0x60,0xF8,0xF0,0x41,0x8C,0x0E,0x06,0x04,0x02,0x10,0x60,0x10,0x40,
    0x11,0xF8,0x11,0x08,0x7D,0x08,0x11,0x38,0x11,0x00,0x11,0xFC,0x11,0xFC,0x10,0x04,
    0x1F,0xF4,0xF0,0x04,0x40,0x04,0x00,0x3C,0x00,0x00,0x00,0x00,0x10,0x40,0x10,0x40,
    0x10,0x60,0x13,0xFE,0x7D,0x08,0x7D,0x08,0x11,0x18,0x11,0x90,0x10,0x90,0x10,0xE0,
    0x14,0x60,0xF8,0xF0,0x43,0x18,0x0E,0x06,0x08,0x02,0x00,0x00,0x00,0x60,0x3E,0x60,
    0x26,0x60,0x2C,0x60,0x24,0x60,0x22,0xD0,0x2E,0x98,0x2B,0x0C,0x27,0x06,0x01,0x00,
    0x3F,0xF8,0x01,0x00,0x01,0x00,0x7F,0xFE,0x00,0x00,0x10,0x60,0x10,0x60,0x13,0xFC,
    0x12,0x64,0x7A,0x6C,0x12,0x60,0x13,0xFC,0x13,0x88,0x12,0x88,0x16,0xD8,0x1A,0x50,
    0x64,0x60,0x04,0xD8,0x0B,0x0E,0x0A,0x02,0x10,0x20,0x10,0x20,0x13,0xFC,0x13,0xFC,
    0x7E,0x24,0x7E,0x24,0x13,0xFC,0x12,0x24,0x12,0x24,0x12,0x24,0x1F,0xFC,0x70,0x20,
    0x40,0x20,0x00,0x20,0x00,0x20,0x10,0x00,0x11,0xFC,0x11,0x04,0x11,0x04,0x7D,0x04,
    0x7D,0xFC,0x11,0x04,0x11,0x04,0x11,0x04,0x11,0xFC,0x1C,0x00,0x78,0x00,0x40,0x00,
    0x07,0xFE,0x10,0x00,0x13,0xFC,0x10,0x60,0x12,0x64,0x7F,0x64,0x11,0x6C,0x11,0xE8,
    0x10,0x60,0x13,0xFE,0x13,0xFE,0x14,0x60,0x78,0x60,0x40,0x60,0x00,0x60,0x00,0x60,
    0x10,0x00,0x13,0xFC,0x10,0x20,0x10,0x20,0x7C,0x60,0x10,0xF0,0x10,0xF8,0x11,0x6C,
    0x12,0x66,0x16,0x62,0x14,0x60,0xFC,0x60,0x40,0x00,0x07,0xFE,0x10,0x00,0x13,0xFE,
    0x10,0x0C,0x10,0x0C,0x7F,0xEC,0x13,0xEC,0x12,0x6C,0x12,0x6C,0x12,0x6C,0x12,0x6C,
    0x17,0xEC,0xF8,0x0C,0x40,0x0C,0x00,0x38,0x00,0x00,0x3F,0xFC,0x01,0x00,0x01,0x00,
    0x3F,0xFC,0x09,0x10,0x09,0x10,0x7F,0xFE,0x09,0x10,0x09,0x10,0x3F,0xFC,0x01,0x00,
    0x01,0x00,0x3F,0xFC,0x00,0x00,0x00,0x00,0x10,0x40,0x10,0x60,0x10,0x20,0x13,0xFE,
    0x10,0x00,0x7D,0x0C,0x11,0x08,0x11,0x08,0x10,0x98,0x10,0x90,0x1C,0x90,0x78,0x90,
    0x40,0x20,0x07,0xFE,0x06,0x60,0x04,0x30,0x7F,0xFE,0x04,0x88,0x0C,0xB8,0x08,0xE6,
    0x1F,0x84,0x24,0xFC,0x41,0x00,0x3F,0xF8,0x3F,0xF8,0x01,0x00,0x01,0x00,0x7F,0xFE,
    0x00,0x04,0x7F,0xA4,0x12,0x24,0x12,0x24,0x12,0x24,0x7F,0xA4,0x12,0x24,0x32,0x0C,
    0x62,0x10,0x21,0x80,0x3F,0xF8,0x01,0x80,0x01,0x80,0x7F,0xFE,0x00,0x00,0x03,0x00,
    0x06,0x60,0x08,0x30,0x3F,0xF8,0x08,0x24,0x14,0x68,0x32,0x4C,0x7F,0xFC,0x02,0x06,
    0x01,0x00,0x3F,0xFC,0x01,0x00,0x01,0x00,0x7F,0xFE,0x00,0x00,0x10,0x00,0x11,0xF8,
    0x11,0x18,0x11,0x18,0x7D,0x18,0x13,0x0E,0x16,0x40,0x10,0x40,0x17,0xFC,0x10,0xE0,
    0x1D,0xD0,0x73,0x4C,0x46,0x46,0x08,0x42,0x00,0x40,0x10,0x04,0x13,0xFC,0x12,0x00,
    0x12,0x00,0x7E,0x00,0x13,0xFE,0x12,0x00,0x12,0x00,0x12,0xFC,0x12,0x84,0x1A,0x84,
    0xF4,0x84,0x04,0xFC,0x08,0x84,0x00,0x00,0x10,0x00,0x13,0xFE,0x10,0x00,0x10,0x00,
    0x7F,0xFC,0x13,0x0C,0x13,0x0C,0x13,0xFC,0x13,0x0C,0x13,0x0C,0x1F,0xFC,0x78,0x00,
    0x40,0x00,0x07,0xFE,0x1F,0xF8,0x10,0x08,0x1F,0xF8,0x10,0x08,0x1F,0xF8,0x13,0x0C,
    0x11,0xF0,0x1E,0x78,0x21,0x06,0x3F,0xF8,0x01,0x00,0x01,0x00,0x7F,0xFE,0x00,0x00,
    0x08,0x40,0x08,0x40,0x7F,0xF8,0x08,0x48,0x0A,0x48,0x7D,0x88,0x08,0xEA,0x09,0x2A,
    0x3A,0x04,0x01,0x00,0x1F,0xF8,0x01,0x00,0x01,0x00,0x7F,0xFE,0x00,0x00,0x10,0x40,
    0x10,0x40,0x17,0xFE,0x10,0x90,0x79,0x18,0x13,0xFC,0x14,0x06,0x10,0x00,0x17,0xFC,
    0x11,0x00,0x1D,0xF8,0x78,0x08,0x40,0x08,0x00,0x78,0x00,0x00,0x10,0x00,0x17,0xFE,
    0x10,0x60,0x10,0x60,0x7B,0xFC,0x12,0x64,0x13,0xFC,0x12,0x64,0x12,0x64,0x13,0xFC,
    0x1F,0x40,0x79,0xC0,0x00,0xE0,0x0F,0x3E,0x08,0x00,0x10,0x40,0x10,0x90,0x11,0x88,
    0x13,0xFC,0x7C,0x04,0x11,0x00,0x13,0xFC,0x12,0x60,0x16,0x60,0x17,0xFE,0x14,0x60,
    0x3C,0xF0,0x41,0x98,0x0F,0x06,0x04,0x00,0x00,0x00,0x10,0x00,0x13,0xFC,0x12,0x64,
    0x12,0x64,0x7B,0xFC,0x12,0x64,0x12,0x64,0x13,0xFC,0x10,0x60,0x10,0x60,0x17,0xFC,
    0x38,0x60,0x40,0x60,0x07,0xFE,0x30,0x38,0x30,0x2C,0x30,0x24,0x37,0xFE,0x7E,0x20,
    0x36,0x24,0x37,0xA4,0x36,0xA8,0x36,0xA8,0x34,0x98,0x3C,0x90,0xE4,0xB2,0x0D,0x7A,
    0x08,0xCE,0x18,0x00,0x10,0x58,0x10,0x4C,0x17,0xFE,0x10,0x40,0x78,0x40,0x13,0xFC,
    0x12,0x44,0x12,0x44,0x13,0xFC,0x12,0x44,0x1F,0xFC,0x72,0x44,0x02,0x44,0x02,0x5C,
    0x00,0x00,0x10,0x28,0x10,0x24,0x10,0x24,0x17,0xFE,0x78,0x20,0x13,0xA4,0x12,0xA4,
    0x12,0xAC,0x12,0x98,0x13,0x98,0x18,0x10,0x73,0xB2,0x4E,0x7A,0x00,0xCC,0x00,0x00,
    0x10,0x40,0x10,0xC0,0x13,0xFC,0x12,0x0C,0x7B,0xFC,0x12,0x00,0x13,0xFC,0x12,0x04,
    0x12,0x04,0x13,0xFC,0x18,0x40,0xF7,0xFE,0x00,0x40,0x00,0x40,0x00,0x40,0x00,0x00,
    0x10,0x40,0x10,0x60,0x13,0xFC,0x11,0x88,0x7C,0x88,0x10,0x90,0x17,0xFE,0x10,0x00,
    0x10,0x00,0x13,0xFC,0x1E,0x0C,0x7A,0x0C,0x42,0x0C,0x03,0xFC,0x02,0x0C,0x08,0x10,
    0x08,0x10,0x7F,0xFC,0x08,0x10,0x0F,0xF0,0x08,0x10,0x0F,0xF0,0x08,0x10,0x7F,0xFE,
    0x09,0x30,0x31,0x08,0xEF,0xE6,0x01,0x00,0x7F,0xFC,0x00,0x00,0x11,0x08,0x19,0x10,
    0x09,0x30,0x3F,0xFC,0x20,0x04,0x20,0x04,0x1F,0xF0,0x18,0x10,0x1F,0xF0,0x01,0x00,
    0x3F,0xF8,0x3F,0xF8,0x01,0x00,0x7F,0xFE,0x00,0x00,0x11,0xA0,0x11,0x20,0x11,0x10,
    0x13,0xFC,0x7F,0x30,0x17,0x30,0x15,0xFC,0x11,0x30,0x11,0x30,0x11,0xFC,0x1D,0x30,
    0xF1,0x30,0x41,0xFE,0x01,0x00,0x01,0x00,0x08,0x00,0x7F,0x7C,0x10,0x40,0x34,0x40,
    0x24,0x7E,0x3F,0x48,0x04,0xC8,0x7F,0x88,0x05,0x88,0x05,0x00,0x3F,0xF8,0x01,0x00,
    0x01,0x00,0x7F,0xFE,0x00,0x00,0x00,0x40,0x3C,0x40,0x27,0xFE,0x29,0x80,0x2B,0x7C,
    0x27,0xFC,0x25,0x04,0x2D,0xFC,0x31,0x0C,0x20,0x18,0x01,0x00,0x3F,0xF8,0x01,0x00,
    0x7F,0xFE,0x00,0x00,0x08,0x00,0x13,0xF8,0x12,0x08,0x33,0xF8,0x70,0x40,0xD7,0xFC,
    0x10,0xE0,0x11,0x58,0x1E,0x4E,0x19,0x42,0x3F,0xF8,0x01,0x00,0x01,0x00,0x7F,0xFE,
    0x00,0x00,0x00,0x00,0x10,0x00,0x13,0xF8,0x12,0x08,0x13,0xF8,0x7A,0x08,0x13,0xF8,
    0x10,0x00,0x17,0xFE,0x10,0x60,0x13,0x60,0x1E,0x7C,0xF3,0x60,0x85,0xE0,0x0C,0xFE,
    0x18,0x00,0x33,0x08,0x33,0x08,0x37,0xFE,0x33,0x08,0x7B,0xF8,0x7B,0x08,0x33,0xF8,
    0x33,0x08,0x37,0xFE,0x32,0x00,0x3A,0x50,0x3A,0x88,0x43,0x0C,0x03,0xFC,0x00,0x00,
    0x10,0x00,0x13,0xFE,0x12,0x00,0x12,0xFC,0x7A,0x84,0x12,0xFC,0x12,0xFC,0x12,0x60,
    0x13,0xFE,0x12,0x88,0x1A,0x70,0x7A,0xEC,0x43,0x04,0x03,0xFE,0x10,0xC0,0x10,0xC4,
    0x13,0xF4,0x10,0xC8,0x78,0xD8,0x17,0xFE,0x10,0x60,0x11,0x80,0x17,0xF8,0x15,0x08,
    0x15,0xF8,0x39,0x08,0x61,0x08,0x01,0xF8,0x01,0x08,0x10,0x00,0x13,0xFC,0x12,0x04,
    0x13,0xFC,0x7A,0x04,0x13,0xFC,0x10,0x00,0x17,0xBC,0x16,0xA4,0x12,0xB4,0x1A,0x9C,
    0x73,0xBC,0x4C,0xA4,0x03,0x9C,0x00,0x00,0x32,0x00,0x12,0x7C,0x7F,0x44,0x08,0x7C,
    0x2A,0x44,0x2A,0x44,0x3E,0x7C,0x08,0x84,0x11,0x9C,0x21,0x00,0x3F,0xF8,0x01,0x00,
    0x01,0x00,0x7F,0xFE,0x00,0x00,0x11,0x10,0x11,0x10,0x17,0xFE,0x11,0x10,0x78,0xE0,
    0x11,0x90,0x13,0x0C,0x1D,0xF6,0x10,0x00,0x13,0xF8,0x1A,0x08,0xF2,0x08,0x82,0x08,
    0x03,0xF8,0x00,0x00,0x10,0x40,0x10,0x20,0x13,0xFE,0x12,0x20,0x7B,0xFC,0x12,0x24,
    0x13,0xFE,0x12,0x24,0x15,0xFC,0x14,0x20,0x1D,0xFC,0x75,0x0C,0x05,0x0C,0x09,0xFC,
    0x09,0x0C,0x00,0x00,0x01,0x00,0x01,0x80,0x3E,0x7C,0x24,0x44,0x3F,0xFC,0x04,0x40,
    0x3F,0xF8,0x04,0x40,0x7F,0xFE,0x0D,0x30,0x11,0x18,0xEF,0xE6,0x01,0x00,0x3F,0xFC,
    0x00,0x00,0x00,0x00,0x10,0x40,0x17,0xFE,0x10,0x40,0x11,0xF0,0x7A,0x08,0x13,0xF8,
    0x12,0x08,0x13,0xF8,0x12,0x08,0x13,0xF8,0x1A,0x08,0x77,0xFE,0x41,0x98,0x0F,0x0E,
    0x04,0x02,0x10,0x40,0x13,0xFC,0x11,0x10,0x10,0x90,0x7F,0xFE,0x10,0x00,0x13,0xFC,
    0x12,0x0C,0x13,0xFC,0x12,0x0C,0x1B,0xFC,0x71,0xB2,0x41,0x32,0x06,0x1E,0x08,0x00,
    0x00,0x00,0x3F,0x7C,0x29,0x44,0x3F,0x28,0x29,0x10,0x3F,0x7E,0x08,0x14,0x3F,0x14,
    0x0F,0x90,0x70,0x70,0x01,0x00,0x3F,0xF8,0x01,0x00,0x7F,0xFE,0x00,0x00,0x00,0x00,
    0x30,0x40,0x30,0x40,0x37,0xFE,0x31,0x90,0x78,0x90,0x37,0xFC,0x36,0xA4,0x37,0x94,
    0x37,0x0C,0x36,0xF4,0x3E,0x94,0x76,0x94,0x46,0xF4,0x06,0x1C,0x00,0x00,0x04,0x20,
    0x7F,0xFE,0x04,0x20,0x1F,0xF8,0x10,0x08,0x1F,0xF8,0x1F,0xF8,0x02,0x00,0x7F,0xFE,
    0x0C,0x20,0x19,0x10,0xEF,0xEC,0x41,0x02,0x3F,0xFC,0x00,0x00,0x10,0x40,0x10,0x40,
    0x17,0xFE,0x12,0x4C,0x79,0x48,0x17,0xFE,0x10,0x00,0x13,0xFC,0x12,0x04,0x12,0xF4,
    0x1A,0x94,0x72,0xF4,0x42,0x04,0x03,0xFC,0x02,0x04,0x11,0x08,0x10,0x90,0x13,0xFC,
    0x13,0x4C,0x7A,0xD4,0x12,0xD4,0x13,0xFC,0x10,0x00,0x13,0xFC,0x12,0x0C,0x1E,0x0C,
    0x7B,0xFC,0x42,0x0C,0x03,0xFC,0x02,0x0C,0x00,0x00,0x10,0x40,0x10,0x7C,0x10,0x40,
    0x13,0xFE,0x7A,0x04,0x12,0x5C,0x13,0xE4,0x12,0x7C,0x12,0x00,0x17,0x56,0x3D,0x54,
    0x64,0xD8,0x0C,0x50,0x1B,0xFE,0x08,0x00,0x3F,0xF8,0x29,0x38,0x25,0x68,0x3F,0xF8,
    0x01,0x00,0x3F,0xFC,0x01,0x00,0x7F,0xFE,0x26,0x4C,0x63,0x66,0x3F,0xFC,0x01,0x00,
    0x7F,0xFE,0x00,0x00,0x00,0x00,0x23,0x10,0x21,0x10,0x27,0xD0,0x20,0x1E,0x7F,0xA4,
    0x24,0xA4,0x27,0xE4,0x20,0x14,0x27,0x98,0x21,0x98,0x39,0xD8,0xEF,0x18,0x01,0x24,
    0x03,0x42,0x04,0x42,0x00,0x20,0x3E,0x10,0x22,0xFC,0x3E,0x48,0x20,0x48,0x2D,0xFE,
    0x72,0x30,0xD2,0xFC,0x1E,0x30,0x01,0x30,0x3F,0xF8,0x01,0x00,0x01,0x00,0x7F,0xFE,
    0x00,0x00,0x00,0x00,0x20,0x40,0x27,0xFC,0x20,0x00,0x23,0xF8,0x23,0xF8,0x78,0x00,
    0x27,0xFC,0x24,0x04,0x23,0xF8,0x23,0x4C,0x25,0xF0,0x3E,0x68,0xE1,0xAC,0x07,0x62,
    0x08,0xC0,0x30,0x40,0x37,0xFE,0x30,0x00,0x37,0xBC,0x7C,0xA4,0x33,0x18,0x37,0xFC,
    0x31,0x10,0x37,0xFC,0x31,0x10,0x3F,0xFE,0x63,0x2C,0x0F,0x10,0x11,0xCE,0x01,0x00,
    0x01,0x80,0x01,0x80,0x01,0x80,0x01,0x80,0x01,0x80,0x7F,0xFE,0x01,0x80,0x01,0x80,
    0x01,0x80,0x01,0x80,0x01,0x80,0x01,0x80,0x01,0x80,0x3F,0xFC,0x01,0xFC,0x3F,0xC0,
    0x01,0x80,0x01,0x80,0x01,0x80,0x01,0x80,0x7F,0xFE,0x01,0x80,0x01,0x80,0x01,0x80,
    0x01,0x80,0x3F,0xFC,0x3F,0xFC,0x00,0x00,0x0C,0x20,0x0C,0x20,0x4C,0x20,0x6C,0x20,
    0x2C,0x20,0x2F,0xFE,0x3C,0x20,0x0C,0x20,0x1C,0x20,0x7C,0x20,0x4C,0x20,0x0C,0x20,
    0x0F,0xFC,0x0F,0xFC,0x00,0x00,0x01,0x00,0x01,0x00,0x7F,0xFE,0x01,0x00,0x3F,0xFC,
    0x00,0x00,0x00,0x00,0x1F,0xF8,0x11,0x08,0x11,0x08,0x1F,0xF8,0x30,0x00,0x20,0x00,
    0x60,0x00,0x40,0x00,0x01,0x00,0x01,0x00,0x7F,0xFC,0x01,0x00,0x3F,0xF8,0x00,0x00,
    0x00,0x00,0x3F,0xFC,0x20,0x04,0x27,0xE4,0x04,0x60,0x04,0x62,0x0C,0x66,0x70,0x3C,
    0x40,0x00,0x01,0x00,0x01,0x00,0x7F,0xFC,0x01,0x00,0x3F,0xF8,0x00,0x00,0x7F,0xFC,
    0x62,0x44,0x62,0x44,0x12,0x48,0x1A,0x50,0x0A,0x70,0x02,0x40,0x7F,0xFE,0x01,0x00,
    0x7F,0xFC,0x01,0x00,0x3F,0xFC,0x00,0x00,0x3F,0xFC,0x20,0x04,0x2F,0xF4,0x00,0x00,
    0x1F,0xF8,0x10,0x18,0x1F,0xF8,0x04,0x60,0x7F,0xFE,0x00,0x00,0x08,0x20,0x18,0x20,
    0x10,0x20,0x1F,0x20,0x31,0x30,0x21,0x38,0x72,0x24,0x52,0x22,0x56,0x20,0x0C,0x20,
    0x0C,0x20,0x1E,0x20,0x33,0x80,0x60,0xFE,0x40,0x00,0x06,0x00,0x0F,0xF8,0x0F,0xF8,
    0x3C,0x30,0x66,0xC0,0x03,0xC0,0x3C,0x7C,0x60,0x06,0x1F,0xF8,0x11,0x08,0x1F,0xF8,
    0x11,0x08,0x11,0x08,0x1F,0xF8,0x10,0x08,0x00,0x00,0x08,0x00,0x1F,0xFC,0x1F,0xFC,
    0x20,0x00,0x5F,0xF8,0x10,0x08,0x1F,0xF8,0x1F,0xF8,0x04,0x00,0x0F,0xF8,0x18,0x18,
    0x66,0x30,0x41,0xC0,0x3E,0x3E,0x40,0x00,0x7F,0xFE,0x01,0x00,0x1F,0xF8,0x10,0x08,
    0x1F,0xF8,0x1F,0xF8,0x10,0x08,0x1F,0xF8,0x0C,0x00,0x1F,0xF8,0x6C,0x30,0x43,0xC0,
    0x3E,0x7C,0x40,0x02,0x00,0x00,0x02,0x00,0x06,0x00,0x07,0xFC,0x0F,0xFC,0x08,0x08,
    0x18,0x18,0x3E,0x10,0x63,0x30,0x01,0xE0,0x00,0xC0,0x01,0x80,0x07,0x00,0x0C,0x00,
    0x78,0x00,0x20,0x00,0x00,0x00,0x08,0x20,0x08,0x20,0x18,0x20,0x1F,0x20,0x11,0x20,
    0x21,0x30,0x73,0x38,0x5A,0x26,0x4E,0x22,0x04,0x20,0x0C,0x20,0x18,0x20,0x30,0x20,
    0x60,0x20,0x40,0x20,0x01,0x80,0x03,0x00,0x0F,0xFC,0x1C,0x18,0x22,0x60,0x01,0x80,
    0x1E,0xC0,0x71,0xFC,0x06,0x04,0x1E,0x18,0x73,0x30,0x01,0xE0,0x03,0x80,0x3C,0x00,
    0x60,0x00,0x00,0x00,0x01,0x00,0x01,0x80,0x7F,0xFE,0x09,0x80,0x09,0x00,0x11,0xF8,
    0x12,0x88,0x36,0x48,0x55,0x30,0xDD,0x90,0x10,0xE0,0x10,0xE0,0x11,0xB8,0x1E,0x0E,
    0x10,0x02,0x00,0x00,0x10,0x30,0x10,0x20,0x3E,0x7C,0x62,0xC4,0x43,0x28,0xBA,0x30,
    0x2A,0xD0,0x2B,0xA0,0x2A,0x7E,0x2A,0xC4,0x3B,0xAC,0x02,0x18,0x02,0x30,0x0E,0xC0,
    0x01,0x00,0x01,0x00,0x01,0x00,0x01,0x00,0x01,0x00,0x7F,0xFC,0x01,0x00,0x01,0x80,
    0x01,0x80,0x03,0xC0,0x02,0x40,0x04,0x60,0x0C,0x30,0x30,0x18,0x60,0x06,0x40,0x02,
    0x3F,0xFC,0x01,0x00,0x01,0x00,0x01,0x00,0x01,0x00,0x7F,0xFC,0x01,0x80,0x01,0x80,
    0x02,0xC0,0x06,0x40,0x0C,0x30,0x18,0x18,0x60,0x0E,0x40,0x02,0x01,0x00,0x01,0x00,
    0x01,0x00,0x01,0x00,0x7F,0xFC,0x01,0x80,0x01,0x80,0x03,0x80,0x02,0x40,0x06,0x60,
    0x0E,0x30,0x1B,0x18,0x31,0x8C,0x60,0x86,0x00,0x00,0x01,0x00,0x01,0x00,0x01,0x00,
    0x3F,0xF8,0x01,0x00,0x01,0x00,0x7F,0xFC,0x7F,0xFC,0x01,0x80,0x03,0x80,0x06,0x40,
    0x0C,0x60,0x18,0x18,0x70,0x0E,0x40,0x02,0x01,0x00,0x01,0x00,0x01,0x00,0x1F,0xF8,
    0x11,0x08,0x11,0x08,0x11,0x08,0x11,0x08,0x7F,0xFE,0x01,0x80,0x03,0xC0,0x06,0x60,
    0x1C,0x30,0x70,0x0E,0x40,0x02,0x01,0x00,0x01,0x00,0x7F,0xFC,0x02,0xC0,0x06,0x60,
    0x0C,0x30,0x32,0x1C,0xE2,0x06,0x1F,0xF8,0x02,0x18,0x06,0x18,0x04,0x10,0x18,0x10,
    0x70,0xF0,0x40,0x00,0x00,0x00,0x01,0x80,0x09,0x80,0x19,0x80,0x1F,0xFC,0x31,0x80,
    0x21,0x80,0x01,0x80,0x7F,0xFC,0x01,0x80,0x01,0x80,0x02,0x40,0x04,0x60,0x18,0x38,
    0x70,0x0E,0x40,0x02,0x00,0x40,0x18,0x40,0x0C,0x40,0x03,0x40,0x21,0x40,0x18,0x40,
    0x0C,0x40,0x02,0x40,0x7F,0xFE,0x00,0x80,0x00,0xC0,0x03,0x60,0x0E,0x18,0x78,0x06,
    0x40,0x00,0x01,0x00,0x01,0x00,0x7F,0xFC,0x01,0x00,0x3F,0xF8,0x01,0x08,0x3F,0xF8,
    0x21,0x00,0x21,0x00,0x3F,0xFC,0x01,0x8C,0x02,0xD0,0x0C,0x70,0x70,0x0E,0x00,0x00,
    0x01,0x00,0x01,0x00,0x7F,0xFC,0x06,0x60,0x0C,0x30,0x3F,0xFC,0xE0,0x06,0x3F,0xFC,
    0x3F,0xFC,0x08,0x00,0x1F,0xF0,0x00,0x10,0x00,0x10,0x01,0xF0,0x00,0x00,0x00,0x00,
    0x01,0x00,0x01,0x00,0x3F,0xFC,0x01,0x00,0x11,0x08,0x09,0x10,0x0D,0x30,0x09,0x00,
    0x7F,0xFE,0x01,0x80,0x03,0x80,0x06,0x60,0x18,0x30,0x70,0x0E,0x40,0x02,0x01,0x00,
    0x01,0x00,0x3F,0xFC,0x01,0x80,0x03,0xC0,0x0C,0x70,0x70,0x0E,0x00,0x20,0x7F,0xFC,
    0x08,0x20,0x18,0x20,0x04,0x20,0x02,0x20,0x01,0xE0,0x00,0x00,0x01,0x00,0x03,0x00,
    0x7F,0xFC,0x06,0x40,0x0D,0x30,0x31,0x18,0xFF,0xFE,0x11,0x08,0x1F,0xF8,0x11,0x08,
    0x11,0x08,0x1F,0xFA,0x01,0x02,0x01,0xFC,0x00,0x00,0x00,0x00,0x01,0x80,0x01,0x80,
    0x3F,0xFC,0x01,0xC0,0x0E,0x30,0x38,0x08,0x7F,0xFE,0x00,0x08,0x1F,0x88,0x10,0x88,
    0x10,0x88,0x1F,0x88,0x1F,0x88,0x00,0x78,0x00,0x00,0x01,0x00,0x01,0x00,0x7F,0xFE,
    0x06,0x40,0x0C,0x20,0x18,0x18,0xF7,0xEC,0x40,0x02,0x3F,0xFC,0x3F,0xFC,0x0D,0xB0,
    0x19,0x98,0x31,0x86,0x47,0x02,0x04,0x00,0x01,0x00,0x01,0x00,0x3F,0xFC,0x03,0x00,
    0x1F,0xF8,0x02,0x00,0x7F,0xFC,0x0C,0x20,0x19,0x10,0x3F,0xEC,0xC1,0x06,0x01,0x00,
    0x3F,0xFC,0x01,0x00,0x01,0x00,0x01,0x80,0x01,0x00,0x7F,0xFC,0x02,0x40,0x04,0x60,
    0x18,0x30,0x3F,0xFC,0xD1,0x0E,0x11,0x08,0x1F,0xF8,0x11,0x08,0x11,0x08,0x11,0x08,
    0x1F,0xF8,0x10,0x08,0x00,0x00,0x01,0x00,0x01,0x00,0x7F,0xFC,0x06,0x60,0x1D,0x30,
    0x7F,0xFE,0x41,0x02,0x01,0x00,0x3F,0xFC,0x01,0x00,0x3F,0xF8,0x01,0x00,0x01,0x00,
    0x7F,0xFE,0x01,0x00,0x01,0x00,0x3F,0xFC,0x03,0x00,0x3F,0xF8,0x02,0x00,0x7F,0xFC,
    0x08,0x20,0x17,0xF8,0x61,0x0E,0xFF,0xFA,0x01,0x00,0x07,0xE0,0x3C,0x38,0x20,0x04,
    0x08,0x00,0x08,0xFC,0x7F,0x44,0x08,0x44,0x7E,0x44,0x08,0x4C,0x7F,0x88,0x09,0x38,
    0x09,0x00,0x7F,0xFC,0x01,0x80,0x03,0xC0,0x0C,0x60,0x78,0x1E,0x40,0x00,0x01,0x00,
    0x01,0x00,0x7F,0xFC,0x06,0x40,0x0D,0xB0,0x39,0x98,0x7F,0xF6,0x01,0x80,0x09,0xB0,
    0x08,0x30,0x7F,0xFE,0x08,0x30,0x18,0x30,0x70,0x30,0x20,0x30,0x04,0x40,0x64,0x40,
    0x24,0xFC,0x15,0x0C,0x06,0xC8,0x1C,0x70,0x64,0xE0,0x05,0x80,0x01,0x00,0x7F,0xFC,
    0x01,0x80,0x03,0xC0,0x0C,0x70,0x78,0x1E,0x40,0x00,0x01,0x00,0x03,0x00,0x7F,0xFC,
    0x04,0x20,0x1F,0xF8,0xF8,0x0E,0x4F,0xF2,0x08,0x00,0x0F,0xF0,0x08,0x00,0x7F,0xFE,
    0x04,0x20,0x18,0x18,0x3F,0xFC,0x00,0x04,0x00,0x00,0x0C,0x20,0x04,0x60,0x7F,0xFC,
    0x3F,0xF8,0x22,0x48,0x24,0x78,0x28,0x08,0x3F,0xF8,0x3E,0xF8,0x01,0x00,0x7F,0xFE,
    0x01,0x80,0x06,0xE0,0x78,0x3E,0x40,0x00,0x00,0x00,0x01,0x00,0x7F,0xFC,0x06,0x40,
    0x0D,0x20,0x39,0x18,0x6F,0xF6,0x01,0x60,0x7F,0xFE,0x03,0x00,0x1F,0xF8,0x68,0x18,
    0x0F,0xF8,0x08,0x18,0x0F,0xF8,0x08,0x18,0x00,0x00,0x01,0x00,0x3F,0xF8,0x20,0x08,
    0x2D,0x28,0x27,0x48,0x2F,0xF8,0x21,0x08,0x27,0x68,0x2D,0x38,0x01,0x00,0x7F,0xFE,
    0x01,0x80,0x06,0x60,0x78,0x3E,0x40,0x02,0x00,0x00,0x02,0x00,0x02,0x00,0x02,0x00,
    0x7F,0xFE,0x7F,0xFE,0x04,0x10,0x0C,0x30,0x08,0x20,0x18,0x20,0x06,0x40,0x01,0xC0,
    0x03,0xE0,0x0E,0x38,0x78,0x0C,0x40,0x04,0x00,0x00,0x10,0x00,0x11,0xFC,0x11,0xFC,
    0x7E,0x84,0x12,0x8C,0x32,0x88,0x22,0x48,0x22,0x58,0x24,0x70,0x1C,0x30,0x0C,0x70,
    0x1E,0xD8,0x33,0x8C,0x63,0x06,0x40,0x02,0x10,0x00,0x13,0xF8,0x10,0x88,0x7C,0x88,
    0x24,0x88,0x24,0x98,0x24,0x9C,0x24,0x84,0x6C,0x84,0x38,0x84,0x19,0x84,0x1D,0x04,
    0x25,0x04,0xE2,0x3C,0x46,0x00,0x10,0x00,0x11,0xFC,0x11,0xFC,0x7E,0x20,0x32,0x20,
    0x26,0x20,0x24,0x20,0x25,0xFE,0x24,0x20,0x7C,0x20,0x18,0x20,0x1C,0x20,0x33,0x20,
    0x62,0x20,0x40,0x20,0x10,0x20,0x10,0x20,0x31,0x20,0x7D,0x2C,0x25,0x7C,0x27,0xE4,
    0x27,0x24,0x29,0x24,0x29,0x24,0x69,0x38,0x19,0x20,0x19,0x02,0x27,0x02,0xC5,0xFE,
    0x40,0x00,0x10,0x00,0x11,0xFC,0x10,0x04,0x7E,0x08,0x32,0x10,0x26,0x20,0x24,0x20,
    0x25,0xFE,0x24,0x20,0x3C,0x20,0x08,0x20,0x1E,0x20,0x32,0x20,0x60,0xE0,0x40,0x00,
    0x10,0x00,0x10,0x00,0x10,0x7C,0x7E,0x44,0x12,0x44,0x12,0x44,0x32,0x44,0x22,0x44,
    0x26,0x44,0x34,0x44,0x1C,0x44,0x0E,0x44,0x33,0x7C,0x61,0x44,0x40,0x00,0x01,0x00,
    0x01,0x80,0x7F,0xFE,0x10,0x00,0x10,0x00,0x1F,0xFC,0x04,0x00,0x06,0x00,0x7F,0xFE,
    0x08,0x30,0x18,0x20,0x07,0xC0,0x03,0xF0,0x7C,0x1C,0x40,0x04,0x08,0x40,0x08,0xC0,
    0x48,0x80,0x4B,0xFE,0x2B,0xFE,0x28,0x88,0x29,0x08,0x09,0x18,0x1B,0x10,0x68,0xD0,
    0xC8,0x60,0x08,0x70,0x09,0x8C,0x0F,0x06,0x00,0x04,0x10,0x00,0x11,0xFC,0x11,0xFC,
    0x7E,0x04,0x12,0x04,0x32,0x04,0x26,0x04,0x24,0xFC,0x24,0x04,0x34,0x04,0x18,0x04,
    0x1E,0x04,0x33,0xFC,0x61,0xFC,0x00,0x00,0x10,0x00,0x11,0xF8,0x10,0x08,0x7C,0x88,
    0x24,0x88,0x24,0x88,0x24,0x88,0x25,0xFC,0x2C,0x04,0x78,0x04,0x1B,0xF4,0x1C,0x04,
    0x36,0x04,0x62,0x3C,0x40,0x00,0x10,0x00,0x10,0x3C,0x11,0xF0,0x7E,0x20,0x26,0x20,
    0x24,0x20,0x24,0x20,0x27,0xFE,0x24,0x20,0x7C,0x20,0x18,0x20,0x1C,0x20,0x33,0xFE,
    0x61,0xFE,0x40,0x00,0x10,0x20,0x10,0x20,0x11,0xFC,0x7D,0x84,0x25,0x84,0x25,0x84,
    0x25,0x84,0x25,0xFC,0x25,0x00,0x79,0x00,0x19,0x00,0x1D,0x00,0x37,0x00,0x62,0x00,
    0x46,0x00,0x10,0x20,0x10,0x20,0x13,0xFE,0x7F,0xFE,0x24,0x20,0x24,0x20,0x25,0xFC,
    0x25,0x8C,0x6C,0x88,0x38,0xD8,0x18,0x70,0x1C,0x70,0x37,0xD8,0x67,0x0E,0x44,0x02,
    0x10,0x00,0x10,0x3C,0x11,0xE0,0x7C,0x20,0x24,0x20,0x24,0x20,0x25,0xFE,0x24,0x20,
    0x6C,0x60,0x38,0x50,0x18,0x50,0x1E,0x98,0x35,0x8C,0x67,0x06,0x42,0x02,0x10,0x20,
    0x10,0x20,0x10,0xA8,0x7C,0xA8,0x34,0xA4,0x25,0x24,0x25,0x22,0x25,0x2A,0x26,0x2C,
    0x38,0x08,0x18,0x10,0x1C,0x60,0x36,0xC0,0x67,0x80,0x42,0x00,0x7F,0xFC,0x11,0x08,
    0x31,0x08,0x19,0x90,0x0A,0xB0,0x06,0x00,0x7F,0xFE,0x0C,0x10,0x08,0x20,0x1E,0x60,
    0x03,0xC0,0x07,0x70,0x7C,0x1C,0x00,0x04,0x00,0x00,0x10,0x20,0x10,0x20,0x11,0xFE,
    0x7D,0xFE,0x24,0x80,0x24,0x80,0x24,0xFC,0x24,0x8C,0x6C,0x8C,0x38,0x8C,0x19,0x88,
    0x1D,0x08,0x27,0x08,0x46,0x38,0x02,0x00,0x10,0x00,0x31,0xFC,0x21,0x04,0x7D,0x04,
    0x25,0xFC,0x25,0xFC,0x29,0x40,0x29,0x44,0x49,0x58,0x39,0x60,0x1B,0x44,0x3E,0x42,
    0x26,0x46,0x44,0x7C,0x04,0x00,0x10,0x60,0x10,0x60,0x30,0x60,0x7D,0xFC,0x24,0x60,
    0x24,0x60,0x27,0xFE,0x2C,0x60,0x48,0x70,0x38,0xF0,0x19,0xE8,0x1F,0x64,0x26,0x62,
    0x60,0x60,0x40,0x60,0x01,0x00,0x7F,0xFC,0x01,0x00,0x3F,0xF8,0x01,0x08,0x7F,0xFE,
    0x01,0x08,0x3F,0xF8,0x02,0x00,0x7F,0xFE,0x0C,0x30,0x1E,0x60,0x01,0xE0,0x3E,0x3C,
    0x60,0x04,0x30,0x00,0x21,0xFC,0x21,0x0C,0x7D,0x4C,0x25,0x2C,0x29,0x28,0x2B,0xFE,
    0x29,0x48,0x49,0x48,0x2B,0x28,0x13,0x28,0x1B,0xFE,0x24,0x08,0x44,0x38,0x40,0x00,
    0x10,0x20,0x10,0x40,0x30,0x58,0x7C,0x88,0x25,0x84,0x27,0xFC,0x24,0x02,0x24,0x00,
    0x6D,0xFC,0x29,0x04,0x19,0x04,0x1D,0x04,0x37,0x04,0x65,0xFC,0x41,0x04,0x10,0x00,
    0x11,0xF8,0x31,0x08,0x7D,0x08,0x25,0x08,0x25,0xF8,0x25,0x08,0x25,0x08,0x69,0x08,
    0x39,0xF8,0x19,0x08,0x1D,0x08,0x35,0x08,0x63,0xFE,0x40,0x00,0x10,0x20,0x10,0x20,
    0x30,0x20,0x7D,0xFE,0x24,0x20,0x24,0x20,0x24,0x20,0x25,0xFC,0x6D,0xFC,0x29,0x04,
    0x19,0x04,0x1D,0x04,0x37,0x04,0x65,0xFC,0x41,0x04,0x10,0x20,0x31,0xA0,0x21,0x20,
    0x7D,0xFE,0x25,0xFE,0x25,0x20,0x27,0x20,0x2C,0x20,0x69,0xFC,0x28,0x20,0x18,0x20,
    0x1C,0x20,0x24,0x20,0x63,0xFE,0x40,0x00,0x1F,0xF8,0x01,0x00,0x01,0x00,0x3F,0xFC,
    0x07,0x60,0x19,0x38,0x63,0x0E,0x02,0x00,0x7F,0xFE,0x0C,0x20,0x07,0xC0,0x03,0xE0,
    0x7C,0x1C,0x40,0x04,0x00,0x00,0x30,0x90,0x20,0x90,0x22,0x96,0x7E,0x94,0x25,0x9C,
    0x2D,0x98,0x28,0x90,0x29,0x98,0x4F,0x94,0x3A,0x96,0x18,0x90,0x1D,0x92,0x25,0x12,
    0x46,0x1E,0x02,0x00,0x0C,0x30,0x04,0x60,0x7F,0xFC,0x01,0x00,0x3F,0xF8,0x01,0x00,
    0x01,0x00,0x7F,0xFE,0x06,0x00,0x7F,0xFE,0x0C,0x30,0x1E,0x60,0x01,0xE0,0x7E,0x1C,
    0x40,0x04,0x00,0x00,0x10,0x40,0x10,0x44,0x31,0xF4,0x7C,0x4C,0x24,0x48,0x24,0x50,
    0x27,0xFE,0x2C,0x40,0x69,0x84,0x3B,0xB8,0x1C,0xE0,0x1C,0x84,0x26,0x84,0x64,0xFC,
    0x40,0x00,0x20,0x60,0x20,0x60,0x23,0xFC,0x7C,0x60,0x27,0xFC,0x28,0x64,0x2B,0xFC,
    0x2A,0x60,0x2B,0xFC,0x68,0x44,0x10,0x64,0x18,0xE8,0x25,0x98,0xC7,0x0E,0x44,0x02,
    0x30,0x00,0x21,0xFE,0x21,0x10,0x7D,0x10,0x25,0x10,0x25,0x7C,0x29,0x44,0x29,0x44,
    0x49,0x44,0x29,0x7C,0x11,0x10,0x19,0x10,0x25,0x10,0x41,0xFE,0x40,0x00,0x20,0x00,
    0x23,0xFC,0x22,0x04,0x7A,0x24,0x2A,0x24,0x2A,0xFC,0x2A,0x24,0x2A,0x64,0x4A,0x64,
    0x6A,0xD4,0x13,0x8C,0x1A,0x04,0x27,0xFC,0x43,0xFC,0x42,0x04,0x21,0x00,0x71,0x00,
    0x1B,0xFC,0x06,0x48,0x1C,0xC8,0x31,0xA0,0x67,0x1C,0x4E,0x06,0x7F,0xFE,0x7F,0xFE,
    0x08,0x20,0x1F,0x40,0x03,0xF0,0x7E,0x1C,0x40,0x04,0x00,0x00,0x00,0x50,0x00,0x48,
    0x3F,0xFE,0x3F,0xFE,0x20,0x40,0x2F,0xCC,0x24,0x28,0x24,0x28,0x3F,0xB8,0x29,0x30,
    0x2D,0x30,0x22,0x32,0x45,0x52,0x58,0x8C,0xC0,0x00,0x10,0x20,0x10,0x20,0x11,0xFC,
    0x7C,0x20,0x24,0x20,0x24,0x20,0x27,0xFE,0x24,0x20,0x6C,0x20,0x39,0xFC,0x18,0x20,
    0x1C,0x20,0x24,0x20,0x63,0xFE,0x40,0x00,0x11,0x10,0x19,0x18,0x0D,0x20,0x7F,0xFC,
    0x03,0x80,0x07,0x60,0x39,0x1C,0x42,0x06,0x04,0x00,0x7F,0xFC,0x08,0x20,0x1F,0x40,
    0x03,0xE0,0x7E,0x1C,0x40,0x04,0x10,0x00,0x13,0xFC,0x10,0x20,0x7C,0x60,0x27,0xFE,
    0x27,0xFE,0x24,0xD0,0x25,0x98,0x2B,0x94,0x7E,0x92,0x18,0x90,0x1C,0x90,0x25,0x90,
    0x63,0x10,0x42,0x00,0x10,0x40,0x30,0x20,0x21,0xFC,0x7D,0x04,0x25,0x04,0x25,0xFC,
    0x25,0x04,0x29,0xFC,0x69,0x44,0x29,0x6C,0x11,0x38,0x19,0x10,0x25,0x6C,0xC3,0x86,
    0x42,0x00,0x20,0x00,0x27,0xDC,0x22,0x54,0x7A,0x54,0x2A,0x54,0x2F,0xD4,0x2A,0x54,
    0x2A,0x54,0x57,0xD2,0x32,0x52,0x12,0x52,0x3A,0x56,0x2C,0x58,0x45,0x90,0x0C,0x00,
    0x10,0x00,0x11,0xFC,0x11,0x0C,0x7D,0x0C,0x25,0xFC,0x24,0x00,0x25,0xFC,0x25,0x04,
    0x69,0xFC,0x39,0x04,0x19,0x04,0x1D,0xFC,0x37,0x04,0x65,0x1C,0x40,0x00,0x10,0x00,
    0x33,0xFE,0x23,0x00,0x7F,0x00,0x27,0xFC,0x2B,0x00,0x2B,0x00,0x2B,0xFE,0x6A,0xB0,
    0x2A,0x96,0x1A,0x98,0x3A,0x88,0x26,0xBC,0x44,0xE6,0x44,0x80,0x30,0x20,0x21,0xE8,
    0x23,0x24,0x79,0x24,0x29,0x10,0x2B,0xFE,0x29,0x10,0x29,0x16,0x69,0xD4,0x6F,0x18,
    0x11,0x10,0x19,0x32,0x2D,0xCA,0xC3,0x4E,0x42,0x04,0x10,0x40,0x10,0xF8,0x31,0x88,
    0x7F,0x10,0x27,0xFC,0x25,0x24,0x25,0x24,0x2D,0x24,0x29,0xFC,0x78,0x40,0x18,0x60,
    0x1C,0xA2,0x25,0xA2,0x66,0x3C,0x44,0x00,0x00,0x00,0x10,0x00,0x11,0xFC,0x31,0x04,
    0x7D,0x04,0x25,0xFC,0x24,0x00,0x25,0xFC,0x28,0x20,0x48,0x20,0x3B,0xFE,0x18,0x60,
    0x1C,0x50,0x24,0x98,0xC7,0x06,0x44,0x02,0x7F,0xFC,0x32,0x44,0x3E,0x4C,0x3E,0x28,
    0x32,0x30,0x3F,0x78,0x42,0xC6,0x02,0x00,0x7F,0xFE,0x0C,0x30,0x1E,0x60,0x01,0xE0,
    0x3E,0x1C,0x40,0x04,0x00,0x00,0x20,0x40,0x10,0x40,0x4B,0xFC,0x22,0x4C,0x13,0xF8,
    0x15,0x88,0x24,0xF0,0x2D,0xFA,0x7A,0x04,0x7F,0xFE,0x04,0x30,0x1E,0x60,0x01,0xC0,
    0x3E,0x38,0x40,0x04,0x20,0x60,0x20,0x20,0x23,0xFC,0x7A,0x04,0x2B,0x04,0x29,0xFC,
    0x29,0x64,0x2A,0x64,0x6B,0x64,0x34,0xAC,0x10,0xA8,0x39,0x22,0x27,0x22,0xC6,0x1C,
    0x04,0x00,0x10,0x04,0x31,0xFC,0x21,0x10,0x7D,0x10,0x25,0xFE,0x25,0x10,0x25,0xCA,
    0x2B,0x0E,0x69,0xFC,0x39,0x04,0x19,0x04,0x1D,0xFC,0x27,0x04,0x45,0xFC,0x41,0x04,
    0x08,0x20,0x08,0x20,0x7F,0xFC,0x08,0x30,0x1E,0x68,0x2B,0xA4,0xC9,0x22,0x02,0x00,
    0x7F,0xFE,0x0C,0x30,0x1C,0x20,0x03,0xC0,0x03,0xF0,0x7C,0x1C,0x20,0x04,0x3E,0xFC,
    0x22,0x84,0x2A,0x94,0x2A,0x94,0x2A,0xA4,0x1E,0x38,0x33,0xCC,0x42,0x84,0x7F,0xFE,
    0x0C,0x30,0x1E,0x60,0x01,0xC0,0x1E,0x38,0x60,0x04,0x00,0x00,0x10,0x20,0x30,0x20,
    0x23,0xFE,0x7E,0x22,0x26,0x22,0x29,0xFC,0x29,0x24,0x29,0x24,0x49,0xFC,0x29,0x24,
    0x11,0x24,0x19,0xFC,0x24,0x20,0x44,0x20,0x40,0x20,0x30,0x00,0x23,0xFC,0x21,0x24,
    0x79,0x3C,0x29,0x20,0x2A,0xE2,0x2E,0x1C,0x2B,0xFC,0x69,0x04,0x29,0xFC,0x11,0x04,
    0x19,0xFC,0x25,0x04,0xC5,0x1C,0x40,0x00,0x21,0x08,0x21,0x08,0x23,0xFE,0x7D,0x08,
    0x25,0xF8,0x29,0x08,0x29,0x08,0x29,0xF8,0x48,0x60,0x2B,0xFE,0x18,0x60,0x3D,0xF8,
    0x27,0x6C,0xC4,0x62,0x40,0x60,0x20,0x00,0x23,0xFC,0x22,0x24,0x7A,0x24,0x2B,0xFC,
    0x2A,0x00,0x2A,0xFC,0x2A,0x84,0x4A,0xFC,0x3A,0x84,0x12,0x84,0x3A,0xFC,0x24,0x84,
    0x44,0xFC,0x00,0x84,0x30,0x60,0x20,0x40,0x21,0xFC,0x7D,0x04,0x25,0xFC,0x25,0x04,
    0x29,0xFC,0x29,0x04,0x69,0xFC,0x28,0x60,0x19,0xA4,0x1A,0xA4,0x26,0x8A,0x44,0xFA,
    0x40,0x00,0x20,0x60,0x20,0x20,0x23,0xFC,0x7E,0x04,0x29,0xFC,0x28,0x60,0x28,0xC4,
    0x2B,0x68,0x4C,0xF8,0x29,0x28,0x16,0x6C,0x18,0xA4,0x2F,0x22,0xC4,0xE2,0x40,0x00,
    0x20,0x40,0x21,0xDC,0x22,0x44,0x7A,0x44,0x2B,0xDC,0x2A,0x44,0x2B,0xFC,0x28,0x40,
    0x48,0x40,0x3B,0xF8,0x11,0x18,0x38,0xB0,0x24,0xE0,0xC7,0x9E,0x44,0x02,0x30,0x20,
    0x20,0x10,0x21,0xFE,0x7B,0x20,0x2B,0x20,0x2B,0x7C,0x2B,0x50,0x29,0xD0,0x4F,0x7E,
    0x3D,0x7E,0x11,0x18,0x39,0x28,0x26,0x6C,0x47,0xC6,0x44,0x82,0x21,0x18,0x21,0x90,
    0x27,0xFC,0x78,0xA0,0x2B,0xFC,0x28,0xA4,0x28,0xA4,0x4F,0xFE,0x48,0xA4,0x77,0xFC,
    0x31,0xB0,0x3A,0xA8,0x2E,0xAC,0xCC,0xA2,0x40,0xA0,0x00,0x00,0x20,0x60,0x20,0x20,
    0x23,0xFE,0x7C,0x90,0x24,0x90,0x2B,0xFC,0x2A,0x24,0x2A,0xFC,0x4A,0x24,0x2A,0xF4,
    0x12,0x94,0x3A,0x94,0x26,0xF4,0xC2,0x1C,0x40,0x10,0x21,0x10,0x21,0x10,0x27,0xD0,
    0x79,0x1E,0x29,0x24,0x2F,0xE4,0x2D,0x54,0x4D,0x54,0x57,0xD8,0x31,0x18,0x13,0xD8,
    0x2D,0x78,0x2D,0x24,0x49,0x62,0x01,0x42,0x3F,0xF8,0x00,0x18,0x00,0x30,0x00,0xE0,
    0x01,0x80,0x01,0x80,0x7F,0xFE,0x01,0x80,0x01,0x80,0x01,0x80,0x01,0x80,0x01,0x80,
    0x07,0x00,0x00,0x00,0x00,0x40,0x7F,0x40,0x03,0x40,0x06,0x40,0x04,0x40,0x08,0x40,
    0x09,0x40,0x1F,0x40,0x78,0x40,0x08,0x40,0x08,0x42,0x08,0x42,0x08,0x46,0x38,0x7C,
    0x00,0x00,0x7F,0xF0,0x08,0x20,0x08,0x3C,0x08,0x04,0x17,0xE4,0x30,0x4C,0x60,0x98,
    0x41,0x80,0x7F,0xFE,0x7F,0xFE,0x01,0x80,0x01,0x00,0x07,0x00,0x00,0x00,0x00,0x00,
    0x01,0x00,0x01,0x80,0x3F,0xFC,0x20,0x04,0x20,0x04,0x1F,0xF0,0x00,0x60,0x00,0xC0,
    0x01,0x80,0x7F,0xFE,0x01,0x80,0x01,0x80,0x01,0x80,0x07,0x00,0x00,0x00,0x03,0x00,
    0x02,0x00,0x7F,0xFE,0x04,0x00,0x0C,0x00,0x1B,0xFC,0x10,0x18,0x30,0x30,0xD0,0x20,
    0x57,0xFE,0x10,0x20,0x10,0x20,0x10,0x20,0x11,0xE0,0x10,0x80,0x00,0x60,0x7C,0x60,
    0x7C,0x60,0x0C,0x60,0x19,0x68,0x11,0x68,0x15,0x6C,0xBF,0x64,0x72,0x64,0x12,0x66,
    0x16,0x62,0x14,0x62,0x10,0x60,0x71,0xE0,0x00,0x00,0x00,0x40,0x7E,0x40,0x06,0x80,
    0x0C,0xFE,0x09,0x88,0x19,0x88,0x1B,0x88,0x1C,0x98,0x78,0x50,0x18,0x70,0x18,0x20,
    0x18,0xD0,0x19,0x8C,0x77,0x06,0x02,0x02,0x02,0x00,0x02,0x0C,0x3F,0xF8,0x02,0x30,
    0x02,0x60,0x7F,0xFE,0x03,0x00,0x0F,0xF8,0x38,0x30,0xE0,0xC0,0x3F,0xFE,0x00,0x80,
    0x00,0x80,0x07,0x80,0x06,0x00,0x1F,0xF8,0x00,0x30,0x00,0xC0,0x00,0x80,0x7F,0xFE,
    0x00,0x80,0x07,0x80,0x00,0x00,0x3F,0xF8,0x32,0x48,0x32,0x48,0x32,0x48,0x7F,0xFE,
    0x00,0x00,0x00,0x08,0x3F,0xF8,0x01,0x00,0x01,0x00,0x7F,0xFC,0x05,0x60,0x19,0x18,
    0x7F,0xC6,0x00,0x30,0x00,0xC0,0x7F,0xFC,0x01,0x80,0x01,0x80,0x07,0x80,0x00,0x00,
    0x7C,0x7C,0x7F,0xC8,0x0A,0x48,0x12,0x48,0x12,0x48,0x16,0x48,0xFE,0x48,0x52,0x48,
    0x12,0x6C,0x12,0x54,0x12,0x94,0x15,0xF6,0x7C,0x92,0x04,0x00,0x00,0x00,0x11,0x08,
    0x19,0x10,0x09,0x90,0x7F,0xFC,0x60,0x04,0x60,0x04,0x0F,0xF0,0x00,0x60,0x01,0x80,
    0x7F,0xFE,0x01,0x80,0x01,0x80,0x01,0x80,0x07,0x80,0x00,0x00,0x00,0x60,0x00,0x20,
    0x7F,0xFE,0x08,0x40,0x08,0x88,0x11,0x98,0x13,0xF0,0x1C,0x24,0xF0,0x4C,0x11,0x88,
    0x17,0x10,0x12,0x70,0x10,0xD8,0x77,0x06,0x42,0x04,0x01,0x00,0x01,0x80,0x7F,0xFC,
    0x02,0x40,0x1A,0x58,0x32,0x4C,0x42,0x42,0x1F,0xF8,0x00,0x30,0x01,0xC0,0x7F,0xFE,
    0x01,0x80,0x01,0x80,0x03,0x80,0x06,0x00,0x18,0x60,0x08,0x60,0x7F,0x60,0x00,0xF8,
    0x3E,0x68,0x22,0x68,0x3E,0xE8,0x01,0xC8,0x7E,0x68,0x0C,0x78,0x1F,0x58,0x68,0xCE,
    0x08,0x86,0x39,0x06,0x01,0x00,0x08,0x02,0x77,0x7E,0x45,0x16,0x4D,0x54,0x6F,0x74,
    0x5F,0x0C,0x5D,0x7C,0x5D,0x0C,0x4D,0x18,0x75,0x7E,0x77,0x10,0x15,0x10,0x14,0x10,
    0x24,0x70,0x44,0x00,0x7B,0xFC,0x08,0x40,0x17,0xFC,0x15,0xDC,0x14,0x44,0x19,0xD8,
    0xBF,0xFE,0x50,0x40,0x10,0x40,0x13,0xFC,0x12,0x94,0x12,0x94,0x72,0x94,0x00,0x08,
    0x00,0x00,0x04,0x40,0x7F,0xFE,0x0C,0x50,0x3F,0xFC,0x22,0x48,0x3E,0x48,0x3F,0xFE,
    0x23,0xFC,0x3E,0x20,0x1F,0xC8,0x00,0x30,0x7F,0xFE,0x01,0x80,0x01,0x80,0x06,0x00,
    0x01,0x00,0x01,0x80,0x3F,0xFC,0x20,0x04,0x20,0x04,0x00,0x00,0x7F,0xFE,0x00,0x80,
    0x00,0x80,0x00,0x80,0x00,0x80,0x00,0x80,0x01,0x80,0x07,0x80,0x00,0x00,0x01,0x00,
    0x01,0x80,0x3F,0xFC,0x20,0x04,0x20,0x04,0x38,0x04,0x18,0x38,0x18,0xE0,0x1F,0x00,
    0x18,0x00,0x18,0x04,0x18,0x04,0x08,0x0C,0x0F,0xF8,0x00,0x00,0x01,0x00,0x01,0x80,
    0x3F,0xFC,0x20,0x04,0x20,0x14,0x1F,0xF8,0x32,0x00,0x02,0x00,0x02,0x7E,0x7F,0xE0,
    0x02,0x00,0x02,0x04,0x02,0x0C,0x03,0xF8,0x00,0x00,0x01,0x00,0x01,0x80,0x3F,0xFC,
    0x20,0x04,0x20,0x04,0x1F,0xF8,0x00,0x80,0x00,0x80,0x00,0x80,0x7F,0xFE,0x00,0x80,
    0x00,0x80,0x01,0x80,0x07,0x80,0x00,0x00,0x01,0x00,0x01,0x80,0x3F,0xFC,0x20,0x04,
    0x20,0x24,0x00,0x20,0x7F,0xFE,0x00,0x20,0x18,0x20,0x0C,0x20,0x06,0x20,0x02,0x20,
    0x00,0x20,0x01,0xE0,0x00,0x00,0x01,0x00,0x01,0x80,0x3F,0xFC,0x20,0x04,0x23,0x04,
    0x02,0x00,0x7F,0xFE,0x04,0x30,0x0C,0x20,0x1C,0x60,0x07,0x40,0x01,0xE0,0x07,0x38,
    0x7C,0x0C,0x40,0x04,0x01,0x00,0x01,0x80,0x3F,0xFC,0x20,0x04,0x21,0x04,0x01,0x00,
    0x7F,0xFC,0x01,0x80,0x03,0xC0,0x07,0x60,0x0D,0x30,0x31,0x18,0xE1,0x06,0x41,0x02,
    0x01,0x00,0x01,0x00,0x01,0x80,0x3F,0xFC,0x20,0x04,0x20,0x04,0x1F,0xF0,0x00,0x00,
    0x00,0x00,0x7F,0xFC,0x04,0x40,0x04,0x40,0x04,0x46,0x08,0x46,0x30,0x7C,0x40,0x00,
    0x01,0x00,0x01,0x80,0x3F,0xFC,0x20,0x04,0x23,0x04,0x02,0x00,0x7F,0xFC,0x04,0x00,
    0x0C,0x80,0x19,0x80,0x11,0x20,0x22,0x10,0x46,0x08,0x0F,0xFC,0x00,0x04,0x01,0x00,
    0x01,0x80,0x3F,0xFC,0x20,0x04,0x20,0x04,0x1F,0xF0,0x00,0x00,0x00,0x00,0x7F,0xFE,
    0x01,0x80,0x09,0xB0,0x11,0x98,0x21,0x8C,0x47,0x82,0x02,0x00,0x01,0x00,0x01,0x80,
    0x7F,0xFC,0x60,0x04,0x7F,0xF4,0x1F,0xF0,0x10,0x10,0x1F,0xF0,0x10,0x00,0x10,0x00,
    0x1F,0xF8,0x10,0x08,0x10,0x08,0x1F,0xF8,0x10,0x08,0x00,0x00,0x01,0x00,0x01,0x80,
    0x7F,0xFC,0x60,0x04,0x61,0x04,0x01,0x00,0x1F,0xF8,0x11,0x08,0x11,0x08,0x1F,0xF8,
    0x11,0x08,0x11,0x08,0x11,0x08,0x1F,0xF8,0x10,0x08,0x00,0x00,0x01,0x00,0x01,0x80,
    0x3F,0xFC,0x20,0x04,0x20,0x04,0x3F,0xFC,0x00,0x80,0x00,0x80,0x18,0x80,0x18,0xF8,
    0x10,0x80,0x18,0x80,0x26,0x80,0x63,0xFE,0x40,0x00,0x00,0x00,0x01,0x00,0x01,0x80,
    0x3F,0xFC,0x20,0x04,0x28,0x04,0x1F,0xF8,0x11,0x88,0x32,0x88,0x32,0x88,0x4E,0xB8,
    0x04,0x80,0x0C,0x82,0x18,0x86,0x60,0x7C,0x20,0x00,0x01,0x00,0x01,0x80,0x3F,0xFC,
    0x20,0x04,0x3F,0xF4,0x18,0x10,0x18,0x10,0x1F,0xF0,0x18,0x10,0x18,0x10,0x1F,0xF0,
    0x18,0x10,0x18,0x10,0x7F,0xFE,0x01,0x00,0x01,0x00,0x3F,0xFC,0x20,0x04,0x20,0x04,
    0x3F,0xF8,0x01,0x00,0x01,0x00,0x1F,0xF8,0x1F,0xF8,0x01,0x30,0x01,0x18,0x01,0x10,
    0x7F,0xFE,0x00,0x00,0x01,0x00,0x01,0x80,0x3F,0xFC,0x20,0x04,0x2C,0xC4,0x07,0xC0,
    0x11,0xC0,0x0E,0xC0,0x04,0x80,0x7F,0xFE,0x00,0x80,0x01,0xE0,0x06,0x38,0x7C,0x0E,
    0x40,0x02,0x00,0x00,0x01,0x00,0x01,0x80,0x3F,0xFC,0x20,0x04,0x22,0x64,0x02,0x20,
    0x7F,0xFE,0x04,0x88,0x04,0x98,0x0C,0xB0,0x08,0xE0,0x11,0x86,0x3E,0x84,0x68,0xFC,
    0x40,0x00,0x01,0x00,0x01,0x80,0x3F,0xFC,0x21,0x04,0x01,0x00,0x1F,0xF8,0x11,0x08,
    0x11,0x08,0x1F,0xF8,0x11,0x08,0x11,0x08,0x1F,0xF8,0x01,0x00,0x01,0x00,0x01,0x00,
    0x01,0x00,0x01,0x80,0x3F,0xFC,0x24,0x04,0x2F,0xF4,0x18,0x30,0x66,0xE0,0x03,0x80,
    0x3C,0x7C,0xE0,0x06,0x1F,0xF8,0x10,0x18,0x10,0x18,0x1F,0xF8,0x00,0x00,0x00,0x00,
    0x01,0x00,0x01,0x80,0x3F,0xFC,0x20,0x04,0x3F,0xFC,0x00,0x00,0x00,0x00,0x1F,0xF8,
    0x10,0x08,0x1F,0xF8,0x10,0x08,0x1F,0xF8,0x00,0x00,0x7F,0xFE,0x01,0x00,0x01,0x80,
    0x7F,0xFC,0x60,0x04,0x00,0x00,0x3F,0xF8,0x0C,0x20,0x18,0x38,0x3F,0xCC,0x01,0x00,
    0x3F,0xF8,0x01,0x00,0x01,0x00,0x7F,0xFE,0x00,0x00,0x01,0x00,0x01,0x80,0x7F,0xFC,
    0x60,0x04,0x00,0x00,0x1F,0xF8,0x10,0x80,0x1F,0xF8,0x10,0x08,0x10,0x08,0x1F,0xF8,
    0x10,0x80,0x10,0x80,0x1F,0xFC,0x00,0x00,0x00,0x00,0x01,0x00,0x01,0x80,0x3F,0xFC,
    0x29,0x04,0x29,0x84,0x1F,0xF8,0x11,0x80,0x21,0x80,0x7F,0xFE,0x04,0x40,0x04,0x40,
    0x0C,0x46,0x18,0x44,0x70,0x7C,0x40,0x00,0x01,0x00,0x01,0x80,0x7F,0xFC,0x60,0x04,
    0x7F,0xF4,0x18,0x10,0x18,0x10,0x1F,0xF0,0x00,0x00,0x00,0x00,0x1F,0xF8,0x10,0x08,
    0x10,0x08,0x1F,0xF8,0x10,0x08,0x00,0x00,0x01,0x00,0x01,0x00,0x3F,0xFC,0x21,0x04,
    0x21,0x04,0x1F,0xF8,0x04,0x20,0x04,0x20,0x7F,0xFE,0x01,0x00,0x01,0x00,0x3F,0xFC,
    0x01,0x00,0x01,0x00,0x01,0x00,0x01,0x00,0x01,0x80,0x3F,0xFC,0x21,0x04,0x3F,0xF8,
    0x01,0x00,0x1F,0xF8,0x01,0x00,0x7F,0xFE,0x01,0x00,0x1F,0xF8,0x10,0x08,0x10,0x08,
    0x1F,0xF8,0x10,0x08,0x01,0x00,0x01,0x80,0x3F,0xFC,0x20,0x04,0x1F,0xF0,0x1F,0xF0,
    0x10,0x10,0x1F,0xF0,0x02,0x00,0x7F,0xFE,0x0C,0x30,0x1E,0x60,0x01,0xC0,0x7E,0x3C,
    0x40,0x04,0x00,0x00,0x01,0x00,0x01,0x80,0x3F,0xFC,0x29,0x14,0x39,0x14,0x05,0x20,
    0x1F,0xF8,0x10,0x08,0x1F,0xF8,0x10,0x08,0x10,0x08,0x1F,0xF8,0x10,0x08,0x10,0x78,
    0x00,0x00,0x00,0x00,0x01,0x00,0x01,0x80,0x3F,0xFC,0x20,0x04,0x3F,0xF4,0x01,0x80,
    0x07,0x0C,0x39,0x38,0x62,0xE0,0x1C,0xA0,0x73,0x90,0x0C,0x88,0x38,0x86,0x47,0x82,
    0x00,0x00,0x00,0x00,0x01,0x00,0x01,0x00,0x3F,0xFC,0x20,0x04,0x26,0x64,0x18,0x18,
    0x23,0x84,0x06,0x60,0x1C,0x30,0x70,0x0E,0x5F,0xF2,0x10,0x10,0x10,0x10,0x1F,0xF0,
    0x10,0x10,0x01,0x00,0x01,0x80,0x3F,0xFC,0x24,0x64,0x04,0x60,0x7F,0xFC,0x04,0x60,
    0x1F,0xF8,0x10,0x18,0x11,0x18,0x11,0x98,0x13,0x9E,0x06,0x84,0x78,0xFC,0x40,0x00,
    0x01,0x00,0x01,0x80,0x3F,0xFC,0x20,0x04,0x3F,0xF4,0x18,0x00,0x18,0x00,0x1F,0xF8,
    0x18,0x60,0x18,0x60,0x7F,0xFE,0x04,0x40,0x0E,0x70,0x70,0x0E,0x40,0x04,0x01,0x00,
    0x01,0x80,0x3F,0xFC,0x20,0x04,0x2F,0xFC,0x10,0x40,0x10,0x40,0x33,0xF8,0x72,0x08,
    0xD2,0x08,0x13,0xF8,0x12,0x08,0x12,0x08,0x13,0xF8,0x12,0x08,0x01,0x00,0x01,0x80,
    0x3F,0xFC,0x28,0x04,0x28,0x00,0x0F,0xF8,0x08,0xC8,0x08,0x48,0x7F,0x48,0x2A,0x70,
    0x29,0x30,0x49,0x70,0x48,0xC8,0x1B,0x86,0x01,0x02,0x01,0x00,0x01,0x80,0x3F,0xFC,
    0x21,0x04,0x1F,0xF0,0x03,0xC0,0x3E,0x38,0x00,0x08,0x7F,0xFE,0x00,0x08,0x1F,0x88,
    0x10,0x88,0x1F,0x88,0x00,0x38,0x00,0x00,0x00,0x00,0x01,0x00,0x01,0x80,0x3F,0xFC,
    0x20,0x04,0x3F,0xFC,0x01,0x00,0x1F,0xF8,0x11,0x08,0x11,0x08,0x1F,0xF8,0x11,0x08,
    0x1F,0xF8,0x06,0x70,0x78,0x1C,0x40,0x02,0x01,0x00,0x01,0x80,0x3F,0xFC,0x23,0x04,
    0x35,0xB0,0x34,0xE8,0x25,0x8C,0x47,0x16,0x3E,0x30,0x63,0xE0,0x21,0x08,0x31,0x08,
    0x31,0x08,0x3F,0xF8,0x00,0x08,0x00,0x00,0x01,0x00,0x01,0x80,0x3F,0xFC,0x20,0x64,
    0x00,0x60,0x3E,0x7C,0x00,0x60,0x7F,0xF8,0x7F,0x98,0x14,0x70,0x14,0x70,0x35,0xCA,
    0x25,0x06,0x63,0xFC,0x40,0x00,0x01,0x00,0x01,0x80,0x7F,0xFC,0x60,0x04,0x1F,0xF0,
    0x0F,0xF0,0x08,0x10,0x0F,0xF0,0x00,0x00,0x3F,0xF8,0x31,0x08,0x3F,0xF8,0x31,0x08,
    0x3F,0xF8,0x30,0x08,0x00,0x00,0x01,0x00,0x01,0x80,0x3F,0xFC,0x20,0x04,0x24,0x24,
    0x25,0xFC,0x3C,0x20,0x04,0x20,0x07,0xFC,0x7C,0x60,0x24,0xF0,0x24,0xA8,0x27,0x26,
    0x66,0x22,0x44,0x20,0x01,0x00,0x01,0x80,0x3F,0xFC,0x24,0x44,0x3F,0xF8,0x04,0x40,
    0x3F,0xF8,0x04,0x40,0x7F,0xFE,0x0C,0x20,0x1B,0x10,0x30,0xCC,0x4E,0x02,0x03,0xE0,
    0x00,0x20,0x00,0x00,0x01,0x00,0x01,0x00,0x7F,0xFC,0x60,0x04,0x1F,0xF0,0x1F,0xF0,
    0x11,0x10,0x1F,0xF0,0x01,0x00,0x3F,0xFC,0x21,0x6C,0x21,0x2C,0x2F,0xFC,0x20,0x38,
    0x00,0x00,0x00,0x00,0x01,0x00,0x01,0x80,0x3F,0xFC,0x33,0xF4,0x10,0x08,0x53,0xF8,
    0x33,0xF8,0x30,0x00,0x17,0xFC,0x14,0x04,0x73,0xF8,0xD1,0x90,0x10,0x60,0x13,0x9E,
    0x14,0x00,0x00,0x00,0x01,0x00,0x01,0x80,0x7F,0xFC,0x64,0x44,0x1F,0xF8,0x00,0x00,
    0x1F,0xF8,0x1F,0xF8,0x10,0x08,0x1F,0xF8,0x01,0x00,0x7F,0xFC,0x03,0xC0,0x3C,0x3C,
    0x40,0x02,0x00,0x00,0x01,0x00,0x3F,0xFC,0x20,0x04,0x2C,0x84,0x0F,0xF8,0x1B,0x48,
    0x6A,0x70,0x54,0x30,0x1B,0xE8,0x30,0x06,0x5F,0xF8,0x0D,0xA0,0x19,0x98,0x67,0x04,
    0x02,0x00,0x01,0x00,0x3F,0xFC,0x20,0x04,0x2F,0xF4,0x01,0x00,0x1E,0xF8,0x1F,0xF8,
    0x1F,0xF8,0x10,0x08,0x7F,0xFE,0x18,0x30,0xFF,0xFC,0x44,0x32,0x18,0xE0,0x20,0x00,
    0x00,0x00,0x01,0x00,0x3F,0xFC,0x20,0x04,0x3E,0xF8,0x12,0x48,0x0A,0x28,0x1E,0x78,
    0x23,0xC8,0x0C,0x70,0x73,0x8E,0x1C,0x60,0x07,0x98,0x18,0xE0,0x0F,0x00,0x30,0x00,
    0x01,0x00,0x01,0x80,0x3F,0xFC,0x24,0x44,0x3F,0xF8,0x04,0x40,0x3F,0xF8,0x7F,0xFE,
    0x04,0x20,0x19,0x18,0x6F,0xFE,0x45,0x22,0x19,0x38,0x75,0x0C,0x02,0x00,0x00,0x00,
    0x00,0x20,0x00,0x20,0x00,0x20,0x7F,0xFE,0x00,0x20,0x10,0x20,0x18,0x20,0x0C,0x20,
    0x06,0x20,0x03,0x20,0x00,0x20,0x00,0x20,0x00,0x20,0x01,0xE0,0x00,0x00,0x00,0x08,
    0x00,0x08,0x7E,0x08,0x03,0xFE,0x67,0xFE,0x24,0x08,0x15,0x88,0x1C,0xC8,0x08,0x48,
    0x1C,0x68,0x16,0x08,0x33,0x08,0x62,0x08,0x40,0x78,0x00,0x40,0x01,0x00,0x01,0x00,
    0x3F,0xF8,0x01,0x00,0x01,0x00,0x7F,0xFE,0x00,0x20,0x00,0x20,0x7F,0xFC,0x00,0x20,
    0x18,0x20,0x0C,0x20,0x06,0x20,0x01,0xE0,0x00,0x00,0x3F,0xF8,0x00,0x08,0x1F,0xF8,
    0x00,0x08,0x00,0x08,0x3F,0xF8,0x00,0x10,0x00,0x10,0x7F,0xFE,0x18,0x10,0x0C,0x10,
    0x02,0x10,0x00,0xF0,0x00,0x00,0x00,0x00,0x3F,0xF8,0x30,0x18,0x30,0x18,0x3F,0xF8,
    0x30,0x04,0x30,0x0C,0x1F,0xF8,0x00,0x10,0x7F,0xFE,0x7F,0xFE,0x1C,0x10,0x06,0x10,
    0x02,0xF0,0x00,0x80,0x00,0x00,0x01,0x00,0x01,0x00,0x3F,0xFC,0x03,0x00,0x3F,0xFC,
    0x02,0x00,0x7F,0xFE,0x7F,0xFE,0x0C,0x10,0x0F,0xFE,0x14,0x10,0x22,0x10,0xC1,0x10,
    0x40,0xF0,0x00,0x00,0x08,0x08,0x08,0x08,0x3F,0x08,0x08,0xFE,0x08,0x08,0x08,0x08,
    0x7F,0x48,0x08,0x48,0x08,0x28,0x3F,0x28,0x08,0x08,0x08,0x08,0x1F,0x08,0x70,0x38,
    0x00,0x00,0x0C,0x08,0x08,0x08,0x3E,0x08,0x22,0x08,0x3E,0xFE,0x22,0x08,0x22,0x88,
    0x3E,0x48,0x22,0x68,0x7E,0x28,0x0A,0x08,0x1A,0x08,0x32,0x08,0xCE,0x78,0x00,0x00,
    0x08,0x40,0x08,0xC0,0x49,0xFC,0x4B,0x0C,0x2C,0xD8,0x28,0x70,0x29,0xC8,0x0B,0x08,
    0x3F,0xFE,0xE9,0x08,0x49,0x88,0x08,0xC8,0x08,0x88,0x08,0x78,0x08,0x00,0x00,0x00,
    0x00,0x0C,0x3F,0x8C,0x20,0x8C,0x20,0xFE,0x3F,0xFE,0x20,0x0C,0x2F,0xEC,0x20,0x2C,
    0x3F,0xFC,0x22,0x1C,0x2B,0x8C,0x6A,0x8C,0x52,0x4C,0xFE,0x78,0x08,0x00,0x0C,0x30,
    0x7F,0xFE,0x02,0x40,0x3F,0xF8,0x22,0x48,0x24,0x78,0x28,0x08,0x3F,0xF8,0x3F,0xF8,
    0x00,0x10,0x7F,0xFE,0x08,0x10,0x06,0x10,0x02,0x70,0x00,0x00,0x00,0x00,0x01,0x80,
    0x01,0x80,0x01,0x80,0x01,0x90,0x09,0xB0,0x19,0x90,0x11,0x88,0x31,0x88,0x21,0x8C,
    0x21,0x84,0x41,0x86,0xC1,0x82,0x01,0x80,0x07,0x00,0x00,0x00,0x01,0x00,0x01,0x00,
    0x0D,0x20,0x09,0x30,0x19,0x18,0x11,0x0C,0x31,0x04,0x21,0x0A,0x61,0x10,0x01,0x30,
    0x00,0xC0,0x01,0x80,0x0E,0x00,0x78,0x00,0x40,0x00,0x04,0x00,0x0C,0x00,0x0F,0xFC,
    0x18,0x04,0x31,0x88,0x61,0x98,0x21,0x80,0x0D,0xB0,0x19,0x90,0x11,0x88,0x31,0x8C,
    0x61,0x84,0xC1,0x86,0x07,0x80,0x00,0x00,0x01,0x00,0x01,0x00,0x0D,0x30,0x19,0x18,
    0x31,0x0C,0x61,0x04,0x01,0x00,0x01,0x00,0x7F,0xFC,0x01,0x80,0x03,0x80,0x06,0x60,
    0x1C,0x30,0x70,0x1E,0x40,0x02,0x01,0x00,0x01,0x00,0x0D,0x30,0x09,0x18,0x11,0x0C,
    0x61,0x06,0x20,0x04,0x01,0x00,0x01,0x00,0x1F,0xF8,0x01,0x00,0x01,0x00,0x01,0x00,
    0x7F,0xFE,0x00,0x00,0x01,0x00,0x31,0x0C,0x19,0x18,0x0D,0x30,0x01,0x00,0x3F,0xFC,
    0x20,0x0C,0x27,0xEC,0x27,0xEC,0x24,0x2C,0x24,0x2C,0x27,0xEC,0x20,0x0C,0x20,0x3C,
    0x00,0x00,0x11,0x18,0x09,0x10,0x0D,0x20,0x3F,0xFC,0x20,0x04,0x20,0x04,0x0F,0xF0,
    0x00,0x00,0x00,0x00,0x7F,0xFC,0x02,0x60,0x04,0x20,0x18,0x30,0x3F,0xEC,0x00,0x08,
    0x02,0x20,0x02,0x70,0x02,0x10,0x02,0x00,0x7F,0xFE,0x02,0x80,0x02,0x80,0x02,0x80,
    0x06,0x80,0x04,0x80,0x0C,0x82,0x18,0x82,0x30,0x86,0x60,0x7C,0x40,0x00,0x04,0x00,
    0x04,0x0C,0x3F,0xF8,0x72,0x18,0x03,0x64,0x03,0x84,0x7C,0xCC,0x40,0x78,0x7F,0xFC,
    0x7F,0xFC,0x04,0x80,0x0C,0x84,0x18,0xC4,0x70,0x7C,0x40,0x00,0x08,0x28,0x08,0x38,
    0x7F,0x24,0x00,0x20,0x3E,0xFE,0x22,0x70,0x22,0x50,0x3E,0x50,0x08,0x50,0x2A,0x50,
    0x29,0x50,0x69,0x92,0x49,0x92,0x5B,0x1E,0x01,0x00,0x00,0x00,0x1F,0xFC,0x10,0x04,
    0x10,0x04,0x10,0x04,0x10,0x04,0x1F,0xFC,0x10,0x00,0x10,0x00,0x10,0x00,0x30,0x00,
    0x20,0x00,0x20,0x00,0x60,0x00,0x40,0x00,0x3F,0xF8,0x02,0x08,0x02,0x08,0x02,0x08,
    0x7F,0xFE,0x02,0x08,0x06,0x08,0x3F,0xF8,0x3F,0xF8,0x04,0x00,0x0C,0x00,0x18,0x00,
    0x70,0x00,0x20,0x00,0x00,0x00,0x1F,0xF8,0x10,0x08,0x10,0x08,0x10,0x08,0x10,0x08,
    0x1F,0xF8,0x11,0x00,0x10,0x80,0x10,0xC0,0x30,0x40,0x20,0x20,0x20,0x18,0x40,0x0E,
    0x40,0x00,0x00,0x00,0x1F,0xFC,0x10,0x04,0x10,0x04,0x1F,0xFC,0x10,0x00,0x12,0x00,
    0x12,0x0C,0x12,0x70,0x33,0xC0,0x22,0x04,0x22,0x06,0x62,0x04,0x43,0xFC,0x40,0x00,
    0x00,0x00,0x1F,0xF8,0x10,0x08,0x10,0x08,0x10,0x08,0x1F,0xF8,0x10,0x40,0x10,0x20,
    0x17,0x30,0x31,0xD8,0x20,0x4E,0x6E,0x02,0xC3,0xC0,0x00,0x70,0x00,0x10,0x00,0x00,
    0x3F,0xFC,0x30,0x04,0x3F,0xFC,0x3F,0xFC,0x30,0x08,0x3F,0xF0,0x31,0x80,0x2F,0xF8,
    0x21,0x80,0x33,0xFE,0x2D,0x80,0x61,0x84,0x40,0xFC,0xC0,0x00,0x00,0x00,0x3F,0xFC,
    0x30,0x0C,0x30,0x0C,0x3F,0xFC,0x30,0x00,0x30,0x40,0x3F,0x4C,0x3F,0x78,0x32,0x60,
    0x22,0x50,0x24,0x58,0x68,0x46,0x53,0xC2,0xC1,0x00,0x3F,0xF8,0x30,0x08,0x30,0x08,
    0x3F,0xF8,0x30,0x00,0x3F,0xFC,0x30,0x04,0x30,0x04,0x27,0xE4,0x24,0x24,0x27,0xE4,
    0x40,0x04,0xC0,0x3C,0x00,0x00,0x00,0x00,0x1F,0xFC,0x10,0x04,0x10,0x04,0x1F,0xFC,
    0x10,0x00,0x14,0x60,0x34,0x64,0x37,0xF8,0x34,0x70,0x24,0x60,0x24,0x62,0x65,0xE2,
    0x46,0x3C,0xC0,0x00,0x00,0x00,0x1F,0xFC,0x10,0x04,0x10,0x04,0x1F,0xFC,0x10,0x00,
    0x17,0xFC,0x17,0xFC,0x10,0x00,0x1F,0xFE,0x31,0x80,0x23,0x10,0x26,0x08,0x4F,0xFC,
    0x40,0x04,0x3F,0xFC,0x30,0x04,0x30,0x04,0x3F,0xFC,0x30,0xC0,0x30,0xC0,0x3F,0xFE,
    0x30,0xC0,0x27,0xF8,0x24,0x08,0x24,0x08,0x64,0x08,0x47,0xF8,0x44,0x08,0x3F,0xFC,
    0x30,0x04,0x30,0x04,0x3F,0xFC,0x30,0x40,0x34,0x48,0x34,0x48,0x27,0xF8,0x20,0x40,
    0x24,0x44,0x24,0x44,0x64,0x44,0x47,0xFC,0x40,0x00,0x00,0x00,0x1F,0xFC,0x10,0x04,
    0x10,0x04,0x1F,0xFC,0x14,0x88,0x14,0x88,0x3F,0xFE,0x34,0x88,0x24,0x88,0x24,0xF8,
    0x24,0x00,0x64,0x00,0x47,0xFC,0x40,0x00,0x00,0x00,0x1F,0xFC,0x10,0x04,0x10,0x04,
    0x1F,0xFC,0x10,0x40,0x10,0x40,0x37,0xFC,0x34,0x44,0x24,0x44,0x27,0xFC,0x24,0x44,
    0x64,0x44,0x47,0xFC,0xC4,0x04,0x00,0x00,0x3F,0xFC,0x20,0x04,0x3F,0xFC,0x20,0x00,
    0x20,0x00,0x2F,0xFC,0x23,0x10,0x2F,0xF8,0x20,0x84,0x20,0xC0,0x2F,0xFC,0x60,0xC0,
    0x5F,0xFE,0xC0,0x00,0x3F,0xFC,0x30,0x04,0x30,0x04,0x3F,0xFC,0x34,0xC8,0x34,0xC8,
    0x32,0xD0,0x3F,0xFC,0x2F,0xFC,0x21,0xE0,0x22,0xD0,0x6C,0xCC,0xD8,0xC2,0x40,0xC0,
    0x3F,0xFC,0x30,0x04,0x3F,0xFC,0x3F,0xFC,0x33,0x10,0x31,0x20,0x3F,0xFC,0x33,0x10,
    0x23,0x10,0x2F,0xFE,0x22,0x10,0x62,0x10,0x44,0x10,0x48,0x10,0x00,0x00,0x3F,0xFC,
    0x30,0x04,0x3F,0xFC,0x30,0x48,0x36,0x4C,0x33,0x50,0x37,0xFC,0x24,0x0C,0x27,0xFC,
    0x24,0x0C,0x27,0xFC,0x64,0x0C,0x44,0x38,0x40,0x00,0x00,0x00,0x3F,0xFC,0x30,0x04,
    0x3F,0xFC,0x30,0x00,0x33,0x30,0x3F,0xFC,0x33,0x30,0x3F,0xFE,0x24,0x80,0x24,0xCC,
    0x24,0x70,0x64,0xB0,0x47,0x0E,0x44,0x00,0x00,0x00,0x3F,0xFC,0x20,0x04,0x3F,0xFC,
    0x20,0x3C,0x2F,0xC0,0x27,0xF8,0x24,0x88,0x27,0xF8,0x20,0x80,0x2F,0xFC,0x28,0x94,
    0x4B,0xF4,0xC8,0x0C,0x40,0x10,0x00,0x00,0x3F,0xFC,0x30,0x04,0x3F,0xFC,0x31,0x84,
    0x37,0xFC,0x31,0x98,0x3F,0xFE,0x20,0xC0,0x27,0xF8,0x3E,0x08,0x27,0xF8,0x66,0x08,
    0x47,0xF8,0x46,0x08,0x00,0x00,0x3F,0xFC,0x20,0x04,0x3F,0xFC,0x24,0xC8,0x22,0xD0,
    0x2F,0xFC,0x21,0xE0,0x2E,0xDC,0x31,0x02,0x2F,0xFC,0x26,0x30,0x61,0xE0,0x4F,0x9C,
    0x50,0x04,0x00,0x00,0x3F,0xFC,0x20,0x04,0x3F,0xFC,0x26,0x80,0x25,0xFE,0x2B,0xFC,
    0x37,0x04,0x25,0xFC,0x2D,0xFC,0x34,0xF0,0x25,0x8C,0x66,0x70,0x45,0xDC,0x46,0x02,
    0x00,0x00,0x01,0x00,0x01,0x00,0x7F,0xFE,0x01,0x00,0x01,0x00,0x31,0x08,0x31,0x08,
    0x31,0x08,0x3F,0xF8,0x01,0x00,0x01,0x00,0x01,0x06,0x01,0x04,0x01,0xFC,0x00,0x00,
    0x01,0x00,0x01,0x00,0x01,0x00,0x21,0x04,0x21,0x04,0x21,0x04,0x21,0x04,0x21,0x04,
    0x21,0x04,0x21,0x04,0x21,0x04,0x21,0x04,0x3F,0xFC,0x00,0x04,0x00,0x00,0x08,0x60,
    0x08,0x40,0x08,0x7E,0x4A,0x80,0x4B,0x80,0x4B,0x00,0x4A,0xFC,0x4A,0x18,0x4A,0x30,
    0x4A,0x60,0x4A,0x42,0x4A,0x82,0x7E,0x82,0x00,0xFE,0x00,0x00,0x08,0xC0,0x08,0xC0,
    0x08,0xFE,0x4A,0xFE,0x4A,0x80,0x4A,0x80,0x4A,0xFC,0x4A,0x04,0x4A,0x04,0x4B,0xF4,
    0x4B,0xF4,0x4A,0x04,0x7E,0x0C,0x00,0x38,0x00,0x00,0x01,0x00,0x21,0x0C,0x21,0x0C,
    0x3F,0xFC,0x00,0x00,0x06,0x00,0x0F,0xF8,0x1F,0xF8,0x38,0x18,0x67,0x30,0x02,0xE0,
    0x03,0x80,0x0E,0x00,0x78,0x00,0x20,0x00,0x01,0x00,0x21,0x08,0x21,0x08,0x3F,0xF8,
    0x00,0x00,0x00,0x00,0x3F,0xF8,0x00,0x08,0x00,0x08,0x3F,0xF8,0x30,0x00,0x30,0x04,
    0x30,0x04,0x1F,0xFC,0x00,0x00,0x02,0x40,0x06,0x60,0x0C,0x30,0x18,0x18,0xEF,0xFE,
    0x46,0x12,0x04,0x30,0x0D,0x30,0x30,0xE0,0x01,0x00,0x31,0x08,0x31,0x08,0x31,0x08,
    0x3F,0xF8,0x00,0x08,0x01,0x00,0x21,0x0C,0x21,0x0C,0x3F,0xFC,0x00,0x00,0x3F,0xFC,
    0x20,0x0C,0x2C,0x2C,0x22,0x4C,0x21,0x8C,0x23,0xCC,0x24,0x6C,0x38,0x2C,0x20,0x3C,
    0x20,0x30,0x03,0x00,0x02,0x00,0x1F,0xF0,0x16,0x10,0x13,0x90,0x11,0x70,0x10,0x00,
    0x1F,0xFC,0x02,0x04,0x22,0x24,0x22,0x24,0x22,0x24,0x3F,0xE4,0x00,0x3C,0x00,0x30,
    0x00,0x00,0x01,0x00,0x21,0x08,0x21,0x08,0x3F,0xF8,0x00,0x00,0x00,0x00,0x7F,0xFE,
    0x04,0x00,0x0C,0x00,0x1F,0xF8,0x38,0x08,0x48,0x08,0x08,0x08,0x0F,0xF8,0x08,0x08,
    0x10,0x20,0x10,0x30,0x10,0x50,0x54,0xC8,0x55,0xE4,0x55,0x22,0x54,0x10,0x54,0x00,
    0x55,0xFC,0x54,0x08,0x54,0x98,0x54,0x50,0x7C,0x30,0x00,0x18,0x00,0x08,0x00,0x08,
    0x1F,0xF8,0x10,0x00,0x10,0x00,0x1F,0xFC,0x10,0x20,0x10,0x20,0x10,0x20,0x7F,0xFE,
    0x01,0x00,0x31,0x08,0x31,0x08,0x31,0x08,0x3F,0xF8,0x00,0x08,0x01,0x80,0x11,0x8C,
    0x11,0x8C,0x1F,0xFC,0x00,0x00,0x3F,0xFE,0x30,0x00,0x30,0x00,0x37,0xFC,0x30,0x40,
    0x20,0x40,0x2F,0xFE,0x60,0x40,0xC0,0x40,0x40,0x40,0x01,0x80,0x21,0x88,0x21,0x88,
    0x3F,0xF8,0x00,0x00,0x24,0x00,0x25,0xFC,0x24,0x0C,0x24,0x0C,0x25,0xFC,0x24,0x0C,
    0x2C,0x0C,0x0B,0xFC,0x33,0xFC,0x20,0x0C,0x10,0x20,0x10,0x20,0x11,0xFC,0x54,0x20,
    0x54,0x20,0x55,0xFE,0x54,0x08,0x54,0x08,0x55,0xFE,0x54,0x08,0x55,0x88,0x54,0x48,
    0x7C,0x48,0x00,0x38,0x00,0x00,0x10,0x20,0x10,0x20,0x11,0xFC,0x54,0x20,0x55,0x24,
    0x54,0xA4,0x54,0xA8,0x54,0x20,0x55,0xFE,0x54,0x30,0x54,0x50,0x54,0xD8,0x7D,0x8C,
    0x03,0x06,0x00,0x02,0x01,0x00,0x01,0x80,0x7F,0xFC,0x06,0x40,0x1E,0x50,0x16,0x58,
    0x26,0x44,0x46,0x42,0x00,0x00,0x31,0x08,0x31,0x08,0x31,0x08,0x31,0x08,0x3F,0xF8,
    0x00,0x08,0x10,0x10,0x10,0xD8,0x13,0x94,0x54,0x96,0x54,0x90,0x57,0xFE,0x54,0x94,
    0x54,0xB6,0x54,0xF4,0x57,0x98,0x54,0x90,0x54,0xBA,0x7C,0xEA,0x03,0x8E,0x00,0x00,
    0x10,0x10,0x10,0x58,0x10,0x8C,0x55,0x86,0x55,0x34,0x54,0x50,0x54,0xC8,0x55,0x84,
    0x57,0xFE,0x54,0x8C,0x54,0x8C,0x54,0x8C,0x7C,0x8C,0x00,0xFC,0x00,0x8C,0x10,0x20,
    0x11,0x26,0x10,0xA4,0x54,0x68,0x54,0x20,0x54,0xFC,0x54,0x84,0x54,0xFC,0x54,0x84,
    0x54,0x84,0x54,0xFC,0x54,0x84,0x7C,0x84,0x00,0x9C,0x00,0x98,0x00,0x00,0x10,0x40,
    0x10,0xFC,0x11,0x8C,0x57,0xD8,0x54,0x70,0x54,0xDC,0x57,0x26,0x55,0xFC,0x54,0x20,
    0x54,0x20,0x55,0xFC,0x54,0x20,0x7F,0xFE,0x00,0x20,0x00,0x20,0x00,0x00,0x10,0x20,
    0x10,0x58,0x10,0xC8,0x55,0xFC,0x55,0x82,0x54,0xD8,0x55,0x84,0x57,0x42,0x54,0xFC,
    0x55,0x88,0x57,0x58,0x55,0x30,0x7C,0x78,0x03,0x8E,0x02,0x00,0x01,0x00,0x31,0x08,
    0x3F,0xF8,0x00,0x00,0x01,0x00,0x3F,0xFC,0x20,0x04,0x2F,0xF4,0x00,0x00,0x00,0x00,
    0x7F,0xFC,0x0D,0xB0,0x39,0x9C,0x67,0x86,0x02,0x00,0x10,0x20,0x10,0x20,0x11,0xFC,
    0x54,0x70,0x54,0xDC,0x55,0x04,0x55,0xFE,0x54,0x0C,0x55,0xEC,0x55,0x2C,0x55,0x2C,
    0x55,0xEC,0x7C,0x0C,0x00,0x38,0x00,0x00,0x01,0x80,0x11,0x8C,0x1F,0xFC,0x1F,0xFC,
    0x08,0x80,0x1F,0xFC,0x30,0x80,0x30,0x80,0xDF,0xFC,0x50,0x80,0x1F,0xFC,0x10,0x80,
    0x10,0x80,0x1F,0xFE,0x10,0x00,0x01,0x80,0x31,0x8C,0x3F,0xFC,0x00,0x00,0x3F,0xFE,
    0x20,0x00,0x20,0xC0,0x2F,0xFC,0x20,0xC0,0x2F,0xFC,0x20,0xC0,0x2F,0xFC,0x60,0xC0,
    0x5F,0xFE,0x40,0x00,0x01,0x00,0x21,0x0C,0x3F,0xFC,0x00,0x00,0x00,0x00,0x3E,0xF8,
    0x22,0x88,0x3E,0xF8,0x22,0x88,0x22,0x88,0x3E,0xF8,0x22,0x88,0x22,0x88,0x4F,0xB8,
    0xC9,0x20,0x21,0x88,0x31,0x88,0x3F,0xF8,0x00,0x00,0x18,0x0C,0x7F,0xF8,0x10,0x80,
    0x28,0x80,0x3F,0xFE,0x08,0x88,0x08,0x88,0x7F,0x88,0x08,0x88,0x09,0x08,0x0B,0x08,
    0x01,0x00,0x31,0x08,0x3F,0xF8,0x3F,0xF8,0x22,0x40,0x22,0x40,0x7F,0xFC,0x22,0xA4,
    0x23,0xA8,0x3E,0x20,0x22,0x70,0x22,0x50,0x3E,0xC8,0x3F,0x86,0x01,0x02,0x01,0x00,
    0x21,0x08,0x3F,0xF8,0x00,0x20,0x3F,0xFC,0x09,0x24,0x7F,0x24,0x3D,0xFC,0x4B,0x24,
    0x11,0xFC,0x7E,0x68,0x34,0x7C,0x0C,0xA6,0x73,0x3E,0x02,0x00,0x10,0x0C,0x10,0x8C,
    0x10,0x8C,0x10,0x8C,0x10,0x8C,0x10,0x8C,0x10,0x8C,0x10,0x8C,0x10,0x8C,0x10,0x8C,
    0x10,0x8C,0x30,0x8C,0x20,0x8C,0x60,0x8C,0x40,0x0C,0x08,0x0C,0x08,0x8C,0x08,0x8C,
    0x08,0x8C,0x2C,0xAC,0x2A,0xAC,0x2A,0x9C,0x49,0x9C,0x49,0x9C,0x08,0x8C,0x18,0x8C,
    0x10,0x8C,0x30,0x8C,0x60,0x8C,0x20,0x00,0x61,0x24,0x23,0x64,0x12,0x48,0x12,0x48,
    0x04,0x98,0x74,0x90,0x16,0x48,0x12,0x48,0x13,0x64,0x11,0x24,0x31,0x26,0x6C,0x00,
    0xC7,0xFE,0x00,0x00,0x00,0x00,0x0C,0xCC,0x31,0x18,0x33,0x38,0x0C,0xCC,0x1F,0xF8,
    0x11,0x08,0x1F,0xF8,0x11,0x08,0x1F,0xF8,0x01,0x00,0x7F,0xFE,0x03,0xC0,0x0D,0x30,
    0x71,0x0E,0x01,0x00,0x00,0x00,0x3F,0xFC,0x3F,0xFC,0x01,0x80,0x01,0x80,0x01,0x80,
    0x01,0x80,0x01,0x80,0x01,0x80,0x01,0x80,0x01,0x80,0x01,0x80,0x7F,0xFE,0x7F,0xFE,
    0x03,0x00,0x02,0x00,0x7F,0xFE,0x7F,0xFE,0x06,0x00,0x04,0x00,0x0C,0x00,0x0F,0xFC,
    0x18,0xC0,0x30,0xC0,0x20,0xC0,0x60,0xC0,0xC0,0xC0,0x1F,0xFE,0x01,0xFE,0x7E,0xC0,
    0x10,0xC0,0x10,0x80,0x10,0x80,0x10,0xFC,0x10,0x04,0x10,0x04,0x12,0x0C,0x3E,0x0C,
    0x60,0x0C,0x00,0x08,0x00,0x78,0x00,0x00,0x3F,0xFC,0x20,0x00,0x20,0x00,0x20,0x00,
    0x3F,0xF8,0x20,0x08,0x20,0x08,0x20,0x08,0x3F,0xF8,0x20,0x00,0x20,0x00,0x20,0x00,
    0x3F,0xFE,0x01,0xF8,0x7D,0x18,0x11,0x18,0x11,0x18,0x11,0xD8,0x11,0x58,0x11,0x38,
    0x11,0x38,0x11,0x38,0x1D,0x1A,0x73,0x1A,0x02,0x1A,0x06,0x0E,0x04,0x00,0x3F,0xFC,
    0x01,0x00,0x09,0x10,0x09,0x10,0x19,0x10,0x19,0x30,0x1D,0x28,0x35,0x2C,0x27,0x46,
    0x43,0x44,0x01,0x00,0x01,0x00,0x7F,0xFE,0x08,0x30,0x04,0x60,0x3F,0xFC,0x01,0x00,
    0x01,0x00,0x3F,0xF8,0x02,0x00,0x7F,0xFE,0x04,0x00,0x0C,0x00,0x1F,0xF8,0x30,0x80,
    0xC0,0x80,0x3F,0xFE,0x00,0x00,0x00,0x00,0x3F,0xF8,0x00,0x08,0x00,0x08,0x00,0x08,
    0x00,0x08,0x3F,0xF8,0x30,0x00,0x30,0x00,0x30,0x00,0x30,0x04,0x30,0x04,0x30,0x04,
    0x1F,0xFC,0x00,0x00,0x3F,0xF8,0x00,0x08,0x00,0x08,0x30,0x08,0x30,0x08,0x3F,0xF8,
    0x30,0x00,0x30,0x00,0x30,0x00,0x30,0x06,0x30,0x04,0x30,0x04,0x1F,0xFC,0x00,0x00,
    0x3F,0xF8,0x30,0x08,0x30,0x08,0x30,0x08,0x30,0x08,0x3F,0xF8,0x30,0x00,0x30,0x00,
    0x30,0x00,0x30,0x06,0x30,0x04,0x30,0x04,0x1F,0xFC,0x00,0x00,0x3F,0xF8,0x21,0x08,
    0x21,0x08,0x21,0x08,0x21,0x08,0x3F,0xF8,0x3F,0xF8,0x20,0x00,0x20,0x00,0x20,0x04,
    0x20,0x06,0x20,0x04,0x1F,0xFC,0x00,0x00,0x04,0x20,0x04,0x20,0x7F,0xFC,0x04,0x20,
    0x04,0x20,0x7F,0xFC,0x0C,0x20,0x18,0x30,0x3F,0xFC,0xD0,0x36,0x1F,0xF0,0x10,0x08,
    0x10,0x08,0x1F,0xF8,0x00,0x00,0x01,0x00,0x01,0x00,0x01,0x00,0x3F,0xF8,0x21,0x08,
    0x21,0x08,0x21,0x08,0x21,0x08,0x21,0x08,0x21,0x08,0x21,0x08,0x21,0x38,0x21,0x20,
    0x01,0x00,0x01,0x00,0x01,0xFC,0x7F,0x80,0x01,0x00,0x01,0x00,0x3F,0xF8,0x31,0x08,
    0x31,0x08,0x31,0x08,0x31,0x08,0x31,0x08,0x31,0x08,0x31,0x38,0x01,0x00,0x01,0x00,
    0x00,0x00,0x01,0x00,0x01,0x00,0x7F,0xFE,0x01,0x00,0x01,0x00,0x3F,0xF8,0x3F,0xF8,
    0x31,0x08,0x31,0x08,0x31,0x08,0x31,0x08,0x31,0x08,0x31,0x38,0x01,0x00,0x01,0x00,
    0x03,0x00,0x02,0x00,0x7F,0xFE,0x04,0x00,0x0C,0x80,0x08,0x80,0x1F,0xF8,0x38,0x88,
    0x78,0x88,0xD8,0x88,0x18,0x88,0x18,0x88,0x18,0xB8,0x00,0x80,0x00,0x80,0x08,0x20,
    0x08,0x20,0x28,0x20,0x29,0xFC,0x29,0x24,0x29,0x24,0x29,0x24,0x29,0x24,0x29,0x24,
    0x29,0x24,0x29,0x24,0x09,0x3C,0x10,0x20,0x70,0x20,0x20,0x20,0x10,0x00,0x10,0xF8,
    0x10,0x88,0x7E,0x88,0x52,0x88,0x52,0xC8,0x52,0xA8,0x52,0xA8,0x52,0xB8,0x52,0x88,
    0x56,0x8A,0x55,0x0A,0x11,0x0A,0x13,0x0E,0x12,0x00,0x08,0x00,0x2B,0xFE,0x28,0x20,
    0x28,0x20,0x29,0xFC,0x29,0x24,0x29,0x24,0x29,0x24,0x29,0x24,0x29,0x24,0x29,0x24,
    0x19,0x3C,0x10,0x20,0x60,0x20,0x20,0x20,0x10,0x08,0x3E,0x30,0x03,0xC0,0x1E,0x70,
    0x33,0x0C,0x02,0x00,0x7F,0xFE,0x0C,0x80,0x18,0x80,0x3F,0xF8,0xF0,0x88,0x50,0x88,
    0x10,0x98,0x10,0xB0,0x00,0x80,0x10,0x80,0x10,0x84,0x10,0x88,0x7C,0xB0,0x54,0xE0,
    0x54,0x80,0x55,0xFE,0x54,0xA0,0x54,0x90,0x54,0x90,0x5C,0x98,0x54,0x88,0x10,0xA4,
    0x10,0xC2,0x10,0x80,0x18,0x30,0x18,0x20,0x18,0x20,0x7E,0xFC,0x5A,0x84,0x5A,0x84,
    0x5A,0x84,0x5A,0xFC,0x5A,0xFC,0x5A,0x84,0x5E,0x84,0x5C,0x84,0x18,0xFC,0x18,0x84,
    0x18,0x84,0x08,0x20,0x08,0x20,0x08,0x20,0x7E,0x3E,0x4A,0x20,0x4A,0x20,0x4A,0x20,
    0x4A,0xFC,0x4A,0x84,0x4A,0x84,0x4A,0x84,0x4C,0x84,0x08,0xFC,0x08,0xFC,0x08,0x84,
    0x01,0x00,0x01,0x80,0x3F,0xFC,0x20,0x04,0x26,0x64,0x1C,0x18,0x61,0x06,0x01,0x00,
    0x1F,0xF8,0x11,0x08,0x11,0x08,0x11,0x08,0x11,0x38,0x01,0x00,0x01,0x00,0x3F,0xF8,
    0x00,0x08,0x1F,0xF8,0x00,0x08,0x3F,0xF8,0x00,0x00,0x7F,0xFC,0x61,0x04,0x1F,0xF8,
    0x11,0x08,0x11,0x08,0x11,0x18,0x11,0x30,0x01,0x00,0x00,0x00,0x01,0x00,0x03,0x00,
    0x1F,0xF8,0x10,0x08,0x1F,0xF8,0x10,0x08,0x1F,0xF8,0x01,0x00,0x01,0x00,0x3F,0xFC,
    0x21,0x0C,0x21,0x0C,0x21,0x3C,0x21,0x10,0x01,0x00,0x10,0x00,0x10,0xFC,0x10,0x84,
    0x7E,0x84,0x52,0x84,0x52,0x84,0x52,0x84,0x52,0xFC,0x52,0x00,0x52,0x48,0x52,0x48,
    0x54,0x84,0x11,0x86,0x13,0x02,0x12,0x02,0x01,0x00,0x01,0x80,0x7F,0xFC,0x04,0x20,
    0x04,0x60,0x7F,0xFC,0x60,0x04,0x61,0x04,0x1F,0xF8,0x11,0x18,0x11,0x18,0x11,0x18,
    0x11,0x30,0x11,0x20,0x01,0x00,0x09,0x10,0x09,0x10,0x7F,0xFE,0x09,0x10,0x09,0x10,
    0x7F,0xFC,0x60,0x04,0x61,0x04,0x1F,0xF8,0x11,0x08,0x11,0x08,0x11,0x08,0x11,0x38,
    0x01,0x20,0x01,0x00,0x10,0x20,0x10,0x20,0x10,0x3E,0x7C,0x20,0x55,0xFC,0x55,0xFC,
    0x55,0x24,0x55,0x24,0x55,0x24,0x55,0x24,0x5D,0x24,0x54,0x70,0x10,0xCC,0x13,0x06,
    0x02,0x02,0x01,0x80,0x00,0x80,0x3F,0xFC,0x22,0x10,0x2F,0xFE,0x22,0x10,0x22,0x10,
    0x23,0xF0,0x20,0x80,0x2F,0xF8,0x2C,0x88,0x2C,0x88,0x4C,0xA8,0xCC,0x90,0x40,0x80,
    0x00,0x00,0x08,0x00,0x08,0x7C,0x7F,0x44,0x08,0x48,0x3F,0x58,0x08,0x44,0x7F,0x44,
    0x08,0x58,0x11,0x00,0x7F,0xF8,0x11,0x08,0x11,0x08,0x11,0x08,0x11,0x38,0x01,0x00,
    0x11,0x18,0x09,0x10,0x0D,0x20,0x7F,0xFC,0x60,0x04,0x6F,0xF4,0x08,0x10,0x0F,0xF0,
    0x01,0x00,0x3F,0xF8,0x31,0x08,0x31,0x08,0x31,0x08,0x31,0x38,0x01,0x00,0x10,0x00,
    0x11,0xFC,0x11,0x04,0x7D,0x74,0x55,0x04,0x55,0x74,0x54,0x00,0x55,0xFC,0x55,0x84,
    0x55,0xFC,0x5D,0x84,0x55,0xFC,0x11,0x84,0x11,0xFC,0x11,0x80,0x3F,0xFC,0x20,0x04,
    0x3F,0xFC,0x10,0x18,0x1F,0xF8,0x1F,0xF8,0x02,0x00,0x7F,0xFE,0x09,0x30,0x3F,0xF8,
    0xF1,0x16,0x11,0x10,0x11,0x30,0x01,0x00,0x00,0x00,0x10,0x00,0x11,0xFE,0x10,0x00,
    0x7C,0xFC,0x54,0x84,0x54,0x84,0x54,0xFC,0x54,0x00,0x55,0xFC,0x55,0x24,0x55,0xFC,
    0x55,0x24,0x11,0x24,0x11,0xFC,0x11,0x04,0x10,0x00,0x11,0xFC,0x11,0x04,0x7D,0xFC,
    0x55,0x04,0x55,0xFC,0x55,0x24,0x54,0xA8,0x54,0xA8,0x55,0xFE,0x54,0x90,0x18,0x92,
    0x10,0x92,0x13,0x1E,0x12,0x00,0x04,0x20,0x7F,0xFE,0x04,0x20,0x1F,0xF8,0x10,0x08,
    0x1F,0xF8,0x1F,0xF8,0x02,0x00,0x7F,0xFE,0x0D,0x30,0x11,0x18,0x7F,0xF6,0x11,0x10,
    0x11,0x30,0x01,0x00,0x10,0x20,0x10,0x20,0x11,0xFC,0x7C,0x90,0x57,0xFE,0x54,0x00,
    0x55,0xFC,0x55,0xFC,0x55,0x24,0x55,0xFC,0x54,0x20,0x59,0xFC,0x10,0x20,0x13,0xFE,
    0x10,0x00,0x3F,0xF8,0x01,0x80,0x01,0x80,0x01,0x80,0x01,0x80,0x01,0x80,0x7F,0xFE,
    0x01,0x80,0x01,0x80,0x01,0x80,0x01,0x80,0x01,0x80,0x01,0x80,0x00,0x00,0x3F,0xFC,
    0x01,0x00,0x31,0x08,0x11,0x18,0x09,0x10,0x0D,0x20,0x09,0x20,0x7F,0xFE,0x01,0x00,
    0x01,0x00,0x01,0x00,0x01,0x00,0x01,0x00,0x01,0x00,0x08,0x00,0x18,0x00,0x1F,0xFC,
    0x30,0x80,0x60,0x80,0x40,0x80,0x1F,0xFC,0x10,0x80,0x10,0x80,0x10,0x80,0x7F,0xFE,
    0x00,0x80,0x00,0x80,0x00,0x80,0x00,0x00,0x08,0x10,0x0C,0x30,0x04,0x20,0x3F,0xFC,
    0x04,0x20,0x04,0x20,0x04,0x20,0x04,0x20,0x7F,0xFE,0x04,0x20,0x0C,0x20,0x08,0x20,
    0x18,0x20,0x30,0x20,0x20,0x20,0x00,0x00,0x01,0x00,0x01,0x00,0x3F,0xF8,0x01,0x00,
    0x01,0x00,0x7F,0xFE,0x0C,0x20,0x04,0x20,0x3F,0xFC,0x01,0x00,0x01,0x00,0x7F,0xFE,
    0x01,0x00,0x01,0x00,0x01,0x00,0x0C,0x00,0x09,0xFC,0x19,0xFC,0x12,0x04,0x33,0x04,
    0x22,0x04,0x7E,0x04,0x04,0x04,0x0A,0x04,0x1A,0x0C,0x11,0x0C,0x27,0x0C,0x7E,0x8C,
    0x01,0x38,0x00,0x00,0x08,0x40,0x18,0x40,0x10,0x40,0x33,0xFC,0x27,0xFC,0x7C,0x44,
    0x7C,0x44,0x08,0x44,0x14,0x44,0x12,0xC4,0x22,0x84,0x7F,0x84,0x41,0x0C,0x03,0x38,
    0x02,0x00,0x01,0x00,0x0D,0x20,0x29,0x24,0x2B,0x2C,0x33,0x54,0x3D,0xF4,0x25,0x24,
    0x2D,0x34,0x2B,0x34,0x33,0x4C,0x3F,0x7C,0x21,0x04,0x21,0x04,0x3F,0xFC,0x00,0x04,
    0x00,0x80,0x00,0x80,0x1F,0xFE,0x10,0x00,0x10,0x00,0x10,0x00,0x10,0x00,0x10,0x00,
    0x10,0x00,0x10,0x00,0x30,0x00,0x20,0x00,0x60,0x00,0x40,0x00,0x00,0x00,0x00,0x80,
    0x00,0x80,0x3F,0xFE,0x30,0x00,0x30,0x40,0x30,0x40,0x30,0x40,0x37,0xFC,0x30,0x40,
    0x30,0x40,0x20,0x40,0x20,0x40,0x60,0x40,0x5F,0xFE,0x40,0x00,0x01,0x80,0x00,0x80,
    0x3F,0xFE,0x30,0x00,0x30,0x80,0x30,0x80,0x3F,0xFC,0x3F,0xFC,0x30,0xC0,0x20,0xC0,
    0x21,0x60,0x23,0x30,0x66,0x18,0x5C,0x0E,0x50,0x02,0x00,0x80,0x00,0x80,0x1F,0xFE,
    0x10,0x00,0x14,0x60,0x14,0x64,0x14,0x6E,0x17,0xF8,0x14,0x60,0x34,0x60,0x24,0x64,
    0x24,0xE2,0x67,0xE6,0x46,0x3C,0x40,0x00,0x00,0x80,0x00,0x80,0x3F,0xFE,0x20,0x00,
    0x20,0xC0,0x20,0xC0,0x2F,0xFC,0x20,0xC0,0x21,0xE0,0x23,0xF0,0x22,0xD8,0x2C,0xCC,
    0x78,0xC6,0x50,0xC0,0xC0,0xC0,0x00,0x80,0x00,0x80,0x3F,0xFE,0x30,0x00,0x37,0xFC,
    0x30,0x08,0x33,0x30,0x30,0xC0,0x3F,0xFE,0x30,0x44,0x20,0x44,0x20,0x48,0x20,0x40,
    0x43,0xC0,0x41,0x00,0x00,0x00,0x00,0x80,0x00,0x80,0x3F,0xFE,0x30,0x40,0x30,0x40,
    0x37,0xFC,0x36,0x0C,0x36,0x0C,0x36,0x0C,0x27,0xFC,0x24,0x00,0x24,0x00,0x24,0x00,
    0x48,0x00,0x48,0x00,0x00,0x80,0x00,0x80,0x3F,0xFE,0x30,0x80,0x31,0x00,0x3F,0xFC,
    0x32,0x40,0x32,0x40,0x37,0xFC,0x20,0x40,0x20,0x40,0x2F,0xFE,0x60,0x40,0x40,0x40,
    0x40,0x40,0x00,0x00,0x00,0x80,0x00,0x80,0x1F,0xFE,0x10,0x00,0x10,0x80,0x1C,0x84,
    0x14,0xC8,0x14,0x48,0x36,0x48,0x32,0x50,0x22,0x10,0x20,0x10,0x20,0x20,0x4F,0xFE,
    0x40,0x00,0x00,0x00,0x00,0x80,0x00,0x80,0x1F,0xFE,0x10,0x00,0x11,0xFC,0x17,0xC0,
    0x14,0x60,0x14,0x20,0x17,0xFE,0x34,0x20,0x24,0x20,0x24,0xF2,0x27,0x16,0x44,0xDC,
    0x40,0x80,0x00,0x80,0x00,0xC0,0x1F,0xFC,0x10,0x80,0x10,0x80,0x10,0xFE,0x10,0x80,
    0x10,0x80,0x37,0xF8,0x37,0xF8,0x24,0x08,0x24,0x08,0x64,0x08,0x47,0xF8,0x44,0x08,
    0x00,0x80,0x00,0xC0,0x3F,0xFE,0x30,0x40,0x30,0x40,0x37,0xFC,0x37,0xFC,0x34,0x44,
    0x34,0x44,0x27,0xFC,0x24,0x44,0x24,0x44,0x67,0xFC,0x44,0x04,0x40,0x00,0x00,0x00,
    0x00,0x80,0x00,0x80,0x3F,0xFE,0x30,0x80,0x3F,0xF8,0x30,0x88,0x30,0x88,0x3F,0xFE,
    0x20,0x88,0x2F,0xF8,0x20,0xC0,0x21,0x40,0x63,0x30,0x5C,0x1E,0x50,0x02,0x00,0x80,
    0x00,0x80,0x3F,0xFE,0x22,0x10,0x22,0x08,0x26,0x08,0x25,0xFE,0x2C,0x88,0x3C,0x88,
    0x24,0x48,0x24,0x48,0x24,0x08,0x64,0x08,0x44,0x78,0x44,0x40,0x00,0x80,0x00,0x80,
    0x3F,0xFE,0x31,0x20,0x31,0x10,0x3F,0xFE,0x3F,0xFE,0x33,0x4C,0x22,0x48,0x22,0x50,
    0x26,0x60,0x24,0xC2,0x6F,0x46,0x5A,0x7C,0x40,0x00,0x00,0x80,0x00,0x80,0x1F,0xFE,
    0x14,0xB0,0x15,0x98,0x17,0xFE,0x11,0x00,0x11,0x00,0x33,0xF8,0x33,0x18,0x26,0x90,
    0x2C,0x60,0x68,0xF0,0x57,0x0E,0x44,0x02,0x00,0x80,0x00,0x80,0x3F,0xFE,0x22,0x10,
    0x2F,0xFE,0x22,0x10,0x22,0x10,0x23,0xF0,0x20,0x00,0x2F,0xF8,0x26,0x10,0x23,0x60,
    0x61,0xC0,0x5E,0x3E,0xD0,0x00,0x01,0x80,0x00,0x80,0x3F,0xFE,0x20,0x40,0x22,0x48,
    0x24,0x58,0x26,0x58,0x29,0x74,0x29,0x66,0x20,0x40,0x2F,0xFC,0x20,0x40,0x60,0x40,
    0x5F,0xFE,0x40,0x00,0x00,0x00,0x01,0x80,0x00,0x80,0x3F,0xFE,0x20,0x00,0x2F,0x3C,
    0x23,0xD0,0x24,0x10,0x28,0xFC,0x27,0x10,0x2A,0x10,0x2A,0xFC,0x26,0x00,0x67,0x00,
    0x59,0xFE,0xD0,0x00,0x00,0x80,0x00,0x80,0x3F,0xFE,0x22,0x10,0x22,0x10,0x2F,0xFC,
    0x22,0x10,0x22,0x10,0x23,0xF0,0x20,0x00,0x25,0x68,0x29,0x2C,0x69,0x24,0x59,0x26,
    0xC0,0x00,0x00,0x80,0x3F,0xFE,0x3F,0xFE,0x20,0x80,0x2F,0xF8,0x20,0x88,0x2F,0xFE,
    0x20,0x88,0x2F,0xF8,0x2C,0xC4,0x27,0xB8,0x23,0xB0,0x6C,0x8C,0x53,0x86,0x00,0x00,
    0x00,0x00,0x01,0x80,0x3F,0xFE,0x20,0x00,0x2F,0xFC,0x20,0x8C,0x3F,0xFE,0x20,0x8C,
    0x2F,0xF0,0x2F,0xFC,0x28,0x8C,0x2F,0xFC,0x28,0x8C,0x4F,0xFC,0x48,0x98,0x40,0x00,
    0x00,0x80,0x00,0x80,0x3F,0xFE,0x22,0x30,0x2F,0xFC,0x21,0x20,0x2F,0xF8,0x21,0x28,
    0x2F,0xFE,0x21,0x28,0x2F,0xF8,0x23,0x30,0x6D,0x2C,0x59,0x26,0x40,0x00,0x00,0x00,
    0x01,0x80,0x3F,0xFE,0x3F,0xFE,0x22,0x00,0x2F,0xBC,0x2C,0xA4,0x2F,0xA4,0x2C,0xA8,
    0x2C,0xAC,0x2F,0xA4,0x2D,0x24,0x2C,0xA4,0x4F,0xEC,0x48,0xA0,0x00,0x00,0x00,0x00,
    0x01,0x80,0x3F,0xFE,0x3F,0xFE,0x22,0x00,0x2F,0xFC,0x20,0x24,0x2F,0xA4,0x2F,0xAC,
    0x20,0x24,0x2F,0xA4,0x23,0x22,0x3F,0xE2,0x42,0x2C,0xC6,0x20,0x00,0x20,0x00,0x00,
    0x00,0x80,0x3F,0xFE,0x20,0x00,0x2F,0xFC,0x24,0xA4,0x26,0x94,0x27,0xBC,0x28,0xE0,
    0x23,0x38,0x3D,0xC6,0x26,0x30,0x23,0xCC,0x6C,0x70,0x47,0x80,0x48,0x00,0x7D,0xFC,
    0x0D,0x20,0x18,0x20,0x11,0x20,0x21,0x3C,0x7D,0x3C,0x25,0x20,0x69,0x20,0x29,0x20,
    0x39,0xFC,0x10,0x00,0x2C,0x00,0xC3,0xFE,0x40,0x00,0x00,0x00,0x7C,0x3C,0x0F,0xE0,
    0x18,0x20,0x30,0x20,0x23,0xFC,0x7F,0xFC,0x24,0x20,0x68,0x20,0x28,0x20,0x3B,0xFC,
    0x10,0x00,0x2C,0x00,0xC3,0xFE,0x40,0x00,0x00,0x00,0x00,0x40,0x7B,0xF8,0x08,0x48,
    0x10,0x48,0x37,0xFE,0x60,0x48,0x7B,0xF8,0x08,0x40,0x4B,0xFC,0x30,0x40,0x37,0xFC,
    0x30,0x40,0x38,0x40,0xC7,0xFE,0x40,0x00,0x3F,0xFC,0x04,0x20,0x04,0x20,0x04,0x20,
    0x04,0x20,0x04,0x20,0x7F,0xFE,0x0C,0x20,0x0C,0x20,0x08,0x20,0x08,0x20,0x10,0x20,
    0x70,0x20,0x20,0x20,0x3F,0xF8,0x30,0x08,0x30,0x08,0x3F,0xF8,0x30,0x06,0x10,0x04,
    0x1F,0xFC,0x04,0x20,0x04,0x20,0x7F,0xFE,0x04,0x20,0x08,0x20,0x70,0x20,0x20,0x20,
    0x00,0x00,0x01,0x00,0x01,0x80,0x7F,0xFE,0x06,0x20,0x0C,0x60,0x18,0x18,0x3F,0xFC,
    0x00,0x04,0x04,0x20,0x7F,0xFE,0x04,0x20,0x0C,0x20,0x18,0x20,0x70,0x20,0x20,0x20,
    0x3F,0xFC,0x01,0x00,0x01,0x00,0x3F,0xF8,0x01,0x00,0x01,0x00,0x7F,0xFC,0x04,0x20,
    0x04,0x20,0x7F,0xFE,0x0C,0x20,0x08,0x20,0x70,0x20,0x20,0x20,0x29,0x30,0x29,0x20,
    0x1A,0x3E,0x3F,0x44,0x3B,0xE8,0x3B,0x28,0x3B,0x10,0x29,0x6C,0x23,0xC2,0x04,0x20,
    0x7F,0xFE,0x7F,0xFE,0x0C,0x20,0x78,0x20,0x20,0x20,0x00,0x50,0x00,0x48,0x00,0x4C,
    0x7F,0xFE,0x00,0x40,0x00,0x40,0x00,0x40,0x7F,0x40,0x08,0x40,0x08,0x60,0x08,0x24,
    0x09,0xA6,0x7F,0x34,0x00,0x1C,0x00,0x00,0x3F,0xF8,0x00,0x08,0x00,0x08,0x00,0x08,
    0x1F,0xF8,0x10,0x00,0x30,0x00,0x3F,0xFC,0x00,0x08,0x00,0x08,0x00,0x08,0x00,0x08,
    0x00,0xF0,0x00,0x00,0x00,0x08,0x3F,0x88,0x01,0x88,0x01,0x88,0x3F,0x88,0x3F,0x88,
    0x20,0x08,0x20,0x08,0x3F,0x88,0x01,0x88,0x01,0x88,0x01,0x88,0x01,0x88,0x1F,0x08,
    0x00,0x00,0x06,0x40,0x06,0x40,0x3F,0xF8,0x06,0x48,0x06,0x48,0x3F,0xF8,0x26,0x40,
    0x26,0x40,0x3F,0xFC,0x3F,0xFC,0x04,0x44,0x0C,0x44,0x08,0x5C,0x70,0x40,0x20,0x40,
    0x00,0x20,0x7C,0x20,0x04,0x20,0x04,0x60,0x04,0x40,0x3C,0x40,0x20,0x50,0x20,0xC8,
    0x3C,0x88,0x44,0x88,0x04,0x84,0x05,0x84,0x0F,0xFC,0x3D,0x06,0x00,0x00,0x00,0x60,
    0x78,0x60,0x09,0x60,0x09,0x6C,0x09,0x74,0x3B,0xE4,0x25,0x64,0x61,0x64,0x79,0x64,
    0x09,0x78,0x09,0x60,0x09,0x62,0x09,0x02,0x39,0xFE,0x20,0x00,0x08,0x20,0x04,0x20,
    0x3F,0xF8,0x01,0x08,0x01,0x08,0x3F,0xF8,0x31,0x00,0x21,0x00,0x3F,0xFC,0x03,0x04,
    0x07,0x04,0x0D,0x04,0x31,0x3C,0x41,0x00,0x01,0x00,0x00,0x00,0x01,0x80,0x7D,0x84,
    0x0D,0x98,0x0D,0xB0,0x0D,0xE0,0x3D,0x80,0x23,0xFE,0x21,0xA0,0x79,0xA0,0x09,0x90,
    0x09,0x90,0x09,0x88,0x09,0xE4,0x39,0xC2,0x01,0x00,0x00,0x80,0x78,0x80,0x09,0xFC,
    0x09,0x04,0x0B,0x04,0x7A,0x28,0x40,0x20,0x41,0xA8,0x79,0x28,0x09,0x24,0x0A,0x24,
    0x0A,0x26,0x0E,0x22,0x78,0xE0,0x00,0x00,0x00,0x60,0x7C,0x20,0x0F,0xFE,0x0C,0x60,
    0x0C,0x48,0x3C,0x8C,0x21,0x98,0x23,0xF0,0x78,0x20,0x08,0x78,0x08,0xC8,0x09,0x8C,
    0x0B,0xFC,0x7B,0x86,0x00,0x04,0x78,0x7C,0x0B,0xC8,0x0B,0x48,0x0B,0x48,0x7B,0x48,
    0x43,0x48,0x43,0x48,0x7A,0x48,0x0A,0x6C,0x0A,0x54,0x0A,0x94,0x0B,0xF6,0x74,0x92,
    0x04,0x00,0x00,0x00,0x01,0x00,0x01,0x00,0x7F,0xFC,0x0A,0x50,0x12,0x58,0x62,0x46,
    0x5F,0xFA,0x00,0x18,0x1F,0xF8,0x30,0x00,0x3F,0xF8,0x00,0x08,0x00,0x08,0x00,0xF8,
    0x00,0x80,0x7E,0xFC,0x02,0x04,0x02,0x04,0x3E,0xFC,0x20,0xC0,0x3E,0xFC,0x02,0x04,
    0x22,0xC4,0x12,0x24,0x1E,0x34,0x63,0xC4,0x02,0x04,0x1E,0x38,0x00,0x00,0x00,0x00,
    0x01,0x08,0x78,0x90,0x0B,0xFC,0x0B,0xFC,0x0A,0x24,0x3B,0xFC,0x22,0x24,0x62,0x24,
    0x7B,0xFC,0x08,0x20,0x08,0x20,0x0B,0xFE,0x08,0x20,0x38,0x20,0x00,0x20,0x79,0xF8,
    0x09,0x08,0x09,0x08,0x09,0xF8,0x78,0x60,0x63,0xFC,0x42,0x64,0x7A,0x64,0x0A,0x64,
    0x0B,0xFC,0x08,0x6C,0x08,0x6C,0x77,0xF6,0x00,0x02,0x04,0x00,0x45,0xFC,0x25,0xFC,
    0x24,0x04,0x24,0x04,0x24,0x04,0x24,0x04,0x25,0xFC,0x24,0x04,0x24,0x04,0x2C,0x04,
    0x08,0x04,0x19,0xFC,0x31,0xFC,0x60,0x00,0x01,0x00,0x31,0x0C,0x19,0x18,0x0D,0x30,
    0x09,0x20,0x3F,0xFC,0x00,0x0C,0x00,0x0C,0x00,0x0C,0x3F,0xFC,0x00,0x0C,0x00,0x0C,
    0x7F,0xFC,0x7F,0xFC,0x00,0x0C,0x3F,0xF8,0x00,0x18,0x1F,0xF8,0x00,0x18,0x00,0x18,
    0x7F,0xFE,0x21,0x08,0x19,0x9C,0x0B,0xF0,0x07,0x60,0x19,0x30,0x61,0x0E,0x47,0x02,
    0x00,0x00,0x00,0x00,0x08,0x08,0x0F,0xF0,0x1F,0xF0,0x00,0x10,0x7F,0xFE,0x2A,0x48,
    0x2C,0xF0,0x7E,0x6C,0x1C,0xBA,0x6A,0xEC,0x41,0x02,0x7F,0xFE,0x04,0x20,0x08,0x20,
    0x30,0x20,0x00,0x04,0x7F,0x88,0x12,0x10,0x12,0x60,0x12,0x40,0x12,0x0C,0x7F,0x98,
    0x7F,0xB0,0x12,0x60,0x12,0x46,0x12,0x0C,0x22,0x18,0x22,0x30,0x62,0xC0,0x40,0x80,
    0x00,0x04,0x3F,0x0C,0x21,0x18,0x29,0x30,0x25,0x40,0x25,0x04,0x25,0x08,0x7F,0xB0,
    0x21,0x60,0x21,0x46,0x21,0x0C,0x21,0x18,0x21,0x30,0x47,0xE0,0x40,0x40,0x01,0x00,
    0x00,0x80,0x7F,0xFE,0x04,0x20,0x06,0x20,0x3F,0xFC,0x30,0x38,0x33,0xE0,0x3E,0x08,
    0x30,0x70,0x2F,0x84,0x28,0x1C,0x60,0xF0,0x5F,0x00,0x50,0x00,0x7F,0x8C,0x60,0x18,
    0x29,0xB0,0x25,0x64,0x17,0x04,0x04,0x08,0x7F,0x90,0x0C,0x60,0x1E,0x46,0x17,0x0C,
    0x25,0x98,0xC4,0xB0,0x05,0xC0,0x04,0x80,0x00,0x00,0x04,0x00,0x07,0x8C,0x04,0x18,
    0x3F,0xB0,0x20,0xA4,0x27,0x88,0x3C,0x90,0x27,0xE4,0x20,0x06,0x2F,0x08,0x29,0x30,
    0x29,0x62,0x49,0x06,0x59,0xFC,0xD0,0x00,0x11,0x00,0x11,0x0C,0x11,0x08,0x7B,0xD0,
    0x11,0x60,0x33,0x24,0x3B,0x88,0x37,0x50,0x55,0x20,0xD5,0x46,0x59,0x0C,0x11,0x18,
    0x11,0x30,0x11,0x60,0x11,0x40,0x04,0x04,0x04,0x0C,0x7F,0x88,0x04,0x30,0x3F,0xE4,
    0x00,0x46,0x3F,0x0C,0x21,0x18,0x21,0x20,0x3F,0x46,0x11,0x04,0x1A,0x18,0x17,0xB0,
    0x7C,0x60,0x00,0x80,0x08,0x04,0x04,0x0C,0x7F,0x98,0x12,0x30,0x7F,0xA0,0x00,0x04,
    0x3F,0x08,0x21,0x30,0x3F,0x60,0x21,0x46,0x3F,0x0C,0x04,0x18,0x7F,0xB0,0x04,0xE0,
    0x04,0x40,0x00,0x04,0x3F,0x8C,0x20,0x98,0x3F,0xB0,0x3F,0xE0,0x04,0x04,0x7F,0xC8,
    0x00,0x10,0x3F,0xE0,0x20,0xC6,0x3F,0x84,0x35,0x08,0x24,0xB0,0xDC,0xE0,0x00,0x40,
    0x08,0x00,0x0D,0xF8,0x11,0x18,0x21,0x18,0x4D,0x1E,0x0B,0x0E,0x10,0x00,0x33,0xFC,
    0x71,0x08,0xD1,0x98,0x10,0xF0,0x10,0x60,0x11,0xF8,0x17,0x0E,0x14,0x02,0x0A,0x00,
    0x0A,0x7C,0x12,0x7C,0x22,0x24,0x52,0xA4,0x1F,0xA4,0x12,0x24,0x32,0x24,0x72,0x24,
    0xD2,0xA4,0x13,0x44,0x12,0x44,0x10,0x84,0x11,0x9C,0x11,0x00,0x08,0x60,0x18,0x60,
    0x33,0xFC,0x62,0x64,0x4A,0x6C,0x1A,0x60,0x13,0xFC,0x33,0x08,0xD2,0x88,0x52,0x98,
    0x16,0x50,0x14,0x20,0x14,0xD8,0x1F,0x8E,0x1A,0x02,0x0C,0x40,0x08,0x40,0x10,0x60,
    0x23,0xFC,0x48,0x40,0x08,0x40,0x10,0x40,0x33,0xFC,0x73,0xFC,0xD0,0x40,0x10,0x40,
    0x10,0x40,0x10,0x40,0x17,0xFE,0x10,0x00,0x08,0x00,0x1B,0xFE,0x30,0x20,0x60,0x20,
    0x48,0x20,0x1B,0x20,0x13,0x20,0x33,0x3C,0xD3,0x20,0x53,0x20,0x13,0x20,0x13,0x20,
    0x13,0x20,0x17,0xFE,0x10,0x00,0x08,0x00,0x1B,0xF8,0x10,0x18,0x20,0x30,0x48,0x60,
    0x08,0xF8,0x13,0x0E,0x34,0x02,0x73,0xFC,0xD3,0xFC,0x10,0x40,0x10,0x40,0x10,0x40,
    0x17,0xFE,0x10,0x00,0x08,0x40,0x08,0x40,0x13,0xFC,0x20,0x40,0x48,0x40,0x1F,0xFE,
    0x10,0x10,0x30,0x10,0xD7,0xFE,0x50,0x10,0x13,0x10,0x11,0x90,0x10,0x90,0x10,0x70,
    0x10,0x00,0x08,0x00,0x1B,0xFC,0x32,0x0C,0x62,0x0C,0x4B,0xFC,0x1A,0x0C,0x12,0x0C,
    0x33,0xFC,0xD2,0x44,0x52,0x4C,0x12,0x30,0x12,0x10,0x12,0xCC,0x13,0x86,0x02,0x00,
    0x08,0x00,0x17,0xFC,0x34,0x04,0x64,0x04,0xDC,0xF4,0x14,0x94,0x34,0x94,0x64,0x94,
    0x64,0x94,0xA4,0xF4,0x24,0x04,0x24,0x04,0x27,0xFC,0x27,0xFC,0x00,0x00,0x08,0x40,
    0x18,0x40,0x33,0xF8,0x60,0x48,0x4F,0xFE,0x10,0x48,0x33,0xF8,0x30,0x40,0x50,0x40,
    0x97,0xFC,0x10,0x40,0x17,0xFC,0x10,0x40,0x10,0x40,0x00,0x00,0x08,0x40,0x08,0xE0,
    0x10,0x90,0x21,0x18,0x4A,0x0C,0x5D,0xFA,0x10,0x40,0x30,0x40,0x77,0xFE,0xD0,0x40,
    0x13,0x48,0x12,0x44,0x14,0x46,0x1D,0xC2,0x10,0x00,0x08,0x60,0x08,0x60,0x13,0xFC,
    0x20,0x60,0x48,0x60,0x08,0x60,0x17,0xFE,0x30,0x60,0x73,0x60,0xD2,0x7C,0x12,0x60,
    0x13,0x60,0x17,0xE0,0x1C,0x7E,0x14,0x00,0x08,0x00,0x1B,0xFC,0x32,0x0C,0x63,0xFC,
    0x4A,0x0C,0x1B,0xFC,0x10,0x00,0x33,0xFE,0xD0,0x08,0x57,0xFE,0x11,0x08,0x13,0x08,
    0x10,0x88,0x10,0x38,0x10,0x20,0x08,0xB0,0x18,0xB0,0x10,0xB0,0x27,0xBE,0x48,0xB0,
    0x18,0xB0,0x17,0xBC,0x37,0xBC,0x70,0xB0,0xD0,0xB0,0x17,0xBE,0x10,0xB0,0x10,0xB0,
    0x10,0xB0,0x10,0x30,0x1A,0x00,0x12,0x1C,0x27,0xDC,0x65,0x14,0x59,0x14,0x17,0xD4,
    0x21,0x14,0x65,0x14,0xE5,0xD4,0x25,0x14,0x25,0x14,0x25,0x5C,0x2F,0x90,0x20,0x10,
    0x00,0x10,0x08,0x00,0x1B,0xFC,0x32,0x20,0x62,0x20,0x4B,0xFE,0x12,0x20,0x12,0xFC,
    0x32,0x84,0x56,0x84,0xD4,0xFC,0x14,0x84,0x14,0xFC,0x14,0x84,0x1C,0xFC,0x10,0x84,
    0x19,0x10,0x15,0x50,0x35,0x50,0x65,0x7E,0x57,0xA4,0x10,0x24,0x2F,0xE4,0x60,0x14,
    0xE0,0x18,0x67,0x98,0x24,0x98,0x24,0xD8,0x25,0xA4,0x28,0x42,0x00,0x42,0x08,0x40,
    0x10,0x40,0x37,0xFE,0x60,0x40,0x4F,0xFC,0x14,0xA4,0x37,0xFC,0x30,0x00,0xF7,0xFE,
    0x70,0x40,0x35,0x48,0x35,0x24,0x3D,0x16,0x39,0xF2,0x30,0x00,0x11,0x18,0x15,0x50,
    0x25,0x50,0x67,0xDE,0x50,0x24,0x17,0xE4,0x22,0xB4,0x2F,0x94,0xE3,0x9C,0x67,0xD8,
    0x29,0x28,0x25,0xDC,0x29,0x74,0x2F,0x62,0x00,0x40,0x02,0x00,0x01,0x00,0x01,0x80,
    0x00,0x80,0x04,0xC0,0x24,0x48,0x24,0x0C,0x24,0x04,0x24,0x04,0x64,0x06,0x44,0x12,
    0x44,0x10,0x04,0x30,0x07,0xE0,0x00,0x00,0x06,0x00,0x03,0x10,0x01,0x98,0x04,0xF0,
    0x24,0x20,0x24,0x78,0x24,0x48,0x24,0x84,0x65,0x84,0x47,0x02,0x06,0x12,0x1C,0x10,
    0x74,0x10,0x47,0xF0,0x00,0x00,0x10,0x00,0x13,0xF8,0x10,0x08,0x5C,0x18,0x54,0x30,
    0x56,0x60,0x50,0x40,0x50,0x80,0xD1,0x80,0x11,0x00,0x12,0x02,0x12,0x02,0x12,0x06,
    0x13,0xFC,0x10,0x00,0x3F,0xF8,0x00,0x08,0x00,0x08,0x3F,0xF8,0x30,0x04,0x30,0x04,
    0x1F,0xFC,0x01,0x00,0x35,0x88,0x24,0xCC,0x24,0xB4,0x44,0x26,0x47,0xE2,0x00,0x00,
    0x00,0x00,0x3F,0xFC,0x01,0x08,0x19,0x08,0x11,0x08,0x22,0x08,0x06,0x08,0x1C,0x78,
    0x71,0x00,0x24,0x88,0x34,0xCC,0x24,0xB4,0x64,0x26,0x47,0xE4,0x00,0x00,0x01,0x00,
    0x01,0x00,0x7F,0xFC,0x7F,0xFC,0x01,0x00,0x01,0x00,0x3F,0xFC,0x00,0x00,0x01,0x00,
    0x24,0x88,0x24,0xC4,0x44,0x34,0xC4,0x22,0x07,0xE0,0x00,0x00,0x01,0x00,0x01,0x80,
    0x7F,0xFE,0x10,0x00,0x10,0x00,0x10,0x00,0x1F,0xFC,0x00,0x00,0x01,0x00,0x34,0x98,
    0x24,0xCC,0x64,0x34,0x44,0x26,0x47,0xE4,0x00,0x00,0x10,0x40,0x10,0x20,0x10,0x20,
    0x5B,0xFE,0x5D,0x00,0x55,0x00,0x51,0x00,0x51,0x00,0x91,0x00,0x11,0x00,0x11,0x00,
    0x11,0x00,0x11,0x00,0x11,0xFC,0x10,0x00,0x01,0x00,0x01,0x00,0x3F,0xF8,0x21,0x08,
    0x21,0x08,0x21,0x08,0x3F,0xF8,0x01,0x00,0x01,0x00,0x25,0x88,0x24,0xCC,0x64,0xB4,
    0x44,0x22,0x47,0xE0,0x00,0x00,0x10,0x80,0x10,0x98,0x10,0x8C,0x58,0x84,0x57,0xFE,
    0x54,0x80,0x50,0xA0,0x50,0xA0,0xD0,0xA0,0x11,0xA0,0x11,0x22,0x13,0x22,0x12,0x22,
    0x1C,0x3C,0x14,0x00,0x10,0x40,0x10,0x40,0x10,0x40,0x5B,0xF8,0x54,0x48,0x56,0x48,
    0x50,0x48,0x57,0xFE,0xD7,0xFE,0x10,0xE0,0x10,0xA0,0x11,0x90,0x13,0x08,0x1E,0x06,
    0x14,0x02,0x10,0x40,0x10,0x40,0x10,0x40,0x5B,0xFC,0x56,0x44,0x56,0x44,0x50,0x60,
    0x50,0x60,0x90,0xE0,0x10,0xA0,0x11,0xA2,0x11,0x22,0x12,0x22,0x1C,0x3C,0x14,0x00,
    0x01,0x80,0x03,0xC0,0x06,0x60,0x1B,0x38,0x71,0x8E,0x40,0x82,0x1F,0xF0,0x00,0x10,
    0x01,0x60,0x35,0xA8,0x24,0xCC,0x24,0xB4,0x44,0x26,0x47,0xE4,0x00,0x00,0x10,0x00,
    0x10,0x7C,0x11,0xE0,0x5D,0x00,0x55,0x00,0x53,0x00,0x51,0xFE,0x51,0x10,0xD1,0x10,
    0x11,0x10,0x11,0x10,0x13,0x10,0x12,0x10,0x16,0x10,0x14,0x10,0x0C,0x00,0x0F,0xFC,
    0x1F,0xFC,0x32,0x6C,0x66,0x4C,0x04,0x4C,0x18,0x88,0x31,0x38,0x22,0x00,0x15,0x88,
    0x24,0xCC,0x24,0xB4,0x64,0x26,0x47,0xE4,0x00,0x00,0x00,0x00,0x02,0x40,0x06,0x60,
    0x0C,0x30,0x10,0x18,0x6F,0xF6,0x44,0x12,0x04,0x10,0x18,0xE0,0x71,0x00,0x05,0x88,
    0x34,0xD8,0x24,0xBC,0x44,0x26,0x47,0xE4,0x00,0x00,0x10,0x00,0x13,0xFE,0x10,0x20,
    0x5C,0x20,0x54,0x60,0x56,0x60,0x50,0xF0,0x51,0xE8,0xD3,0x6C,0x12,0x66,0x14,0x62,
    0x10,0x60,0x10,0x60,0x10,0x60,0x10,0x00,0x01,0x00,0x01,0x00,0x7F,0xFC,0x01,0x80,
    0x02,0xC0,0x06,0x60,0x1B,0x18,0x71,0x8E,0x01,0x00,0x34,0x98,0x24,0xCC,0x24,0x34,
    0x44,0x26,0x47,0xE0,0x00,0x00,0x0C,0x20,0x0C,0x20,0x0C,0x20,0x0E,0x60,0x0B,0x50,
    0x19,0xD0,0x31,0x88,0x63,0x06,0x43,0x02,0x34,0x88,0x24,0xCC,0x24,0x34,0x44,0x22,
    0x47,0xE2,0x00,0x00,0x08,0x00,0x18,0x00,0x1F,0xFC,0x36,0x00,0x27,0xF8,0x46,0x00,
    0x06,0x00,0x07,0xFC,0x06,0x00,0x05,0x08,0x24,0x8C,0x64,0xF4,0x44,0x26,0xC7,0xE2,
    0x00,0x00,0x18,0x00,0x10,0xFC,0x7E,0x8C,0x32,0x48,0x22,0x58,0x3C,0x30,0x0C,0x70,
    0x32,0xCC,0x41,0x02,0x34,0x98,0x24,0xC8,0x24,0xB4,0x44,0x26,0x47,0xE4,0x00,0x00,
    0x00,0x00,0x10,0x00,0x13,0xFC,0x10,0x20,0x58,0x20,0x5C,0x20,0x57,0x20,0x53,0x20,
    0xD3,0x3C,0x93,0x20,0x13,0x20,0x13,0x20,0x13,0x20,0x13,0x20,0x17,0xFE,0x10,0x00,
    0x10,0x60,0x10,0x40,0x13,0xFC,0x5B,0xFC,0x56,0x04,0x56,0x04,0x52,0x04,0x53,0xFC,
    0x92,0x04,0x12,0x04,0x12,0x04,0x12,0x04,0x13,0xFC,0x12,0x04,0x12,0x04,0x00,0x00,
    0x10,0x40,0x10,0xC0,0x17,0xFE,0x58,0x80,0x5D,0x20,0x55,0x20,0x53,0xFC,0x57,0x24,
    0x97,0x24,0x1B,0x24,0x13,0x24,0x13,0x24,0x13,0x3C,0x10,0x20,0x10,0x20,0x10,0x60,
    0x10,0x60,0x10,0x90,0x59,0x98,0x57,0xCC,0x56,0x46,0x50,0x20,0x50,0x00,0xD3,0xFC,
    0x10,0x18,0x13,0x10,0x10,0xE0,0x10,0x60,0x10,0x30,0x10,0x10,0x1F,0xF8,0x11,0x08,
    0x11,0x08,0x1F,0xF8,0x11,0x08,0x11,0x08,0x1F,0xF8,0x01,0x00,0x35,0x88,0x24,0xCC,
    0x24,0xB4,0x44,0x26,0x47,0xE4,0x00,0x00,0x00,0x00,0x01,0x00,0x06,0x60,0x0C,0x30,
    0x3F,0xF8,0x00,0x04,0x1F,0xF8,0x10,0x18,0x10,0x18,0x1F,0xF8,0x01,0x00,0x35,0x88,
    0x24,0xFC,0x64,0x26,0x47,0xE2,0x00,0x00,0x00,0x00,0x06,0x00,0x0F,0xF0,0x18,0x20,
    0x30,0x60,0x7F,0xF8,0x00,0x08,0x1F,0xF8,0x00,0x08,0x3F,0xF8,0x01,0x00,0x35,0x88,
    0x24,0xBC,0x64,0x24,0x47,0xE2,0x00,0x00,0x00,0x00,0x10,0x20,0x11,0x20,0x11,0x20,
    0x59,0xFE,0x57,0xFE,0x52,0x20,0x56,0x20,0x50,0x20,0xD3,0xFC,0x10,0x20,0x10,0x20,
    0x10,0x20,0x10,0x20,0x17,0xFE,0x10,0x00,0x08,0x00,0x10,0xFC,0x1F,0x84,0x22,0x84,
    0x52,0x9C,0x4C,0x84,0x0C,0x86,0x18,0xFC,0x61,0x00,0x75,0x88,0x24,0xCC,0x24,0xB4,
    0x44,0x22,0x47,0xE2,0x00,0x00,0x00,0x00,0x10,0x00,0x13,0xFC,0x11,0x0C,0x59,0x98,
    0x5C,0xF0,0x54,0xE0,0x53,0x9C,0x56,0x46,0x90,0x40,0x13,0xFC,0x10,0x40,0x10,0x40,
    0x10,0x40,0x17,0xFE,0x10,0x00,0x10,0x40,0x10,0x40,0x10,0x40,0x5B,0xFC,0x5C,0x40,
    0x54,0x40,0x50,0x40,0x57,0xFE,0xD0,0xC0,0x10,0x90,0x11,0x18,0x11,0x08,0x13,0xFC,
    0x17,0xC4,0x10,0x04,0x08,0x20,0x04,0x60,0x1F,0xF8,0x1F,0xF8,0x10,0x08,0x10,0x08,
    0x10,0x08,0x1F,0xF8,0x01,0x00,0x2D,0x88,0x2C,0xCC,0x6C,0xB4,0x4C,0x26,0xC7,0xE4,
    0x00,0x00,0x00,0x00,0x10,0x40,0x10,0x40,0x1B,0xFC,0x58,0x40,0x54,0x40,0x57,0xFE,
    0x50,0x18,0x50,0x18,0xD7,0xFE,0x10,0x18,0x13,0x18,0x11,0x98,0x10,0x98,0x10,0x70,
    0x10,0x00,0x01,0x00,0x01,0x00,0x7F,0xFC,0x02,0x40,0x1A,0x50,0x12,0x58,0x22,0x44,
    0x42,0x42,0x01,0x00,0x35,0x98,0x24,0xC8,0x24,0x34,0x44,0x26,0x47,0xE4,0x00,0x00,
    0x10,0x40,0x16,0x44,0x12,0x44,0x5B,0x48,0x5D,0x58,0x55,0x50,0x57,0xFE,0x57,0xFE,
    0xD1,0xA0,0x11,0x20,0x11,0x20,0x11,0x22,0x12,0x22,0x1C,0x1E,0x14,0x00,0x7D,0xF8,
    0x11,0x18,0x11,0x98,0x11,0x58,0x11,0x3A,0x3D,0x3A,0x62,0x1E,0x07,0x00,0x34,0x88,
    0x24,0xCC,0x64,0x34,0x44,0x22,0x47,0xE0,0x00,0x00,0x10,0x00,0x13,0xFE,0x10,0x00,
    0x58,0x00,0x5B,0xFC,0x57,0x0C,0x53,0x0C,0x53,0xFC,0x93,0x0C,0x13,0x0C,0x13,0xFC,
    0x10,0x00,0x10,0x00,0x17,0xFE,0x10,0x00,0x18,0x00,0x10,0x00,0x7F,0x7C,0x12,0x44,
    0x22,0x44,0x3E,0x44,0x0C,0x44,0x1B,0x7C,0x61,0x00,0x35,0x98,0x24,0xC8,0x24,0xB4,
    0x64,0x26,0x47,0xE2,0x00,0x00,0x11,0x00,0x11,0x00,0x17,0xFE,0x59,0x00,0x5D,0x20,
    0x55,0x24,0x51,0xA4,0x53,0xA8,0xD2,0xE8,0x12,0x30,0x14,0x50,0x14,0xC8,0x19,0x8C,
    0x13,0x06,0x10,0x00,0x10,0x40,0x10,0x40,0x17,0xFC,0x5C,0xA4,0x5C,0xA4,0x54,0xA4,
    0x54,0xA4,0xD4,0xA4,0x94,0xA4,0x14,0xA4,0x14,0xA4,0x14,0xA4,0x14,0xA4,0x1F,0xFE,
    0x10,0x00,0x10,0x00,0x13,0xF8,0x12,0x08,0x5A,0x08,0x57,0xF8,0x56,0x08,0x52,0x08,
    0x53,0xF8,0x52,0x44,0x12,0x6C,0x12,0x30,0x12,0x10,0x12,0xCC,0x13,0x86,0x02,0x00,
    0x3F,0xF8,0x21,0x08,0x2F,0xE8,0x21,0x08,0x23,0x88,0x26,0x68,0x28,0x28,0x3F,0xF8,
    0x01,0x00,0x2D,0x88,0x2C,0xAC,0x4C,0x24,0xC7,0xE2,0x00,0x00,0x00,0x00,0x10,0x00,
    0x13,0xFC,0x12,0x04,0x5A,0x04,0x5F,0xF4,0x5A,0x04,0x52,0x04,0xD2,0xF4,0x92,0x94,
    0x12,0x94,0x12,0x94,0x12,0xF4,0x12,0x04,0x12,0x1C,0x10,0x10,0x10,0x00,0x11,0xFC,
    0x13,0xE0,0x58,0x60,0x5C,0x60,0x57,0xFE,0x50,0x60,0x50,0x60,0x93,0xFC,0x13,0xFC,
    0x12,0x0C,0x12,0x0C,0x12,0x0C,0x13,0xFC,0x12,0x0C,0x04,0x20,0x04,0x20,0x3F,0xFC,
    0x04,0x20,0x04,0x20,0x04,0x20,0x7F,0xFE,0x0C,0x30,0x19,0x18,0x69,0x5E,0xC9,0x4A,
    0x11,0x48,0x31,0x24,0x27,0x24,0x04,0x00,0x01,0x00,0x03,0x00,0x1F,0xF8,0x10,0x18,
    0x1F,0xF8,0x10,0x18,0x1F,0xF8,0x10,0x18,0x1F,0xF8,0x01,0x00,0x2D,0x88,0x2C,0xAC,
    0x4C,0x26,0x47,0xE2,0x00,0x00,0x10,0x40,0x10,0x60,0x18,0xB0,0x59,0x18,0x57,0x0C,
    0x55,0xFE,0x50,0x02,0xD0,0x00,0x93,0xF8,0x12,0x08,0x12,0x08,0x12,0x08,0x12,0x08,
    0x13,0xF8,0x10,0x00,0x1F,0xF8,0x10,0x08,0x1F,0xF8,0x10,0x08,0x1F,0xF8,0x12,0x04,
    0x11,0xB8,0x16,0xE0,0x39,0x1E,0x2D,0x88,0x2C,0xAC,0x44,0x24,0x47,0xE2,0x00,0x00,
    0x00,0x00,0x3F,0xFC,0x02,0x40,0x32,0x4C,0x12,0x48,0x0A,0x50,0x02,0x40,0x7F,0xFE,
    0x00,0x00,0x15,0x88,0x34,0x88,0x24,0xF4,0x64,0x26,0x47,0xE2,0x00,0x00,0x00,0x00,
    0x10,0x40,0x10,0x60,0x17,0xFE,0x58,0x00,0x5D,0x98,0x5A,0x94,0x52,0x64,0x52,0x64,
    0x92,0x64,0x12,0xD4,0x12,0x94,0x13,0x0C,0x12,0x04,0x13,0xFC,0x10,0x00,0x3F,0xF8,
    0x0E,0x70,0x01,0x80,0x3F,0xF8,0x21,0x08,0x3F,0xF8,0x3F,0xF8,0x21,0x08,0x21,0x38,
    0x05,0x00,0x24,0xAC,0x64,0x34,0x47,0xE2,0x00,0x00,0x00,0x00,0x10,0x60,0x12,0x64,
    0x11,0x6C,0x59,0xF8,0x5C,0x60,0x57,0xFC,0x52,0x04,0x53,0xFC,0x92,0x04,0x12,0x04,
    0x13,0xFC,0x12,0x04,0x12,0x04,0x12,0x3C,0x10,0x00,0x00,0x08,0x3F,0xF8,0x19,0x10,
    0x09,0x30,0x7F,0xFE,0x03,0xC0,0x05,0x60,0x19,0x18,0x61,0x0E,0x05,0x08,0x34,0x98,
    0x24,0xCC,0x64,0x34,0x47,0xE2,0x00,0x00,0x10,0x00,0x13,0xFC,0x12,0x04,0x5B,0xFC,
    0x56,0x04,0x56,0x04,0x53,0xFC,0x50,0x00,0x53,0xFC,0x10,0x60,0x10,0x60,0x17,0xFE,
    0x10,0x60,0x10,0x60,0x10,0x60,0x11,0x80,0x11,0x00,0x13,0xFC,0x5E,0x00,0x5B,0xF8,
    0x56,0x48,0x52,0x68,0x52,0x28,0x97,0xFE,0x12,0xC8,0x12,0x28,0x13,0xFC,0x10,0x08,
    0x10,0x78,0x10,0x00,0x10,0x00,0x13,0xFC,0x10,0x80,0x58,0x80,0x5F,0xF8,0x55,0x88,
    0x51,0x08,0x57,0xFE,0x90,0x00,0x13,0xFC,0x12,0x04,0x12,0x04,0x12,0x04,0x13,0xFC,
    0x12,0x04,0x08,0x40,0x18,0xC0,0x14,0xFE,0x35,0x88,0x57,0x98,0xD4,0x50,0x14,0x20,
    0x14,0xD8,0x13,0x86,0x01,0x80,0x14,0xC8,0x24,0xB4,0x64,0x26,0x47,0xE4,0x00,0x00,
    0x00,0x00,0x01,0x00,0x3F,0xF8,0x31,0x08,0x31,0x08,0x3F,0xF8,0x01,0x00,0x3F,0xFC,
    0x21,0x0C,0x3F,0xFC,0x01,0x00,0x25,0x08,0x24,0xCC,0x64,0x34,0x47,0xE2,0x00,0x00,
    0x11,0x08,0x11,0x18,0x10,0x90,0x5B,0xFC,0x5E,0x04,0x56,0x04,0x52,0x04,0x52,0x04,
    0x93,0xFC,0x10,0x90,0x10,0x90,0x11,0x92,0x13,0x12,0x16,0x1E,0x04,0x00,0x09,0x00,
    0x19,0x00,0x13,0xFC,0x36,0x44,0x74,0x4C,0xD3,0x58,0x12,0x4C,0x1C,0x46,0x15,0xC4,
    0x01,0x08,0x34,0x88,0x24,0xF4,0x64,0x26,0x47,0xE2,0x00,0x00,0x00,0x00,0x1F,0xF8,
    0x10,0x18,0x1F,0xF8,0x10,0x18,0x1F,0xF8,0x10,0x18,0x7F,0xFE,0x08,0x30,0x3F,0xFC,
    0x01,0x08,0x2C,0xBC,0x6C,0x24,0x47,0xE2,0x00,0x00,0x00,0x00,0x12,0x00,0x13,0x7C,
    0x11,0x04,0x5E,0x44,0x5E,0x44,0x57,0xFC,0x57,0x14,0x56,0xA4,0x96,0x64,0x16,0x64,
    0x16,0xF4,0x17,0x94,0x17,0x14,0x16,0x1C,0x10,0x00,0x02,0x40,0x02,0x40,0x3E,0x7C,
    0x02,0x40,0x3E,0x7C,0x02,0x40,0x02,0x40,0x7E,0x7C,0x02,0x40,0x01,0x00,0x34,0x88,
    0x24,0x64,0x64,0x36,0x46,0x62,0x03,0xC0,0x10,0x04,0x13,0xFC,0x10,0x40,0x5F,0xFE,
    0x58,0xE0,0x55,0xD0,0x52,0x4C,0x5C,0x02,0xD3,0xF8,0x10,0x60,0x17,0xFE,0x10,0x40,
    0x10,0x40,0x11,0xC0,0x11,0x00,0x10,0x40,0x10,0x40,0x10,0x7C,0x58,0x40,0x57,0xFC,
    0x56,0x04,0x53,0xFC,0x52,0x04,0xD3,0xFC,0x10,0x40,0x10,0x40,0x17,0xFE,0x10,0x40,
    0x10,0x40,0x10,0x40,0x10,0x40,0x10,0x40,0x13,0xFC,0x5B,0xFC,0x54,0x40,0x57,0xFE,
    0x50,0x00,0x53,0xFC,0xD2,0x0C,0x13,0xFC,0x12,0x0C,0x13,0xFC,0x12,0x0C,0x12,0x18,
    0x00,0x00,0x10,0x40,0x10,0x60,0x13,0xFE,0x58,0x00,0x57,0xFC,0x56,0x04,0x52,0x04,
    0x52,0x04,0x93,0xFC,0x10,0x20,0x11,0x28,0x12,0x24,0x16,0x22,0x1C,0xE2,0x10,0x00,
    0x00,0x00,0x10,0x40,0x10,0x60,0x17,0xFC,0x5E,0x04,0x5F,0x00,0x57,0xFC,0x52,0x64,
    0x52,0xA4,0x97,0xA4,0x1D,0xAC,0x11,0x28,0x11,0x22,0x12,0x22,0x1C,0x1C,0x04,0x00,
    0x00,0x00,0x00,0x50,0x00,0x48,0x7F,0xFE,0x00,0x44,0x1F,0x48,0x11,0x38,0x1F,0x30,
    0x00,0x22,0x7F,0xD4,0x01,0x8C,0x15,0x88,0x24,0xB4,0x64,0x26,0x47,0xE2,0x00,0x00,
    0x00,0x00,0x10,0x00,0x13,0xFC,0x13,0x04,0x5B,0xFC,0x57,0x04,0x57,0xFC,0x51,0x00,
    0x51,0x00,0xD3,0xFC,0x1C,0x94,0x15,0xA4,0x13,0x24,0x1E,0x44,0x15,0x9C,0x10,0x80,
    0x10,0x90,0x10,0x90,0x13,0xFE,0x58,0x90,0x54,0x90,0x57,0xFE,0x50,0x00,0x53,0xFC,
    0x93,0xFC,0x13,0x0C,0x13,0xFC,0x13,0x0C,0x13,0x0C,0x13,0xFC,0x13,0x0C,0x10,0xA0,
    0x11,0x30,0x19,0x10,0x57,0xFE,0x57,0x30,0x57,0x30,0x57,0xFC,0x57,0x30,0xD3,0x30,
    0x13,0xFC,0x13,0x30,0x13,0x30,0x13,0xFE,0x13,0x00,0x13,0x00,0x01,0x00,0x7F,0xFC,
    0x01,0x00,0x1F,0xF8,0x11,0x08,0x1F,0xF8,0x11,0x08,0x1F,0xF8,0x01,0x08,0x3F,0xFC,
    0x21,0x04,0x34,0xEC,0x24,0xB4,0x47,0xE2,0x00,0x00,0x10,0x20,0x10,0x20,0x13,0xFE,
    0x5A,0x20,0x5E,0x20,0x56,0x3E,0x52,0x20,0x52,0x20,0x92,0xFC,0x12,0xFC,0x12,0x84,
    0x16,0x84,0x14,0x84,0x1C,0xFC,0x10,0x84,0x10,0x00,0x13,0xF8,0x12,0x08,0x5B,0xF8,
    0x56,0x08,0x56,0x08,0x53,0xF8,0x52,0x08,0x93,0xF8,0x12,0x08,0x17,0xFE,0x10,0x90,
    0x11,0x98,0x16,0x06,0x14,0x02,0x10,0x40,0x10,0xB0,0x11,0x18,0x5B,0xFC,0x54,0x44,
    0x57,0xFE,0x51,0x90,0x53,0x38,0x96,0x6C,0x1D,0x92,0x10,0x60,0x13,0x8C,0x10,0x30,
    0x11,0xC0,0x16,0x00,0x08,0x00,0x1B,0xFC,0x30,0x60,0x49,0x60,0x19,0x7C,0x31,0x60,
    0x51,0x60,0x11,0x60,0x17,0xFE,0x01,0x00,0x34,0x98,0x24,0x6C,0x64,0x36,0x47,0xE2,
    0x00,0x00,0x06,0x00,0x0F,0xF8,0x1C,0x30,0x63,0xC0,0x0F,0xE0,0xF8,0x1E,0x1F,0xF8,
    0x11,0x18,0x1F,0xF8,0x1F,0xF8,0x01,0x00,0x34,0x88,0x24,0xF4,0x47,0xE6,0x00,0x00,
    0x00,0x00,0x13,0x00,0x12,0x1E,0x17,0xF0,0x52,0x20,0x5B,0x20,0x55,0x20,0x55,0x3E,
    0x57,0xA8,0x91,0x28,0x11,0x28,0x1F,0xE8,0x19,0x28,0x11,0x48,0x11,0x48,0x11,0xC8,
    0x11,0x08,0x11,0x90,0x13,0xFC,0x5B,0xFC,0x5E,0x44,0x57,0xFC,0x52,0x44,0x52,0x44,
    0x93,0xFC,0x10,0x40,0x10,0x40,0x17,0xFE,0x10,0x40,0x10,0x40,0x10,0x40,0x10,0x00,
    0x13,0xFC,0x12,0x4C,0x57,0xFE,0x5A,0x48,0x5A,0x48,0x53,0xF8,0x50,0x00,0x93,0xF8,
    0x12,0x48,0x12,0x48,0x12,0x48,0x10,0xB8,0x17,0x0E,0x18,0x02,0x10,0x80,0x10,0x80,
    0x17,0xFE,0x59,0xFC,0x56,0x20,0x57,0xFC,0x5C,0x00,0x53,0xFC,0x92,0x0C,0x13,0xFC,
    0x12,0x0C,0x13,0xFC,0x12,0x0C,0x12,0x08,0x10,0x30,0x10,0x00,0x11,0xFC,0x7D,0x0C,
    0x11,0xFC,0x39,0x0C,0x35,0x0C,0x57,0xFC,0xD1,0x0C,0x11,0xFC,0x01,0x00,0x34,0x88,
    0x24,0xE4,0x64,0x36,0x47,0xE2,0x00,0x00,0x10,0x40,0x10,0x40,0x13,0xFC,0x5A,0x04,
    0x5F,0xFC,0x56,0x04,0x53,0xFC,0x50,0x00,0x97,0xFC,0x10,0x40,0x10,0x40,0x13,0xFC,
    0x10,0x40,0x17,0xFE,0x10,0x00,0x00,0x00,0x04,0x20,0x04,0x20,0x7F,0xFE,0x07,0x20,
    0x7F,0xFC,0x04,0x00,0x0F,0xF8,0x38,0x08,0x48,0x08,0x0F,0xF8,0x35,0x88,0x24,0xC4,
    0x64,0x16,0x47,0xE2,0x00,0x00,0x10,0x00,0x13,0xFC,0x12,0x0C,0x5B,0xFC,0x5E,0x0C,
    0x57,0xFC,0x52,0x00,0x52,0x60,0x93,0xFC,0x14,0x60,0x1F,0xFC,0x10,0x60,0x10,0x60,
    0x17,0xFE,0x10,0x00,0x00,0x20,0x7E,0x20,0x09,0x24,0x08,0xAC,0x7E,0xA8,0x18,0x20,
    0x2E,0x50,0xEA,0xD8,0x4B,0x06,0x09,0x8A,0x34,0xC8,0x24,0xB4,0x64,0x24,0x47,0xE2,
    0x00,0x00,0x01,0x80,0x06,0x40,0x1C,0x30,0x77,0xEE,0x3F,0x48,0x21,0x48,0x3F,0x48,
    0x21,0x48,0x3F,0x08,0x27,0x38,0x31,0x08,0x24,0xE8,0x24,0xB4,0x47,0xE6,0x00,0x00,
    0x10,0x60,0x10,0xA0,0x19,0x90,0x5A,0x0C,0x5D,0xF6,0x50,0x00,0x57,0x94,0x54,0x94,
    0x97,0x94,0x14,0x94,0x17,0x94,0x14,0x94,0x14,0x84,0x15,0x9C,0x10,0x00,0x01,0x00,
    0x3F,0xFC,0x04,0x20,0x04,0x60,0x7F,0xFE,0x0F,0xF0,0x10,0x08,0x1F,0xF8,0x10,0x08,
    0x1F,0xF8,0x21,0x08,0x34,0xFC,0x64,0xA6,0x47,0xE2,0x00,0x00,0x00,0x00,0x1F,0xF8,
    0x1F,0xF8,0x11,0x18,0x1F,0xF8,0x01,0x00,0x3F,0xF8,0x21,0x28,0x2F,0xE8,0x21,0x38,
    0x09,0x18,0x28,0x88,0x68,0x24,0x47,0xE6,0x00,0x00,0x00,0x00,0x00,0x50,0x00,0x48,
    0x3F,0xFC,0x20,0x4C,0x2F,0xC8,0x20,0x28,0x2F,0x30,0x29,0x22,0x2F,0xF6,0x41,0x4C,
    0x7D,0x88,0x2C,0xA8,0x2C,0x24,0x47,0xE6,0x00,0x00,0x10,0x40,0x10,0x40,0x13,0xFC,
    0x58,0x40,0x55,0x08,0x57,0xFE,0x51,0x08,0x53,0xF8,0x92,0x08,0x12,0x48,0x12,0x48,
    0x12,0x68,0x11,0x98,0x1F,0x06,0x18,0x02,0x10,0x40,0x10,0x40,0x13,0xFC,0x5A,0x44,
    0x5F,0xFC,0x56,0x44,0x52,0x44,0x53,0xFC,0xD0,0x50,0x10,0xDC,0x10,0xD4,0x11,0xFC,
    0x13,0x42,0x1E,0x3E,0x18,0x00,0x00,0x00,0x3F,0xFE,0x30,0x80,0x37,0xFC,0x34,0x0C,
    0x37,0xFC,0x37,0xFC,0x20,0x40,0x26,0x58,0x2D,0xC6,0x2A,0xCC,0x2E,0x74,0x6A,0x52,
    0x53,0xF2,0x40,0x00,0x00,0x00,0x08,0x20,0x04,0x60,0x7F,0xFC,0x08,0x20,0x12,0x4C,
    0x7D,0xF0,0x0A,0x30,0x16,0x48,0x7E,0xFC,0x03,0x04,0x35,0x08,0x24,0xF8,0x64,0x24,
    0x47,0xE2,0x00,0x00,0x00,0x00,0x11,0x10,0x11,0x10,0x17,0xFE,0x59,0x50,0x54,0x40,
    0x57,0xFE,0x52,0x00,0x53,0xFC,0x90,0x00,0x12,0x58,0x12,0x58,0x12,0x5A,0x12,0x5A,
    0x1C,0x4E,0x04,0x00,0x10,0x40,0x13,0xFC,0x10,0x40,0x59,0xF0,0x5E,0x08,0x57,0xF8,
    0x52,0x08,0x53,0xF8,0x92,0x08,0x13,0xF8,0x12,0x08,0x17,0xFE,0x11,0x98,0x1E,0x0E,
    0x14,0x02,0x10,0x00,0x17,0xFE,0x12,0x08,0x5B,0xF8,0x5E,0x08,0x57,0xF8,0x52,0x0A,
    0x57,0xFC,0x90,0x00,0x17,0xFC,0x14,0xA4,0x13,0x18,0x13,0x98,0x14,0x66,0x18,0x82,
    0x04,0x20,0x7F,0xFE,0x04,0x20,0x1F,0xF8,0x10,0x08,0x1F,0xF8,0x10,0x08,0x0F,0xF0,
    0x7F,0xFE,0x0C,0x20,0x19,0x18,0x6D,0xFE,0x49,0x52,0x17,0x28,0x04,0x00,0x10,0x00,
    0x13,0xF8,0x13,0xF8,0x5A,0x08,0x5F,0xF8,0x58,0x00,0x57,0xFC,0x54,0xA4,0x97,0xFC,
    0x11,0xF0,0x12,0x08,0x11,0x90,0x10,0x60,0x1F,0x9E,0x14,0x02,0x08,0x30,0x7F,0xFC,
    0x08,0x30,0x3E,0xFC,0x08,0x30,0x7F,0xFE,0x00,0x00,0x3F,0xF8,0x1F,0xF8,0x00,0x08,
    0x3F,0xF8,0x14,0x88,0x24,0xF4,0x47,0xE6,0x00,0x00,0x20,0x00,0x27,0xFE,0x24,0x88,
    0x74,0xA8,0x6F,0xA8,0x6C,0xD8,0x64,0xFE,0xA7,0xFE,0xA4,0x18,0x25,0x18,0x24,0xA8,
    0x27,0xAA,0x26,0x4A,0x24,0x8E,0x00,0x00,0x00,0x08,0x3F,0x88,0x20,0x88,0x3F,0xBE,
    0x2F,0xA8,0x20,0x28,0x3F,0xB8,0x2B,0xA8,0x52,0xA8,0x76,0x58,0x39,0x88,0x24,0xCC,
    0x24,0x34,0x47,0xE2,0x00,0x00,0x10,0x60,0x10,0x20,0x17,0xFE,0x5E,0x20,0x5F,0xFC,
    0x56,0x24,0x57,0xFE,0x56,0x24,0x95,0xFC,0x15,0x24,0x14,0xB8,0x14,0xE8,0x15,0x24,
    0x1A,0xE2,0x18,0x00,0x25,0x30,0x25,0x20,0x17,0x3E,0x3F,0x44,0x25,0xE4,0x37,0xA8,
    0x37,0x18,0x35,0x38,0x25,0xE6,0x02,0x42,0x35,0x88,0x24,0xE4,0x64,0xB6,0x47,0xE2,
    0x00,0x00,0x11,0x08,0x10,0x90,0x13,0xFC,0x5B,0x4C,0x5F,0x5C,0x52,0xD4,0x53,0xFC,
    0x50,0x00,0x93,0xFC,0x12,0x0C,0x13,0xFC,0x12,0x0C,0x12,0x0C,0x13,0xFC,0x12,0x0C,
    0x00,0x00,0x00,0x20,0x3E,0x20,0x02,0x7E,0x7F,0x44,0x22,0xC8,0x3E,0xA8,0x3E,0x38,
    0x22,0x10,0x3F,0xEC,0x42,0xC6,0x15,0x88,0x24,0xFC,0x24,0x24,0x47,0xE2,0x00,0x00,
    0x10,0x28,0x10,0x24,0x17,0xFE,0x5C,0x20,0x5D,0xD4,0x54,0x18,0x55,0xD8,0x55,0x52,
    0xD5,0xFA,0x18,0x64,0x17,0x48,0x15,0x34,0x15,0x14,0x19,0xF2,0x10,0x00,0x00,0x00,
    0x10,0x90,0x17,0xFE,0x10,0x90,0x58,0xFC,0x57,0x40,0x57,0xFE,0x50,0x40,0x53,0xFC,
    0x53,0xFC,0x12,0x44,0x13,0xFC,0x10,0x40,0x17,0xFC,0x17,0xFE,0x10,0x00,0x12,0x00,
    0x13,0xBC,0x14,0x94,0x55,0x14,0x5F,0xA4,0x55,0xE8,0x55,0xA8,0x57,0xA8,0x95,0xBE,
    0x15,0xA8,0x17,0x88,0x15,0xBE,0x15,0x88,0x19,0x88,0x18,0x08,0x10,0x40,0x13,0xFC,
    0x12,0x04,0x5B,0x5C,0x5E,0xD4,0x5B,0xFC,0x52,0x64,0x52,0xD4,0x93,0x4C,0x10,0x40,
    0x17,0xFE,0x10,0x60,0x10,0xB0,0x17,0x0E,0x18,0x02,0x00,0x00,0x22,0x10,0x22,0x3C,
    0x2F,0xA4,0x72,0x48,0x6F,0xFC,0x66,0xA4,0x66,0xB4,0x66,0xB4,0xA7,0xB4,0x23,0x34,
    0x26,0xB4,0x26,0x98,0x2A,0x24,0x22,0x42,0x22,0x82,0x00,0x00,0x10,0x00,0x13,0xFC,
    0x10,0x40,0x57,0xFC,0x5D,0xDC,0x54,0x44,0x51,0xD8,0x57,0xFE,0x90,0x40,0x10,0x40,
    0x13,0xBC,0x12,0xA4,0x12,0xA4,0x12,0xAC,0x10,0x00,0x02,0x40,0x02,0x60,0x02,0x30,
    0x02,0x1C,0x7F,0xF0,0x42,0x08,0x03,0x18,0x01,0x30,0x01,0x60,0x01,0xC0,0x03,0x84,
    0x1C,0xC4,0x70,0x64,0x00,0x3C,0x00,0x00,0x01,0x20,0x01,0x10,0x01,0x88,0x3F,0xFE,
    0x30,0x80,0x30,0x88,0x30,0x88,0x30,0x90,0x20,0xA0,0x20,0x60,0x21,0xC4,0x23,0x66,
    0x6C,0x24,0xC0,0x1C,0x40,0x00,0x00,0x00,0x00,0x90,0x00,0x88,0x00,0x88,0x3F,0xFE,
    0x30,0x80,0x30,0x8C,0x30,0xC8,0x3F,0x58,0x20,0x70,0x20,0x60,0x20,0xE0,0x21,0xA2,
    0x47,0x36,0xCC,0x1C,0x40,0x00,0x00,0x00,0x00,0x90,0x00,0x98,0x00,0x88,0x3F,0xFE,
    0x30,0x80,0x30,0x8C,0x30,0xC8,0x3C,0x58,0x26,0x70,0x22,0x60,0x20,0xE0,0x21,0xA2,
    0x67,0x36,0x4C,0x1C,0xC0,0x00,0x00,0x00,0x00,0xB0,0x00,0x98,0x00,0x88,0x7F,0xFC,
    0x00,0x80,0x08,0x8C,0x08,0xC8,0x7F,0xD8,0x7F,0x50,0x08,0x60,0x18,0x64,0x11,0xA2,
    0x33,0x34,0x64,0x1C,0x40,0x00,0x00,0x00,0x00,0x90,0x00,0xB0,0x7C,0x88,0x04,0xC8,
    0x65,0xFE,0x27,0x40,0x3C,0x4C,0x18,0x48,0x08,0x50,0x1C,0x70,0x14,0x60,0x26,0xE2,
    0x63,0x36,0x42,0x1C,0x00,0x00,0x00,0xB0,0x00,0x98,0x00,0x88,0x3F,0xFE,0x20,0xC0,
    0x20,0x4C,0x3E,0x48,0x22,0x48,0x22,0x50,0x22,0x70,0x22,0x20,0x22,0x62,0x6E,0xB6,
    0x41,0x1C,0xC0,0x00,0x00,0xC0,0x0E,0xF0,0x78,0xC8,0x08,0x4C,0x08,0x40,0x7F,0xFE,
    0x08,0x44,0x08,0x4C,0x0F,0x58,0x78,0x70,0x08,0x60,0x09,0xE6,0x0B,0x24,0x38,0x1C,
    0x00,0x00,0x00,0xD0,0x00,0xC8,0x00,0x48,0x7F,0xFE,0x00,0x40,0x12,0x4C,0x12,0x48,
    0x12,0x48,0x7F,0xD0,0x12,0x30,0x12,0x20,0x32,0x62,0x22,0xD4,0x63,0x9C,0x40,0x00,
    0x00,0x00,0x00,0xD0,0x00,0x58,0x00,0x48,0x7F,0xFE,0x00,0x40,0x3E,0x4C,0x22,0x48,
    0x22,0x48,0x22,0x50,0x3E,0x70,0x00,0x24,0x0F,0x66,0x78,0xB4,0x03,0x1C,0x00,0x00,
    0x10,0xD0,0x10,0x70,0x10,0x4C,0x1F,0x48,0x10,0x7E,0x11,0xE0,0x10,0x44,0x7E,0x48,
    0x46,0x58,0x46,0x70,0x46,0x20,0x46,0xE2,0x47,0xB6,0x7E,0x1C,0x00,0x00,0x00,0x50,
    0x00,0x48,0x3F,0xFC,0x3F,0xFC,0x26,0x60,0x27,0xA4,0x26,0x28,0x26,0x28,0x3F,0xE8,
    0x23,0x30,0x2A,0xB0,0x2A,0xF2,0x52,0x52,0xDE,0xCC,0x40,0x00,0x04,0x70,0x04,0x38,
    0x3F,0xAC,0x04,0x24,0x7F,0xFE,0x16,0x20,0x12,0x24,0x3F,0xA4,0x62,0x28,0xFF,0xA8,
    0x22,0x30,0x3F,0xB2,0x22,0x72,0x3D,0x8C,0x00,0x00,0x00,0x20,0x7F,0xA8,0x6E,0xA4,
    0x2A,0xA4,0x19,0x9E,0x6E,0xF0,0x0E,0x14,0x33,0x14,0xCC,0xD8,0x33,0x18,0x0C,0x90,
    0x31,0xB2,0x06,0x4A,0x78,0x8C,0x40,0x00,0x00,0x28,0x7F,0xA8,0x2E,0xA4,0x1A,0xA0,
    0x3B,0xBE,0x4C,0xE0,0x34,0x24,0x3F,0xA4,0x64,0x18,0xFF,0x98,0x24,0x30,0x3F,0xF2,
    0x24,0x1A,0x3F,0xCC,0x00,0x00,0x04,0x28,0x3F,0xB8,0x04,0x24,0x7F,0xFE,0x00,0x20,
    0x3F,0xA4,0x3F,0xA4,0x24,0xA8,0x3F,0xA8,0x7F,0xB8,0x12,0x30,0x7F,0xB2,0x1A,0x76,
    0x71,0xCC,0x40,0x80,0x01,0x00,0x00,0x80,0x1F,0xFC,0x10,0x0C,0x10,0x0C,0x10,0x0C,
    0x10,0x0C,0x1F,0xFC,0x10,0x00,0x10,0x00,0x30,0x00,0x20,0x00,0x60,0x00,0x40,0x00,
    0xC0,0x00,0x01,0x80,0x00,0x80,0x3F,0xFC,0x20,0x04,0x3F,0xFC,0x20,0x00,0x20,0xC0,
    0x2F,0xFE,0x22,0x00,0x22,0x00,0x23,0xF8,0x22,0x08,0x64,0x08,0x4C,0x78,0xD0,0x00,
    0x1E,0x3C,0x30,0xE0,0x20,0x80,0x20,0x80,0x3E,0x80,0x26,0xFE,0x26,0x88,0x26,0x88,
    0x3E,0x88,0x20,0x88,0x21,0x88,0x61,0x08,0x42,0x08,0x42,0x00,0x00,0x00,0x01,0x80,
    0x00,0x80,0x1F,0xFC,0x10,0x04,0x1F,0xFC,0x10,0x00,0x30,0x00,0x3F,0xFC,0x29,0x24,
    0x29,0x24,0x2F,0xFC,0x29,0x24,0x49,0x24,0xC9,0x3C,0x08,0x10,0x00,0x00,0x01,0x80,
    0x00,0x80,0x3F,0xFC,0x30,0x04,0x3F,0xFC,0x30,0x00,0x30,0x00,0x2F,0x7C,0x29,0x44,
    0x25,0x24,0x23,0x1C,0x2D,0x64,0x71,0x44,0x47,0x1C,0x40,0x00,0x00,0x00,0x07,0xFC,
    0x3F,0x80,0x01,0x80,0x01,0x80,0x3F,0xFC,0x01,0x80,0x01,0x80,0x01,0x80,0x7F,0xFE,
    0x01,0x80,0x01,0x80,0x01,0x80,0x07,0x00,0x00,0x00,0x00,0x00,0x00,0x60,0x00,0x60,
    0x00,0x60,0x7F,0xFE,0x00,0x60,0x00,0xE0,0x01,0xE0,0x03,0x60,0x06,0x60,0x0C,0x60,
    0x18,0x60,0x60,0x60,0x40,0x60,0x03,0xC0,0x00,0x00,0x08,0x40,0x08,0x40,0x08,0x40,
    0x7F,0x40,0x08,0x40,0x08,0x40,0x09,0x40,0x0E,0x40,0x78,0x40,0x48,0x40,0x08,0x42,
    0x08,0x42,0x08,0x46,0x78,0x7C,0x00,0x00,0x18,0x40,0x18,0x40,0x18,0x40,0x7E,0x40,
    0x18,0x40,0x18,0x50,0x1A,0x78,0x1E,0x4E,0x78,0x42,0x18,0x40,0x18,0x40,0x18,0x40,
    0x18,0x40,0x70,0x40,0x00,0x40,0x10,0x10,0x10,0x90,0x10,0x90,0x7C,0x90,0x10,0x90,
    0x10,0x90,0x14,0x90,0x3D,0x90,0xF1,0x18,0x11,0x08,0x11,0x08,0x12,0x0C,0x16,0x04,
    0x7C,0x06,0x04,0x02,0x18,0x00,0x19,0xFE,0x19,0xFE,0x7E,0x10,0x18,0x10,0x18,0x10,
    0x1A,0x10,0x1E,0x10,0x78,0x10,0x58,0x10,0x18,0x10,0x18,0x10,0x18,0x10,0x38,0xF0,
    0x40,0x00,0x10,0x00,0x13,0xF8,0x11,0x88,0x7D,0x88,0x11,0x90,0x11,0x90,0x13,0x9C,
    0x1D,0x04,0x71,0x04,0x11,0x04,0x11,0x04,0x13,0x04,0x12,0x0C,0x74,0x38,0x04,0x00,
    0x10,0x00,0x10,0x1C,0x13,0xE0,0x7C,0x40,0x10,0x40,0x10,0x40,0x14,0x5E,0x3B,0xF0,
    0x70,0x40,0x10,0x40,0x10,0x44,0x10,0x46,0x10,0x44,0x70,0x7C,0x00,0x00,0x10,0x00,
    0x10,0x00,0x11,0xFC,0x7E,0x20,0x10,0x20,0x10,0x20,0x12,0x20,0x1E,0x20,0x70,0x20,
    0x50,0x20,0x10,0x20,0x10,0x20,0x10,0x20,0x73,0xFE,0x40,0x00,0x10,0x00,0x10,0x00,
    0x11,0xFC,0x7F,0x04,0x11,0x04,0x11,0x04,0x11,0x04,0x1F,0x04,0x71,0x04,0x51,0x04,
    0x11,0x04,0x11,0x04,0x11,0xFC,0x71,0x04,0x00,0x00,0x10,0x00,0x10,0x3C,0x11,0xE0,
    0x7C,0x20,0x10,0x20,0x10,0x20,0x14,0x20,0x1F,0xFE,0xF0,0x20,0x10,0x20,0x10,0x20,
    0x10,0x20,0x10,0x20,0x70,0x20,0x00,0x20,0x10,0x80,0x10,0x80,0x10,0x80,0x7F,0xF8,
    0x10,0x88,0x10,0x88,0x1E,0x88,0x3B,0x88,0x51,0xC8,0x11,0xE8,0x11,0x08,0x13,0x0A,
    0x12,0x0A,0x76,0x0E,0x04,0x00,0x10,0x20,0x10,0x20,0x11,0xFE,0x7D,0x00,0x11,0x00,
    0x11,0x00,0x15,0x00,0x3D,0x00,0x71,0x00,0x11,0x00,0x13,0x00,0x12,0x00,0x12,0x00,
    0x74,0x00,0x04,0x00,0x10,0x00,0x11,0xFC,0x11,0xFC,0x7C,0x04,0x10,0x04,0x10,0x04,
    0x14,0x04,0x1D,0xFC,0x70,0x04,0x10,0x04,0x10,0x04,0x10,0x04,0x13,0xFC,0x70,0x04,
    0x00,0x00,0x10,0x00,0x13,0xF8,0x10,0x18,0x7C,0x60,0x10,0xC0,0x13,0xFC,0x14,0xA4,
    0x39,0xA4,0x71,0x24,0x13,0x24,0x12,0x44,0x14,0x44,0x18,0x8C,0x73,0x38,0x01,0x00,
    0x10,0x00,0x13,0xF8,0x10,0x88,0x7C,0x88,0x10,0x88,0x10,0x88,0x14,0x88,0x3B,0xF8,
    0x71,0x88,0x11,0x08,0x11,0x08,0x11,0x08,0x11,0x08,0x77,0xFE,0x00,0x00,0x10,0x30,
    0x10,0x90,0x10,0x90,0x7D,0x18,0x13,0x08,0x12,0x04,0x15,0xFA,0x1C,0x88,0xF0,0x88,
    0x10,0x88,0x11,0x88,0x11,0x08,0x13,0x08,0x76,0x78,0x44,0x00,0x10,0x20,0x10,0x20,
    0x10,0x20,0x7D,0x20,0x11,0x20,0x11,0x3C,0x15,0x20,0x1D,0x20,0xF1,0x20,0x91,0x20,
    0x11,0x20,0x11,0x20,0x11,0x20,0x77,0xFE,0x00,0x00,0x10,0x90,0x10,0x90,0x10,0x8C,
    0x7C,0x88,0x13,0xFE,0x10,0x80,0x14,0xA0,0x3C,0xA0,0x70,0xA0,0x11,0xA0,0x11,0x22,
    0x13,0x22,0x16,0x26,0x7C,0x3C,0x00,0x00,0x10,0x00,0x10,0xFC,0x13,0xC0,0x7F,0x00,
    0x13,0x00,0x13,0xFC,0x17,0x84,0x3E,0x48,0xF2,0x48,0x12,0x78,0x12,0x30,0x16,0x70,
    0x14,0xC8,0x7F,0x86,0x06,0x02,0x10,0x60,0x10,0x60,0x10,0x60,0x7D,0xFC,0x10,0x60,
    0x10,0x60,0x14,0x60,0x1F,0xFE,0xF0,0x60,0x90,0x60,0x10,0xD0,0x10,0x98,0x13,0x0C,
    0x76,0x06,0x04,0x02,0x12,0x20,0x12,0x20,0x12,0x20,0x7E,0x26,0x12,0x24,0x13,0xE8,
    0x12,0x30,0x1E,0x20,0x72,0x20,0x12,0x20,0x12,0x22,0x12,0x62,0x13,0xA6,0x73,0x3C,
    0x00,0x00,0x10,0x00,0x13,0xFE,0x12,0x00,0x7E,0x00,0x12,0xFC,0x12,0xC4,0x16,0xCC,
    0x3E,0xCC,0xF2,0xC8,0x12,0xD8,0x12,0xC0,0x12,0xC2,0x14,0xC6,0x74,0x7C,0x0C,0x00,
    0x10,0x80,0x10,0xB0,0x10,0x88,0x7C,0x88,0x11,0xFE,0x13,0xC0,0x10,0x44,0x1C,0x48,
    0xF0,0x50,0x90,0x60,0x10,0xE4,0x13,0xA2,0x16,0x34,0x70,0x1C,0x00,0x00,0x1F,0xF8,
    0x00,0x30,0x00,0xC0,0x01,0x20,0x7F,0xD6,0x09,0x18,0x11,0x10,0x17,0xD0,0x11,0x08,
    0x2F,0xE8,0x21,0x04,0xC1,0x06,0x43,0x02,0x06,0x00,0x10,0x60,0x10,0x60,0x13,0xFC,
    0x7C,0x60,0x10,0x60,0x10,0x60,0x13,0xFC,0x1D,0x08,0xF1,0x98,0x10,0x90,0x10,0x70,
    0x10,0x60,0x11,0xB8,0x77,0x0E,0x04,0x02,0x10,0x20,0x10,0x20,0x10,0xA8,0x7D,0xA8,
    0x11,0x24,0x11,0x24,0x17,0x22,0x1E,0x2A,0xF2,0x2C,0x10,0x18,0x10,0x30,0x10,0x60,
    0x11,0xC0,0x77,0x00,0x04,0x00,0x10,0x40,0x10,0x40,0x10,0x40,0x7F,0xF8,0x10,0x48,
    0x10,0x48,0x14,0x48,0x1B,0xFE,0xF3,0xFE,0x10,0xC0,0x10,0xA0,0x11,0x30,0x13,0x18,
    0x7C,0x06,0x08,0x02,0x10,0x00,0x13,0xFC,0x12,0x44,0x7E,0x44,0x12,0x44,0x12,0x44,
    0x16,0x44,0x3B,0xFC,0xF2,0x00,0x12,0x00,0x12,0x04,0x12,0x02,0x13,0x06,0x71,0xFC,
    0x00,0x00,0x10,0x80,0x13,0xBC,0x12,0x24,0x7A,0x24,0x12,0x24,0x12,0x24,0x16,0x24,
    0x3A,0x24,0x72,0x24,0x12,0xA4,0x13,0xA4,0x17,0x3C,0x10,0x20,0x70,0x20,0x00,0x20,
    0x10,0x00,0x11,0xFC,0x10,0x0C,0x7C,0x98,0x10,0x70,0x10,0x20,0x13,0xFE,0x1C,0x22,
    0x70,0x24,0x10,0x24,0x10,0x28,0x10,0x20,0x10,0x20,0x71,0xE0,0x00,0x00,0x10,0x00,
    0x10,0xFC,0x13,0xC8,0x7E,0x48,0x12,0x48,0x12,0x48,0x16,0x48,0x3E,0x48,0x72,0x48,
    0x12,0x4C,0x12,0x44,0x16,0x44,0x14,0x46,0x7C,0x42,0x00,0x00,0x10,0x00,0x11,0xF8,
    0x11,0x18,0x7D,0x18,0x11,0x1E,0x13,0x0E,0x10,0x00,0x1F,0xFC,0x71,0x08,0x10,0x98,
    0x10,0xF0,0x10,0x60,0x11,0xF8,0x77,0x0E,0x04,0x02,0x10,0x10,0x11,0x10,0x11,0x90,
    0x7C,0xD0,0x10,0x50,0x13,0x10,0x15,0x90,0x1C,0xD0,0xF0,0x50,0x10,0xFE,0x17,0xD0,
    0x10,0x10,0x10,0x10,0x70,0x10,0x40,0x10,0x10,0x40,0x10,0x40,0x13,0xFE,0x7F,0xFE,
    0x10,0x00,0x10,0x00,0x15,0xF0,0x1D,0x10,0x71,0x10,0x11,0x10,0x11,0x10,0x11,0x12,
    0x12,0x12,0x76,0x1E,0x04,0x00,0x10,0x00,0x10,0x7C,0x11,0xC0,0x7D,0x00,0x11,0x00,
    0x11,0x00,0x15,0xFE,0x1D,0x10,0x71,0x10,0x11,0x10,0x11,0x10,0x13,0x10,0x12,0x10,
    0x76,0x10,0x04,0x10,0x10,0x00,0x13,0xFC,0x10,0x40,0x7C,0x40,0x10,0x40,0x10,0x40,
    0x13,0xFE,0x1C,0x40,0x70,0xA0,0x10,0xA0,0x11,0xA2,0x13,0x22,0x12,0x22,0x7C,0x3E,
    0x04,0x00,0x12,0x10,0x12,0x10,0x12,0x10,0x7A,0x7C,0x17,0x94,0x12,0x94,0x12,0xA4,
    0x3A,0xA4,0xF2,0xA4,0x12,0xA4,0x14,0xEC,0x14,0xD2,0x14,0x82,0x68,0xFE,0x08,0x00,
    0x10,0x00,0x13,0xFE,0x12,0x00,0x7E,0x84,0x12,0x4C,0x12,0x68,0x16,0x30,0x3E,0x10,
    0x72,0x38,0x12,0x68,0x12,0xC4,0x12,0x84,0x12,0x00,0x73,0xFE,0x00,0x00,0x10,0x60,
    0x10,0x60,0x10,0xD0,0x7D,0x98,0x13,0x0C,0x16,0x06,0x15,0x0A,0x1D,0x30,0xF1,0xE0,
    0x11,0x80,0x11,0x00,0x11,0x04,0x11,0x04,0x71,0xFC,0x00,0x00,0x10,0x60,0x10,0x60,
    0x10,0xB0,0x7D,0x98,0x13,0x0C,0x16,0x06,0x15,0xFA,0x1D,0x08,0xF1,0x08,0x11,0x58,
    0x11,0x30,0x11,0x04,0x11,0x04,0x71,0xFC,0x00,0x00,0x10,0x60,0x10,0x20,0x11,0xFC,
    0x7D,0x04,0x11,0x04,0x11,0x04,0x15,0x04,0x1D,0xFC,0xF1,0x00,0x11,0x00,0x13,0x00,
    0x12,0x00,0x12,0x00,0x76,0x00,0x44,0x00,0x10,0x00,0x11,0xFC,0x11,0x0C,0x7D,0x0C,
    0x11,0x78,0x11,0x00,0x15,0xFC,0x1D,0xC4,0xF1,0x48,0x11,0x68,0x11,0x30,0x11,0x30,
    0x11,0x68,0x71,0x86,0x00,0x02,0x10,0x00,0x13,0xFC,0x10,0x60,0x7E,0x64,0x11,0x64,
    0x11,0x68,0x15,0xF8,0x1C,0x60,0xF7,0xFE,0x10,0x60,0x10,0x60,0x10,0x60,0x10,0x60,
    0x70,0x60,0x00,0x60,0x10,0x20,0x10,0x20,0x13,0xFC,0x7E,0x24,0x12,0x24,0x12,0x20,
    0x17,0xFC,0x1E,0x8C,0xF2,0x88,0x12,0xD8,0x12,0x50,0x12,0x30,0x14,0xD8,0x7F,0x8E,
    0x06,0x02,0x10,0x40,0x10,0x40,0x10,0x90,0x7D,0x88,0x11,0x0C,0x13,0xFC,0x10,0x02,
    0x1C,0x00,0xF1,0xFC,0x11,0x0C,0x11,0x0C,0x11,0x0C,0x11,0x0C,0x71,0xFC,0x01,0x0C,
    0x10,0x80,0x11,0x00,0x11,0xFC,0x7A,0x0C,0x16,0x0C,0x17,0xEC,0x16,0x2C,0x3E,0x2C,
    0xF2,0x2C,0x13,0xEC,0x12,0x38,0x12,0x02,0x12,0x06,0x73,0xFC,0x00,0x00,0x10,0x00,
    0x10,0x7C,0x13,0xE0,0x7E,0x20,0x12,0x20,0x12,0x20,0x17,0xFE,0x3E,0x30,0xF2,0x10,
    0x12,0x10,0x12,0x50,0x12,0xD2,0x13,0xCA,0x72,0x6C,0x00,0x40,0x10,0x60,0x10,0x60,
    0x10,0x60,0x7F,0xFC,0x10,0x60,0x10,0x60,0x17,0xFC,0x38,0x60,0xF0,0xF0,0x10,0xF0,
    0x11,0x68,0x12,0x64,0x1C,0x62,0x70,0x60,0x00,0x60,0x10,0x00,0x13,0xFC,0x12,0x64,
    0x7E,0x64,0x12,0x64,0x13,0xFC,0x12,0x64,0x3A,0x64,0xF2,0x64,0x13,0xFC,0x10,0x60,
    0x10,0x60,0x10,0x60,0x70,0x60,0x00,0x60,0x10,0x60,0x10,0x60,0x10,0x60,0x7F,0xFC,
    0x12,0x64,0x12,0x64,0x16,0x64,0x1F,0xFC,0xF3,0xFC,0x12,0x64,0x12,0x64,0x12,0x64,
    0x13,0xFC,0x73,0xFC,0x02,0x04,0x10,0x00,0x13,0xFC,0x12,0x04,0x7E,0x04,0x13,0xFC,
    0x13,0xFC,0x12,0x20,0x1E,0x20,0xF3,0xFE,0x12,0x30,0x12,0x10,0x12,0x12,0x12,0xDA,
    0x73,0x8E,0x02,0x00,0x10,0xA0,0x10,0xA0,0x17,0xFC,0x78,0xA4,0x10,0xA4,0x17,0xFC,
    0x14,0xA0,0x3C,0xA0,0xD7,0xFE,0x10,0xA4,0x10,0xA4,0x11,0x24,0x13,0x2C,0x76,0x20,
    0x04,0x20,0x10,0x40,0x10,0x60,0x10,0x20,0x7F,0xFC,0x10,0x60,0x10,0x60,0x14,0x60,
    0x3F,0xFC,0x73,0xFC,0x10,0x60,0x10,0x60,0x10,0x60,0x10,0x60,0x77,0xFE,0x00,0x00,
    0x10,0x00,0x11,0xFC,0x11,0x04,0x7D,0x04,0x11,0x04,0x11,0xFC,0x11,0x04,0x1D,0x04,
    0x71,0x04,0x51,0xFC,0x10,0x00,0x10,0x00,0x10,0x00,0x77,0xFE,0x00,0x00,0x10,0x00,
    0x10,0x7C,0x11,0xE0,0x7D,0x00,0x11,0x00,0x11,0xFE,0x15,0x10,0x1D,0x10,0xF1,0x50,
    0x11,0x30,0x11,0x1C,0x12,0x12,0x12,0x10,0x7C,0x10,0x44,0x10,0x10,0x00,0x13,0xFC,
    0x12,0x0C,0x7A,0xCC,0x12,0x2C,0x12,0x2C,0x17,0xFE,0x3A,0x48,0xF2,0xC8,0x12,0x28,
    0x12,0x28,0x13,0xFE,0x10,0x08,0x70,0x78,0x00,0x00,0x10,0x40,0x10,0x40,0x10,0x40,
    0x7C,0x7E,0x10,0x40,0x10,0x40,0x14,0x40,0x1D,0xFC,0x71,0x04,0x11,0x04,0x11,0x04,
    0x11,0x04,0x11,0xFC,0x71,0xFC,0x01,0x04,0x10,0x40,0x10,0x40,0x10,0x60,0x7F,0xFC,
    0x10,0x00,0x11,0x08,0x15,0x08,0x1D,0x88,0xF0,0x98,0x10,0x90,0x10,0x90,0x10,0xB0,
    0x10,0x20,0x77,0xFE,0x00,0x00,0x10,0x60,0x12,0x64,0x13,0x64,0x7D,0x68,0x11,0xF8,
    0x10,0x60,0x17,0xFC,0x3C,0x60,0xF0,0x60,0x17,0xFE,0x17,0xFE,0x10,0x60,0x10,0x60,
    0x70,0x60,0x00,0x60,0x10,0x60,0x10,0x60,0x11,0xFC,0x7D,0xFC,0x11,0x04,0x11,0x04,
    0x11,0x04,0x1D,0xFC,0xF1,0x04,0x11,0x04,0x11,0x04,0x11,0x04,0x11,0xFC,0x71,0x04,
    0x01,0x00,0x00,0x00,0x10,0x60,0x10,0x60,0x10,0x90,0x7D,0x98,0x13,0xCC,0x16,0x46,
    0x10,0x22,0x1C,0x00,0xF3,0xFC,0x10,0x18,0x13,0x10,0x10,0xE0,0x10,0x60,0x70,0x18,
    0x00,0x10,0x10,0x00,0x13,0xFC,0x13,0x04,0x7F,0x04,0x13,0x04,0x13,0xFC,0x14,0x80,
    0x38,0x80,0xF7,0xFC,0x10,0x84,0x10,0x84,0x11,0x84,0x13,0x04,0x7E,0x3C,0x44,0x00,
    0x10,0x00,0x11,0xFE,0x11,0x00,0x7D,0x00,0x11,0x00,0x11,0xFC,0x15,0x0C,0x1D,0x0C,
    0xF1,0x0C,0x11,0xFC,0x11,0x00,0x11,0x00,0x11,0x00,0x71,0xFE,0x00,0x00,0x10,0x00,
    0x13,0xFE,0x13,0xFE,0x7C,0x40,0x10,0x80,0x10,0x80,0x15,0xFC,0x1F,0xFC,0x73,0x04,
    0x1F,0x04,0x15,0x04,0x11,0x04,0x11,0xFC,0x71,0x04,0x01,0x04,0x10,0x90,0x10,0x98,
    0x10,0x88,0x7F,0xFE,0x11,0x80,0x11,0x00,0x15,0xFC,0x3D,0x88,0xF1,0x88,0x13,0x58,
    0x12,0x70,0x16,0x30,0x14,0xD8,0x7F,0x86,0x02,0x02,0x11,0x80,0x11,0x00,0x11,0xFE,
    0x7A,0x00,0x16,0x60,0x16,0x6C,0x12,0x74,0x1F,0xE4,0xF2,0x64,0x12,0x64,0x12,0x78,
    0x12,0x62,0x12,0x02,0x71,0xFE,0x00,0x00,0x00,0x00,0x10,0x80,0x11,0x80,0x11,0xFC,
    0x7B,0x04,0x12,0x04,0x17,0xE4,0x16,0x24,0x1E,0x24,0x72,0x24,0x12,0x24,0x13,0xE4,
    0x10,0x04,0x10,0x04,0x70,0x3C,0x00,0x00,0x10,0x60,0x10,0x60,0x12,0x64,0x7A,0x64,
    0x12,0x64,0x12,0x64,0x17,0xFC,0x38,0x60,0x72,0x64,0x12,0x64,0x12,0x64,0x12,0x64,
    0x12,0x64,0x73,0xFC,0x00,0x00,0x10,0x00,0x13,0xFC,0x10,0x84,0x7C,0x84,0x10,0x84,
    0x11,0x8C,0x1F,0x38,0x3A,0x00,0x53,0xFC,0x13,0x04,0x13,0x04,0x13,0x04,0x13,0x04,
    0x73,0xFC,0x03,0x04,0x0F,0xFC,0x78,0x20,0x08,0x20,0x09,0xFC,0x7E,0x20,0x08,0x20,
    0x09,0xFC,0x08,0x20,0x7E,0x20,0x13,0xFE,0x10,0x20,0x30,0x20,0x60,0x20,0x40,0x20,
    0x00,0x00,0x10,0x40,0x12,0xC8,0x12,0x48,0x7E,0x28,0x12,0x28,0x12,0x08,0x16,0x08,
    0x1E,0x08,0xF2,0x68,0x12,0xD8,0x13,0x18,0x12,0x2C,0x10,0x66,0x71,0x82,0x00,0x80,
    0x10,0xB0,0x10,0x90,0x10,0x88,0x7F,0xFE,0x10,0xA0,0x11,0xA0,0x15,0x24,0x1D,0x28,
    0xF1,0x38,0x11,0x30,0x12,0x64,0x12,0xE2,0x15,0xA2,0x7C,0x3C,0x00,0x00,0x10,0x40,
    0x10,0x40,0x13,0xFC,0x7C,0x80,0x11,0x80,0x13,0xE0,0x11,0x20,0x1E,0x20,0xF3,0xFC,
    0x10,0x20,0x11,0x2C,0x12,0x24,0x16,0x22,0x74,0xE2,0x00,0x80,0x10,0x00,0x13,0xFC,
    0x12,0x44,0x7A,0x44,0x12,0x44,0x13,0xFC,0x16,0x44,0x1A,0x44,0x72,0x44,0x13,0xFC,
    0x12,0x44,0x16,0x44,0x14,0x44,0x74,0x5C,0x0C,0x00,0x11,0x0C,0x10,0x88,0x10,0xD8,
    0x7C,0x90,0x13,0xFE,0x10,0x00,0x14,0x00,0x1C,0x00,0xF1,0xFC,0x90,0x00,0x10,0x00,
    0x10,0x00,0x10,0x00,0x77,0xFE,0x00,0x00,0x10,0x40,0x10,0x60,0x13,0xFC,0x7E,0x04,
    0x12,0x04,0x10,0x00,0x17,0xFE,0x18,0x20,0x70,0x20,0x10,0x20,0x10,0x20,0x10,0x20,
    0x10,0x20,0x71,0xE0,0x00,0x00,0x10,0x50,0x11,0x48,0x12,0x44,0x7F,0xFE,0x10,0x80,
    0x10,0x80,0x14,0xFC,0x1C,0x8C,0xF1,0x88,0x11,0x58,0x12,0x70,0x16,0x30,0x1C,0xD8,
    0x7B,0x86,0x02,0x00,0x10,0x00,0x13,0xFC,0x11,0x08,0x7C,0x98,0x10,0x70,0x10,0xF0,
    0x17,0x8E,0x38,0x60,0x73,0xFC,0x10,0x60,0x10,0x60,0x13,0xFE,0x10,0x60,0x70,0x60,
    0x00,0x60,0x10,0x00,0x10,0xFC,0x13,0xE0,0x7C,0x60,0x10,0x60,0x13,0xFE,0x10,0x60,
    0x1C,0x60,0x73,0xFC,0x13,0xFC,0x13,0x0C,0x13,0x0C,0x13,0x0C,0x73,0xFC,0x03,0x0C,
    0x10,0x28,0x10,0x2C,0x10,0x24,0x7B,0xFE,0x10,0x20,0x10,0x20,0x18,0x20,0x77,0xE0,
    0xD1,0x30,0x11,0x10,0x11,0x10,0x11,0xD2,0x17,0x9A,0x70,0x0C,0x00,0x00,0x10,0x00,
    0x13,0xFC,0x10,0x08,0x7C,0x30,0x10,0x62,0x17,0x54,0x11,0x58,0x19,0x58,0x72,0x48,
    0x12,0x44,0x14,0x46,0x1C,0xC2,0x10,0x00,0x77,0xFC,0x00,0x00,0x11,0x18,0x11,0x18,
    0x11,0x18,0x7B,0xFC,0x11,0x18,0x11,0x18,0x15,0x18,0x39,0x18,0xD7,0xFE,0x17,0xFE,
    0x10,0x90,0x11,0x98,0x13,0x0C,0x74,0x06,0x04,0x00,0x11,0x10,0x09,0x10,0x09,0x20,
    0x3F,0xFC,0x02,0x00,0x7F,0xFE,0x0C,0x20,0x3F,0xF8,0xE1,0x8E,0x5F,0xF2,0x01,0x80,
    0x3F,0xFC,0x01,0x80,0x07,0x80,0x04,0x00,0x00,0x00,0x10,0x40,0x10,0x60,0x10,0xB0,
    0x7D,0x18,0x12,0x0C,0x1F,0xFE,0x13,0xF8,0x1C,0x40,0xF0,0x40,0x13,0xFC,0x10,0x40,
    0x10,0x40,0x10,0x40,0x77,0xFE,0x00,0x00,0x10,0x80,0x10,0x84,0x13,0xFC,0x7C,0x88,
    0x10,0x90,0x17,0xFE,0x10,0x40,0x1D,0xFC,0xF3,0x80,0x1D,0x80,0x11,0xF8,0x10,0x08,
    0x10,0x08,0x70,0x78,0x40,0x00,0x11,0x0C,0x11,0x88,0x10,0x90,0x7F,0xFE,0x10,0x88,
    0x10,0x88,0x14,0x88,0x3C,0x88,0xF3,0xFE,0x11,0x88,0x11,0x08,0x11,0x08,0x13,0x08,
    0x76,0x08,0x04,0x08,0x10,0x40,0x10,0x40,0x13,0xFC,0x7A,0x44,0x12,0x44,0x13,0xFC,
    0x1A,0x44,0x3A,0x44,0xF3,0xFC,0x10,0x48,0x10,0x78,0x10,0x62,0x13,0xB2,0x74,0x1C,
    0x00,0x00,0x10,0x60,0x10,0x60,0x10,0x90,0x7D,0x18,0x12,0x0C,0x15,0xFE,0x10,0x00,
    0x1C,0x00,0xF3,0xF8,0x12,0x08,0x12,0x08,0x12,0x08,0x13,0xF8,0x73,0xF8,0x00,0x00,
    0x01,0x80,0x06,0x40,0x1C,0x30,0x77,0xEE,0x9F,0xF2,0x10,0x10,0x1F,0xF0,0x00,0x78,
    0x3F,0x80,0x3F,0xF8,0x01,0x80,0x7F,0xFE,0x01,0x80,0x07,0x00,0x04,0x00,0x10,0x60,
    0x10,0x60,0x13,0xFC,0x7C,0x60,0x10,0x60,0x17,0xFE,0x10,0x18,0x18,0x18,0xF3,0xFE,
    0x10,0x18,0x13,0x18,0x11,0x98,0x10,0x98,0x70,0x70,0x00,0x00,0x10,0x60,0x10,0x60,
    0x13,0xFC,0x7C,0x60,0x10,0x60,0x10,0x60,0x1F,0xFE,0x38,0x20,0xF0,0x20,0x13,0xFC,
    0x10,0x20,0x10,0x20,0x10,0x20,0x77,0xFE,0x20,0x00,0x13,0x00,0x13,0x0C,0x13,0xF0,
    0x7F,0x02,0x13,0x06,0x11,0xFC,0x14,0x00,0x1F,0xFC,0x73,0x04,0x13,0x04,0x13,0xFC,
    0x13,0x04,0x13,0x04,0x73,0xFC,0x03,0x04,0x10,0x40,0x10,0x60,0x13,0xFC,0x7E,0x04,
    0x12,0x44,0x10,0xC0,0x1B,0xFE,0x38,0x88,0xF1,0x18,0x13,0x10,0x10,0xF0,0x10,0x70,
    0x10,0xD8,0x77,0x06,0x44,0x04,0x10,0x40,0x10,0x40,0x13,0xFE,0x7C,0x90,0x11,0x08,
    0x13,0xF4,0x14,0x02,0x38,0x00,0x77,0xFC,0x11,0x00,0x11,0xF8,0x10,0x08,0x10,0x08,
    0x70,0x78,0x00,0x00,0x10,0xA0,0x10,0xA0,0x16,0xA4,0x7A,0xA4,0x12,0xA8,0x11,0xB8,
    0x14,0xB0,0x19,0xB8,0x77,0xAC,0x14,0xA6,0x11,0x20,0x11,0x22,0x13,0x22,0x76,0x1E,
    0x04,0x00,0x10,0x40,0x10,0x20,0x13,0xFC,0x7E,0x04,0x12,0xD4,0x11,0x8C,0x16,0x06,
    0x39,0xF8,0xF0,0x30,0x10,0x40,0x11,0x80,0x13,0x02,0x12,0x06,0x73,0xFC,0x00,0x00,
    0x08,0x40,0x08,0x40,0x7F,0xF8,0x0A,0x48,0x7D,0x8A,0x09,0xEA,0x3B,0x0E,0x00,0x78,
    0x3F,0x80,0x3F,0xF8,0x01,0x80,0x7F,0xFC,0x01,0x80,0x01,0x00,0x06,0x00,0x01,0x00,
    0x01,0x80,0x7F,0xFC,0x1A,0x50,0x32,0x4C,0x62,0x46,0x7F,0xFA,0x01,0x80,0x01,0x80,
    0x3F,0xF8,0x01,0x80,0x7F,0xFC,0x01,0x80,0x07,0x00,0x04,0x00,0x00,0x00,0x12,0x08,
    0x12,0x08,0x13,0x08,0x79,0xFE,0x10,0x08,0x17,0x48,0x11,0x48,0x19,0x28,0x71,0x28,
    0x11,0x08,0x11,0x38,0x13,0x30,0x17,0x80,0x7C,0xFE,0x00,0x00,0x12,0x10,0x12,0x10,
    0x13,0x10,0x79,0x10,0x10,0x7C,0x17,0x10,0x11,0x10,0x19,0x30,0x71,0x28,0x11,0x6C,
    0x11,0x44,0x13,0x86,0x17,0x80,0x74,0x7E,0x00,0x00,0x10,0x20,0x10,0x20,0x13,0xFC,
    0x7C,0x20,0x12,0x24,0x11,0x2C,0x11,0xB8,0x18,0x20,0x73,0xFE,0x10,0x60,0x10,0x70,
    0x10,0x90,0x13,0x08,0x76,0x06,0x04,0x02,0x11,0x00,0x11,0x04,0x13,0xF8,0x7C,0x8C,
    0x10,0x98,0x10,0x66,0x1F,0xA4,0x70,0x1C,0xD7,0xFC,0x17,0xFC,0x11,0x20,0x11,0x22,
    0x13,0x22,0x76,0x3C,0x08,0x00,0x10,0x60,0x12,0x64,0x11,0x6C,0x7D,0xE8,0x11,0x78,
    0x13,0xFC,0x10,0x04,0x1C,0x04,0xF0,0x04,0x13,0xFC,0x10,0x04,0x10,0x04,0x13,0xFC,
    0x73,0xFC,0x00,0x04,0x10,0x80,0x11,0xF0,0x13,0x10,0x7E,0x20,0x13,0xF8,0x10,0x48,
    0x18,0x48,0x3F,0xFE,0xD0,0x48,0x10,0x48,0x13,0xF8,0x10,0x40,0x10,0x40,0x71,0xC0,
    0x00,0x00,0x00,0x00,0x10,0x40,0x10,0x60,0x13,0xFC,0x79,0x08,0x10,0x90,0x10,0xE0,
    0x1C,0xE0,0x73,0x9C,0xD6,0x86,0x11,0x10,0x11,0x10,0x11,0x10,0x13,0x10,0x76,0x10,
    0x04,0x00,0x00,0x00,0x10,0x00,0x13,0xFC,0x12,0x04,0x7E,0x44,0x13,0xFC,0x13,0xFC,
    0x15,0xA0,0x1D,0x20,0x73,0xFC,0x10,0x20,0x10,0x20,0x17,0xFE,0x10,0x20,0x70,0x20,
    0x00,0x20,0x10,0x40,0x10,0xD0,0x11,0x88,0x7F,0xFC,0x12,0x06,0x11,0x80,0x15,0xFC,
    0xBA,0x20,0x72,0x20,0x17,0xFE,0x10,0x60,0x10,0x70,0x11,0x98,0x77,0x06,0x44,0x00,
    0x00,0x00,0x10,0x00,0x17,0xDE,0x12,0x54,0x7A,0x54,0x12,0x54,0x17,0xD4,0x1A,0x5C,
    0x3A,0x54,0x57,0xD6,0x12,0x52,0x12,0x52,0x14,0x56,0x14,0x5C,0x7D,0x90,0x00,0x00,
    0x10,0x60,0x11,0x68,0x11,0x68,0x7D,0x68,0x11,0x68,0x12,0xF4,0x1A,0xF6,0x3E,0x72,
    0x70,0x60,0x13,0xFC,0x10,0x60,0x10,0x60,0x10,0x60,0x77,0xFE,0x40,0x00,0x10,0x00,
    0x13,0xFE,0x12,0x00,0x7E,0x00,0x12,0xFC,0x12,0x00,0x1A,0x00,0xBB,0xFE,0x72,0xA4,
    0x12,0x96,0x12,0x98,0x16,0x88,0x14,0xBC,0x7C,0xC6,0x04,0x80,0x10,0x00,0x17,0xBC,
    0x11,0xF0,0x79,0x10,0x12,0x10,0x16,0x7C,0x1F,0xFC,0x38,0x90,0xF4,0x90,0x15,0x10,
    0x13,0x7C,0x13,0x00,0x17,0x80,0x7C,0x7E,0x08,0x00,0x10,0x80,0x11,0xF8,0x11,0x18,
    0x7A,0x10,0x17,0xFC,0x12,0x64,0x16,0x44,0x3E,0x44,0x73,0xFC,0x10,0x40,0x10,0xE0,
    0x11,0xA2,0x13,0x22,0x7E,0x3C,0x04,0x00,0x00,0x00,0x10,0x00,0x13,0xFC,0x10,0x80,
    0x7C,0x80,0x13,0xF8,0x10,0x88,0x19,0x88,0x3B,0xFE,0xF0,0x00,0x13,0xFC,0x12,0x04,
    0x12,0x04,0x12,0x04,0x73,0xFC,0x02,0x04,0x10,0x00,0x13,0xFC,0x11,0x18,0x7C,0xF0,
    0x10,0x60,0x13,0xFC,0x16,0x64,0x3B,0xFC,0xF3,0xFC,0x12,0x64,0x13,0xFC,0x12,0x64,
    0x12,0x64,0x72,0x7C,0x00,0x00,0x10,0x00,0x13,0xFC,0x12,0x04,0x7A,0x44,0x12,0x44,
    0x13,0xF4,0x12,0x44,0x1A,0x64,0xF2,0xD4,0x13,0x4C,0x12,0x44,0x12,0x44,0x12,0x04,
    0x73,0xFC,0x02,0x04,0x10,0x00,0x13,0xFC,0x13,0x04,0x7F,0x04,0x13,0x04,0x13,0xFC,
    0x14,0x20,0x3D,0x20,0xF1,0x20,0x13,0x3C,0x13,0x20,0x13,0x20,0x16,0xA0,0x7C,0x7E,
    0x04,0x00,0x20,0x04,0x27,0xC4,0x24,0xD4,0x7C,0xD4,0x24,0xD4,0x27,0xD4,0x2A,0x14,
    0x32,0x14,0xEF,0xD4,0x22,0x54,0x22,0x54,0x22,0x44,0x24,0x44,0x69,0x9C,0x08,0x00,
    0x10,0x00,0x13,0xFC,0x12,0x04,0x7F,0xFC,0x12,0x04,0x12,0x04,0x17,0xFC,0x38,0x00,
    0xF3,0xFC,0x10,0x60,0x10,0x60,0x17,0xFE,0x10,0x60,0x70,0x60,0x00,0x60,0x10,0x20,
    0x12,0x24,0x11,0x2C,0x7C,0xA8,0x10,0x20,0x13,0xFC,0x16,0x04,0x1F,0xFC,0x72,0x04,
    0x12,0x04,0x13,0xFC,0x12,0x04,0x12,0x04,0x72,0x1C,0x00,0x00,0x10,0x00,0x13,0xFC,
    0x12,0x04,0x7E,0x04,0x13,0xFC,0x12,0x04,0x17,0xFC,0x3F,0xFC,0x70,0x60,0x13,0xFC,
    0x13,0xFC,0x10,0x60,0x10,0x60,0x77,0xFE,0x00,0x00,0x10,0x00,0x11,0xFC,0x11,0x0C,
    0x7D,0x0C,0x11,0xFC,0x10,0x00,0x13,0xFC,0x1E,0x04,0xF3,0xFC,0x12,0x04,0x12,0x04,
    0x13,0xFC,0x12,0x04,0x72,0x1C,0x00,0x00,0x10,0x48,0x10,0x4C,0x13,0xFE,0x78,0x40,
    0x10,0x40,0x13,0xFC,0x1A,0x44,0x3B,0xFC,0x73,0xFC,0x12,0x44,0x13,0xFC,0x12,0x44,
    0x12,0x44,0x72,0x5C,0x40,0x10,0x10,0x90,0x10,0x90,0x13,0xFE,0x78,0x90,0x10,0x00,
    0x13,0xFE,0x16,0x06,0x3A,0x46,0xF3,0xFC,0x13,0xFC,0x10,0x88,0x10,0x88,0x11,0x08,
    0x76,0x38,0x04,0x00,0x10,0x00,0x11,0xFC,0x11,0x0C,0x7D,0x0C,0x11,0xFC,0x10,0x00,
    0x17,0xFC,0x3E,0x04,0x72,0x64,0x12,0x64,0x12,0x44,0x10,0x70,0x11,0x9C,0x77,0x06,
    0x04,0x02,0x10,0x60,0x10,0x60,0x10,0x90,0x7D,0x18,0x13,0x0C,0x15,0xFE,0x10,0x02,
    0x1E,0x44,0x73,0x48,0x11,0x48,0x11,0x28,0x11,0x10,0x10,0x10,0x77,0xFE,0x00,0x00,
    0x10,0x80,0x10,0x80,0x11,0xF8,0x7B,0x10,0x16,0x20,0x17,0xFC,0x16,0x44,0x1A,0x44,
    0xF2,0x44,0x97,0xFE,0x10,0x60,0x10,0xF0,0x11,0x98,0x7E,0x0E,0x44,0x02,0x10,0x40,
    0x10,0xC0,0x13,0xF8,0x7E,0x88,0x12,0x48,0x12,0x38,0x16,0x00,0x3F,0xFC,0x70,0x04,
    0x14,0xA4,0x14,0xA4,0x14,0xA4,0x17,0xE4,0x70,0x3C,0x00,0x10,0x10,0x40,0x10,0x40,
    0x17,0xFC,0x78,0xC0,0x13,0xFC,0x10,0x80,0x1F,0xFE,0x39,0x10,0xD2,0x48,0x17,0xF4,
    0x18,0x42,0x17,0xFC,0x10,0x40,0x70,0x40,0x00,0x40,0x10,0x00,0x13,0xFC,0x12,0x04,
    0x7A,0x04,0x13,0xFC,0x12,0x20,0x16,0x20,0x3B,0xFE,0xF2,0x20,0x12,0xFC,0x12,0x84,
    0x16,0x84,0x14,0x84,0x7C,0xFC,0x00,0x84,0x10,0x00,0x13,0xFC,0x10,0x40,0x78,0x40,
    0x13,0xFC,0x11,0x48,0x19,0x48,0xF7,0xFE,0x51,0x48,0x11,0x48,0x17,0xFC,0x10,0x40,
    0x10,0x40,0x77,0xFC,0x00,0x00,0x10,0x40,0x10,0x40,0x13,0xFC,0x78,0x40,0x13,0xFC,
    0x10,0x44,0x17,0xFE,0x38,0x44,0xF3,0xFC,0x10,0x40,0x12,0x7C,0x12,0x40,0x17,0xC0,
    0x7C,0xFE,0x08,0x00,0x10,0x40,0x10,0xE0,0x11,0x90,0x7B,0x48,0x1E,0x46,0x14,0x62,
    0x17,0xF8,0x3C,0x08,0x70,0x50,0x13,0x4C,0x15,0x24,0x15,0x14,0x1D,0x12,0x75,0xF0,
    0x00,0x00,0x10,0x10,0x13,0xD0,0x17,0x20,0x7E,0x3E,0x16,0x24,0x17,0xD4,0x1E,0x94,
    0x3E,0x90,0xD4,0x90,0x14,0x98,0x14,0xB8,0x14,0xAC,0x14,0xE4,0x68,0xC2,0x00,0x00,
    0x10,0x20,0x10,0x20,0x13,0xFE,0x7E,0x20,0x12,0x20,0x12,0x3E,0x16,0x20,0x3E,0x20,
    0xF2,0xFC,0x12,0xFC,0x12,0x84,0x12,0x84,0x14,0x84,0x7C,0xFC,0x04,0x84,0x10,0x00,
    0x17,0xFC,0x14,0xA4,0x7A,0xE8,0x11,0x18,0x12,0xBC,0x1C,0x66,0x37,0xBC,0xD7,0xBC,
    0x14,0xA4,0x13,0x18,0x11,0x18,0x16,0xB8,0x7C,0xC6,0x08,0x82,0x10,0x00,0x13,0xFC,
    0x13,0x44,0x7D,0x48,0x11,0x28,0x13,0xFC,0x16,0x04,0x38,0x00,0xF3,0xF8,0x11,0x88,
    0x10,0x90,0x10,0x60,0x11,0xF8,0x77,0x0E,0x00,0x00,0x10,0x60,0x10,0x60,0x10,0x7E,
    0x7C,0x60,0x13,0xFC,0x12,0x04,0x17,0xFC,0x3E,0x04,0x73,0xFC,0x10,0x60,0x10,0x60,
    0x17,0xFE,0x10,0x60,0x70,0x60,0x00,0x60,0x11,0x18,0x09,0x10,0x7F,0xFC,0x60,0x04,
    0x7F,0xF4,0x10,0x10,0x1F,0xF0,0x00,0x78,0x3F,0x80,0x3F,0xF8,0x01,0x80,0x7F,0xFE,
    0x01,0x80,0x07,0x80,0x00,0x00,0x00,0x00,0x11,0x80,0x11,0x00,0x13,0xFC,0x7B,0x04,
    0x17,0x04,0x13,0xF4,0x1A,0x44,0x38,0x44,0x57,0xFC,0x12,0x54,0x12,0x54,0x13,0xF4,
    0x10,0x04,0x70,0x1C,0x00,0x10,0x00,0x00,0x10,0xC0,0x10,0x80,0x11,0xFC,0x7B,0x08,
    0x12,0x10,0x10,0xC0,0x17,0xBC,0x3A,0x04,0xF2,0x04,0x13,0xFC,0x12,0x04,0x12,0x04,
    0x13,0xFC,0x73,0xFC,0x00,0x00,0x00,0x00,0x10,0x90,0x10,0x90,0x10,0x90,0x7B,0x9E,
    0x10,0x90,0x10,0x90,0x18,0x90,0x3B,0x9C,0xF0,0x90,0x10,0x90,0x17,0x9E,0x17,0x9E,
    0x10,0x90,0x70,0x90,0x00,0x10,0x10,0x40,0x10,0x60,0x17,0xFE,0x79,0x20,0x11,0x40,
    0x12,0x7C,0x1A,0x64,0x3E,0x94,0x7F,0xD8,0x1B,0x48,0x12,0x30,0x12,0x30,0x12,0x6C,
    0x73,0x86,0x03,0x00,0x10,0x00,0x13,0xFC,0x12,0x04,0x7A,0x04,0x13,0xFC,0x12,0x20,
    0x1A,0xA4,0x3A,0xA4,0xF2,0xFC,0x16,0x20,0x15,0x24,0x15,0x24,0x15,0x24,0x79,0xFC,
    0x00,0x04,0x10,0x40,0x10,0x60,0x13,0xFE,0x7C,0x00,0x13,0xFC,0x13,0xFC,0x16,0x04,
    0x3E,0x04,0x73,0xFC,0x10,0x20,0x11,0x28,0x13,0x24,0x16,0x26,0x74,0xE2,0x00,0x00,
    0x10,0x00,0x13,0xFC,0x12,0x04,0x7A,0xA4,0x10,0x90,0x13,0x0C,0x1E,0x44,0x38,0x40,
    0xF7,0xFC,0x10,0xE0,0x11,0xD0,0x13,0x4C,0x1E,0x46,0x74,0x42,0x00,0x40,0x24,0x04,
    0x3F,0xA4,0x24,0x24,0x7F,0xE4,0x04,0x24,0x3F,0x84,0x24,0xBC,0x25,0x20,0x3F,0xF8,
    0x01,0x80,0x3F,0xF8,0x01,0x80,0x7F,0xFE,0x01,0x80,0x07,0x00,0x10,0x40,0x10,0x20,
    0x13,0xFC,0x7D,0x98,0x10,0x90,0x17,0xFE,0x14,0xC0,0x18,0x80,0xF7,0xFE,0x11,0x08,
    0x13,0x10,0x10,0xF0,0x10,0xD8,0x77,0x06,0x00,0x00,0x10,0x40,0x10,0x20,0x13,0xFC,
    0x7A,0x04,0x12,0x94,0x10,0xD8,0x19,0x0C,0x3E,0x02,0xF0,0x00,0x13,0xFC,0x10,0x60,
    0x10,0x60,0x10,0x60,0x77,0xFE,0x00,0x00,0x11,0xA0,0x11,0x20,0x11,0x10,0x7F,0xFE,
    0x13,0x30,0x17,0x30,0x13,0xFC,0x1F,0x30,0xF3,0x30,0x13,0xFC,0x13,0x30,0x13,0x30,
    0x13,0xFE,0x73,0x00,0x03,0x00,0x10,0x40,0x10,0x40,0x13,0xFC,0x78,0x90,0x11,0x58,
    0x12,0x4C,0x17,0xFA,0x1A,0x48,0x73,0xF8,0x12,0x48,0x12,0x48,0x13,0xFA,0x10,0x42,
    0x70,0x7E,0x00,0x00,0x10,0x90,0x10,0x90,0x13,0xFC,0x7C,0x90,0x10,0x90,0x17,0xFE,
    0x14,0x00,0x3C,0x00,0xF3,0xF8,0x12,0x08,0x13,0xF8,0x12,0x08,0x12,0x08,0x73,0xF8,
    0x42,0x08,0x10,0x40,0x10,0x7C,0x10,0x40,0x7B,0xFE,0x12,0x42,0x12,0x7C,0x17,0xC4,
    0x3A,0x7C,0x72,0x40,0x13,0xFC,0x12,0x44,0x14,0x44,0x14,0xC4,0x7F,0xBC,0x01,0x00,
    0x14,0xC0,0x14,0xBE,0x12,0xA4,0x79,0x24,0x17,0xE4,0x11,0x24,0x11,0x28,0x7F,0xE4,
    0xD1,0x24,0x11,0x22,0x13,0xA2,0x12,0xAE,0x14,0x68,0x68,0x20,0x00,0x20,0x11,0x08,
    0x10,0x98,0x13,0xFC,0x7F,0xFC,0x12,0x64,0x13,0xFC,0x16,0x64,0xBA,0x64,0x53,0xFC,
    0x10,0x60,0x10,0x60,0x17,0xFE,0x10,0x60,0x70,0x60,0x40,0x60,0x10,0x40,0x10,0xB0,
    0x11,0x18,0x7B,0xFC,0x10,0x44,0x17,0xFE,0x14,0x90,0x39,0x38,0xF6,0xCC,0x1D,0x92,
    0x10,0x60,0x13,0x8C,0x10,0x30,0x73,0xC0,0x06,0x00,0x10,0x00,0x13,0xFC,0x11,0x98,
    0x78,0x60,0x17,0xFC,0x10,0xA4,0x1B,0x2C,0x3E,0xE0,0xF0,0x40,0x17,0xFE,0x10,0xF0,
    0x11,0x58,0x16,0x4E,0x7C,0x42,0x00,0x40,0x10,0x40,0x10,0x40,0x17,0xFC,0x78,0xC0,
    0x13,0xFC,0x10,0x80,0x1F,0xFC,0x39,0x10,0xD3,0xF8,0x1C,0x46,0x1B,0xF8,0x10,0x40,
    0x11,0xB0,0x77,0x0C,0x08,0x04,0x10,0x90,0x10,0x90,0x13,0xFE,0x78,0x90,0x10,0x90,
    0x13,0xFC,0x16,0x64,0xBA,0x64,0x72,0x64,0x13,0xFC,0x12,0x64,0x12,0x64,0x12,0x64,
    0x73,0xFC,0x02,0x04,0x10,0x00,0x13,0xF8,0x12,0x08,0x7F,0xF8,0x12,0x08,0x13,0xF8,
    0x18,0x00,0x3F,0xFE,0xD0,0x60,0x13,0x60,0x12,0x7C,0x13,0x60,0x17,0xE0,0x7C,0xFE,
    0x08,0x00,0x10,0x04,0x13,0xFC,0x10,0x40,0x78,0x40,0x17,0xFE,0x10,0x40,0x19,0xDC,
    0xF2,0x5C,0x52,0x44,0x13,0xDC,0x12,0x44,0x12,0x44,0x13,0xFC,0x73,0xFC,0x00,0x00,
    0x10,0x00,0x13,0xFC,0x13,0x0C,0x7B,0xFC,0x10,0x00,0x17,0xFE,0x13,0x08,0x1B,0xF8,
    0xF3,0x08,0x13,0x08,0x13,0xF8,0x13,0x08,0x17,0xFE,0x70,0x08,0x00,0x08,0x10,0x00,
    0x13,0xFC,0x12,0x04,0x7B,0xFC,0x12,0x00,0x12,0x00,0x1B,0xFC,0x3A,0x98,0xF7,0xFC,
    0x14,0x24,0x14,0x20,0x15,0xFC,0x14,0x20,0x7B,0xFE,0x48,0x00,0x10,0x40,0x12,0x44,
    0x12,0x44,0x7B,0xFC,0x10,0x00,0x10,0x00,0x17,0xFC,0x38,0x40,0xF3,0xFC,0x12,0xA4,
    0x12,0xA4,0x12,0xA4,0x12,0xA4,0x72,0x84,0x40,0x18,0x12,0x20,0x12,0x24,0x13,0xB8,
    0x7A,0x30,0x12,0x22,0x17,0xB6,0x1A,0x5C,0x38,0x40,0xF3,0xFC,0x12,0x0C,0x13,0xFC,
    0x12,0x0C,0x12,0x0C,0x73,0xFC,0x02,0x0C,0x10,0x10,0x13,0x90,0x17,0x10,0x7B,0x56,
    0x13,0x54,0x17,0xD4,0x1B,0x34,0x3B,0x5C,0xF7,0x90,0x17,0xF8,0x1B,0x28,0x13,0x24,
    0x13,0x44,0x73,0x82,0x00,0x00,0x10,0x00,0x13,0xFC,0x13,0x0C,0x7F,0xFC,0x13,0x0C,
    0x13,0xFC,0x15,0x00,0xBB,0xFC,0x76,0x44,0x1E,0x64,0x12,0xD4,0x13,0x8C,0x13,0xF4,
    0x70,0x1C,0x00,0x10,0x10,0x04,0x17,0xFC,0x12,0x44,0x79,0x48,0x13,0xFC,0x10,0x80,
    0x18,0x80,0x3F,0xFE,0x51,0x00,0x11,0xF8,0x12,0x88,0x12,0x70,0x14,0x70,0x7B,0x8E,
    0x02,0x02,0x10,0x90,0x12,0x90,0x12,0xBE,0x7A,0xB8,0x12,0xE8,0x12,0xA4,0x17,0xF8,
    0x3A,0x08,0xF2,0x48,0x12,0x48,0x12,0x68,0x10,0xA2,0x11,0xA2,0x76,0x3C,0x04,0x00,
    0x10,0x80,0x11,0xF8,0x13,0x10,0x7E,0x20,0x13,0xDC,0x12,0x44,0x1B,0xFC,0x38,0xE2,
    0xF1,0xA2,0x1F,0x1C,0x14,0xE0,0x10,0x18,0x13,0x80,0x70,0x78,0x00,0x08,0x00,0x00,
    0x24,0x00,0x22,0xFC,0x21,0x04,0x7C,0x84,0x25,0xF4,0x27,0xB4,0x2C,0x64,0xF4,0xF4,
    0x67,0x0C,0x25,0xF4,0x25,0x14,0x25,0x14,0x25,0xF4,0x64,0x1C,0x04,0x00,0x10,0x40,
    0x12,0x4C,0x11,0x58,0x7F,0xFC,0x10,0xE0,0x11,0xD0,0x1B,0x4C,0x3C,0xC6,0xD0,0x80,
    0x17,0xFE,0x13,0x10,0x11,0xF0,0x10,0xF8,0x7F,0x0E,0x00,0x00,0x11,0x44,0x13,0x4C,
    0x11,0x28,0x7B,0xFC,0x12,0x04,0x12,0x04,0x13,0xF8,0x1A,0x08,0xF2,0x48,0x12,0x48,
    0x12,0x68,0x10,0xE2,0x11,0xA2,0x76,0x3E,0x04,0x00,0x10,0x50,0x10,0x4C,0x17,0xFE,
    0x78,0x40,0x13,0xFC,0x12,0x44,0x1B,0xFC,0x3A,0x44,0x53,0xFC,0x12,0x0C,0x1F,0xFE,
    0x12,0x08,0x11,0x88,0x70,0xF8,0x00,0x20,0x00,0x00,0x10,0x40,0x10,0x40,0x17,0xFE,
    0x79,0x98,0x17,0xF0,0x10,0xC8,0x19,0x8C,0x3F,0xF2,0xF0,0x00,0x13,0xFC,0x12,0x44,
    0x13,0xFC,0x12,0x44,0x73,0xFC,0x02,0x04,0x11,0x08,0x10,0x90,0x13,0xFC,0x78,0x40,
    0x10,0x40,0x13,0xFC,0x18,0xC0,0x3F,0xFE,0xF0,0x80,0x11,0x00,0x13,0xFC,0x16,0x20,
    0x1C,0x20,0x73,0xFE,0x00,0x00,0x00,0x00,0x10,0x00,0x17,0xFC,0x13,0x48,0x79,0xD0,
    0x10,0xE0,0x11,0xF0,0x16,0x4E,0x18,0x40,0xF3,0xF8,0x12,0x48,0x13,0xF8,0x10,0x48,
    0x10,0x4C,0x77,0xFC,0x00,0x06,0x10,0x40,0x11,0xDC,0x12,0x44,0x7A,0x44,0x13,0xDC,
    0x12,0x44,0x1B,0xFC,0x38,0x40,0xF0,0x40,0x13,0xF8,0x11,0x18,0x10,0xB0,0x10,0xE0,
    0x7F,0x1E,0x08,0x00,0x10,0x40,0x10,0x60,0x17,0xFE,0x78,0x00,0x13,0xF8,0x12,0x08,
    0x17,0xF8,0x38,0x00,0xF3,0xFC,0x12,0x04,0x12,0xF4,0x12,0x94,0x12,0xF4,0x72,0x0C,
    0x00,0x00,0x10,0x40,0x10,0x20,0x13,0xFE,0x7A,0x20,0x13,0xFC,0x12,0x24,0x13,0xFE,
    0x3A,0x24,0xF7,0xFC,0x14,0x20,0x15,0xFC,0x15,0x04,0x15,0x04,0x7D,0xFC,0x01,0x04,
    0x21,0x00,0x22,0x3C,0x27,0xA4,0x7C,0xA4,0x26,0xA4,0x25,0xE2,0x34,0x80,0x3F,0xFC,
    0xE4,0xA4,0x26,0xB4,0x25,0x98,0x24,0x98,0x28,0xBC,0x6B,0xE6,0x08,0x02,0x11,0x10,
    0x11,0x10,0x17,0xFE,0x79,0x10,0x10,0xE0,0x11,0xB0,0x1B,0x18,0x7F,0xF6,0xD4,0x00,
    0x13,0xF8,0x12,0x08,0x12,0x08,0x12,0x08,0x73,0xF8,0x00,0x08,0x11,0x20,0x13,0x20,
    0x13,0xFE,0x7A,0x20,0x17,0xFC,0x16,0x20,0x1B,0xFC,0x3A,0x20,0x73,0xFE,0x17,0xF8,
    0x11,0x10,0x11,0x1C,0x13,0x04,0x7E,0x3C,0x04,0x00,0x11,0x10,0x11,0x10,0x17,0xFE,
    0x79,0x10,0x10,0x60,0x10,0xB0,0x1B,0x0C,0x3E,0x46,0xD0,0x40,0x13,0xFC,0x11,0x48,
    0x13,0x5C,0x16,0x46,0x7C,0xC2,0x00,0x00,0x10,0x00,0x17,0xFE,0x12,0x08,0x7B,0xF8,
    0x12,0x08,0x13,0xF8,0x1A,0x0E,0x3F,0xF8,0xF0,0x00,0x17,0xFC,0x14,0xA4,0x13,0x18,
    0x13,0x98,0x74,0xE6,0x48,0x42,0x10,0x00,0x13,0xFC,0x12,0x94,0x7A,0x94,0x13,0xFC,
    0x10,0x40,0x18,0x40,0x3B,0xFC,0xF0,0x40,0x17,0xFE,0x10,0x40,0x10,0x90,0x11,0x08,
    0x73,0xF4,0x40,0x04,0x10,0x00,0x17,0xFC,0x10,0x44,0x7A,0x44,0x11,0x28,0x11,0x08,
    0x1B,0xFC,0x3A,0x40,0x74,0x40,0x17,0xFE,0x10,0x40,0x12,0x44,0x12,0x44,0x73,0xFC,
    0x00,0x04,0x10,0x40,0x10,0x60,0x13,0xFC,0x7A,0x04,0x11,0xF8,0x11,0x00,0x15,0x00,
    0x39,0xFC,0xD1,0x10,0x11,0x10,0x17,0xFE,0x10,0x90,0x11,0x98,0x76,0x0E,0x04,0x04,
    0x00,0x00,0x10,0x28,0x10,0x48,0x17,0x48,0x79,0x7E,0x15,0x48,0x15,0xC8,0x13,0xFE,
    0x1A,0x48,0xF2,0x48,0x13,0x7E,0x15,0x48,0x15,0x48,0x1C,0xFE,0x68,0x40,0x00,0x00,
    0x10,0x40,0x10,0x40,0x17,0xFE,0x78,0x54,0x16,0x96,0x13,0xE8,0x19,0x70,0x3A,0x9C,
    0xF5,0xF6,0x10,0x48,0x10,0x40,0x17,0xFE,0x10,0x40,0x70,0x40,0x00,0x40,0x10,0x40,
    0x10,0x60,0x17,0xFE,0x78,0x90,0x10,0x90,0x13,0xFC,0x16,0x24,0x3B,0xFC,0x72,0x24,
    0x12,0xF4,0x12,0x94,0x12,0x94,0x12,0xF4,0x72,0x1C,0x00,0x00,0x10,0x60,0x12,0x64,
    0x12,0x64,0x7B,0xFC,0x11,0x20,0x13,0x20,0x1B,0xFE,0x3E,0x20,0xFF,0xFC,0x12,0x20,
    0x13,0xFC,0x12,0x20,0x12,0x20,0x73,0xFE,0x02,0x00,0x00,0x80,0x3F,0xFE,0x20,0x00,
    0x22,0x10,0x2F,0xFC,0x27,0x38,0x3A,0xD6,0x20,0x04,0x2F,0xF8,0x2F,0xFC,0x20,0x80,
    0x3F,0xFE,0x40,0x80,0x41,0x80,0xC1,0x00,0x10,0x90,0x10,0x90,0x17,0xFE,0x78,0x90,
    0x13,0xFC,0x12,0x04,0x17,0xFC,0x3A,0x04,0xF3,0xFC,0x10,0x40,0x17,0xFE,0x10,0x60,
    0x10,0x90,0x7F,0x0E,0x04,0x02,0x04,0x20,0x7F,0xFE,0x04,0x20,0x1F,0xF8,0x1F,0xF8,
    0x10,0x08,0x1F,0xF8,0x7F,0xFE,0x0C,0x30,0x37,0xD8,0xDF,0xF6,0x01,0x80,0x3F,0xFC,
    0x03,0x00,0x04,0x00,0x10,0x00,0x13,0xFC,0x12,0x44,0x7B,0xFC,0x12,0xFC,0x11,0x00,
    0x19,0xFC,0x3F,0x18,0xD4,0xF0,0x17,0x9E,0x18,0x00,0x13,0xF8,0x12,0x08,0x63,0xF8,
    0x00,0x00,0x20,0x00,0x27,0xFE,0x24,0x00,0x7D,0x50,0x25,0x50,0x27,0xFE,0x24,0x9C,
    0x3E,0xEC,0xE6,0xC8,0x26,0xC8,0x27,0xD8,0x2C,0x94,0x29,0x24,0x6B,0x62,0x1A,0x42,
    0x21,0x08,0x2D,0x48,0x25,0x50,0x77,0x9E,0x21,0x14,0x2F,0xF4,0x29,0x74,0x3B,0xD4,
    0xEB,0xCC,0x2B,0xC8,0x2D,0xC8,0x29,0x4C,0x29,0x56,0x69,0xE2,0x00,0x00,0x12,0x4C,
    0x11,0x48,0x17,0xFE,0x7C,0x02,0x15,0xFA,0x11,0x08,0x15,0xF8,0x18,0xFC,0xF3,0x60,
    0x13,0xFC,0x10,0x60,0x17,0xFE,0x10,0x60,0x70,0xC0,0x41,0x00,0x32,0x90,0x32,0x90,
    0x37,0xD0,0x7A,0x9E,0x32,0xA4,0x3F,0xE4,0x38,0x54,0x3F,0x94,0xF4,0x98,0x37,0x98,
    0x34,0x88,0x37,0x9C,0x34,0xB4,0x65,0xE2,0x00,0x00,0x14,0x80,0x14,0x9E,0x17,0xE0,
    0x7C,0xA0,0x17,0xA0,0x14,0xBE,0x1C,0xA4,0x3F,0xA4,0xD4,0xA4,0x1F,0xE4,0x10,0x24,
    0x12,0xA4,0x14,0xA4,0x6C,0x44,0x00,0x40,0x10,0x40,0x12,0xEC,0x11,0x10,0x78,0x90,
    0x17,0xFE,0x10,0x00,0x1B,0xFC,0x3B,0xFC,0xD2,0x44,0x13,0xFC,0x10,0x40,0x13,0xFC,
    0x10,0x40,0x77,0xFE,0x00,0x00,0x23,0x08,0x21,0x10,0x27,0xD0,0x7A,0x9E,0x25,0xA4,
    0x26,0x74,0x27,0xF4,0x3C,0x94,0xE4,0x98,0x27,0x98,0x24,0x88,0x27,0x9C,0x24,0xB4,
    0x64,0xE2,0x05,0x22,0x10,0x40,0x10,0x40,0x17,0xFE,0x7E,0xA4,0x13,0x9C,0x11,0x08,
    0x1F,0xFE,0xF2,0x0A,0x53,0xF8,0x12,0x08,0x13,0xF8,0x11,0x58,0x16,0x4C,0x7D,0xC2,
    0x40,0x00,0x10,0x04,0x17,0xF8,0x10,0x7C,0x7B,0xC0,0x17,0xFE,0x10,0x44,0x18,0x7C,
    0x3F,0x9C,0xD2,0x70,0x1F,0xFC,0x12,0x10,0x1F,0xFE,0x12,0x92,0x73,0x9E,0x00,0x00,
    0x10,0x04,0x17,0xFC,0x12,0x48,0x79,0x58,0x17,0xFE,0x10,0xF0,0x19,0x58,0x7E,0x46,
    0xDB,0xFE,0x12,0x4C,0x13,0xFC,0x12,0x4C,0x12,0x4C,0x73,0xFC,0x02,0x0C,0x10,0x00,
    0x13,0xF8,0x13,0xF8,0x7A,0x08,0x13,0xF8,0x10,0x00,0x17,0xFE,0x1A,0x40,0xF3,0xFC,
    0x12,0x64,0x13,0xD8,0x12,0x58,0x17,0xD8,0x78,0x66,0x00,0x40,0x10,0x00,0x17,0xBC,
    0x14,0xA4,0x7F,0xBC,0x14,0x66,0x13,0xF4,0x18,0x08,0x39,0x10,0x77,0xFC,0x11,0x10,
    0x11,0x10,0x16,0xEE,0x11,0x98,0x76,0x06,0x08,0x02,0x11,0x10,0x17,0xBC,0x11,0x10,
    0x7F,0xFE,0x11,0x18,0x12,0xDC,0x1C,0xA6,0x77,0xFC,0xD1,0x00,0x12,0x60,0x13,0xFC,
    0x10,0x60,0x17,0xFE,0x70,0x60,0x00,0x60,0x20,0x28,0x20,0x24,0x27,0xFE,0x7C,0x20,
    0x25,0xD4,0x24,0x18,0x2D,0xD8,0x75,0x52,0xE5,0xFA,0x28,0x6C,0x25,0x48,0x25,0x34,
    0x25,0x14,0x69,0xF2,0x00,0x00,0x00,0x00,0x20,0x00,0x27,0xFC,0x20,0x40,0x7F,0xFE,
    0x24,0x42,0x27,0xDA,0x23,0xD8,0x38,0x40,0xE3,0xFC,0x22,0x44,0x23,0xFC,0x22,0x44,
    0x22,0x44,0x63,0xFC,0x02,0x04,0x20,0x40,0x27,0xFE,0x20,0x00,0x7F,0xFC,0x25,0xF4,
    0x25,0x14,0x2C,0xE4,0x3F,0xFC,0xE1,0xF0,0x22,0x08,0x23,0xF8,0x23,0xF8,0x20,0x00,
    0x6F,0xFE,0x00,0x00,0x00,0x00,0x30,0x00,0x33,0xF8,0x32,0x08,0x7B,0xF8,0x30,0x00,
    0x37,0xBC,0x3C,0xA4,0x3F,0xBC,0xF0,0x40,0x37,0xFE,0x30,0x60,0x31,0xD0,0x36,0x4C,
    0x6C,0x46,0x00,0x40,0x12,0x20,0x7F,0xA0,0x12,0x7E,0x3F,0xEC,0xFD,0x28,0x65,0x38,
    0x3D,0xC6,0x02,0x04,0x3F,0xF8,0x01,0x80,0x3F,0xF8,0x7F,0xFE,0x01,0x80,0x01,0x80,
    0x06,0x00,0x10,0x60,0x10,0xB0,0x11,0x58,0x7E,0x46,0x15,0xBA,0x13,0xF4,0x1A,0xF4,
    0x3B,0xBC,0xF0,0x40,0x17,0xFC,0x14,0xA4,0x14,0x94,0x15,0xF4,0x74,0x1C,0x00,0x00,
    0x21,0x10,0x2D,0x50,0x25,0x90,0x71,0x3E,0x27,0xE4,0x23,0x64,0x35,0xE4,0x79,0x58,
    0xE2,0x18,0x2F,0x98,0x24,0x98,0x23,0x98,0x23,0xA4,0x6C,0x66,0x40,0x42,0x10,0x40,
    0x10,0x40,0x17,0xFC,0x7D,0x24,0x13,0xFC,0x13,0xB4,0x15,0x98,0x7B,0x08,0xD2,0xF4,
    0x14,0x02,0x1B,0xFC,0x11,0x50,0x12,0x4C,0x7C,0xC6,0x40,0x00,0x00,0x00,0x12,0x50,
    0x79,0xBC,0x16,0xD0,0x3A,0xD8,0x55,0xB4,0x56,0x52,0x02,0x00,0x7F,0xFC,0x08,0xF0,
    0x37,0x8C,0xCF,0xF2,0x01,0x80,0x3F,0xFC,0x01,0x00,0x06,0x00,0x21,0x10,0x25,0x30,
    0x27,0xFC,0x79,0x50,0x2F,0xFE,0x23,0x2A,0x35,0xAE,0x7C,0x40,0xE3,0xF8,0x22,0x88,
    0x22,0x48,0x22,0xC8,0x21,0xB0,0x6E,0x0C,0x08,0x02,0x00,0x00,0x30,0x40,0x37,0xFE,
    0x30,0x00,0x7F,0xBC,0x34,0xA4,0x37,0xBC,0x37,0xFC,0x39,0x10,0xF7,0xFC,0x31,0x10,
    0x3F,0xFE,0x33,0x2C,0x3D,0x10,0x61,0xCE,0x02,0x00,0x00,0x00,0x23,0x18,0x24,0xA4,
    0x27,0xBC,0x7F,0xBC,0x27,0xBC,0x22,0x60,0x2F,0xFC,0x77,0xFC,0xEB,0xFC,0x23,0xFE,
    0x20,0x00,0x27,0xF8,0x21,0xF0,0x67,0xBC,0x08,0x02,0x01,0x00,0x01,0x00,0x7F,0xFE,
    0x01,0x00,0x01,0x00,0x01,0x00,0x1F,0xF0,0x08,0x10,0x0C,0x20,0x06,0x60,0x03,0xC0,
    0x03,0x80,0x1E,0x70,0x70,0x1E,0x40,0x02,0x0C,0xC0,0x0C,0xC0,0x2C,0x80,0x2C,0xFE,
    0x2D,0x88,0x2D,0x88,0x2F,0x88,0x2E,0xD8,0x2C,0x50,0x3C,0x70,0x7C,0x20,0x4C,0x70,
    0x0C,0xCC,0x0F,0x06,0x0E,0x02,0x00,0x40,0x7C,0x40,0x7C,0xC0,0x04,0xFE,0x05,0x88,
    0x05,0x88,0x3F,0x88,0x20,0xD8,0x20,0x50,0x20,0x70,0x22,0x20,0x2E,0xD8,0x39,0x8C,
    0x67,0x06,0x02,0x02,0x00,0xC0,0x00,0x80,0x7C,0x80,0x11,0xFE,0x11,0x08,0x13,0x08,
    0x17,0x98,0x10,0x90,0x10,0xD0,0x10,0x60,0x1E,0x60,0xF8,0xF0,0x43,0x1C,0x0E,0x06,
    0x04,0x02,0x08,0x60,0x08,0x40,0x08,0x40,0x7F,0xFE,0x10,0x88,0x11,0xC8,0x1F,0x48,
    0x12,0x48,0x32,0x70,0x22,0x30,0x22,0x30,0x22,0x78,0x66,0xCC,0xCF,0x86,0x41,0x02,
    0x00,0x60,0x00,0x40,0x7F,0x40,0x0C,0xFE,0x0C,0x8C,0x2D,0xC8,0x2F,0x48,0x2F,0x48,
    0x2C,0x78,0x2C,0x30,0x2C,0x30,0x2F,0x78,0x7C,0xCC,0x03,0x06,0x02,0x02,0x08,0x60,
    0x08,0x40,0x08,0x40,0x7E,0xFE,0x08,0x88,0x09,0x88,0x09,0xC8,0x7E,0x48,0x62,0x50,
    0x62,0x30,0x62,0x30,0x62,0x78,0x7E,0xCC,0x01,0x86,0x01,0x02,0x18,0x20,0x08,0x60,
    0x08,0x40,0x7F,0x7E,0x14,0xCC,0x36,0xC8,0x23,0xC8,0x47,0x48,0x74,0x78,0x1C,0x30,
    0x0C,0x30,0x1C,0x78,0x32,0xCC,0xE1,0x86,0x41,0x02,0x00,0x20,0x1E,0x60,0x78,0x40,
    0x08,0x7E,0x08,0x8C,0x7E,0xC8,0x09,0x48,0x08,0x48,0x3E,0x78,0x22,0x30,0x22,0x30,
    0x22,0x78,0x3E,0xCC,0x01,0x86,0x01,0x02,0x10,0x30,0x10,0x20,0x3F,0xA0,0x60,0x7E,
    0x7F,0x44,0x29,0xC4,0x25,0xEC,0x7F,0xA8,0x21,0x28,0x2B,0x18,0x26,0x10,0x3F,0xA8,
    0x42,0x64,0x0F,0x86,0x00,0x82,0x0A,0x20,0x0B,0x20,0x09,0x60,0x7F,0x7E,0x08,0x44,
    0x69,0xCC,0x2B,0xC8,0x1E,0x48,0x0C,0x28,0x3A,0x30,0x69,0x30,0x48,0x68,0x08,0xCC,
    0x3B,0x86,0x01,0x00,0x08,0x20,0x08,0x20,0x7F,0x60,0x08,0x7E,0x7F,0xC4,0x08,0xCC,
    0x7F,0x48,0x7F,0x48,0x10,0x28,0x1E,0x30,0x22,0x30,0x22,0x38,0x22,0x4C,0x4F,0x86,
    0xC1,0x02,0x08,0x20,0x09,0xA0,0x7D,0x60,0x0A,0x7E,0x0E,0x4C,0x7F,0xC8,0x19,0xC8,
    0x3E,0xC8,0x66,0x38,0x8C,0x30,0x3F,0x30,0x68,0x78,0x08,0xCC,0x39,0x86,0x21,0x00,
    0x0C,0x20,0x0C,0x20,0x12,0x60,0x31,0xFE,0x61,0x44,0xFE,0xC4,0x00,0xC8,0x29,0x28,
    0x29,0x28,0x26,0x30,0x16,0x30,0x23,0x68,0x7F,0xCC,0x41,0x86,0x01,0x02,0x00,0x00,
    0x08,0x10,0x69,0xA0,0x29,0x20,0x1A,0x3E,0x08,0x64,0x7F,0xE4,0x49,0x64,0x5B,0x28,
    0x5B,0x28,0x5B,0x18,0x5B,0x10,0x69,0x38,0x49,0x24,0x4B,0xC6,0x00,0x40,0x08,0x10,
    0x69,0xA0,0x29,0x20,0x1A,0x3E,0x7F,0x44,0x7F,0xE4,0x61,0x64,0x7D,0x28,0x75,0x28,
    0x75,0x18,0x75,0x10,0x7D,0x38,0x61,0x6C,0x63,0xC6,0x00,0x80,0x00,0x20,0x3E,0x20,
    0x02,0x20,0x02,0x7E,0x7F,0x44,0x22,0xC4,0x3F,0xC8,0x22,0x48,0x22,0x28,0x3E,0x30,
    0x22,0x10,0x23,0xB8,0x7E,0x4C,0x03,0x86,0x02,0x82,0x12,0x20,0x12,0x20,0x7F,0x20,
    0x12,0x7E,0x12,0x44,0x7F,0xCC,0x00,0xC8,0x3E,0x28,0x22,0x28,0x3E,0x30,0x22,0x10,
    0x3E,0x28,0x22,0x4C,0x27,0x86,0x00,0x80,0x08,0x20,0x08,0x20,0x7F,0x40,0x00,0x7E,
    0x3E,0x44,0x22,0xC8,0x1C,0xC8,0x00,0x68,0x7F,0x38,0x0C,0x30,0x0F,0x30,0x78,0x78,
    0x08,0xCC,0x3B,0x86,0x20,0x02,0x12,0x30,0x12,0x20,0x7F,0xA0,0x12,0x7E,0x10,0x44,
    0x3F,0x64,0x61,0xAC,0xFD,0x28,0x25,0x28,0x25,0x18,0x25,0x18,0x3D,0x38,0x01,0x64,
    0x0F,0xC2,0x00,0x80,0x08,0x20,0x69,0x20,0x2A,0x20,0x08,0x7E,0x7F,0x44,0x1E,0xC8,
    0x2B,0xC8,0xC9,0x68,0x10,0x28,0x7F,0x30,0x22,0x10,0x1C,0x38,0x1E,0x4C,0x71,0x86,
    0x40,0x82,0x08,0x10,0x0C,0x10,0x7F,0x9E,0x00,0x10,0x3F,0x10,0x21,0x10,0x3F,0xFC,
    0x00,0x44,0x7F,0x64,0x5D,0x28,0x53,0x38,0x53,0x10,0x5D,0x2C,0x43,0xC6,0x00,0x82,
    0x08,0x20,0x7F,0x20,0x08,0x7E,0x3F,0xC8,0x29,0xA8,0x3F,0x30,0x1E,0x38,0x6A,0xC6,
    0x40,0x00,0x3F,0xFC,0x11,0x80,0x11,0xF8,0x11,0x80,0x7F,0xFE,0x00,0x00,0x00,0x00,
    0x0A,0x20,0x09,0x20,0x7F,0xA0,0x7F,0x7E,0x49,0x44,0x7F,0x48,0x7F,0xC8,0x49,0x28,
    0x08,0x28,0x7F,0xB0,0x10,0x10,0x3F,0x38,0x22,0x4C,0x67,0x86,0x48,0x82,0x01,0x00,
    0x01,0x00,0x7F,0xFE,0x7F,0xFE,0x08,0x30,0x08,0x20,0x04,0x20,0x06,0x60,0x02,0x40,
    0x01,0x80,0x03,0x80,0x06,0x60,0x1C,0x38,0x70,0x0E,0x40,0x00,0x01,0x00,0x7F,0xFC,
    0x18,0x10,0x06,0x60,0x03,0xC0,0xBE,0x7E,0x40,0x02,0x3F,0xF8,0x01,0x00,0x3F,0xF8,
    0x22,0x48,0x22,0x48,0x22,0x48,0x22,0x58,0x00,0x00,0x00,0x00,0x10,0x10,0x10,0x1C,
    0x13,0xD4,0x7C,0x16,0x0F,0xFE,0x48,0x10,0x28,0x90,0x32,0x90,0x12,0xF0,0x1A,0x90,
    0x2A,0x98,0x2E,0x9A,0x63,0xEA,0xC6,0x0E,0x00,0x00,0x01,0x00,0x01,0x3E,0x7D,0x18,
    0x17,0xD8,0x10,0x98,0x14,0x98,0x7A,0x98,0x13,0xBE,0x11,0x98,0x11,0x98,0x13,0x98,
    0x3A,0xD8,0xE6,0x98,0x0C,0x7E,0x08,0x00,0x00,0x60,0x08,0x60,0x06,0x60,0x03,0xE0,
    0x01,0x60,0x30,0x60,0x0C,0x60,0x06,0x60,0x02,0x60,0x03,0xFE,0x7F,0x60,0x00,0x60,
    0x00,0x60,0x00,0x60,0x00,0x60,0x18,0x18,0x5A,0x98,0x5A,0xD8,0x3E,0x78,0x3C,0x38,
    0x18,0x98,0x7F,0xD8,0x18,0x78,0x38,0x58,0x3C,0x3E,0x5B,0xF8,0xDA,0x18,0x18,0x18,
    0x18,0x18,0x18,0x18,0x08,0x08,0x1C,0x08,0x12,0xC8,0x21,0x38,0xC1,0x28,0x3E,0x88,
    0x08,0xC8,0x7F,0x28,0x7F,0x28,0x2A,0x3E,0x2A,0xE8,0x49,0x08,0xC9,0x08,0x38,0x08,
    0x00,0x08,0x00,0x00,0x23,0x08,0x23,0x08,0x7F,0xE8,0x23,0x38,0x3F,0x18,0x23,0x48,
    0x3F,0xE8,0x23,0x28,0xFF,0x88,0x20,0x1E,0x2A,0xF8,0x31,0x08,0x31,0x08,0x3F,0x88,
    0x00,0x08,0x08,0x10,0x08,0x30,0x7E,0x68,0x08,0x4C,0x3E,0x8E,0x23,0x4A,0x3E,0x28,
    0x22,0xA8,0x22,0xC8,0x3E,0x68,0x08,0x0E,0x7E,0xFC,0x08,0x08,0x08,0x08,0x08,0x08,
    0x00,0x08,0x1F,0xF8,0x1E,0x00,0x10,0x00,0x10,0x00,0x10,0x00,0x1F,0xFE,0x10,0x40,
    0x10,0x40,0x10,0x40,0x10,0x40,0x30,0x40,0x20,0x40,0x60,0x40,0x40,0x40,0x00,0x08,
    0x0F,0xF8,0x1C,0x00,0x10,0x00,0x10,0x00,0x1F,0xFE,0x10,0x40,0x10,0x40,0x16,0x40,
    0x11,0xC0,0x30,0x78,0x20,0x4E,0x20,0x40,0x40,0x40,0x40,0x40,0x02,0x40,0x0C,0x70,
    0x3C,0x2C,0x63,0xC4,0x03,0xC0,0x1C,0x78,0xF0,0x1E,0x1F,0xF0,0x18,0x00,0x18,0x00,
    0x1F,0xFC,0x10,0x40,0x10,0x40,0x20,0x40,0x60,0x40,0x08,0x00,0x10,0x7C,0x7F,0xE0,
    0x10,0x80,0x38,0x80,0x28,0x80,0x28,0xFE,0x7E,0x88,0x08,0x88,0x09,0x88,0x3E,0x88,
    0x48,0x88,0x09,0x08,0x0B,0x08,0x09,0x08,0x00,0x00,0x04,0x00,0x34,0x9C,0x35,0x70,
    0x2D,0x40,0x2D,0x40,0x24,0x40,0x3F,0xFE,0x26,0x48,0x2D,0x48,0x3D,0xC8,0x34,0xC8,
    0x24,0x48,0x20,0x48,0x3F,0x88,0x00,0x88,0x22,0x02,0x22,0x7C,0x7F,0x40,0x22,0x40,
    0x3E,0x40,0x22,0x7E,0x22,0x48,0x3E,0x48,0x22,0x48,0x7F,0x48,0x00,0x48,0x14,0x48,
    0x32,0x88,0x63,0x88,0x00,0x80,0x08,0x00,0x08,0x1E,0x7F,0x70,0x12,0x40,0x12,0x40,
    0x7F,0x40,0x08,0x7E,0x08,0x48,0x7F,0x48,0x08,0x48,0x2A,0x48,0x29,0x48,0x49,0x88,
    0xD8,0x88,0x01,0x80,0x01,0x00,0x01,0x80,0x7F,0xFE,0x7F,0xFE,0x04,0x00,0x04,0x00,
    0x07,0xF8,0x04,0x18,0x04,0x18,0x0C,0x10,0x08,0x10,0x18,0x10,0x30,0x10,0x60,0xF0,
    0x40,0x00,0x00,0x00,0x10,0x80,0x10,0x80,0x11,0xFE,0x7D,0x00,0x22,0x20,0x23,0x2C,
    0x3D,0x7C,0x27,0xA4,0x25,0x24,0x25,0x24,0x25,0x3C,0x29,0x22,0x49,0x02,0x59,0xFE,
    0xC0,0x00,0x00,0x00,0x01,0x00,0x01,0x00,0x7F,0xFC,0x04,0x60,0x04,0x40,0x3F,0xFC,
    0x21,0x04,0x01,0x00,0x7F,0xFC,0x04,0x00,0x0F,0xF0,0x08,0x10,0x18,0x10,0xE0,0xF0,
    0x40,0x00,0x10,0xC0,0x10,0x80,0x7E,0xFE,0x7F,0x00,0x23,0x0C,0x22,0xF8,0x3C,0xA0,
    0x24,0xA6,0x24,0xBC,0x24,0x90,0x24,0x90,0x24,0x88,0x44,0xE4,0xDD,0xC6,0x00,0x00,
    0x00,0x00,0x10,0x80,0x10,0x80,0x19,0xFE,0x7D,0x00,0x22,0x00,0x21,0xFE,0x3C,0x24,
    0x25,0x24,0x24,0xA0,0x25,0x3C,0x25,0xA0,0x25,0xA0,0x47,0xE0,0x5A,0x3E,0xC2,0x00,
    0x10,0xC0,0x10,0x80,0x7F,0xFE,0x7F,0xC0,0x22,0x80,0x20,0xFC,0x3D,0x20,0x25,0x20,
    0x25,0xFE,0x25,0xFE,0x24,0x30,0x24,0x50,0x44,0x88,0x5F,0x06,0xC2,0x02,0x00,0x00,
    0x10,0x80,0x11,0xFE,0x7D,0x00,0x7E,0x88,0x23,0xFE,0x20,0x88,0x3C,0xF8,0x24,0x88,
    0x24,0xF8,0x24,0x88,0x27,0xFE,0x64,0x00,0x44,0xD8,0xDB,0x06,0x02,0x02,0x00,0x00,
    0x3F,0xF8,0x01,0x00,0x01,0x00,0x01,0x00,0x7F,0xFC,0x7F,0xFC,0x03,0x80,0x02,0x80,
    0x06,0x80,0x04,0x84,0x08,0x86,0x30,0x84,0x60,0xFC,0x40,0x00,0x3F,0xFC,0x26,0x10,
    0x26,0x90,0x3E,0x90,0x26,0xB0,0x26,0xFE,0x3E,0x20,0x20,0x20,0x2C,0x70,0x24,0x50,
    0x2E,0xD2,0x33,0x92,0x43,0x1C,0x00,0x00,0x1F,0xF8,0x10,0x08,0x10,0x08,0x10,0x08,
    0x10,0x08,0x10,0x08,0x1F,0xF8,0x10,0x08,0x10,0x08,0x10,0x08,0x10,0x08,0x1F,0xF8,
    0x10,0x08,0x00,0x00,0x1F,0xF8,0x10,0x18,0x10,0x18,0x10,0x18,0x1F,0xF8,0x10,0x18,
    0x10,0x18,0x10,0x18,0x1F,0xF8,0x00,0x00,0x00,0x00,0x00,0x00,0x7F,0xFE,0x00,0x00,
    0x23,0xFC,0x23,0xFC,0x22,0x04,0x22,0x04,0x22,0x04,0x23,0xFC,0x23,0xFC,0x22,0x04,
    0x22,0x04,0x22,0x04,0x22,0x04,0x23,0xFC,0x22,0x04,0x20,0x00,0x00,0x00,0x20,0x00,
    0x20,0x38,0x3F,0xE0,0x30,0x04,0x20,0x04,0x1F,0xFC,0x00,0x00,0x3F,0xF8,0x30,0x18,
    0x30,0x18,0x3F,0xF8,0x30,0x18,0x30,0x18,0x3F,0xF8,0x30,0x18,0x1F,0xF8,0x10,0x08,
    0x10,0x08,0x1F,0xF8,0x10,0x08,0x10,0x08,0x1F,0xF8,0x01,0x00,0x01,0x00,0x7F,0xFE,
    0x01,0x00,0x01,0x00,0x01,0x00,0x01,0x00,0x00,0x00,0x0C,0x00,0x08,0x00,0x1F,0xFC,
    0x30,0x04,0x20,0x04,0x5F,0xC4,0x50,0x44,0x10,0x44,0x1F,0xCC,0x10,0x4C,0x10,0x4C,
    0x1F,0xCC,0x1F,0xCC,0x00,0x78,0x00,0x00,0x00,0x00,0x10,0x00,0x10,0xF8,0x10,0x88,
    0x7C,0x88,0x14,0x88,0x14,0x88,0x14,0xF8,0x14,0x88,0x34,0x88,0x24,0x88,0x24,0xF8,
    0x24,0x02,0x66,0x02,0x43,0xFC,0xC0,0x00,0x1F,0xF8,0x10,0x08,0x1F,0xF8,0x10,0x08,
    0x10,0x08,0x1F,0xF8,0x00,0x00,0x3F,0xFC,0x01,0x00,0x01,0x00,0x7F,0xFE,0x01,0x00,
    0x01,0x00,0x01,0x00,0x00,0x00,0x00,0x08,0x3C,0x08,0x3C,0x08,0x25,0xFE,0x24,0x08,
    0x24,0x08,0x25,0x88,0x3C,0xC8,0x24,0x48,0x24,0x68,0x24,0x08,0x24,0x08,0x3C,0x08,
    0x00,0x78,0x00,0x00,0x00,0x20,0x00,0x30,0x3D,0xFE,0x25,0xFE,0x25,0x00,0x25,0x00,
    0x25,0x00,0x3D,0x00,0x25,0x00,0x25,0x00,0x25,0x00,0x25,0x00,0x3F,0x00,0x02,0x00,
    0x06,0x00,0x3D,0xFE,0x3C,0x20,0x24,0x20,0x24,0x20,0x24,0x20,0x24,0x20,0x3D,0xFC,
    0x24,0x20,0x24,0x20,0x24,0x20,0x24,0x20,0x3C,0x20,0x03,0xFE,0x1F,0xF8,0x10,0x08,
    0x1F,0xF8,0x10,0x08,0x1F,0xF8,0x00,0x00,0x1E,0xFC,0x30,0xFC,0x20,0x84,0x20,0x84,
    0x26,0x84,0x78,0xBC,0x40,0x80,0x00,0x80,0x00,0x00,0x1F,0xF8,0x10,0x08,0x1F,0xF8,
    0x10,0x08,0x10,0x08,0x1F,0xF8,0x10,0x80,0x10,0x8C,0x1F,0xB8,0x10,0xC0,0x10,0x82,
    0x17,0x86,0x3C,0xFC,0x00,0x00,0x00,0x00,0x1F,0xF8,0x10,0x18,0x1F,0xF8,0x10,0x18,
    0x1F,0xF8,0x00,0x00,0x00,0x00,0x3F,0xFC,0x20,0x0C,0x3F,0xFC,0x20,0x0C,0x20,0x0C,
    0x3F,0xFC,0x20,0x0C,0x00,0x00,0x3C,0xFC,0x3C,0x84,0x24,0x84,0x24,0x84,0x24,0xFC,
    0x3C,0x84,0x24,0x84,0x24,0x84,0x24,0xFC,0x24,0x84,0x3D,0x84,0x01,0x04,0x02,0x3C,
    0x06,0x00,0x00,0x04,0x3F,0xF8,0x30,0x80,0x30,0x80,0x3F,0xFC,0x30,0x44,0x3F,0x26,
    0x30,0x1C,0x1F,0xF8,0x10,0x18,0x10,0x18,0x1F,0xF8,0x10,0x18,0x1F,0xF8,0x10,0x18,
    0x1F,0xF8,0x10,0x08,0x1F,0xF8,0x10,0x08,0x1F,0xF8,0x08,0x00,0x18,0x00,0x3F,0xFC,
    0x62,0x4C,0x44,0x48,0x18,0x88,0x71,0x08,0x46,0x78,0x04,0x00,0x00,0x00,0x04,0x20,
    0x04,0x20,0x3F,0xFC,0x04,0x20,0x04,0x20,0x7F,0xFE,0x00,0x00,0x1F,0xF8,0x1F,0xF8,
    0x10,0x08,0x1F,0xF8,0x10,0x08,0x10,0x08,0x1F,0xF8,0x10,0x08,0x1F,0xF8,0x10,0x08,
    0x1F,0xF8,0x10,0x08,0x1F,0xF8,0x18,0x00,0x11,0x80,0x3F,0xFC,0x21,0x80,0x5F,0xF8,
    0x01,0x80,0x01,0x80,0x7F,0xFE,0x00,0x00,0x00,0x20,0x00,0x20,0x78,0x20,0x69,0xFC,
    0x69,0x24,0x69,0x24,0x69,0x24,0x79,0x24,0x6B,0xFE,0x68,0x60,0x68,0x70,0x68,0xD0,
    0x79,0x8C,0x07,0x06,0x04,0x02,0x01,0x00,0x01,0x00,0x7F,0xFC,0x03,0x00,0x3F,0xF8,
    0x02,0x00,0x7F,0xFC,0x0C,0x20,0x1F,0xF0,0x38,0x1C,0xD8,0x16,0x1F,0xF0,0x18,0x10,
    0x1F,0xF0,0x18,0x10,0x00,0x60,0x00,0x60,0x7D,0xFC,0x65,0xFC,0x64,0x60,0x64,0x60,
    0x7F,0xFE,0x7C,0x60,0x64,0x70,0x64,0xF0,0x65,0xE8,0x7F,0x64,0x06,0x62,0x04,0x60,
    0x00,0x00,0x00,0xC0,0x00,0x80,0x3C,0xFE,0x25,0xFE,0x25,0x40,0x26,0x40,0x26,0x7C,
    0x3C,0x40,0x24,0x40,0x24,0x40,0x24,0x7C,0x24,0x40,0x3C,0x40,0x00,0x40,0x00,0x40,
    0x7D,0xFC,0x7C,0x44,0x64,0x44,0x64,0xC4,0x64,0x8C,0x65,0x18,0x7E,0x00,0x65,0xFC,
    0x65,0x84,0x65,0x84,0x65,0x84,0x7D,0x84,0x01,0xFC,0x01,0x84,0x1F,0xF0,0x10,0x10,
    0x1F,0xF0,0x10,0x10,0x1F,0xF0,0x00,0x00,0x00,0x00,0x7F,0xFC,0x19,0x00,0x11,0xF8,
    0x19,0x00,0x3D,0x00,0x67,0xFE,0x40,0x00,0x00,0x00,0x1F,0xF8,0x10,0x08,0x10,0x08,
    0x1F,0xF8,0x10,0x20,0x30,0x10,0x2F,0xFC,0x68,0x16,0xCF,0xF0,0x48,0x10,0x0F,0xF0,
    0x00,0x00,0x7F,0xFE,0x00,0x00,0x1F,0xF8,0x10,0x08,0x1F,0xF8,0x10,0x08,0x10,0x08,
    0x1F,0xF8,0x02,0x40,0x22,0x4C,0x12,0x48,0x1A,0x58,0x0A,0x50,0x02,0x40,0x7F,0xFE,
    0x00,0x00,0x1F,0xF8,0x10,0x08,0x1F,0xF8,0x10,0x08,0x1F,0xF8,0x11,0x08,0x19,0x10,
    0x0D,0x20,0x7F,0xFE,0x04,0x40,0x04,0x44,0x08,0x46,0x70,0x7C,0x40,0x00,0x00,0x00,
    0x3F,0xFC,0x22,0x48,0x12,0x48,0x0A,0x50,0x02,0x40,0x7F,0xFE,0x00,0x00,0x1F,0xF8,
    0x10,0x08,0x1F,0xF8,0x10,0x08,0x10,0x08,0x1F,0xF8,0x10,0x08,0x00,0x00,0x00,0x20,
    0x78,0x40,0x7B,0xFC,0x4A,0x04,0x4A,0x04,0x4A,0x74,0x4A,0x54,0x7A,0x54,0x4A,0x54,
    0x4A,0x54,0x4A,0x74,0x4A,0x04,0x7A,0x04,0x02,0x1C,0x00,0x00,0x00,0x00,0x7B,0xFE,
    0x48,0x90,0x48,0x90,0x4B,0xFC,0x4B,0xFC,0x4A,0x94,0x7A,0x94,0x4A,0x94,0x4B,0x9C,
    0x4B,0x04,0x4A,0x04,0x7B,0xFC,0x02,0x04,0x02,0x00,0x00,0x00,0x01,0x80,0x00,0x82,
    0x79,0xFC,0x6B,0x84,0x68,0x58,0x68,0x72,0x6B,0xE4,0x7A,0x1C,0x68,0x00,0x6B,0xFC,
    0x68,0xB0,0x69,0xB2,0x79,0x32,0x0E,0x1E,0x04,0x00,0x1F,0xF8,0x1F,0xF8,0x10,0x08,
    0x1F,0xF8,0x00,0x00,0x3F,0xFC,0x22,0x04,0x1F,0xF8,0x08,0x80,0x1F,0xF8,0x00,0x80,
    0x7F,0xFE,0x00,0x80,0x00,0x80,0x00,0x00,0x00,0xC0,0x38,0xF8,0x39,0x88,0x29,0x10,
    0x2B,0xFC,0x29,0x24,0x29,0x24,0x39,0x24,0x29,0xFC,0x28,0x40,0x28,0x60,0x28,0xA2,
    0x39,0x22,0x06,0x3C,0x04,0x00,0x00,0x00,0x03,0xFC,0x3C,0x40,0x24,0x40,0x25,0xF8,
    0x24,0x88,0x24,0x88,0x3F,0xFE,0x24,0x00,0x25,0xFC,0x25,0x04,0x25,0x04,0x3D,0x04,
    0x01,0xFC,0x01,0x04,0x00,0x00,0x00,0x80,0x39,0x80,0x29,0xFE,0x2B,0x00,0x2F,0xFC,
    0x29,0x44,0x29,0x2C,0x39,0x2C,0x2B,0xFE,0x29,0x68,0x2A,0x28,0x2B,0xFE,0x38,0x08,
    0x00,0x38,0x00,0x00,0x00,0x00,0x1F,0xF8,0x10,0x08,0x1F,0xF8,0x1F,0xF8,0x00,0x00,
    0x3F,0xFC,0x30,0x00,0x3F,0xF8,0x20,0x00,0x3F,0xFE,0x24,0x98,0x24,0x60,0x47,0x9E,
    0xC8,0x00,0x00,0x00,0x0C,0x30,0x04,0x60,0x3F,0xFC,0x32,0x48,0x12,0x58,0x0A,0x50,
    0x7F,0xFE,0x00,0x00,0x1F,0xF8,0x10,0x08,0x10,0x08,0x1F,0xF8,0x10,0x08,0x1F,0xF8,
    0x10,0x08,0x00,0x00,0x1F,0xF8,0x10,0x08,0x1F,0xF8,0x1F,0xF8,0x01,0x00,0x7F,0xFE,
    0x00,0x00,0x1F,0xF8,0x10,0x08,0x1F,0xF8,0x09,0xA0,0x1D,0x98,0x67,0x86,0x00,0x00,
    0x00,0x00,0x01,0x00,0x01,0x1E,0x79,0x30,0x6F,0xA0,0x69,0x20,0x69,0x3E,0x6B,0xAC,
    0x7B,0xAC,0x6D,0x6C,0x6D,0x2C,0x69,0x2C,0x69,0x6C,0x79,0x4C,0x01,0xCC,0x01,0x4C,
    0x00,0x20,0x7C,0x20,0x7F,0xFE,0x6D,0xFC,0x6C,0x20,0x6F,0xFE,0x6C,0x00,0x7D,0xFC,
    0x6D,0x04,0x6D,0xFC,0x6D,0x04,0x6D,0xFC,0x7D,0x04,0x01,0x1C,0x00,0x10,0x1F,0xF8,
    0x10,0x08,0x1F,0xF8,0x10,0x08,0x1F,0xF8,0x00,0x00,0x00,0x00,0x3E,0x7C,0x22,0x44,
    0x3E,0x7C,0x22,0x44,0x22,0x44,0x3E,0x7C,0x22,0x44,0x00,0x00,0x10,0x00,0x1F,0x7C,
    0x24,0x44,0x64,0x44,0x7F,0x44,0x0C,0x44,0x1B,0x7C,0x71,0x00,0x5F,0xF8,0x10,0x18,
    0x1F,0xF8,0x10,0x18,0x10,0x18,0x1F,0xF8,0x10,0x18,0x00,0x00,0x00,0x60,0x00,0x20,
    0x3F,0xFE,0x24,0x00,0x25,0xFC,0x25,0xFC,0x25,0x04,0x3D,0x04,0x25,0xFC,0x24,0x20,
    0x25,0xA8,0x25,0x24,0x3E,0x22,0x06,0xE2,0x00,0x00,0x08,0x00,0x7F,0xFC,0x10,0xC0,
    0x24,0xC0,0x3F,0xFE,0x04,0x88,0x7F,0x88,0x05,0x88,0x00,0x00,0x1F,0xF8,0x10,0x08,
    0x1F,0xF8,0x10,0x08,0x1F,0xF8,0x10,0x08,0x00,0x00,0x7B,0xFC,0x7A,0x44,0x6A,0x44,
    0x6B,0xFC,0x6A,0x00,0x6A,0x00,0x7B,0xFC,0x6A,0x24,0x6A,0x14,0x6B,0xD8,0x6A,0x18,
    0x7A,0x3C,0x02,0xE6,0x02,0x40,0x00,0x00,0x1F,0xF8,0x1F,0xF8,0x10,0x08,0x1F,0xF8,
    0x01,0x04,0x1F,0xE8,0x01,0x30,0x7F,0xFE,0x07,0x00,0x7F,0xF8,0x4F,0xF8,0x08,0x18,
    0x0F,0xF8,0x08,0x18,0x00,0x00,0x00,0x02,0x3B,0xFC,0x39,0x44,0x29,0x28,0x2B,0xFC,
    0x28,0x80,0x38,0x80,0x3B,0xFE,0x29,0x80,0x29,0xFC,0x29,0x48,0x3A,0x70,0x3E,0x70,
    0x0D,0xCE,0x02,0x02,0x00,0x60,0x00,0x20,0x3D,0xFE,0x24,0x88,0x24,0x88,0x27,0xFE,
    0x24,0x00,0x3C,0x00,0x25,0xFC,0x25,0x04,0x25,0xFC,0x25,0x04,0x3D,0x04,0x01,0xFC,
    0x01,0x04,0x04,0x20,0x7F,0xFE,0x04,0x20,0x1F,0xF8,0x10,0x08,0x1F,0xF8,0x1F,0xF8,
    0x02,0x00,0x7F,0xFE,0x08,0x30,0x3F,0xFC,0xEF,0xF6,0x08,0x10,0x0F,0xF0,0x08,0x10,
    0x1F,0xF8,0x1F,0xF8,0x10,0x08,0x1F,0xF8,0x04,0x20,0x3F,0xFC,0x04,0x20,0x7F,0xFE,
    0x0D,0xA0,0x3D,0xB8,0x63,0xC6,0x0F,0xF0,0x37,0x0C,0x04,0x00,0x00,0x00,0x3B,0xFC,
    0x3A,0x94,0x2B,0xFC,0x28,0x40,0x2B,0xF4,0x28,0x48,0x3B,0xFE,0x28,0x60,0x28,0xFC,
    0x2F,0x0C,0x29,0xFC,0x39,0x0C,0x01,0xFC,0x01,0x0C,0x00,0x00,0x7B,0xFC,0x4B,0xFC,
    0x4A,0x04,0x4B,0xFC,0x48,0x90,0x4B,0xFC,0x78,0x90,0x4F,0xFE,0x49,0x58,0x4B,0xDC,
    0x4C,0xD2,0x79,0xD8,0x06,0x44,0x00,0x80,0x00,0x00,0x3F,0xFC,0x20,0x0C,0x20,0x0C,
    0x20,0x0C,0x20,0x0C,0x3F,0xEC,0x20,0x0C,0x20,0x0C,0x20,0x0C,0x20,0x0C,0x3F,0xFC,
    0x20,0x0C,0x00,0x00,0x00,0x00,0x06,0x40,0x06,0x40,0x06,0x40,0x3F,0xFC,0x26,0x44,
    0x26,0x44,0x26,0x44,0x3F,0xFC,0x3F,0xFC,0x26,0x44,0x26,0x44,0x26,0x44,0x26,0x44,
    0x3F,0xFC,0x20,0x04,0x01,0x00,0x01,0x00,0x3F,0xF8,0x21,0x08,0x21,0x08,0x3F,0xF8,
    0x21,0x08,0x21,0x08,0x3F,0xF8,0x01,0x90,0x00,0xB8,0x01,0xC2,0x1F,0x44,0x70,0x3C,
    0x00,0x00,0x7F,0xFC,0x01,0x80,0x1F,0xF8,0x11,0x88,0x11,0x88,0x1F,0xF8,0x11,0x88,
    0x1F,0xF8,0x09,0x00,0x19,0x00,0x07,0x00,0x07,0xC0,0x38,0x7E,0x40,0x00,0x00,0x00,
    0x02,0x40,0x7F,0xFE,0x02,0x40,0x3F,0xFC,0x22,0x4C,0x3F,0xFC,0x22,0x4C,0x3F,0xFC,
    0x00,0x00,0x1F,0xF0,0x10,0x10,0x1F,0xF0,0x10,0x10,0x1F,0xF0,0x10,0x10,0x1F,0xF8,
    0x1F,0xF8,0x10,0x08,0x1F,0xF8,0x00,0x00,0x3F,0xFC,0x22,0x44,0x3F,0xFC,0x00,0x00,
    0x3F,0xF8,0x0C,0x30,0x03,0xC0,0x3E,0x7E,0x40,0x02,0x00,0x00,0x0C,0x30,0x04,0x60,
    0x3F,0xFC,0x29,0x14,0x2D,0x24,0x25,0x64,0x3F,0xFC,0x00,0x00,0x1F,0xF8,0x10,0x18,
    0x10,0x18,0x1F,0xF8,0x10,0x18,0x1F,0xF8,0x10,0x18,0x00,0x00,0x08,0x20,0x08,0x20,
    0x7E,0xFC,0x08,0x20,0x7E,0xFE,0x0C,0x30,0x16,0x48,0xE2,0x86,0x5F,0xFA,0x10,0x18,
    0x1F,0xF8,0x10,0x18,0x10,0x18,0x1F,0xF8,0x10,0x18,0x1F,0xF8,0x1F,0xF8,0x10,0x08,
    0x1F,0xF8,0x00,0x00,0x7F,0xFE,0x32,0x00,0x3E,0xFC,0x32,0x48,0x3E,0x68,0x32,0x30,
    0x3F,0x38,0x62,0xCE,0x02,0x02,0x00,0x00,0x1F,0xF8,0x18,0x18,0x18,0x18,0x18,0x18,
    0x1F,0xF8,0x18,0x18,0x18,0x18,0x18,0x18,0x1F,0xF8,0x10,0x18,0x10,0x18,0x30,0x18,
    0x60,0x70,0x20,0x00,0x00,0x00,0x03,0x00,0x02,0x00,0x7F,0xFE,0x04,0x00,0x0C,0x00,
    0x1F,0xF8,0x38,0x08,0x68,0x08,0xCF,0xF8,0x08,0x08,0x0F,0xF8,0x08,0x08,0x08,0x08,
    0x08,0x38,0x00,0x00,0x3E,0x7C,0x22,0x44,0x22,0x44,0x22,0x44,0x3E,0x7C,0x22,0x44,
    0x22,0x44,0x22,0x44,0x3E,0x7C,0x22,0x44,0x22,0xC4,0x62,0x84,0x4F,0x9C,0x40,0x80,
    0x3C,0xFC,0x24,0x84,0x24,0x84,0x24,0x9C,0x3C,0x80,0x24,0xFC,0x24,0xC4,0x3C,0xA4,
    0x24,0xA8,0x24,0xB8,0x24,0x90,0x44,0xAC,0x4C,0xC6,0xC0,0x80,0x00,0x00,0x22,0x00,
    0x12,0x7C,0x14,0x44,0x7F,0x44,0x08,0x44,0x29,0x7C,0x29,0x44,0x29,0x44,0x29,0x7C,
    0x3F,0x7C,0x08,0x44,0x08,0x84,0x10,0x84,0x71,0x1C,0x23,0x00,0x18,0x00,0x08,0x7C,
    0x3E,0x44,0x22,0x44,0x22,0x44,0x3E,0x7C,0x22,0x44,0x22,0x44,0x3E,0x7C,0x24,0xFC,
    0x26,0x84,0x2E,0x84,0x7B,0x84,0x21,0x1C,0x01,0x00,0x10,0x00,0x08,0xFC,0x7E,0x8C,
    0x30,0xFC,0x30,0xFC,0x3F,0x8C,0x31,0x0C,0x02,0x10,0x3F,0xFC,0x01,0x00,0x1F,0xF8,
    0x01,0x00,0x01,0x00,0x7F,0xFE,0x08,0x00,0x08,0x7C,0x7F,0x44,0x08,0x44,0x3F,0x44,
    0x23,0x7C,0x3F,0x44,0x23,0x44,0x23,0x44,0x3F,0x7C,0x08,0x44,0x7F,0xC4,0x08,0x84,
    0x09,0x9C,0x09,0x00,0x22,0x00,0x22,0x7C,0x7F,0xC4,0x22,0x44,0x3E,0x44,0x22,0x7C,
    0x22,0x44,0x3E,0x44,0x22,0x44,0x22,0x7C,0x7F,0xC4,0x16,0x44,0x33,0xC4,0x61,0x9C,
    0x00,0x80,0x01,0x80,0x01,0x80,0x01,0x80,0x7F,0xFC,0x01,0x80,0x03,0x80,0x03,0xC0,
    0x05,0xE0,0x0D,0xB0,0x19,0x98,0x31,0x8C,0x61,0x86,0x41,0x82,0x01,0x80,0x01,0x80,
    0x01,0x00,0x01,0x00,0x3F,0xF8,0x3F,0xF8,0x01,0x00,0x01,0x00,0x7F,0xFC,0x03,0x80,
    0x03,0x40,0x05,0x60,0x09,0x30,0x31,0x1C,0x61,0x06,0x41,0x02,0x00,0x00,0x01,0x00,
    0x01,0x00,0x01,0x00,0x7F,0xFC,0x01,0x00,0x01,0x00,0x3F,0xFC,0x01,0x80,0x03,0xC0,
    0x05,0x60,0x0D,0x30,0x31,0x18,0xE1,0x06,0x41,0x02,0x01,0x00,0x01,0x00,0x01,0x00,
    0x01,0x00,0x3F,0xFC,0x03,0xC0,0x03,0x40,0x05,0x60,0x0D,0x20,0x19,0x10,0x11,0x18,
    0x61,0x0C,0xCF,0xF6,0x01,0x00,0x01,0x00,0x01,0x00,0x08,0x40,0x08,0x40,0x08,0x40,
    0x7E,0x40,0x08,0x40,0x18,0x40,0x1C,0x40,0x2E,0x40,0x6B,0x40,0xC8,0x40,0x48,0x42,
    0x08,0x42,0x08,0x46,0x08,0x7C,0x08,0x00,0x01,0x20,0x01,0x30,0x01,0x18,0x7F,0xFC,
    0x7F,0xFC,0x03,0x80,0x03,0x40,0x05,0x40,0x0D,0x20,0x19,0x10,0x31,0x08,0xE1,0x06,
    0x41,0x02,0x01,0x00,0x01,0x00,0x01,0x80,0x09,0x80,0x19,0x80,0x1F,0xFC,0x31,0x80,
    0x21,0x80,0x01,0x80,0x7F,0xFE,0x03,0xC0,0x07,0xE0,0x0D,0xB0,0x39,0x9C,0x61,0x86,
    0x41,0x80,0x01,0x80,0x08,0x60,0x08,0x60,0x08,0x60,0x7F,0x60,0x08,0x60,0x18,0x70,
    0x1C,0x78,0x2A,0x66,0x29,0x62,0xC8,0x60,0x48,0x60,0x08,0x60,0x08,0x60,0x08,0x60,
    0x08,0x60,0x0F,0xE0,0x0C,0x20,0x08,0x20,0x08,0x20,0x71,0x3C,0x21,0x00,0x01,0x00,
    0x7F,0xFC,0x03,0x80,0x07,0x60,0x19,0x30,0x71,0x0C,0x41,0x02,0x01,0x00,0x00,0x00,
    0x10,0x00,0x11,0xF0,0x11,0x10,0x7F,0x10,0x11,0x10,0x11,0x10,0x39,0x10,0x35,0x10,
    0x77,0x10,0xD1,0x10,0x51,0x12,0x11,0x12,0x13,0x12,0x16,0x1E,0x14,0x00,0x18,0x00,
    0x1B,0xFE,0x18,0xC0,0x7E,0xC0,0x18,0x80,0x18,0x80,0x38,0xFC,0x3C,0x04,0x7A,0x0C,
    0xD8,0x0C,0x58,0x0C,0x18,0x0C,0x18,0x08,0x18,0x78,0x00,0x00,0x20,0x08,0x3C,0x38,
    0x07,0xE0,0x03,0xC0,0x0E,0x70,0x31,0x8C,0x01,0x80,0x7F,0xFC,0x01,0x80,0x09,0xA0,
    0x19,0xB0,0x31,0x8C,0xE1,0x86,0x47,0x02,0x00,0x00,0x02,0x00,0x02,0x00,0x3F,0xE0,
    0x06,0x20,0x04,0x22,0x1C,0x22,0x71,0x3C,0x01,0x00,0x7F,0xFE,0x01,0x00,0x09,0x30,
    0x19,0x18,0x31,0x0E,0x47,0x04,0x00,0x00,0x10,0x00,0x13,0xFC,0x11,0x04,0x7F,0x0C,
    0x11,0x88,0x10,0x88,0x3C,0x88,0x36,0xD0,0x72,0x50,0xD0,0x60,0x50,0x70,0x10,0xD8,
    0x11,0x8C,0x16,0x06,0x14,0x02,0x18,0x00,0x19,0xFC,0x18,0x20,0x7E,0x20,0x18,0x20,
    0x18,0x20,0x38,0x20,0x3D,0xFE,0x7E,0x20,0xDA,0x20,0x58,0x20,0x18,0x20,0x18,0x20,
    0x18,0x20,0x18,0x20,0x18,0x08,0x18,0x18,0x18,0x30,0x7E,0xC0,0x19,0x84,0x18,0x0C,
    0x3C,0x30,0x3E,0x60,0x7B,0xC2,0xD9,0x06,0x18,0x0C,0x18,0x30,0x18,0xE0,0x1B,0x80,
    0x00,0x00,0x01,0x00,0x01,0x00,0x7F,0xFC,0x03,0xC0,0x0D,0x60,0x39,0x18,0xE0,0x06,
    0x1F,0xF0,0x00,0x60,0x01,0x80,0x7F,0xFE,0x01,0x80,0x01,0x80,0x07,0x00,0x00,0x00,
    0x01,0x00,0x01,0x00,0x7F,0xFC,0x03,0x80,0x07,0x40,0x0D,0x30,0x31,0x18,0xE1,0x06,
    0x5F,0xF8,0x10,0x18,0x10,0x18,0x10,0x18,0x10,0x18,0x1F,0xF8,0x10,0x18,0x18,0x08,
    0x18,0x08,0x18,0x08,0x7F,0xFE,0x18,0x18,0x18,0x38,0x3C,0x28,0x3E,0x48,0x7A,0xC8,
    0xD8,0x88,0x59,0x08,0x1E,0x08,0x1A,0x08,0x18,0x78,0x18,0x00,0x18,0x08,0x18,0x08,
    0x18,0x08,0x7F,0xFE,0x19,0xFE,0x18,0x08,0x39,0x88,0x3C,0x88,0x7E,0x48,0xDA,0x68,
    0x58,0x08,0x18,0x08,0x18,0x08,0x18,0x78,0x18,0x40,0x10,0x10,0x10,0x10,0x10,0x10,
    0x7D,0xFE,0x10,0x10,0x11,0x10,0x39,0x10,0x34,0x90,0x76,0x90,0x50,0x70,0x90,0x60,
    0x10,0x70,0x11,0x9C,0x17,0x06,0x14,0x00,0x18,0x20,0x18,0x20,0x18,0x20,0x7E,0x20,
    0x18,0x20,0x19,0xFC,0x38,0x20,0x3C,0x20,0x7A,0x20,0x5A,0x20,0xD8,0x20,0x18,0x20,
    0x18,0x20,0x1B,0xFE,0x18,0x00,0x01,0x00,0x01,0x00,0x7F,0xFC,0x01,0x00,0x01,0x00,
    0x3F,0xF8,0x31,0x08,0x31,0x08,0x3F,0xF8,0x03,0xC0,0x05,0x60,0x19,0x30,0xF1,0x0C,
    0x41,0x02,0x01,0x00,0x08,0x00,0x08,0x00,0x09,0xFC,0x7E,0x20,0x18,0x20,0x18,0x20,
    0x1C,0x20,0x2E,0x20,0x6A,0x20,0x48,0x20,0xC8,0x20,0x08,0x20,0x08,0x20,0x0B,0xFE,
    0x08,0x00,0x06,0x00,0x0C,0x00,0x1F,0xF8,0x3C,0x30,0x67,0xE0,0x03,0xC0,0x3C,0x3E,
    0x61,0x82,0x01,0x80,0x3F,0xFC,0x09,0xA0,0x1D,0xB8,0x31,0x8C,0x47,0x02,0x00,0x00,
    0x01,0x00,0x01,0x00,0x3F,0xFC,0x11,0x08,0x19,0x18,0x0D,0x30,0x09,0x20,0x7F,0xFE,
    0x03,0x80,0x07,0x40,0x0D,0x30,0x39,0x18,0x61,0x06,0x41,0x02,0x01,0x00,0x10,0x00,
    0x11,0xF8,0x10,0x18,0x7C,0x60,0x10,0xC0,0x33,0x00,0x3B,0xFC,0x34,0xA4,0x55,0x24,
    0xD1,0x24,0x52,0x64,0x1E,0x44,0x14,0x84,0x13,0xB8,0x11,0x00,0x10,0x40,0x10,0x40,
    0x13,0xFC,0x7F,0xFC,0x10,0x00,0x10,0x00,0x39,0xF0,0x37,0x10,0x55,0x10,0xD1,0x10,
    0x51,0x14,0x11,0x12,0x13,0x12,0x16,0x1E,0x14,0x00,0x18,0x00,0x1B,0xFE,0x1B,0xFE,
    0x7E,0x20,0x18,0x60,0x18,0x60,0x3C,0xF0,0x3A,0xA8,0x7B,0x24,0xDB,0x26,0x5E,0x22,
    0x1C,0x20,0x18,0x20,0x18,0x20,0x18,0x20,0x01,0x00,0x01,0x00,0x7F,0xFC,0x01,0x80,
    0x03,0x40,0x05,0x60,0x19,0x30,0x31,0x0C,0xE1,0x06,0x00,0x00,0x12,0x58,0x32,0x48,
    0x22,0x4C,0x62,0x64,0x20,0x04,0x10,0x10,0x10,0xD0,0x10,0x90,0x7C,0x88,0x11,0x08,
    0x13,0x04,0x3A,0x46,0x34,0x42,0x56,0xC0,0xD0,0x90,0x50,0x88,0x11,0x08,0x13,0xFC,
    0x13,0x84,0x10,0x04,0x10,0x00,0x10,0xFC,0x11,0xC0,0x7D,0x00,0x11,0x00,0x31,0xFC,
    0x39,0x8C,0x37,0x48,0x57,0x48,0xD2,0x78,0x52,0x30,0x12,0x30,0x16,0xD8,0x1F,0x86,
    0x15,0x02,0x10,0x00,0x13,0xF8,0x11,0x08,0x7D,0x18,0x11,0x90,0x11,0x9C,0x39,0x84,
    0x35,0x4C,0x55,0x48,0xD1,0x38,0x53,0x30,0x12,0x38,0x16,0xCC,0x1F,0x86,0x11,0x02,
    0x10,0x80,0x10,0x80,0x11,0xFC,0x7D,0x04,0x13,0x04,0x12,0xC4,0x38,0xA4,0x34,0xA4,
    0x73,0x24,0x51,0x14,0xD3,0xF4,0x10,0x14,0x10,0x04,0x10,0x3C,0x10,0x00,0x10,0x00,
    0x13,0xFC,0x10,0x20,0x7C,0x20,0x10,0x20,0x10,0x20,0x3B,0xFC,0x3F,0xFC,0x54,0x20,
    0xD0,0x20,0x50,0x20,0x10,0x20,0x10,0x20,0x17,0xFE,0x10,0x00,0x00,0x00,0x10,0x00,
    0x10,0x7C,0x11,0xE0,0x7F,0x00,0x11,0x00,0x11,0x00,0x3D,0xFE,0x35,0x10,0x53,0x10,
    0xD1,0x10,0x51,0x10,0x11,0x10,0x13,0x10,0x16,0x10,0x12,0x10,0x10,0x60,0x10,0x60,
    0x10,0x40,0x7F,0xFC,0x12,0x44,0x32,0x44,0x38,0x60,0x3C,0x60,0x54,0xE0,0xD0,0xA0,
    0x11,0xA4,0x11,0x22,0x12,0x22,0x16,0x3C,0x14,0x00,0x08,0x20,0x08,0x20,0x08,0x20,
    0x7E,0xFE,0x08,0x20,0x18,0x70,0x1C,0x70,0x2A,0xE8,0x2A,0xA8,0x49,0xA4,0xCB,0x26,
    0x0A,0x22,0x08,0x20,0x08,0x20,0x08,0x20,0x10,0xC0,0x10,0x80,0x10,0x80,0x7F,0xFE,
    0x11,0x08,0x11,0x88,0x3A,0x88,0x34,0x90,0x56,0xD0,0xD0,0x70,0x50,0x60,0x10,0xD0,
    0x11,0x8C,0x17,0x06,0x14,0x02,0x1F,0xF8,0x11,0x08,0x11,0x08,0x1F,0xF8,0x11,0x08,
    0x1F,0xF8,0x01,0x00,0x7F,0xFC,0x7F,0xFC,0x03,0x40,0x0D,0x30,0x39,0x1C,0x61,0x06,
    0x01,0x00,0x10,0x60,0x10,0x60,0x13,0xFE,0x7F,0xFE,0x10,0x60,0x30,0x60,0x3B,0xFC,
    0x35,0x08,0x55,0x88,0x50,0x90,0x90,0x70,0x10,0x60,0x11,0xF8,0x17,0x0E,0x14,0x02,
    0x10,0x00,0x13,0xFE,0x12,0x00,0x7E,0x84,0x12,0x48,0x32,0x68,0x3A,0x30,0x3E,0x30,
    0x56,0x38,0xD2,0x48,0x12,0xC4,0x12,0x84,0x12,0x00,0x13,0xFE,0x10,0x00,0x01,0x00,
    0x01,0x00,0x7F,0xFE,0x01,0x00,0x1F,0xF8,0x11,0x88,0x13,0xC8,0x05,0x60,0x19,0x18,
    0xF4,0x0E,0x47,0xE2,0x00,0x20,0x1F,0x00,0x01,0xF0,0x00,0x10,0x10,0x60,0x10,0x60,
    0x10,0xB0,0x7D,0x98,0x13,0x0C,0x16,0x06,0x3D,0xFA,0x35,0x08,0x57,0x08,0xD1,0x58,
    0x51,0x30,0x11,0x04,0x11,0x04,0x11,0xFC,0x10,0x00,0x10,0x00,0x13,0xF8,0x12,0x08,
    0x7A,0x98,0x13,0x98,0x32,0xA8,0x3A,0x68,0x3A,0x68,0x56,0x68,0xD2,0xE8,0x52,0xB8,
    0x17,0x9A,0x15,0x16,0x1C,0x06,0x14,0x00,0x10,0x20,0x10,0x20,0x10,0x20,0x7F,0xFE,
    0x10,0x20,0x10,0x20,0x38,0x20,0x3D,0xFC,0x55,0xFC,0xD1,0x04,0x11,0x04,0x11,0x04,
    0x11,0x04,0x11,0xFC,0x11,0x04,0x10,0x00,0x10,0x7C,0x7F,0x44,0x12,0x44,0x12,0x44,
    0x32,0x44,0x6E,0x7C,0x41,0x00,0x01,0x00,0x7F,0xFC,0x03,0xC0,0x0D,0x30,0xB1,0x1C,
    0x61,0x06,0x01,0x00,0x12,0x00,0x12,0x00,0x12,0x3C,0x7F,0xE4,0x32,0xE4,0x32,0xA4,
    0x32,0xA4,0x5A,0xA4,0x5A,0xA4,0x92,0xA4,0x16,0xA4,0x14,0xA4,0x14,0xBC,0x19,0xA4,
    0x18,0x00,0x10,0x00,0x13,0xFE,0x10,0x20,0x7C,0x20,0x10,0x20,0x33,0xFC,0x3A,0x64,
    0x36,0x64,0x56,0x74,0xD2,0xD4,0x13,0x8C,0x12,0x04,0x12,0x04,0x12,0x1C,0x10,0x10,
    0x10,0x20,0x10,0x60,0x11,0xFC,0x7D,0xFC,0x11,0x04,0x11,0x04,0x39,0x04,0x35,0xFC,
    0x57,0x04,0xD1,0x04,0x51,0x04,0x11,0x04,0x11,0xFC,0x11,0xFC,0x11,0x04,0x18,0x10,
    0x18,0x10,0x7F,0xFC,0x18,0x10,0x1F,0xF0,0x18,0x10,0x1F,0xF0,0x01,0x00,0x01,0x00,
    0x7F,0xFC,0x03,0xC0,0x0D,0x70,0x39,0x1C,0xE1,0x06,0x01,0x00,0x11,0x08,0x11,0x08,
    0x11,0x08,0x7F,0xFE,0x11,0x08,0x31,0x08,0x39,0x08,0x3D,0xF8,0x55,0xF8,0xD1,0x08,
    0x11,0x08,0x11,0x08,0x11,0xF8,0x11,0xF8,0x11,0x08,0x10,0xC0,0x38,0xC0,0x44,0xDE,
    0x33,0xF0,0x08,0xC4,0x04,0xC4,0x18,0x7C,0x61,0x00,0x01,0x00,0x7F,0xFE,0x03,0xC0,
    0x0D,0x30,0x31,0x1C,0x61,0x06,0x01,0x00,0x20,0x80,0x18,0x80,0x4F,0xF0,0x31,0x90,
    0x11,0x12,0x0B,0x12,0x36,0x1E,0x65,0x00,0x01,0x00,0x7F,0xFC,0x03,0xC0,0x0D,0x30,
    0x39,0x1C,0x61,0x06,0x01,0x00,0x3F,0xF8,0x04,0x30,0x03,0xC0,0x7F,0xFC,0x06,0x8C,
    0x1C,0x98,0x73,0x80,0x01,0x00,0x7F,0xFC,0x03,0xC0,0x0D,0x60,0xB9,0x1C,0x61,0x06,
    0x01,0x00,0x00,0x00,0x10,0x00,0x11,0xFE,0x11,0x00,0x7D,0x00,0x11,0x00,0x11,0xFC,
    0x39,0x0C,0x35,0x0C,0x55,0x0C,0xD1,0xFC,0x51,0x00,0x11,0x00,0x11,0x00,0x11,0xFE,
    0x00,0x00,0x10,0xC0,0x10,0x80,0x10,0xFE,0x7D,0xFE,0x13,0x40,0x12,0x40,0x38,0x7C,
    0x34,0x40,0x56,0x40,0xD0,0x40,0x50,0x7C,0x10,0x40,0x10,0x40,0x10,0x40,0x10,0x40,
    0x10,0x40,0x10,0x20,0x13,0xFC,0x7F,0x04,0x13,0x04,0x30,0x00,0x3B,0xFE,0x3F,0xFE,
    0x54,0x20,0xD0,0x20,0x10,0x20,0x10,0x20,0x10,0x20,0x11,0xE0,0x10,0x00,0x01,0x00,
    0x01,0x00,0x7F,0xFC,0x03,0xC0,0x0D,0x30,0x31,0x1C,0xC0,0x06,0x1F,0xF0,0x10,0x10,
    0x1F,0xF0,0x10,0x10,0x1F,0xF0,0x00,0x00,0x7F,0xFC,0x00,0x00,0x01,0x00,0x01,0x00,
    0x7F,0xFC,0x01,0x00,0x3F,0xF8,0x29,0x28,0x25,0x28,0x27,0x48,0x3F,0xF8,0x03,0x80,
    0x07,0x60,0x0D,0x30,0x31,0x0C,0xC1,0x06,0x01,0x00,0x10,0x00,0x13,0xFE,0x10,0x0C,
    0x7C,0x0C,0x10,0x0C,0x31,0xEC,0x39,0x2C,0x35,0x2C,0x55,0x2C,0xD1,0x2C,0x11,0xEC,
    0x10,0x0C,0x10,0x0C,0x10,0x38,0x10,0x00,0x10,0x40,0x10,0x40,0x10,0x20,0x7F,0xFC,
    0x10,0x20,0x30,0x20,0x38,0x20,0x3F,0xFC,0x57,0xFC,0xD0,0x20,0x10,0x20,0x10,0x20,
    0x10,0x20,0x17,0xFE,0x10,0x00,0x10,0x40,0x13,0xBC,0x12,0x24,0x7E,0xA4,0x12,0xA4,
    0x32,0xA4,0x3A,0xA4,0x3E,0xA4,0x52,0xA4,0xD7,0xA4,0x52,0xA4,0x10,0xAC,0x11,0x20,
    0x12,0x20,0x14,0x20,0x04,0x40,0x34,0x44,0x37,0x5C,0x34,0x70,0x34,0x44,0x35,0x46,
    0x7E,0x7C,0x01,0x00,0x01,0x00,0x7F,0xFC,0x07,0x40,0x0D,0x30,0x31,0x1C,0xE1,0x06,
    0x01,0x00,0x10,0x40,0x10,0x60,0x13,0xFE,0x7C,0x60,0x10,0x60,0x33,0xFC,0x3B,0xFC,
    0x7E,0x64,0x56,0x64,0xD2,0x64,0x12,0x64,0x12,0x64,0x12,0x78,0x10,0x60,0x10,0x60,
    0x10,0x00,0x13,0xBC,0x12,0xA4,0x7A,0xA4,0x12,0xA4,0x32,0xA4,0x37,0xFE,0x3A,0xA4,
    0x5A,0xA4,0xD2,0xA4,0x52,0xA4,0x14,0xA4,0x14,0xA4,0x1D,0xDC,0x14,0x40,0x10,0x00,
    0x11,0xFC,0x10,0x00,0x7C,0x00,0x10,0x00,0x13,0xFE,0x38,0x20,0x34,0x20,0x55,0xA8,
    0xD1,0x2C,0x53,0x24,0x12,0x26,0x16,0x22,0x10,0xE0,0x10,0x80,0x10,0xA0,0x10,0x90,
    0x10,0x88,0x7C,0xFC,0x13,0xC0,0x10,0xC0,0x3A,0x7E,0x3D,0xC4,0x54,0x4C,0xD0,0x58,
    0x50,0x74,0x11,0xE2,0x17,0x24,0x10,0x1C,0x10,0x00,0x10,0x40,0x10,0xC0,0x13,0xFC,
    0x7C,0x80,0x11,0x20,0x11,0x20,0x3B,0x20,0x3F,0xFC,0x54,0x20,0xD1,0x28,0x51,0x28,
    0x12,0x24,0x16,0x26,0x14,0xE2,0x10,0x80,0x11,0x0C,0x10,0x88,0x10,0xD8,0x7C,0x90,
    0x13,0xFE,0x10,0x00,0x38,0x00,0x34,0x00,0x57,0xFC,0xD0,0x00,0x50,0x00,0x10,0x00,
    0x10,0x00,0x17,0xFE,0x10,0x00,0x10,0x0C,0x10,0x0C,0x13,0x8C,0x78,0xBE,0x16,0x8C,
    0x32,0x8C,0x3B,0xAC,0x39,0xAC,0x55,0x9C,0xD1,0x9C,0x12,0xCC,0x16,0x4C,0x1C,0x0C,
    0x10,0x38,0x10,0x00,0x10,0x60,0x10,0x60,0x10,0x90,0x7D,0x98,0x13,0x0C,0x36,0x06,
    0x39,0xFA,0x34,0x60,0x54,0x60,0xD3,0xFC,0x10,0x60,0x10,0x60,0x10,0x60,0x17,0xFE,
    0x10,0x00,0x10,0x00,0x17,0xFE,0x10,0xB0,0x78,0xB0,0x33,0xFC,0x32,0xB4,0x3A,0xB4,
    0x5E,0xB4,0x52,0x94,0xD3,0x9C,0x13,0x04,0x12,0x04,0x13,0xFC,0x12,0x04,0x00,0x00,
    0x7F,0xFC,0x06,0x40,0x3F,0xFC,0x26,0x4C,0x26,0x4C,0x3F,0xFC,0x00,0x00,0x01,0x00,
    0x7F,0xFC,0x03,0xC0,0x0D,0x60,0x39,0x18,0xE1,0x06,0x01,0x00,0x00,0x00,0x10,0x40,
    0x10,0x20,0x13,0xFE,0x7C,0x00,0x10,0x90,0x11,0x88,0x39,0x04,0x3E,0x9C,0x54,0x90,
    0xD0,0x70,0x50,0x60,0x10,0x70,0x11,0x98,0x17,0x0E,0x14,0x02,0x10,0x60,0x11,0x60,
    0x11,0x60,0x7D,0xFC,0x12,0x60,0x12,0x60,0x38,0x60,0x3F,0xFE,0x54,0x60,0xD0,0xF0,
    0x51,0xE8,0x13,0x6C,0x16,0x66,0x14,0x60,0x10,0x60,0x11,0x88,0x10,0x98,0x10,0x90,
    0x7F,0xFC,0x10,0x20,0x10,0x20,0x39,0xFC,0x34,0x20,0x54,0x20,0xD0,0x20,0x13,0xFE,
    0x10,0x20,0x10,0x20,0x10,0x20,0x10,0x20,0x10,0x40,0x10,0x20,0x13,0xFE,0x7C,0x40,
    0x10,0x88,0x11,0x98,0x3B,0xF0,0x3C,0x24,0x54,0x4C,0xD1,0x88,0x53,0x10,0x14,0x70,
    0x10,0xC8,0x17,0x06,0x12,0x02,0x10,0x00,0x13,0xF8,0x13,0x08,0x7F,0x08,0x13,0xF8,
    0x33,0x08,0x3B,0x08,0x3F,0xF8,0x57,0x44,0xD3,0x2C,0x13,0x30,0x13,0x10,0x13,0x4C,
    0x13,0x86,0x12,0x00,0x10,0xC0,0x10,0xFC,0x11,0xFC,0x7D,0x08,0x16,0x90,0x3A,0x60,
    0x38,0xF0,0x77,0x8E,0x52,0x02,0xD1,0xF8,0x51,0x08,0x11,0x08,0x11,0x08,0x11,0xF8,
    0x01,0x08,0x00,0x00,0x04,0x50,0x04,0x58,0x3F,0x4C,0x04,0x44,0x04,0x40,0x7F,0xFE,
    0x04,0x60,0x04,0x2C,0x7F,0xA8,0x0C,0x38,0x16,0x30,0x25,0x72,0x44,0xD4,0x05,0x9C,
    0x00,0x00,0x10,0x20,0x10,0x20,0x13,0xFC,0x7C,0x20,0x10,0x20,0x30,0x20,0x3B,0xFE,
    0x34,0x20,0x54,0x20,0xD3,0xFC,0x10,0x20,0x10,0x20,0x10,0x20,0x17,0xFE,0x10,0x00,
    0x10,0xB0,0x10,0xB0,0x12,0xB6,0x7E,0xB4,0x13,0xBC,0x31,0xB8,0x38,0xB0,0x35,0xB8,
    0x53,0xB4,0xD4,0xB6,0x10,0xB0,0x11,0x32,0x13,0x32,0x16,0x1E,0x14,0x00,0x10,0xC0,
    0x10,0xF8,0x11,0x08,0x7F,0x10,0x13,0xFE,0x36,0x00,0x3A,0xFC,0x3E,0xCC,0x56,0xCC,
    0xD2,0xC8,0x12,0xF8,0x12,0xC2,0x12,0xC2,0x14,0x7C,0x14,0x00,0x00,0x00,0x10,0x00,
    0x13,0xFE,0x12,0x00,0x7E,0x00,0x12,0xFC,0x32,0x30,0x3A,0x30,0x5A,0xFC,0x56,0x30,
    0x92,0x30,0x12,0xFC,0x12,0x00,0x12,0x00,0x13,0xFE,0x10,0x00,0x01,0x00,0x01,0x80,
    0x3F,0xFC,0x22,0x04,0x7F,0xFE,0x0C,0x30,0x1F,0x60,0x07,0xF0,0x79,0x1C,0x01,0x00,
    0x7F,0xFE,0x07,0x60,0x1D,0x38,0xE1,0x06,0x01,0x00,0x00,0x00,0x01,0x00,0x01,0xFC,
    0x01,0x00,0x1F,0xF8,0x10,0x08,0x1F,0xF8,0x10,0x08,0x10,0x08,0x1F,0xF8,0x01,0x00,
    0x7F,0xFC,0x07,0x60,0x19,0x38,0x61,0x0E,0x01,0x00,0x10,0x00,0x13,0xFC,0x12,0x04,
    0x7A,0x04,0x13,0xF4,0x32,0x04,0x32,0x04,0x5A,0xF4,0x5E,0x94,0xD2,0x94,0x12,0x94,
    0x12,0xF4,0x12,0x04,0x12,0x1C,0x10,0x00,0x3F,0xF8,0x1C,0x60,0x07,0xE0,0x38,0x18,
    0x7F,0xFC,0x22,0xC8,0x1C,0x30,0x72,0xCC,0x01,0x00,0x7F,0xFC,0x07,0xC0,0x39,0x38,
    0xE1,0x06,0x01,0x00,0x00,0x00,0x10,0x00,0x13,0xFE,0x10,0x00,0x7C,0x00,0x11,0xFC,
    0x31,0x04,0x39,0x04,0x35,0xFC,0x55,0x04,0xD1,0x04,0x51,0xFC,0x10,0x00,0x10,0x00,
    0x17,0xFE,0x10,0x00,0x10,0x20,0x10,0x20,0x13,0xFE,0x7F,0xFE,0x10,0x20,0x10,0x20,
    0x3B,0xFC,0x34,0x00,0x54,0x00,0xD1,0xFC,0x11,0x04,0x11,0x04,0x11,0xFC,0x11,0xFC,
    0x11,0x04,0x10,0x20,0x12,0x24,0x11,0x24,0x7D,0xA8,0x10,0xB8,0x13,0xFC,0x38,0x04,
    0x34,0x04,0x54,0x04,0xD3,0xFC,0x10,0x04,0x10,0x04,0x13,0xFC,0x13,0xFC,0x10,0x04,
    0x10,0x00,0x13,0xFC,0x12,0x40,0x7C,0x40,0x13,0xFE,0x33,0xFE,0x38,0x90,0x35,0x18,
    0x56,0x96,0xD4,0x92,0x10,0x90,0x11,0x10,0x11,0x10,0x16,0x10,0x12,0x00,0x04,0x40,
    0x64,0x40,0x34,0xFC,0x15,0x8C,0x06,0xD8,0x1C,0x30,0x64,0xC0,0x05,0x00,0x01,0x00,
    0x7F,0xFC,0x03,0xC0,0x0D,0x60,0x39,0x1C,0xE1,0x06,0x01,0x00,0x10,0x20,0x10,0x30,
    0x11,0xFE,0x7D,0x00,0x11,0x10,0x11,0x10,0x39,0x10,0x35,0xFC,0x55,0x10,0x51,0x10,
    0x13,0x10,0x12,0x10,0x12,0x10,0x16,0xFE,0x14,0x00,0x10,0x00,0x13,0xFC,0x11,0x88,
    0x7C,0xF0,0x10,0x60,0x33,0xFC,0x3A,0x24,0x3F,0xFC,0x56,0x24,0xD2,0x24,0x53,0xFC,
    0x12,0x24,0x12,0x24,0x12,0x2C,0x10,0x00,0x20,0x00,0x13,0xF8,0x48,0x48,0x62,0x8C,
    0x16,0x8C,0x0D,0x9A,0x13,0x10,0x26,0x60,0x41,0x00,0x7F,0xFC,0x03,0x80,0x07,0x60,
    0x19,0x18,0x61,0x06,0x01,0x00,0x11,0x80,0x11,0x00,0x11,0xFE,0x7A,0x00,0x17,0xFC,
    0x33,0x4C,0x3A,0x6C,0x3E,0x28,0x57,0xFE,0xD2,0xC8,0x12,0x28,0x13,0xFE,0x10,0x08,
    0x10,0x78,0x00,0x00,0x11,0x00,0x11,0x3E,0x17,0xE6,0x7F,0xE4,0x11,0x24,0x31,0x24,
    0x3B,0xEC,0x39,0x24,0x55,0x26,0xD7,0xE2,0x57,0xE2,0x11,0x2E,0x12,0x28,0x12,0x20,
    0x14,0x20,0x10,0x00,0x13,0xFE,0x10,0x20,0x7C,0x20,0x13,0xFC,0x32,0x24,0x3B,0xFC,
    0x36,0x24,0x56,0x24,0xD3,0xFC,0x11,0x40,0x11,0xC0,0x10,0xE0,0x17,0x1E,0x14,0x00,
    0x10,0x20,0x13,0x26,0x11,0x2C,0x7C,0xA8,0x10,0x20,0x31,0xFC,0x39,0x04,0x35,0xFC,
    0x55,0x04,0xD1,0x04,0x11,0xFC,0x11,0x04,0x11,0x04,0x11,0x1C,0x00,0x00,0x08,0x20,
    0x08,0x20,0x7E,0xFC,0x18,0x30,0x1E,0x78,0x6B,0xA4,0xCB,0x22,0x06,0x00,0x0F,0xF8,
    0x38,0x30,0x66,0x60,0x02,0xC0,0x07,0x00,0x7C,0x00,0x20,0x00,0x10,0x00,0x13,0xFC,
    0x10,0x80,0x7C,0x80,0x13,0xF8,0x30,0x88,0x38,0x88,0x3B,0xFE,0x54,0x00,0xD3,0xFC,
    0x13,0x04,0x13,0x04,0x13,0x04,0x13,0xFC,0x13,0x04,0x3F,0x24,0x04,0x24,0x7F,0xA4,
    0x0C,0x24,0x1E,0x24,0x35,0x84,0x44,0x9C,0x01,0x00,0x7F,0xFC,0x03,0xC0,0x05,0x60,
    0x39,0x18,0xE1,0x06,0x01,0x00,0x00,0x00,0x10,0x60,0x10,0xD0,0x10,0x88,0x7F,0x7C,
    0x13,0x82,0x30,0x98,0x39,0x04,0x3A,0xC2,0x54,0xF8,0xD1,0x88,0x12,0x90,0x14,0x70,
    0x10,0xF0,0x17,0x8E,0x14,0x02,0x00,0x00,0x11,0x08,0x10,0x90,0x13,0xFC,0x7C,0x64,
    0x10,0x64,0x33,0xFC,0x3A,0x60,0x7E,0x60,0x53,0xFC,0xD0,0x64,0x10,0xE4,0x11,0x64,
    0x1E,0x7C,0x14,0x60,0x10,0x60,0x00,0x00,0x10,0x28,0x10,0x2C,0x10,0x24,0x7B,0xFE,
    0x10,0x20,0x32,0xA4,0x3A,0xB4,0x5A,0x98,0x57,0xD8,0xD2,0x98,0x12,0x90,0x12,0xB2,
    0x14,0xEA,0x1C,0x8E,0x10,0x00,0x10,0x40,0x10,0x40,0x13,0xFC,0x78,0x80,0x11,0x90,
    0x31,0x08,0x3F,0xFC,0x58,0x04,0x56,0x50,0x92,0x50,0x12,0x50,0x12,0x52,0x12,0x52,
    0x14,0x5E,0x1C,0x00,0x10,0x60,0x10,0x60,0x10,0x90,0x7D,0x18,0x13,0x0C,0x35,0xFE,
    0x38,0x00,0x3E,0x4C,0x57,0x48,0xD1,0x48,0x11,0x28,0x11,0x10,0x10,0x10,0x17,0xFE,
    0x10,0x00,0x10,0x60,0x10,0x40,0x11,0xFC,0x7D,0x04,0x11,0xFC,0x31,0x04,0x39,0xFC,
    0x34,0x20,0x54,0x20,0xD3,0xFC,0x12,0x24,0x12,0x24,0x12,0x2C,0x10,0x30,0x10,0x20,
    0x11,0x08,0x11,0x08,0x13,0xFE,0x7D,0x08,0x11,0x08,0x31,0xF8,0x39,0x08,0x35,0xF8,
    0x55,0x08,0xD1,0x08,0x17,0xFE,0x10,0x90,0x11,0x98,0x17,0x06,0x14,0x02,0x10,0x00,
    0x13,0xFC,0x12,0x04,0x7F,0xFC,0x12,0x04,0x32,0x04,0x3B,0xFC,0x36,0x20,0x56,0x26,
    0xD3,0xFC,0x12,0x30,0x12,0x22,0x12,0xE2,0x13,0xBC,0x10,0x00,0x10,0x40,0x10,0x40,
    0x13,0xFC,0x7C,0xC0,0x13,0xF8,0x30,0x80,0x3F,0xFC,0x5D,0x10,0x5B,0x48,0xD7,0xF4,
    0x1C,0x42,0x17,0xFC,0x10,0x40,0x10,0x40,0x10,0x40,0x10,0x60,0x10,0x20,0x13,0xFC,
    0x7E,0x04,0x12,0x04,0x10,0xF8,0x3C,0x00,0x34,0x00,0x53,0xFE,0xD0,0x20,0x11,0x2C,
    0x13,0x24,0x12,0x22,0x14,0xE2,0x10,0x80,0x08,0x20,0x08,0x20,0x7E,0xFE,0x08,0x20,
    0x7E,0xFC,0x7E,0xFC,0x4A,0xA4,0x4A,0xA4,0x5E,0xBC,0x1C,0x30,0x2E,0x68,0x6A,0xE4,
    0xC9,0xA2,0x09,0x20,0x08,0x20,0x10,0x00,0x13,0xBC,0x12,0xA4,0x7A,0xA4,0x12,0xA4,
    0x33,0xBC,0x32,0xA4,0x5A,0xA4,0x5A,0xA4,0xD7,0xBC,0x14,0xA4,0x14,0xA4,0x14,0xA4,
    0x1D,0xCC,0x08,0x40,0x11,0x18,0x09,0x10,0x0D,0x20,0x7F,0xFC,0x60,0x04,0x7F,0xF4,
    0x18,0x10,0x1F,0xF0,0x01,0x00,0x7F,0xFC,0x03,0x80,0x07,0x60,0x19,0x38,0x61,0x06,
    0x01,0x00,0x01,0x00,0x01,0x00,0x3F,0xFC,0x03,0xC0,0x0D,0x60,0x71,0x1C,0x49,0x26,
    0x08,0x20,0x7F,0xFE,0x08,0x30,0x1E,0x78,0x2A,0xAC,0xCB,0x26,0x49,0x22,0x08,0x20,
    0x10,0x20,0x10,0x20,0x13,0xFC,0x7C,0x20,0x13,0xFE,0x38,0x00,0x39,0x98,0x77,0x46,
    0x54,0xFA,0xD1,0x08,0x13,0x98,0x16,0x70,0x10,0xF0,0x17,0x8E,0x14,0x02,0x10,0x00,
    0x13,0xFC,0x12,0x64,0x7E,0x64,0x13,0xFC,0x12,0x64,0x3B,0xFC,0x34,0x60,0x57,0xFE,
    0xD3,0xFE,0x50,0xF0,0x11,0xE8,0x17,0x66,0x14,0x62,0x10,0x60,0x10,0x40,0x10,0x60,
    0x13,0xFE,0x7E,0x06,0x10,0x00,0x31,0xF8,0x39,0x08,0x3D,0xF8,0x55,0x00,0xD1,0x00,
    0x11,0xFC,0x11,0x04,0x11,0x04,0x11,0xFC,0x11,0x04,0x10,0x60,0x10,0x60,0x13,0xFC,
    0x7C,0x60,0x11,0x98,0x33,0x04,0x3B,0xFE,0x3C,0x08,0x57,0xE8,0xD2,0x28,0x12,0x28,
    0x13,0xE8,0x10,0x08,0x10,0x38,0x10,0x20,0x10,0x60,0x13,0xFC,0x13,0xFC,0x7C,0x60,
    0x13,0xFC,0x32,0x04,0x3B,0xFC,0x3E,0x04,0x57,0xFC,0xD2,0x04,0x52,0x04,0x13,0xFC,
    0x12,0x04,0x17,0xFE,0x10,0x00,0x10,0xA0,0x11,0x30,0x11,0x10,0x7F,0xFE,0x13,0x10,
    0x37,0x10,0x3D,0xFC,0x3D,0x10,0x55,0x10,0xD1,0xFC,0x51,0x10,0x11,0x10,0x11,0xFE,
    0x11,0x00,0x11,0x00,0x11,0x00,0x11,0x3C,0x11,0xE4,0x79,0x24,0x11,0x24,0x31,0x14,
    0x3F,0xD4,0x5D,0x18,0x5B,0x58,0xD5,0x48,0x15,0x78,0x1D,0x54,0x15,0x24,0x17,0x62,
    0x10,0x40,0x10,0x10,0x17,0x90,0x14,0xFE,0x7D,0x20,0x15,0x20,0x35,0x7C,0x35,0x64,
    0x5D,0xBC,0x54,0xA4,0xD4,0xA4,0x14,0xBC,0x17,0x24,0x14,0x24,0x14,0x2C,0x14,0x00,
    0x10,0x00,0x17,0xDE,0x12,0x92,0x7A,0x94,0x13,0x94,0x32,0x94,0x32,0x9C,0x7E,0x94,
    0x5B,0x94,0xD2,0x92,0x12,0x92,0x17,0xDE,0x18,0x98,0x10,0x90,0x10,0x90,0x11,0x80,
    0x11,0xF8,0x11,0x08,0x7D,0xF8,0x10,0x08,0x33,0xFE,0x38,0x40,0x35,0xCC,0x56,0x78,
    0xD1,0xA8,0x56,0x68,0x11,0xA4,0x13,0x26,0x14,0xE2,0x10,0x00,0x10,0x40,0x10,0x40,
    0x13,0xFC,0x78,0x40,0x33,0xFC,0x30,0x80,0x3F,0xFC,0x5D,0x10,0x5B,0xF8,0x97,0x0C,
    0x1F,0x0A,0x13,0xF8,0x13,0x08,0x13,0xF8,0x13,0x00,0x11,0x00,0x11,0x3C,0x17,0xD4,
    0x79,0x14,0x17,0xA4,0x31,0x24,0x3F,0xA4,0x3D,0x58,0x59,0x40,0xD7,0xFE,0x50,0x40,
    0x10,0x60,0x11,0x90,0x1F,0x0E,0x14,0x02,0x08,0x20,0x08,0x20,0x7E,0xFC,0x1C,0x30,
    0x3A,0x6C,0x69,0xA6,0x08,0x20,0x3F,0xFC,0x01,0x0C,0x19,0x08,0x11,0xF8,0x19,0x00,
    0x3D,0x00,0x63,0xFE,0x40,0x00,0x10,0x00,0x13,0xFC,0x12,0x94,0x7A,0x94,0x13,0xFC,
    0x30,0x00,0x38,0x60,0x7B,0xFE,0x54,0x80,0xD1,0x84,0x11,0xF8,0x11,0x08,0x13,0x08,
    0x16,0x38,0x14,0x00,0x12,0x20,0x12,0x24,0x13,0xFC,0x7A,0x30,0x12,0x22,0x33,0xF6,
    0x3A,0x5C,0x7C,0x40,0x57,0xFC,0xD2,0x04,0x13,0xFC,0x12,0x04,0x12,0x04,0x13,0xFC,
    0x12,0x04,0x10,0x40,0x12,0x4C,0x11,0x58,0x78,0x40,0x13,0xFC,0x30,0xD0,0x3B,0x4C,
    0x7E,0x46,0x58,0x80,0xD7,0xFE,0x11,0x18,0x13,0xF0,0x10,0x70,0x17,0x8E,0x14,0x02,
    0x10,0x00,0x17,0xBE,0x14,0x88,0x7C,0xA8,0x37,0xA8,0x34,0xA8,0x3C,0xBE,0x5F,0xBE,
    0x54,0x18,0xD5,0x98,0x14,0xA8,0x15,0xAA,0x16,0x4A,0x14,0xCE,0x00,0x00,0x10,0x60,
    0x10,0xF0,0x11,0x98,0x7B,0x0C,0x16,0xF6,0x34,0x00,0x3B,0xD4,0x7A,0x54,0x5F,0xD4,
    0xD2,0x54,0x13,0xD4,0x12,0x54,0x12,0x44,0x13,0xDC,0x10,0x00,0x11,0x00,0x11,0x1E,
    0x13,0xD4,0x7A,0x54,0x12,0x54,0x33,0xD4,0x3A,0x54,0x7E,0x54,0x53,0xD2,0xD2,0x92,
    0x12,0x92,0x12,0xDE,0x17,0x50,0x12,0x50,0x00,0x00,0x00,0x00,0x10,0x40,0x10,0x60,
    0x17,0xFC,0x7C,0x90,0x10,0x90,0x33,0xFC,0x3A,0x44,0x5C,0x20,0x57,0xFE,0xD0,0x80,
    0x11,0xF8,0x11,0x08,0x13,0x08,0x16,0x78,0x1C,0x00,0x10,0x40,0x10,0x60,0x13,0xFC,
    0x7A,0x04,0x11,0x98,0x37,0x06,0x39,0x80,0x79,0xFE,0x56,0x80,0xD6,0xFC,0x54,0x80,
    0x10,0xFC,0x10,0x80,0x10,0x80,0x10,0x80,0x10,0x40,0x13,0xBC,0x12,0x14,0x7A,0x94,
    0x12,0xE4,0x37,0x74,0x32,0x68,0x78,0x00,0x57,0xFC,0xD2,0x24,0x13,0xFC,0x12,0x24,
    0x12,0x24,0x13,0xFC,0x12,0x04,0x10,0x60,0x10,0x40,0x13,0xFC,0x7A,0xC4,0x12,0xA4,
    0x39,0xB0,0x39,0xFE,0x7F,0x20,0x5F,0xFC,0xD7,0x20,0x53,0xFC,0x13,0x20,0x13,0x20,
    0x13,0xFE,0x13,0x00,0x10,0x40,0x10,0x40,0x13,0xFC,0x7E,0x44,0x13,0xFC,0x32,0x44,
    0x3A,0x44,0x3F,0xFC,0x58,0x50,0xD0,0xC8,0x90,0xD4,0x11,0xFC,0x13,0x42,0x1E,0x3E,
    0x04,0x00,0x00,0x00,0x10,0x90,0x12,0x90,0x12,0x9E,0x7E,0xBE,0x12,0xA8,0x32,0xB8,
    0x3A,0xC4,0x3C,0x84,0x54,0x00,0xD3,0xFC,0x12,0x94,0x12,0x94,0x12,0x94,0x17,0xFE,
    0x10,0x00,0x10,0x90,0x10,0x90,0x17,0xFE,0x7F,0xFC,0x12,0x94,0x33,0xFC,0x3A,0x94,
    0x3F,0xFC,0x58,0x00,0xD1,0xF8,0x51,0x08,0x11,0xF8,0x11,0x08,0x11,0xF8,0x11,0x08,
    0x10,0x50,0x13,0x90,0x7D,0xBC,0x16,0x50,0x3A,0x58,0x3D,0xB4,0x55,0xD2,0x16,0x50,
    0x11,0x10,0x7F,0xFC,0x01,0x80,0x03,0xC0,0x0E,0x60,0x78,0x1E,0x40,0x00,0x10,0x40,
    0x10,0x60,0x13,0xFC,0x78,0x90,0x17,0xFE,0x30,0x00,0x33,0xFC,0x3A,0x04,0x57,0xFC,
    0xD2,0x04,0x53,0xFC,0x10,0x60,0x17,0xFE,0x10,0x60,0x10,0x60,0x10,0x90,0x10,0x90,
    0x13,0xFE,0x7C,0x90,0x13,0xFC,0x32,0x04,0x3B,0xFC,0x7E,0x04,0x57,0xFC,0xD0,0x40,
    0x17,0xFE,0x10,0x60,0x10,0x90,0x17,0x0E,0x14,0x02,0x10,0x90,0x10,0x90,0x13,0xFE,
    0x78,0x90,0x17,0xFE,0x30,0x40,0x3B,0xFC,0x76,0x44,0x53,0xFC,0xD2,0x44,0x12,0x44,
    0x11,0xB8,0x10,0x98,0x17,0x06,0x14,0x02,0x10,0x00,0x13,0xFC,0x12,0x64,0x7B,0x6C,
    0x13,0x6C,0x33,0x6C,0x39,0x94,0x7A,0x76,0x54,0xA0,0xD7,0xFE,0x11,0x08,0x13,0x90,
    0x10,0x70,0x17,0x8C,0x14,0x02,0x10,0x04,0x17,0xF8,0x10,0x7C,0x7B,0xC0,0x17,0xFE,
    0x30,0x44,0x38,0x7C,0x7F,0x9C,0x52,0x70,0xDF,0xFC,0x92,0x10,0x1F,0xFE,0x12,0x52,
    0x13,0x9E,0x10,0x00,0x10,0x00,0x17,0xA8,0x10,0xB0,0x7E,0x94,0x13,0x18,0x33,0xF8,
    0x36,0x06,0x7B,0xFA,0x56,0x08,0xD2,0x08,0x53,0xF8,0x11,0x10,0x10,0x90,0x17,0xFC,
    0x10,0x00,0x10,0xC0,0x10,0xF8,0x11,0x10,0x7F,0xF8,0x12,0x24,0x32,0x24,0x3B,0xFC,
    0x3C,0xC4,0x57,0x58,0xD0,0xB8,0x13,0x68,0x14,0xE4,0x13,0x26,0x14,0xE2,0x00,0x00,
    0x00,0x00,0x10,0x00,0x13,0xFE,0x12,0x00,0x7A,0x04,0x13,0xE4,0x32,0x1E,0x3B,0xE4,
    0x5B,0x34,0x55,0xF4,0xD4,0x14,0x15,0x2C,0x14,0xC4,0x15,0x64,0x1B,0x9C,0x18,0x00,
    0x10,0x40,0x17,0xFE,0x10,0x00,0x7F,0xFC,0x36,0xF4,0x37,0x14,0x3E,0xE4,0x5F,0xFC,
    0x50,0x00,0x93,0xFC,0x13,0xFC,0x13,0xFC,0x10,0x00,0x1F,0xFE,0x00,0x00,0x21,0x10,
    0x21,0x10,0x27,0x90,0x7C,0xBE,0x27,0xA4,0x34,0xB4,0x3B,0x34,0x69,0x14,0x6F,0xD8,
    0xA2,0x18,0x23,0x98,0x24,0x98,0x24,0xA4,0x2B,0xE6,0x28,0x00,0x10,0x90,0x17,0xFE,
    0x10,0x90,0x7F,0xFC,0x16,0x04,0x37,0xF4,0x38,0x00,0x5F,0xFE,0x51,0xC4,0xD6,0x78,
    0x11,0xB0,0x16,0xE8,0x13,0x24,0x1E,0x62,0x10,0x80,0x04,0x00,0x0C,0x00,0x0F,0xFC,
    0x0F,0xFC,0x11,0x08,0x31,0x08,0x21,0x10,0x01,0x80,0x01,0x80,0x02,0xC0,0x06,0x60,
    0x0C,0x30,0x38,0x1C,0x60,0x06,0x00,0x00,0x00,0x80,0x61,0x80,0x31,0x00,0x13,0xFC,
    0x1A,0x04,0x06,0x48,0x04,0x58,0x18,0x40,0x10,0xC0,0x10,0xE0,0x31,0xA0,0x23,0x10,
    0x26,0x18,0x7C,0x06,0x08,0x02,0x00,0xC0,0x00,0x80,0x7C,0xFC,0x04,0xFC,0x45,0x04,
    0x25,0x2C,0x3B,0x28,0x18,0x60,0x18,0x60,0x1C,0x60,0x34,0xD0,0x26,0x98,0x61,0x0C,
    0xC6,0x06,0x02,0x00,0x00,0x60,0x0F,0x40,0x38,0x40,0x20,0x7E,0x20,0x84,0x3E,0xA4,
    0x24,0xA8,0x24,0x20,0x24,0x20,0x24,0x30,0x24,0x70,0x24,0x48,0x64,0x8C,0xC7,0x86,
    0x41,0x02,0x00,0x00,0x00,0x60,0x7F,0x40,0x40,0x7C,0x53,0xFC,0x5A,0xA4,0x4A,0xAC,
    0x4D,0x28,0x44,0x20,0x4A,0x30,0x4A,0x30,0x53,0x70,0x52,0x48,0x7E,0x8C,0x01,0x86,
    0x01,0x02,0x00,0x00,0x04,0x20,0x16,0x40,0x23,0x7C,0x69,0x7C,0x48,0xA4,0x1D,0xA4,
    0x32,0xAC,0x61,0x20,0xFE,0x30,0x22,0x30,0x22,0x70,0x22,0x48,0x3E,0xCC,0x3F,0x86,
    0x01,0x02,0x22,0x20,0x22,0x20,0x7F,0xFC,0x22,0x44,0x3E,0x64,0x22,0xA4,0x22,0xA8,
    0x3E,0x30,0x22,0x30,0x22,0x30,0x7F,0xB8,0x16,0x48,0x33,0xC4,0x61,0x86,0x41,0x00,
    0x08,0x20,0x08,0x20,0x7F,0x40,0x08,0x7E,0x7F,0x44,0x00,0xA4,0x3E,0xA8,0x3E,0x20,
    0x00,0x30,0x7F,0x30,0x2A,0x30,0x2A,0x48,0x49,0xCC,0x99,0x86,0x21,0x02,0x00,0x20,
    0x3F,0x20,0x21,0x3C,0x3F,0x7C,0x21,0x54,0x3F,0xD4,0x10,0x98,0x3F,0x10,0xC9,0x30,
    0x6D,0x30,0x37,0x28,0x23,0x28,0x3D,0x44,0x07,0xC6,0x00,0x80,0x22,0x20,0x12,0x20,
    0x7F,0xA0,0x14,0x7C,0x7F,0x44,0x15,0xD4,0x15,0x18,0xFF,0x90,0x15,0x10,0x7F,0x30,
    0x36,0x28,0x35,0x68,0x55,0xC4,0x95,0x86,0x14,0x82,0x00,0x00,0x00,0x30,0x7F,0xA0,
    0x01,0x3E,0x39,0x62,0x29,0x54,0x39,0xD4,0x01,0x5C,0x7F,0x90,0x01,0x10,0x39,0x30,
    0x29,0x28,0x29,0x68,0x11,0x44,0x07,0x86,0x00,0x80,0x00,0x00,0x00,0x80,0x00,0x80,
    0x00,0x80,0x18,0x80,0x18,0x80,0x18,0xFC,0x18,0x80,0x18,0x80,0x18,0x80,0x18,0x80,
    0x18,0x80,0x18,0x80,0x18,0x80,0x7F,0xFE,0x3F,0xFC,0x00,0x80,0x00,0x80,0x00,0x80,
    0x18,0x80,0x18,0xFC,0x18,0xFC,0x18,0x80,0x18,0x80,0x18,0x80,0x18,0x80,0x18,0x80,
    0x7F,0xFE,0x04,0x40,0x04,0x40,0x04,0x40,0x24,0x46,0x24,0x4C,0x27,0x58,0x24,0x60,
    0x24,0x40,0x24,0x40,0x24,0x40,0x24,0x42,0x27,0x42,0x3E,0x46,0x60,0x7C,0x00,0x00,
    0x01,0x80,0x09,0x80,0x09,0xFC,0x09,0x80,0x09,0x80,0x09,0x80,0x7F,0xFE,0x04,0x80,
    0x0C,0x88,0x18,0x98,0x30,0xB0,0x40,0xC0,0x07,0x80,0x7C,0x00,0x20,0x00,0x00,0x40,
    0x3F,0x58,0x00,0x4C,0x00,0x64,0x7F,0xFE,0x00,0x60,0x02,0x20,0x32,0x20,0x33,0xA0,
    0x32,0x20,0x32,0x24,0x32,0x32,0x3F,0xD6,0x70,0x1C,0x00,0x00,0x08,0x20,0x08,0x20,
    0x09,0xFE,0x28,0x20,0x2E,0x20,0x2E,0x20,0x29,0xFC,0x28,0x8C,0x28,0x88,0x28,0x58,
    0x28,0x70,0x2E,0x70,0xF8,0xD8,0x07,0x0E,0x02,0x02,0x7F,0xFC,0x01,0x80,0x07,0x40,
    0x1D,0x3C,0x61,0x06,0x00,0x00,0x3F,0xFC,0x01,0x80,0x19,0x80,0x19,0xF8,0x19,0x80,
    0x19,0x80,0x7F,0xFE,0x7F,0xFE,0x03,0x00,0x02,0x00,0x07,0xF8,0x0F,0xF8,0x18,0x18,
    0x3C,0x10,0x66,0x20,0x41,0x60,0x00,0xC0,0x03,0x80,0x0E,0x00,0x38,0x00,0x20,0x00,
    0x7F,0xFC,0x08,0x40,0x08,0x40,0x10,0x44,0x1F,0x4C,0x31,0x58,0x22,0x70,0x5A,0x40,
    0xCE,0x40,0x0C,0x44,0x18,0x46,0x30,0x44,0x60,0x7C,0x40,0x00,0x7E,0x1C,0x18,0xF0,
    0x10,0x20,0x1E,0x20,0x3E,0x20,0x22,0x20,0x67,0xFE,0x5C,0x20,0x44,0x20,0x08,0x20,
    0x18,0x20,0x30,0x20,0x60,0x20,0x20,0x00,0x00,0x00,0x00,0x20,0x7E,0x20,0x7E,0x20,
    0x11,0xFC,0x21,0x24,0x3D,0x24,0x25,0x24,0x65,0x24,0x7F,0xFE,0xD8,0x60,0x18,0x70,
    0x10,0xD0,0x31,0x8C,0x67,0x06,0x44,0x02,0x00,0x20,0x7E,0x40,0x10,0x58,0x10,0x88,
    0x3D,0x84,0x3F,0xFC,0x24,0x02,0x64,0x00,0x55,0xFC,0xCD,0x04,0x09,0x04,0x19,0x04,
    0x31,0x04,0x61,0xFC,0x21,0x04,0x00,0xC0,0x7E,0x80,0x11,0xFC,0x11,0x04,0x23,0x04,
    0x3F,0xE4,0x25,0x24,0x6D,0x24,0x79,0xE4,0xC9,0x24,0x19,0x24,0x11,0xE4,0x20,0x04,
    0x60,0x3C,0x40,0x00,0x00,0x20,0x7F,0xA0,0x11,0x20,0x11,0xFC,0x21,0x20,0x3E,0x20,
    0x24,0x20,0x67,0xFE,0xD8,0x70,0x48,0xB0,0x19,0xA8,0x13,0x24,0x36,0x23,0x60,0x20,
    0x40,0x20,0x00,0xB0,0x7E,0xD0,0x10,0xC8,0x10,0xFC,0x1F,0xC0,0x3E,0x40,0x24,0x7C,
    0x75,0xC0,0x54,0x4C,0x48,0x58,0x08,0x30,0x11,0xE2,0x37,0x36,0x60,0x1C,0x40,0x00,
    0x00,0x20,0x7C,0x20,0x13,0xFE,0x10,0x20,0x3D,0xFC,0x25,0x04,0x25,0xFC,0x6D,0x04,
    0xD9,0xFC,0x49,0x04,0x19,0x04,0x11,0xFC,0x21,0x04,0x67,0xFE,0x00,0x00,0x3F,0x78,
    0x20,0x48,0x32,0x48,0x3A,0x4E,0x2A,0x86,0x24,0x00,0x24,0xFC,0x2E,0x4C,0x2A,0x48,
    0x33,0x38,0x32,0x30,0x3E,0x78,0x01,0xCE,0x00,0x82,0x00,0x00,0x02,0x00,0x3E,0xF8,
    0x20,0x88,0x20,0x88,0x3E,0x88,0x21,0x0E,0x20,0x00,0x3F,0xFC,0x20,0x88,0x20,0xC8,
    0x26,0x50,0x78,0x20,0x20,0xD8,0x23,0x8E,0x22,0x02,0x01,0x00,0x3E,0x78,0x20,0x48,
    0x3E,0x48,0x22,0x4E,0x3E,0x86,0x22,0x00,0x3E,0xFC,0x20,0x4C,0x3E,0x48,0x22,0x38,
    0x22,0x30,0x42,0x78,0x4D,0x86,0x41,0x00,0x3F,0x78,0x21,0x48,0x21,0x48,0x3F,0x4E,
    0x2A,0xC0,0x2A,0xFC,0x3F,0xFC,0x2A,0x4C,0x6A,0x28,0x5F,0x38,0x4A,0x30,0x51,0x68,
    0xD1,0xC6,0x21,0x02,0x00,0x00,0x10,0x00,0x76,0x78,0x62,0x48,0x62,0x48,0x76,0x4E,
    0x62,0x80,0x62,0xFC,0x7E,0xFC,0x00,0x4C,0x7F,0x48,0x08,0x30,0x08,0x30,0x3F,0x68,
    0x61,0x86,0x00,0x00,0x08,0x00,0x08,0x78,0x7F,0x48,0x12,0x48,0x14,0x4E,0x7F,0x86,
    0x18,0x00,0x6B,0xFC,0x5E,0x4C,0x26,0x48,0x5F,0x38,0x35,0x30,0xC4,0x68,0x3D,0x86,
    0x01,0x02,0x00,0x00,0x1F,0xF8,0x11,0x88,0x11,0x08,0x11,0x08,0x11,0x18,0x7F,0xFE,
    0x31,0x18,0x31,0x18,0x21,0x18,0x3F,0xFC,0x02,0x10,0x04,0x10,0x38,0xF0,0x20,0x00,
    0x1F,0xF8,0x10,0x08,0x13,0x08,0x10,0x88,0x10,0x98,0x7F,0xFE,0x30,0x18,0x33,0x18,
    0x21,0x98,0x20,0x98,0x3F,0xFC,0x00,0x10,0x00,0xF0,0x00,0x00,0x08,0x00,0x1F,0xFC,
    0x1F,0xFC,0x20,0x00,0x7F,0xF8,0x5A,0x08,0x11,0xC8,0x10,0x58,0x7F,0xFE,0x13,0x18,
    0x10,0x98,0x1F,0xFC,0x20,0x10,0x00,0x70,0x00,0x40,0x00,0x00,0x01,0x00,0x3F,0xFC,
    0x01,0x00,0x1F,0xF8,0x01,0x00,0x7F,0xFE,0x00,0x00,0x1F,0xF8,0x11,0x98,0x7F,0xFE,
    0x13,0x18,0x10,0x90,0x3F,0xFC,0x00,0x30,0x00,0xC0,0x20,0x80,0x30,0x80,0x30,0x80,
    0x30,0x84,0x30,0x8C,0x3E,0x90,0x30,0xE0,0x30,0xC0,0x30,0x80,0x30,0x80,0x30,0x86,
    0x32,0x84,0x3C,0xC4,0x30,0x7C,0x00,0x00,0x10,0xC0,0x10,0xC4,0x10,0xDC,0x1F,0xF0,
    0x10,0xC0,0x10,0xC6,0x17,0xC4,0x38,0x7C,0x21,0x00,0x01,0x00,0x7F,0xFE,0x01,0x00,
    0x01,0x00,0x01,0x00,0x01,0x00,0x10,0x80,0x10,0x84,0x1E,0x98,0x10,0xE0,0x10,0x86,
    0x16,0xC4,0x39,0x7C,0x03,0x18,0x34,0xB0,0x24,0x68,0x25,0x84,0x47,0x16,0x1C,0x12,
    0x67,0xF0,0x00,0x00,0x01,0x90,0x01,0x90,0x7F,0x90,0x4F,0x92,0x4F,0x96,0x4F,0xDC,
    0x4F,0x98,0x7F,0x90,0x4F,0x90,0x4F,0x90,0x4F,0x92,0x4F,0xB2,0x7F,0xD2,0x01,0x9C,
    0x00,0x00,0x20,0x80,0x20,0x9C,0x3E,0xE0,0x20,0x84,0x3E,0xFC,0x30,0x00,0x7F,0xFC,
    0x08,0x80,0x18,0x84,0x3F,0x9C,0x72,0xE0,0x54,0x86,0x18,0xC4,0x70,0x7C,0x40,0x00,
    0x00,0x04,0x03,0xF8,0x3F,0x00,0x03,0x00,0x03,0x00,0x3F,0xF8,0x3B,0x00,0x03,0x00,
    0x03,0x3E,0x7F,0xF8,0x03,0x00,0x03,0x04,0x03,0x04,0x01,0xFC,0x00,0x00,0x00,0x40,
    0x1E,0x40,0x70,0x7C,0x10,0x7C,0x10,0x40,0x7C,0x40,0x11,0xF8,0x11,0x08,0x13,0x08,
    0x7D,0x08,0x11,0xF8,0x10,0x02,0x10,0x06,0x1F,0xFC,0x00,0x00,0x01,0x00,0x7F,0xFC,
    0x00,0x00,0x1F,0xF0,0x10,0x10,0x1F,0xF0,0x3F,0xFC,0x20,0x04,0x3F,0xF4,0x03,0x18,
    0x3F,0xE0,0x07,0xFE,0x7B,0x04,0x01,0xFC,0x00,0x00,0x00,0x00,0x00,0x20,0x1E,0x24,
    0x71,0x28,0x10,0xF0,0x10,0xF0,0x7F,0x8C,0x12,0x24,0x11,0x2C,0x1D,0xF8,0x70,0xE0,
    0x10,0xD0,0x13,0x8A,0x12,0x02,0x1F,0xFE,0x00,0x00,0x01,0xFC,0x1F,0x80,0x10,0x80,
    0x10,0x80,0x10,0x80,0x1F,0xFE,0x10,0x40,0x10,0x40,0x10,0x40,0x10,0x40,0x13,0x22,
    0x1E,0x34,0x30,0x1C,0x00,0x00,0x00,0x00,0x3F,0xF8,0x20,0x08,0x20,0x08,0x3F,0xF8,
    0x3F,0xF8,0x20,0xC0,0x20,0xC0,0x3F,0xFE,0x20,0x40,0x20,0x40,0x20,0x62,0x27,0x26,
    0x3C,0x1C,0x20,0x08,0x00,0x00,0x10,0x00,0x13,0xFC,0x13,0x04,0x7F,0x04,0x23,0xFC,
    0x23,0xFC,0x23,0x20,0x23,0x30,0x23,0xFE,0x23,0x10,0x23,0x10,0x23,0x12,0x3F,0x7A,
    0x03,0x8E,0x02,0x00,0x0C,0x00,0x08,0x00,0x1F,0xFC,0x30,0x00,0x7F,0xF8,0x40,0x00,
    0x00,0x00,0x3F,0xF0,0x00,0x10,0x00,0x10,0x00,0x10,0x00,0x12,0x00,0x16,0x00,0x1C,
    0x00,0x00,0x08,0x00,0x1F,0xFC,0x30,0x00,0x3F,0xF8,0xC0,0x00,0x7F,0xF0,0x00,0x10,
    0x00,0x10,0x3F,0x90,0x09,0xB0,0x19,0xD8,0x10,0x4A,0x30,0x4A,0x63,0xCC,0x40,0x00,
    0x00,0x00,0x08,0x00,0x1F,0xFC,0x10,0x00,0x3F,0xF8,0x60,0x00,0x3F,0xF0,0x09,0x10,
    0x0D,0x90,0x10,0xD0,0xFF,0xF8,0x48,0x58,0x08,0x4A,0x18,0xCA,0x33,0x8E,0x40,0x04,
    0x08,0x00,0x1F,0xFC,0x30,0x00,0x7F,0xFC,0x40,0x00,0x3F,0xF8,0x09,0x08,0x7F,0xC8,
    0x09,0x48,0x3F,0xC8,0x29,0x08,0x3F,0xEA,0x09,0x2A,0x31,0xCE,0x41,0x04,0x00,0x00,
    0x08,0x00,0x1F,0xFC,0x30,0x00,0x7F,0xFC,0x40,0x00,0x3F,0xF8,0x00,0x08,0x3F,0xC8,
    0x03,0x08,0x3D,0xC8,0x40,0x28,0x3F,0xCA,0x02,0x0A,0x7F,0xEE,0x00,0x00,0x00,0x00,
    0x08,0x00,0x1F,0xFC,0x30,0x00,0x6F,0xFC,0x40,0x00,0x3F,0xF8,0x02,0x18,0x7F,0xF8,
    0x0C,0x98,0x3F,0x98,0x06,0x68,0x18,0x8A,0x63,0x8A,0x1C,0x6E,0x60,0x24,0x08,0x00,
    0x1F,0xFC,0x30,0x00,0x3F,0xFC,0x40,0x00,0x3F,0xF8,0x10,0x88,0x09,0x08,0x7F,0xE8,
    0x02,0x08,0x3F,0xC8,0x02,0x0A,0x7F,0xEA,0x02,0x0E,0x02,0x04,0x00,0x00,0x08,0x00,
    0x1F,0xFC,0x10,0x00,0x2F,0xFC,0x60,0x00,0x3F,0xF8,0x02,0x08,0x3F,0xE8,0x24,0x28,
    0x04,0x08,0x7F,0xE8,0x19,0x8A,0x07,0x0A,0x3C,0xCE,0x60,0x20,0x00,0x00,0x08,0x00,
    0x1F,0xFC,0x30,0x00,0x7F,0xFC,0xC0,0x00,0x3F,0xF8,0x22,0x68,0x12,0xC8,0x0D,0x88,
    0x7A,0x68,0x32,0x48,0x1A,0x8A,0x05,0x8A,0x78,0x6E,0x40,0x20,0x00,0x00,0x08,0x00,
    0x1F,0xFC,0x30,0x00,0x7F,0xFC,0x7F,0xF0,0x00,0x08,0x3F,0xC8,0x3F,0xC8,0x00,0x48,
    0x7F,0xE8,0x22,0x68,0x16,0x8A,0x1B,0xCA,0x6E,0x2E,0x00,0x00,0x00,0x00,0x08,0x00,
    0x1F,0xFC,0x30,0x00,0x7F,0xFC,0x7F,0xF8,0x02,0x08,0x3F,0xE8,0x3F,0xC8,0x7F,0xE8,
    0x00,0x08,0x3F,0xC8,0x3F,0xCA,0x3F,0xCA,0x21,0xCE,0x00,0x00,0x00,0x00,0x01,0x00,
    0x01,0x00,0x01,0x84,0x01,0x8C,0x7D,0x98,0x05,0x70,0x05,0x60,0x09,0x20,0x09,0x20,
    0x11,0x10,0x31,0x08,0x61,0x04,0xC1,0x02,0x07,0x00,0x00,0x00,0x06,0x00,0x01,0xE0,
    0x00,0x40,0x1F,0x80,0x01,0x8C,0x01,0x98,0x7D,0xF0,0x05,0xE0,0x0D,0xE0,0x09,0xB0,
    0x19,0x98,0x31,0x8C,0xE1,0x86,0x47,0x80,0x04,0x00,0x00,0x00,0x20,0x00,0x33,0xFE,
    0x1F,0xFE,0x08,0x30,0x40,0x30,0x30,0x30,0x18,0x30,0x00,0x30,0x10,0x30,0x18,0x30,
    0x10,0x30,0x10,0x30,0x20,0x30,0x60,0xE0,0x20,0x00,0x20,0x60,0x30,0x60,0x1C,0x60,
    0x08,0x60,0x40,0x60,0x37,0xFE,0x1F,0xFE,0x08,0x60,0x10,0x60,0x08,0x60,0x10,0x60,
    0x10,0x60,0x20,0x60,0x60,0x60,0x20,0x60,0x01,0x20,0x01,0x10,0x01,0x18,0x7F,0xFC,
    0x21,0x08,0x31,0x8C,0x19,0x98,0x0D,0x70,0x03,0x60,0x0D,0x30,0x19,0x18,0x61,0x0C,
    0x41,0x02,0x07,0x00,0x00,0x00,0x20,0x00,0x33,0xFE,0x1E,0x00,0x0A,0x00,0x42,0x00,
    0x32,0x00,0x1A,0x00,0x02,0x00,0x12,0x00,0x1A,0x00,0x12,0x00,0x32,0x00,0x22,0x00,
    0x63,0xFE,0x00,0x00,0x20,0x00,0x77,0xFC,0x1F,0xFC,0x0A,0x0C,0x41,0x08,0x61,0x08,
    0x39,0x98,0x10,0x90,0x00,0xF0,0x18,0x60,0x10,0xE0,0x31,0x90,0x23,0x0C,0x6E,0x06,
    0x48,0x02,0x00,0x40,0x30,0xC0,0x1C,0xFE,0x09,0xFE,0x41,0x04,0x33,0x04,0x13,0x8C,
    0x04,0xE8,0x00,0x58,0x10,0x30,0x10,0x60,0x30,0xC0,0x21,0x80,0x67,0x00,0x04,0x00,
    0x00,0x40,0x20,0x40,0x18,0x40,0x0A,0x44,0x42,0x44,0x62,0x44,0x32,0x44,0x12,0x44,
    0x02,0x44,0x12,0x44,0x12,0x44,0x32,0x44,0x23,0xFC,0x60,0x04,0x00,0x00,0x20,0x00,
    0x33,0xFC,0x1F,0xFC,0x08,0x60,0x40,0x60,0x30,0x60,0x18,0x60,0x07,0xFE,0x10,0x60,
    0x18,0x60,0x10,0x60,0x30,0x60,0x20,0x60,0x60,0x60,0x00,0x60,0x67,0xF8,0x11,0x18,
    0x09,0x18,0x41,0x18,0x61,0x18,0x37,0xF8,0x07,0xF8,0x01,0x18,0x11,0x18,0x11,0x0A,
    0x21,0x0A,0x21,0x0A,0x61,0x0E,0x00,0x00,0x00,0x00,0x00,0x80,0x20,0x80,0x18,0x80,
    0x0F,0xFE,0x47,0xFE,0x61,0x08,0x39,0x08,0x13,0x10,0x03,0x10,0x19,0xB0,0x10,0x60,
    0x30,0xF0,0x23,0x9C,0x6E,0x06,0x00,0x02,0x3F,0xF8,0x01,0x80,0x01,0x80,0x01,0x80,
    0x7F,0xFC,0x01,0x80,0x01,0x8C,0x7D,0x98,0x05,0xE0,0x09,0xA0,0x11,0x98,0x61,0x8C,
    0x47,0x02,0x04,0x00,0x20,0x00,0x30,0x00,0x1F,0xFC,0x08,0x60,0x40,0x60,0x30,0x60,
    0x18,0x60,0x08,0x60,0x10,0x60,0x08,0x60,0x10,0x60,0x10,0x60,0x37,0xFE,0x67,0xFE,
    0x20,0x00,0x00,0x40,0x60,0x40,0x1A,0x40,0x0A,0x4C,0x42,0xF4,0x6F,0xC4,0x36,0x44,
    0x12,0x44,0x12,0x4C,0x12,0x58,0x12,0x40,0x32,0x42,0x22,0x02,0x63,0xFC,0x20,0x00,
    0x20,0x00,0x33,0xFC,0x18,0x00,0x08,0x00,0x40,0x00,0x77,0xFE,0x19,0x00,0x11,0x00,
    0x03,0xF8,0x18,0x08,0x10,0x08,0x10,0x08,0x20,0x08,0x60,0xF8,0x00,0x00,0x33,0xF8,
    0x18,0x18,0x08,0x60,0x41,0x80,0x73,0x00,0x1B,0xFC,0x11,0x24,0x11,0x24,0x12,0x64,
    0x16,0x44,0x2C,0xC4,0x29,0x8C,0x63,0x38,0x02,0x00,0x00,0x00,0x33,0xFC,0x18,0x40,
    0x08,0x40,0x40,0x40,0x60,0x40,0x30,0x40,0x13,0xFC,0x00,0x40,0x18,0x40,0x10,0x40,
    0x30,0x40,0x27,0xFE,0x67,0xFE,0x00,0x00,0x00,0x00,0x00,0x40,0x20,0x40,0x18,0x40,
    0x08,0x40,0x07,0xFC,0x60,0x40,0x38,0xC0,0x10,0xA0,0x00,0xA0,0x11,0xB0,0x11,0x10,
    0x32,0x88,0x26,0x4C,0x7C,0x66,0x08,0x02,0x37,0xF8,0x19,0x08,0x09,0x10,0x41,0x10,
    0x31,0x3C,0x11,0x84,0x03,0x88,0x12,0xC8,0x12,0x50,0x16,0x30,0x24,0x70,0x2C,0xCC,
    0x6B,0x06,0x02,0x02,0x00,0x00,0x00,0x10,0x63,0x10,0x1D,0x14,0x0C,0xB4,0x44,0xE4,
    0x64,0x64,0x14,0x64,0x04,0xE4,0x14,0xB4,0x15,0x14,0x37,0x1C,0x24,0x04,0x27,0xFC,
    0x67,0xFC,0x00,0x00,0x01,0x80,0x31,0x00,0x1B,0xFC,0x0A,0x00,0x47,0xFC,0x64,0x00,
    0x10,0x00,0x17,0xF0,0x00,0x10,0x18,0x10,0x10,0x10,0x30,0x1A,0x20,0x0A,0x60,0x0E,
    0x00,0x04,0x20,0x20,0x30,0xB0,0x19,0x90,0x09,0x18,0x42,0x08,0x76,0x0C,0x1F,0xFE,
    0x03,0xFA,0x01,0x88,0x11,0x08,0x11,0x08,0x33,0x08,0x26,0x18,0x6C,0x70,0x08,0x00,
    0x00,0x80,0x20,0xC0,0x10,0x40,0x09,0x60,0x41,0xB0,0x63,0xAC,0x17,0x84,0x15,0x84,
    0x25,0x86,0x15,0x82,0x2D,0x8A,0x25,0x88,0x21,0x98,0x40,0xF0,0x00,0x00,0x30,0x7C,
    0x1D,0xE0,0x09,0x00,0x41,0x00,0x31,0x00,0x19,0xFE,0x13,0x10,0x13,0x10,0x13,0x10,
    0x12,0x10,0x32,0x10,0x26,0x10,0x6C,0x10,0x04,0x10,0x00,0x00,0x30,0x7C,0x1B,0xE0,
    0x08,0x40,0x40,0x40,0x60,0x40,0x1F,0xFE,0x10,0x40,0x10,0x60,0x18,0xE0,0x10,0xB0,
    0x31,0x18,0x26,0x0C,0x6C,0x06,0x08,0x02,0x00,0x00,0x00,0x40,0x20,0x40,0x18,0x40,
    0x0F,0xFC,0x44,0x44,0x64,0x44,0x10,0x60,0x00,0xE0,0x00,0xA0,0x10,0xA0,0x11,0x22,
    0x23,0x22,0x26,0x22,0x6C,0x3C,0x08,0x00,0x67,0xFC,0x1C,0x04,0x14,0x04,0x44,0x04,
    0x61,0xF0,0x11,0x10,0x01,0x10,0x11,0x10,0x11,0x10,0x33,0x12,0x22,0x12,0x26,0x12,
    0x6C,0x1E,0x08,0x00,0x00,0x00,0x02,0x00,0x62,0xFC,0x1A,0xFC,0x12,0x24,0x43,0xA4,
    0x6E,0x24,0x32,0x24,0x12,0x64,0x12,0x64,0x13,0xC4,0x33,0x44,0x24,0xC4,0x20,0x8C,
    0x41,0x38,0x03,0x00,0x00,0x40,0x30,0x40,0x19,0x58,0x09,0x48,0x43,0x4C,0x62,0x44,
    0x12,0x46,0x16,0x4A,0x04,0x4C,0x10,0x18,0x10,0x30,0x30,0xE0,0x23,0x80,0x6E,0x00,
    0x08,0x00,0x00,0x40,0x20,0x40,0x1F,0xFE,0x08,0x40,0x40,0x40,0x63,0xFC,0x12,0x44,
    0x12,0x44,0x02,0x44,0x12,0x44,0x12,0x44,0x22,0x4C,0x22,0x58,0x60,0x40,0x00,0x40,
    0x20,0x80,0x31,0x00,0x1D,0xFC,0x0B,0xFC,0x46,0x84,0x34,0x84,0x19,0xE4,0x01,0x24,
    0x13,0x24,0x1A,0x34,0x17,0xF4,0x10,0x14,0x20,0x04,0x60,0x7C,0x00,0x00,0x31,0xF8,
    0x19,0x18,0x09,0x18,0x43,0x1E,0x66,0x0E,0x18,0x00,0x17,0xF8,0x01,0x08,0x19,0x18,
    0x10,0xB0,0x30,0x60,0x21,0xB0,0x6E,0x0E,0x08,0x02,0x00,0x00,0x27,0xFE,0x1E,0x00,
    0x0F,0x84,0x46,0xC8,0x66,0x58,0x16,0x30,0x06,0x30,0x16,0x78,0x16,0xC8,0x16,0x8C,
    0x27,0x04,0x26,0x00,0x67,0xFE,0x00,0x00,0x00,0x00,0x40,0x00,0x77,0xFE,0x1E,0x00,
    0x0E,0x40,0x46,0x40,0x77,0xFC,0x16,0x44,0x06,0x44,0x16,0x44,0x34,0x44,0x24,0xCC,
    0x24,0x8C,0x2D,0x8C,0x4B,0x38,0x1A,0x00,0x00,0x40,0x30,0xE0,0x18,0xB0,0x09,0x18,
    0x43,0x0C,0x67,0x06,0x1D,0x0A,0x11,0x30,0x11,0xE0,0x19,0x80,0x11,0x08,0x31,0x04,
    0x21,0x04,0x61,0xF8,0x00,0x00,0x00,0x40,0x30,0xE0,0x18,0xB0,0x09,0x18,0x43,0x0C,
    0x7E,0x06,0x17,0xFA,0x03,0x18,0x03,0x18,0x1B,0x10,0x13,0x60,0x33,0x04,0x23,0x04,
    0x61,0xFC,0x00,0x00,0x00,0x40,0x30,0x60,0x1B,0xFC,0x0A,0x04,0x42,0x04,0x72,0x04,
    0x1A,0x04,0x13,0xFC,0x02,0x00,0x12,0x00,0x12,0x00,0x32,0x00,0x26,0x00,0x6C,0x00,
    0x04,0x00,0x00,0x40,0x60,0x40,0x18,0x40,0x0F,0xFE,0x40,0x40,0x60,0x40,0x37,0xFC,
    0x10,0xE0,0x00,0xE0,0x11,0x50,0x13,0x48,0x26,0x4C,0x2C,0x46,0x60,0x40,0x00,0x40,
    0x20,0x00,0x33,0xF8,0x1A,0x08,0x0A,0x08,0x42,0x08,0x63,0xF8,0x12,0x08,0x12,0x08,
    0x02,0x08,0x13,0xF8,0x32,0x08,0x22,0x08,0x22,0x08,0x6F,0xFE,0x00,0x00,0x77,0xFE,
    0x18,0x08,0x08,0x08,0x40,0x08,0x63,0xC8,0x12,0x48,0x02,0x48,0x12,0x48,0x12,0x48,
    0x33,0xC8,0x20,0x08,0x20,0x08,0x60,0x38,0x20,0x00,0x00,0x00,0x01,0x20,0x61,0x20,
    0x37,0xFC,0x11,0x24,0x41,0x24,0x67,0xFC,0x35,0x20,0x15,0x20,0x07,0xFC,0x19,0x24,
    0x31,0x24,0x21,0x24,0x22,0x2C,0x64,0x20,0x28,0x20,0x00,0x40,0x20,0x40,0x10,0x40,
    0x0F,0xFC,0x46,0x44,0x66,0x44,0x36,0x44,0x06,0x44,0x07,0xFC,0x16,0x44,0x16,0x44,
    0x26,0x44,0x27,0xFC,0x66,0x04,0x26,0x04,0x00,0xC0,0x20,0x80,0x19,0x90,0x09,0x08,
    0x42,0x0C,0x67,0xFC,0x30,0x06,0x10,0x00,0x03,0xF8,0x12,0x08,0x12,0x08,0x32,0x08,
    0x22,0x08,0x63,0xF8,0x22,0x08,0x37,0xFC,0x18,0x84,0x09,0x84,0x41,0x04,0x63,0x0C,
    0x16,0x38,0x04,0x00,0x13,0xFC,0x12,0x0C,0x32,0x0C,0x22,0x0C,0x22,0x0C,0x63,0xFC,
    0x22,0x0C,0x00,0x00,0x00,0x40,0x60,0x40,0x30,0x40,0x0F,0xFE,0x40,0x40,0x60,0x40,
    0x30,0x40,0x13,0xFC,0x03,0xFC,0x12,0x0C,0x12,0x0C,0x32,0x0C,0x23,0xFC,0x63,0xFC,
    0x02,0x0C,0x00,0x40,0x30,0x40,0x18,0x40,0x0C,0x7E,0x40,0x40,0x60,0x40,0x30,0x40,
    0x13,0xFC,0x02,0x0C,0x12,0x0C,0x12,0x0C,0x32,0x0C,0x23,0xFC,0x63,0xFC,0x02,0x0C,
    0x31,0xF8,0x19,0x18,0x09,0x18,0x43,0x18,0x22,0x0E,0x14,0x00,0x00,0x00,0x13,0xF8,
    0x12,0x08,0x12,0x08,0x22,0x08,0x22,0x08,0x63,0xF8,0x02,0x08,0x00,0x00,0x00,0x48,
    0x66,0x48,0x1E,0x48,0x16,0x48,0x4F,0xFE,0x66,0x48,0x36,0x48,0x06,0x48,0x06,0x48,
    0x16,0x78,0x36,0x78,0x26,0x00,0x26,0x00,0x67,0xFE,0x20,0x00,0x67,0xFC,0x34,0x04,
    0x14,0x44,0x44,0x44,0xE4,0x44,0x34,0xC4,0x14,0xA4,0x24,0xB4,0x15,0x14,0x27,0x1C,
    0x24,0x04,0x67,0xFC,0x47,0xFC,0x44,0x04,0x00,0x00,0x01,0x00,0x1F,0xF8,0x10,0x08,
    0x10,0x08,0x1F,0xF8,0x10,0x08,0x1F,0xF8,0x01,0x00,0x7D,0x8C,0x7D,0xF0,0x09,0x60,
    0x19,0x30,0x61,0x0C,0xC7,0x06,0x00,0x00,0x00,0x00,0x00,0x40,0x30,0x40,0x1B,0xFC,
    0x0B,0xFC,0x42,0x04,0x62,0x04,0x1A,0x04,0x13,0xFC,0x1A,0x04,0x12,0x04,0x12,0x04,
    0x32,0x04,0x23,0xFC,0x62,0x04,0x22,0x04,0x00,0x80,0x30,0xCC,0x18,0x48,0x09,0x28,
    0x45,0x18,0x65,0x1C,0x35,0x34,0x05,0x24,0x25,0x46,0x39,0xC2,0x21,0x8A,0x23,0x08,
    0x2F,0x08,0x49,0xF8,0x00,0x00,0x00,0x40,0x30,0x40,0x18,0x40,0x0B,0xFC,0x40,0x40,
    0x60,0x40,0x10,0x40,0x17,0xFE,0x00,0x80,0x10,0xB0,0x11,0x10,0x23,0x08,0x22,0xFC,
    0x67,0xE4,0x20,0x04,0x30,0x7C,0x1B,0xC0,0x08,0x40,0x60,0x60,0x33,0xFC,0x1B,0xFC,
    0x00,0x18,0x18,0x30,0x10,0x60,0x10,0xC0,0x33,0x00,0x25,0x80,0x6C,0xFE,0x00,0x00,
    0x00,0x00,0x40,0x40,0x60,0x40,0x1F,0xFC,0x0E,0x04,0x46,0x04,0x60,0x00,0x37,0xFE,
    0x10,0x40,0x00,0x40,0x10,0x40,0x30,0x40,0x20,0x40,0x20,0x40,0x61,0xC0,0x40,0x00,
    0x01,0x80,0x61,0x00,0x1B,0xFC,0x0A,0x04,0x44,0x04,0x6F,0xE4,0x32,0x24,0x12,0x24,
    0x12,0x2C,0x13,0xEC,0x12,0x38,0x22,0x02,0x22,0x06,0x63,0xFC,0x00,0x00,0x00,0x40,
    0x20,0x40,0x1B,0xFC,0x0A,0x44,0x42,0x4C,0x62,0x40,0x13,0xF8,0x03,0x08,0x27,0x88,
    0x16,0x90,0x34,0x70,0x24,0x60,0x6C,0xD8,0x4F,0x0E,0x1C,0x02,0x00,0xC0,0x20,0x40,
    0x18,0x40,0x0F,0xFE,0x40,0x00,0x62,0x08,0x11,0x08,0x01,0x18,0x11,0x10,0x11,0x90,
    0x30,0xB0,0x21,0x20,0x20,0x20,0x6F,0xFE,0x00,0x00,0x20,0x00,0x33,0xFC,0x1A,0x04,
    0x0A,0x04,0x43,0xFC,0x33,0xFC,0x12,0xC0,0x02,0xC4,0x12,0xD8,0x12,0xE0,0x26,0xC0,
    0x24,0xC2,0x2C,0xC6,0x48,0x7C,0x08,0x00,0x00,0xC0,0x60,0x40,0x18,0x40,0x0F,0xFC,
    0x40,0x40,0x60,0x40,0x30,0x40,0x10,0x40,0x07,0xFC,0x10,0x40,0x10,0x40,0x30,0x40,
    0x20,0x40,0x6F,0xFE,0x20,0x00,0x33,0xFC,0x1A,0x04,0x0A,0x04,0x42,0x04,0x63,0xFC,
    0x12,0x04,0x12,0x04,0x02,0x04,0x13,0xFC,0x12,0x04,0x22,0x04,0x23,0xFC,0x63,0xFC,
    0x02,0x04,0x00,0x00,0x01,0x00,0x01,0x00,0x3F,0xFC,0x01,0x00,0x3F,0xF8,0x02,0x00,
    0x7F,0xFC,0x0C,0x20,0x19,0x10,0x37,0x2C,0xC5,0x46,0x07,0x60,0x39,0x18,0x67,0x04,
    0x00,0x00,0x01,0x80,0x60,0x60,0x18,0x30,0x17,0xC0,0x40,0x44,0x60,0x6C,0x3F,0x78,
    0x11,0x70,0x01,0x50,0x12,0x58,0x32,0x48,0x24,0x44,0x6C,0x46,0x49,0xC0,0x41,0x00,
    0x00,0x00,0x7F,0xFE,0x06,0x00,0x0C,0x00,0x1F,0xF8,0x68,0x08,0x4F,0xF8,0x00,0x80,
    0x00,0x8C,0x7E,0xD8,0x04,0xF0,0x18,0xB0,0x30,0x8C,0x67,0x86,0x02,0x00,0x77,0xFC,
    0x1C,0x04,0x0D,0x04,0x41,0xF8,0x61,0xF8,0x19,0x00,0x13,0xFC,0x03,0xFC,0x10,0x04,
    0x17,0xF4,0x30,0x0C,0x20,0x0C,0x60,0x38,0x00,0x00,0x00,0x00,0x00,0xD0,0x66,0x98,
    0x1C,0x8C,0x0F,0xFE,0x40,0x80,0x60,0x80,0x11,0xF8,0x01,0xF8,0x13,0x88,0x12,0x98,
    0x36,0x70,0x2C,0x60,0x39,0xD8,0x4F,0x0E,0x04,0x02,0x67,0xFC,0x1A,0x08,0x09,0x10,
    0x40,0xE0,0x61,0xF0,0x3F,0x0E,0x18,0x40,0x07,0xFC,0x10,0x40,0x30,0x40,0x2F,0xFE,
    0x20,0x40,0x60,0x40,0x00,0x40,0x00,0x00,0x00,0x40,0x60,0x40,0x1F,0xFE,0x0F,0xFE,
    0x40,0x40,0x60,0x40,0x1F,0xFC,0x10,0x00,0x00,0x00,0x13,0xFC,0x12,0x0C,0x32,0x0C,
    0x23,0xFC,0x63,0xFC,0x02,0x0C,0x03,0x08,0x21,0x18,0x18,0x90,0x0F,0xFC,0x40,0x40,
    0x60,0x40,0x17,0xFC,0x10,0x40,0x00,0x40,0x10,0x40,0x1F,0xFE,0x30,0x40,0x20,0x40,
    0x60,0x40,0x00,0x40,0x00,0x00,0x40,0x00,0x27,0xFE,0x19,0xA0,0x11,0xA0,0x47,0xFC,
    0x27,0xFC,0x15,0xA4,0x05,0xA4,0x15,0x24,0x35,0x3C,0x26,0x04,0x24,0x04,0x27,0xFC,
    0x44,0x04,0x04,0x04,0x00,0x40,0x73,0x40,0x1A,0x40,0x0B,0xFC,0x42,0x40,0x64,0x40,
    0x30,0x40,0x17,0xFE,0x01,0x20,0x11,0x20,0x31,0x20,0x21,0x22,0x22,0x22,0x64,0x3E,
    0x08,0x00,0x20,0x80,0x71,0xF8,0x1B,0xF8,0x0F,0x18,0x4D,0xB0,0x60,0xE0,0x11,0xF0,
    0x1F,0x0E,0x18,0x00,0x13,0xF8,0x32,0x08,0x22,0x08,0x22,0x08,0x63,0xF8,0x00,0x00,
    0x00,0x00,0x40,0x00,0x67,0xFC,0x14,0x04,0x14,0x04,0x45,0xF4,0x64,0x04,0x34,0x04,
    0x05,0xF4,0x25,0x14,0x35,0x14,0x25,0x14,0x25,0xF4,0x24,0x04,0x64,0x1C,0x00,0x10,
    0x00,0xC0,0x60,0xC0,0x1F,0xF8,0x08,0xC8,0x4F,0xFE,0x60,0xC8,0x37,0xF8,0x10,0xC0,
    0x10,0xC0,0x17,0xFC,0x30,0xC0,0x2F,0xFE,0x20,0xC0,0x60,0xC0,0x00,0x00,0x01,0x10,
    0x61,0x10,0x19,0x10,0x0F,0xFC,0x41,0x10,0x61,0x10,0x31,0x10,0x11,0x10,0x0F,0xFE,
    0x1F,0xFE,0x31,0xB0,0x21,0x18,0x26,0x0C,0x4C,0x06,0x00,0x00,0x77,0xFE,0x1A,0x08,
    0x0A,0x08,0x42,0x08,0x63,0xF8,0x1A,0x08,0x12,0x08,0x13,0xF8,0x12,0x08,0x12,0x08,
    0x3F,0xFE,0x2C,0x08,0x60,0x08,0x20,0x08,0x00,0x00,0x02,0x04,0x62,0x24,0x1A,0x24,
    0x0A,0x24,0x46,0xB4,0x66,0xB4,0x16,0xAC,0x06,0xAC,0x1A,0xAC,0x32,0x24,0x22,0x24,
    0x22,0x24,0x26,0x24,0x4C,0x24,0x04,0x00,0x00,0x04,0x67,0xFC,0x18,0x40,0x08,0x40,
    0x40,0x40,0x67,0xFE,0x30,0x40,0x10,0x40,0x03,0xFC,0x13,0xFC,0x12,0x0C,0x32,0x0C,
    0x23,0xFC,0x63,0xFC,0x00,0x00,0x00,0x40,0x60,0x40,0x1F,0xFC,0x0F,0xFC,0x40,0x40,
    0x60,0x40,0x37,0xFE,0x10,0x40,0x00,0x40,0x17,0xFC,0x10,0x40,0x30,0x40,0x20,0x40,
    0x6F,0xFE,0x20,0x00,0x00,0x40,0x60,0xE0,0x19,0xB0,0x0B,0x10,0x46,0x0C,0x6F,0xF6,
    0x30,0x02,0x10,0x00,0x03,0xF8,0x12,0x08,0x32,0x08,0x22,0x08,0x22,0x08,0x63,0xF8,
    0x00,0x00,0x00,0x04,0x77,0xFC,0x1E,0x00,0x0E,0x0C,0x46,0xF8,0x26,0xA0,0x16,0xA2,
    0x06,0x9C,0x14,0x98,0x34,0x90,0x24,0x88,0x24,0x98,0x2C,0xE4,0x59,0x82,0x00,0x00,
    0x00,0xC0,0x60,0x40,0x37,0xFC,0x11,0x80,0x41,0x10,0xE2,0x08,0x37,0xFC,0x00,0x04,
    0x22,0x50,0x32,0x50,0x22,0x50,0x26,0x52,0x64,0x52,0x4C,0x5E,0x58,0x00,0x00,0x00,
    0x01,0xA0,0x31,0xB0,0x19,0x98,0x08,0xFC,0x47,0x80,0x60,0x80,0x10,0xFE,0x17,0x84,
    0x00,0x8C,0x10,0xD8,0x10,0x60,0x31,0xC6,0x2E,0x24,0x60,0x3C,0x00,0x00,0x0C,0x40,
    0x6C,0x80,0x2D,0xFC,0x3F,0x8C,0x0E,0xD8,0x3C,0x30,0x4D,0xC0,0x0F,0x04,0x01,0x88,
    0x7D,0xB0,0x05,0xC0,0x09,0xB0,0x31,0x9C,0xC7,0x06,0x04,0x00,0x00,0x00,0x21,0x00,
    0x71,0x04,0x1F,0xF8,0x0D,0x88,0x40,0xB8,0x60,0xE6,0x17,0xE4,0x04,0x1C,0x0F,0xFC,
    0x1F,0xFC,0x31,0x20,0x23,0x22,0x22,0x26,0x4C,0x3C,0x08,0x00,0x00,0x40,0x60,0x40,
    0x18,0x40,0x0B,0xFC,0x42,0x44,0x62,0x44,0x12,0x44,0x13,0xFC,0x00,0x40,0x10,0x40,
    0x10,0x48,0x30,0x44,0x27,0xFC,0x68,0x02,0x00,0x00,0x00,0x00,0x40,0x04,0x6F,0xC4,
    0x3C,0xD4,0x1F,0xD4,0x4F,0xD4,0x6F,0xD4,0x3F,0xD4,0x0F,0xD4,0x2F,0xD4,0x2E,0xD4,
    0x22,0x14,0x23,0x84,0x44,0xC4,0x58,0x5C,0x00,0x00,0x00,0xC0,0x60,0x40,0x1F,0xFE,
    0x03,0x18,0x41,0x10,0x60,0xA0,0x30,0xE0,0x07,0x1E,0x1A,0x02,0x11,0x10,0x21,0x10,
    0x23,0x10,0x62,0x10,0x4C,0x10,0x08,0x00,0x00,0x00,0x20,0x00,0x77,0xFC,0x1C,0x84,
    0x0C,0xC4,0x47,0xFC,0x67,0xFC,0x11,0x60,0x02,0x60,0x03,0xFC,0x10,0x60,0x30,0x60,
    0x2F,0xFE,0x20,0x60,0x60,0x60,0x00,0x60,0x00,0x40,0x60,0x40,0x1F,0xFC,0x14,0xC4,
    0x44,0xC4,0x60,0xC0,0x31,0xCC,0x11,0x78,0x03,0x30,0x15,0x30,0x39,0x10,0x21,0x08,
    0x21,0xE6,0x43,0x82,0x00,0x00,0x02,0x00,0x62,0x3E,0x32,0x60,0x1F,0xC0,0x42,0x40,
    0x62,0x7E,0x32,0xFE,0x03,0xC8,0x2E,0x48,0x32,0x48,0x22,0x48,0x22,0x48,0x22,0x88,
    0x4F,0x88,0x00,0x88,0x00,0x40,0x20,0x90,0x19,0x18,0x0B,0xFC,0x47,0x06,0x61,0xB0,
    0x12,0x0C,0x0D,0x82,0x11,0xF8,0x13,0x18,0x35,0x90,0x28,0xE0,0x21,0xF0,0x6F,0x0E,
    0x08,0x02,0x00,0x00,0x00,0x58,0x60,0x4C,0x1F,0xFE,0x10,0x40,0x40,0x40,0x67,0xFC,
    0x34,0x44,0x14,0x44,0x17,0xFC,0x14,0x44,0x37,0xFC,0x24,0x44,0x24,0x44,0x64,0x5C,
    0x00,0x00,0x00,0x00,0x00,0x60,0x63,0x60,0x1A,0x60,0x0B,0xFC,0x44,0x60,0x64,0x60,
    0x17,0xFE,0x00,0x00,0x00,0x00,0x13,0xFC,0x32,0x0C,0x22,0x0C,0x22,0x0C,0x63,0xFC,
    0x22,0x0C,0x00,0xC0,0x60,0x40,0x3F,0xF8,0x16,0x08,0x47,0xF8,0x67,0xF8,0x36,0x08,
    0x17,0xF8,0x06,0x84,0x16,0x4C,0x36,0x78,0x26,0x30,0x27,0x98,0x67,0x06,0x04,0x00,
    0x00,0x00,0x00,0x04,0x67,0xFC,0x18,0x4C,0x16,0xC8,0x42,0x58,0x62,0x10,0x37,0xFC,
    0x10,0x18,0x00,0x60,0x1F,0xFE,0x30,0x40,0x20,0x40,0x20,0x40,0x41,0xC0,0x00,0x00,
    0x00,0xA0,0x61,0x90,0x1B,0x08,0x0E,0x06,0x44,0x64,0x60,0xB0,0x11,0x18,0x02,0x0C,
    0x0F,0xFE,0x1A,0x08,0x32,0x08,0x22,0x08,0x22,0x08,0x63,0xF8,0x02,0x08,0x01,0x00,
    0x73,0x00,0x1B,0xFC,0x0C,0x00,0x4F,0xF8,0x62,0x88,0x12,0x48,0x02,0x28,0x0F,0xFE,
    0x14,0xC8,0x34,0x68,0x27,0xFE,0x20,0x08,0x40,0x78,0x40,0x60,0x00,0x00,0x27,0xF8,
    0x18,0x08,0x0B,0xF8,0x40,0x08,0x67,0xF8,0x30,0x00,0x0F,0xFC,0x1C,0x04,0x13,0xF8,
    0x31,0x10,0x20,0xB0,0x20,0xE0,0x6F,0x1E,0x08,0x02,0x00,0x00,0x00,0x40,0x20,0xE0,
    0x19,0xB0,0x0B,0x18,0x46,0x0C,0x2F,0xFA,0x10,0x40,0x00,0x40,0x17,0xFE,0x10,0x40,
    0x33,0x58,0x26,0x4C,0x24,0x46,0x69,0xC2,0x00,0x00,0x33,0xFC,0x1A,0x0C,0x0A,0x0C,
    0x43,0xFC,0x62,0x0C,0x13,0xFC,0x10,0x00,0x10,0x40,0x17,0xFC,0x17,0xFC,0x20,0x40,
    0x20,0x40,0x6F,0xFE,0x00,0x00,0x00,0x00,0x00,0x40,0x66,0x44,0x1B,0x48,0x09,0x58,
    0x40,0x40,0x63,0xFC,0x12,0x04,0x03,0xFC,0x02,0x04,0x12,0x04,0x13,0xFC,0x32,0x04,
    0x22,0x04,0x62,0x3C,0x00,0x00,0x00,0x60,0x20,0x60,0x1A,0x7C,0x0A,0x60,0x42,0x60,
    0x62,0x60,0x37,0xFE,0x11,0x60,0x01,0x64,0x12,0x6C,0x3C,0x78,0x24,0x30,0x20,0xE0,
    0x6F,0x80,0x04,0x00,0x67,0xFC,0x19,0x18,0x09,0xB0,0x47,0xFC,0x67,0xFC,0x14,0x44,
    0x07,0xFC,0x04,0x44,0x14,0x44,0x17,0xFC,0x34,0x44,0x24,0x44,0x64,0x5C,0x00,0x00,
    0x00,0x00,0x6F,0x7C,0x31,0x90,0x12,0x10,0xC4,0x50,0x67,0x5C,0x37,0x50,0x09,0x50,
    0x35,0x50,0x27,0x50,0x26,0x7C,0x26,0x00,0x65,0x80,0x58,0xFE,0x48,0x00,0x00,0x00,
    0x23,0x18,0x71,0x10,0x1F,0xFC,0x08,0x44,0x40,0x44,0x67,0xFC,0x14,0x40,0x04,0x40,
    0x17,0xFC,0x10,0xC4,0x31,0xC4,0x23,0x44,0x26,0x5C,0x68,0x40,0x00,0x40,0x00,0x00,
    0x00,0xC0,0x20,0xC0,0x1F,0xFC,0x08,0x80,0x47,0xFC,0x60,0x80,0x17,0xFE,0x01,0x00,
    0x23,0x08,0x13,0xFE,0x37,0x08,0x2D,0x88,0x38,0xC8,0x60,0x78,0x00,0x00,0x01,0x10,
    0x71,0x10,0x1F,0xFE,0x09,0x10,0x40,0x00,0x67,0xFC,0x34,0x04,0x14,0x84,0x17,0xF8,
    0x17,0xF8,0x30,0x88,0x21,0x08,0x23,0x08,0x6E,0x78,0x08,0x00,0x00,0x20,0x64,0x20,
    0x12,0xFE,0x12,0x40,0x40,0x50,0x60,0x90,0x3E,0xFC,0x02,0x10,0x22,0x10,0x33,0xFE,
    0x22,0x10,0x26,0x10,0x2D,0x00,0x48,0xFE,0x00,0x00,0x23,0xF8,0x1A,0x08,0x0A,0x08,
    0x43,0xF8,0x60,0x40,0x30,0x40,0x07,0xFC,0x24,0x44,0x14,0x64,0x34,0x94,0x27,0x0C,
    0x26,0x04,0x64,0x1C,0x00,0x00,0x00,0x00,0x00,0x80,0x61,0x80,0x19,0xF8,0x0A,0x10,
    0x44,0x20,0x6B,0xFC,0x32,0x4C,0x12,0x4C,0x02,0x4C,0x1F,0xFE,0x30,0x60,0x20,0xA0,
    0x23,0x18,0x6E,0x0E,0x48,0x02,0x00,0x80,0x21,0x80,0x1B,0x78,0x0F,0x18,0x44,0xB0,
    0x60,0xE0,0x33,0x1C,0x0C,0x42,0x00,0x40,0x17,0xFC,0x33,0x58,0x22,0x48,0x24,0x44,
    0x69,0xC2,0x00,0x00,0x04,0x00,0x62,0xFC,0x13,0x04,0x14,0x04,0x45,0xF4,0x64,0x44,
    0x34,0x44,0x05,0xF4,0x24,0x44,0x14,0x44,0x24,0x44,0x25,0xF4,0x24,0x04,0x44,0x1C,
    0x00,0x00,0x04,0x00,0x62,0xFC,0x1B,0x04,0x14,0x04,0x45,0xE4,0x65,0x24,0x35,0x24,
    0x05,0xE4,0x25,0x24,0x15,0x24,0x25,0x24,0x25,0xE4,0x24,0x04,0x44,0x1C,0x00,0x10,
    0x00,0x40,0x6F,0x44,0x31,0x4C,0x01,0x58,0x47,0x70,0x67,0x40,0x38,0xFE,0x08,0x50,
    0x3F,0x50,0x23,0x48,0x22,0x48,0x22,0x4C,0x62,0x56,0x4E,0xE2,0x00,0x40,0x27,0xFC,
    0x18,0x44,0x0A,0x44,0x46,0xC4,0x64,0x8C,0x31,0x38,0x0E,0x20,0x24,0x20,0x12,0x3C,
    0x32,0x20,0x22,0x20,0x22,0x20,0x6F,0xFE,0x00,0x00,0x00,0x00,0x00,0x40,0x20,0x40,
    0x1F,0xFC,0x09,0x10,0x41,0x10,0x61,0x10,0x37,0xFE,0x10,0x00,0x00,0x00,0x13,0xF8,
    0x12,0x08,0x22,0x08,0x22,0x08,0x63,0xF8,0x22,0x08,0x67,0xFE,0x1C,0x00,0x14,0x20,
    0x45,0xFC,0x64,0x20,0x34,0x20,0x05,0xFE,0x14,0x20,0x34,0x20,0x25,0xFC,0x24,0x20,
    0x68,0x20,0x5B,0xFE,0x08,0x00,0x00,0x00,0x00,0x40,0x60,0x40,0x1F,0xFE,0x11,0x60,
    0x42,0x40,0x62,0x7C,0x36,0xA4,0x06,0xBC,0x2B,0x58,0x1B,0x48,0x22,0x30,0x22,0x30,
    0x22,0x5C,0x43,0x86,0x43,0x00,0x67,0xFC,0x18,0x18,0x10,0x30,0x44,0x44,0x66,0x4C,
    0x35,0xD4,0x15,0x64,0x04,0xE4,0x37,0x54,0x26,0x4C,0x25,0xC4,0x64,0x04,0x47,0xFC,
    0x00,0x04,0x00,0x00,0x67,0xFC,0x34,0x04,0x14,0x44,0x47,0xF4,0x64,0x44,0x34,0x44,
    0x15,0xF4,0x05,0x14,0x15,0x14,0x25,0xF4,0x24,0x04,0x24,0x04,0x67,0xFC,0x04,0x04,
    0x00,0x00,0x00,0x40,0x60,0x60,0x1F,0xFC,0x0C,0x04,0x44,0x04,0x67,0xFC,0x30,0x20,
    0x10,0x20,0x02,0x20,0x12,0x3C,0x32,0x20,0x27,0x20,0x25,0xA0,0x6C,0x7E,0x28,0x00,
    0x01,0x24,0x62,0x64,0x1E,0x48,0x14,0x98,0x46,0x48,0x63,0x26,0x11,0x24,0x17,0xFC,
    0x14,0x44,0x14,0x44,0x17,0xFC,0x34,0x44,0x24,0x44,0x67,0xFC,0x04,0x04,0x02,0x0C,
    0x65,0xB8,0x18,0xF0,0x17,0x0C,0x40,0x80,0x6F,0xFE,0x11,0x00,0x03,0xFC,0x26,0x0C,
    0x3B,0xFC,0x22,0x0C,0x23,0xFC,0x22,0x0C,0x42,0x38,0x00,0x00,0x02,0x10,0x62,0x10,
    0x12,0x10,0x0F,0xFE,0x42,0x10,0x62,0x30,0x37,0xB8,0x06,0xB8,0x2E,0x54,0x3A,0x54,
    0x3A,0x92,0x23,0x92,0x62,0x10,0x42,0x10,0x02,0x10,0x00,0x40,0x64,0x44,0x3A,0x48,
    0x13,0x50,0x40,0x40,0x67,0xFC,0x34,0x04,0x05,0xE4,0x25,0x24,0x15,0x24,0x35,0x24,
    0x25,0xE4,0x24,0x04,0x64,0x1C,0x00,0x00,0x02,0x00,0x62,0x7C,0x1B,0xA4,0x12,0x24,
    0x42,0x24,0x62,0x24,0x3F,0xEC,0x01,0x18,0x25,0x98,0x29,0x58,0x29,0x58,0x39,0x7C,
    0x6B,0x64,0x46,0xC2,0x00,0x42,0x00,0x40,0x30,0x40,0x18,0x7E,0x08,0x40,0x43,0xFC,
    0x62,0x0C,0x13,0xFC,0x12,0x0C,0x03,0xFC,0x10,0x40,0x10,0x40,0x3F,0xFE,0x20,0x40,
    0x60,0x40,0x00,0x40,0x21,0x00,0x73,0x00,0x1B,0xFC,0x05,0x04,0x4F,0x04,0x33,0xF4,
    0x14,0x84,0x07,0xF4,0x10,0x84,0x14,0x94,0x34,0x94,0x27,0xF4,0x20,0x04,0x60,0x3C,
    0x00,0x00,0x00,0x00,0x00,0x40,0x24,0x44,0x1A,0x48,0x0B,0x58,0x40,0xE0,0x61,0x98,
    0x1E,0x4E,0x04,0x44,0x06,0x4C,0x13,0x58,0x31,0xF0,0x21,0xB0,0x23,0x18,0x6E,0x0E,
    0x08,0x02,0x02,0x10,0x62,0x18,0x3F,0x98,0x1F,0xA8,0x44,0x24,0x64,0x64,0x37,0xC2,
    0x05,0xB0,0x25,0x8C,0x25,0x08,0x25,0x60,0x2D,0x30,0x69,0x18,0x5B,0x04,0x08,0x00,
    0x00,0x04,0x67,0xFC,0x1E,0x08,0x0E,0xCC,0x42,0x48,0x61,0x78,0x17,0xFC,0x00,0x40,
    0x00,0x40,0x1F,0xFE,0x30,0x40,0x20,0x40,0x20,0x40,0x67,0xFC,0x00,0x00,0x00,0x40,
    0x30,0x40,0x1F,0xFC,0x09,0x18,0x41,0x10,0x63,0x10,0x12,0xA8,0x14,0xE6,0x14,0x04,
    0x10,0x40,0x17,0xFE,0x30,0x40,0x20,0x40,0x60,0x40,0x20,0x40,0x01,0x60,0x33,0x20,
    0x1A,0x20,0x0B,0xFE,0x46,0x20,0x66,0x20,0x1B,0xFC,0x0A,0x20,0x12,0x20,0x13,0xFC,
    0x12,0x20,0x32,0x20,0x23,0xFE,0x62,0x00,0x02,0x00,0x00,0x00,0x67,0xFC,0x3C,0x04,
    0x14,0xA4,0x41,0xB0,0x63,0x0C,0x34,0x44,0x10,0x40,0x07,0xFC,0x10,0xE0,0x31,0x50,
    0x22,0x48,0x2C,0x46,0x68,0x42,0x00,0x40,0x00,0x00,0x20,0x40,0x60,0x40,0x1F,0xFE,
    0x08,0x00,0x43,0xF8,0x22,0x08,0x13,0xF8,0x00,0x00,0x17,0xFC,0x10,0x30,0x3F,0xFE,
    0x20,0x40,0x20,0x40,0x61,0xC0,0x00,0x00,0x40,0x00,0x67,0xFC,0x1C,0x0C,0x0F,0xFC,
    0x44,0x0C,0x64,0x0C,0x17,0xFC,0x14,0x60,0x14,0x66,0x17,0xF8,0x34,0x60,0x24,0x62,
    0x25,0xE2,0x67,0x3C,0x00,0x00,0x00,0x40,0x60,0x80,0x37,0xFC,0x11,0x30,0x43,0x50,
    0x66,0x4C,0x3F,0xFE,0x04,0x48,0x07,0xF8,0x14,0x48,0x34,0x48,0x27,0xFA,0x20,0x42,
    0x60,0x7E,0x00,0x00,0x67,0xFC,0x18,0x40,0x08,0x80,0x47,0xFE,0x67,0xFE,0x11,0x10,
    0x13,0x48,0x06,0x44,0x3A,0x6A,0x22,0x5C,0x26,0x54,0x24,0x56,0x45,0xD4,0x00,0x00,
    0x00,0x00,0x00,0x40,0x60,0x40,0x1F,0xFC,0x17,0xFC,0x40,0x40,0x6F,0xFE,0x30,0x00,
    0x13,0xF8,0x02,0x08,0x13,0xF8,0x12,0x08,0x23,0xF8,0x22,0x08,0x62,0x38,0x00,0x00,
    0x04,0x04,0x64,0x44,0x17,0x5C,0x15,0x54,0x45,0x54,0x64,0xE4,0x35,0xF4,0x04,0x44,
    0x24,0xC4,0x34,0xE4,0x25,0x54,0x27,0x4C,0x2A,0x44,0x48,0x44,0x18,0x04,0x00,0x40,
    0x60,0x40,0x1F,0xFC,0x08,0x40,0x47,0xFC,0x60,0x40,0x3F,0xFE,0x00,0x00,0x03,0xF8,
    0x12,0x48,0x12,0x48,0x22,0x48,0x21,0xB8,0x67,0x0E,0x08,0x02,0x42,0x00,0x62,0x1E,
    0x3F,0xB0,0x14,0x20,0x47,0x20,0x67,0x20,0x3B,0x3E,0x0F,0xA8,0x23,0x28,0x23,0x28,
    0x27,0xE8,0x2F,0x48,0x63,0x48,0x43,0xC8,0x03,0x80,0x00,0x80,0x31,0xF8,0x1B,0x18,
    0x0E,0x30,0x4F,0xFC,0x66,0x44,0x36,0x44,0x17,0xFC,0x06,0x44,0x16,0x44,0x37,0xFC,
    0x20,0x00,0x20,0x00,0x6F,0xFE,0x20,0x00,0x00,0x00,0x00,0x80,0x61,0x10,0x1A,0x08,
    0x0F,0xFC,0x40,0x84,0x6F,0xFE,0x31,0x10,0x12,0x38,0x0C,0xCC,0x3B,0x32,0x20,0xE4,
    0x27,0x1C,0x20,0x70,0x6F,0x80,0x24,0x00,0x00,0x00,0x00,0x40,0x60,0xA0,0x19,0x10,
    0x16,0x0C,0x4D,0xF6,0x60,0x00,0x37,0xA4,0x04,0xA4,0x27,0xA4,0x14,0xA4,0x27,0xA4,
    0x24,0xA4,0x24,0x84,0x65,0x9C,0x20,0x00,0x20,0x00,0x1B,0xFC,0x0A,0x00,0x63,0xFC,
    0x12,0x0C,0x0B,0xFC,0x1A,0x00,0x33,0xFE,0x61,0x00,0x01,0x00,0x7F,0xFC,0x07,0x60,
    0x19,0x38,0x61,0x0E,0x01,0x00,0x00,0x40,0x60,0x60,0x3F,0xFE,0x14,0x88,0x47,0xFE,
    0x64,0x88,0x34,0x88,0x04,0xF8,0x24,0x00,0x27,0xF8,0x24,0x98,0x2C,0xF0,0x68,0x70,
    0x5F,0x9E,0x4A,0x02,0x00,0x40,0x60,0x40,0x17,0xFC,0x11,0xE0,0x43,0x58,0x66,0x4E,
    0x3B,0xFA,0x02,0x08,0x23,0xF8,0x12,0x08,0x22,0x08,0x23,0xF8,0x20,0x00,0x6F,0xFC,
    0x20,0x00,0x02,0x10,0x62,0x10,0x3F,0xD0,0x12,0x3C,0x4F,0xD4,0x68,0x54,0x30,0x14,
    0x07,0x94,0x11,0x14,0x22,0x74,0x2F,0xA4,0x22,0x24,0x62,0x64,0x46,0x5C,0x00,0xC0,
    0x40,0x00,0x67,0xF8,0x1E,0x08,0x17,0xF8,0xC6,0x08,0x66,0x08,0x37,0xF8,0x00,0x00,
    0x27,0xF8,0x34,0xA8,0x24,0xA8,0x24,0xA8,0x64,0xA8,0x5F,0xFE,0x00,0x00,0x67,0xFC,
    0x1C,0x44,0x17,0xFC,0x44,0x44,0xE7,0xFC,0x30,0x00,0x17,0xF8,0x26,0x08,0x17,0xF8,
    0x26,0x08,0x27,0xF8,0x26,0x08,0x66,0x38,0x00,0x00,0x00,0x00,0x01,0x10,0x61,0x10,
    0x17,0xFC,0x11,0x10,0x41,0x10,0xEF,0xFE,0x32,0x10,0x06,0x18,0x0F,0xFC,0x1A,0x12,
    0x23,0xF0,0x22,0x08,0x62,0x04,0x43,0xF8,0x40,0x00,0x73,0xF8,0x1A,0x08,0x0B,0xF8,
    0x42,0x08,0x63,0xF8,0x11,0x00,0x03,0xFC,0x04,0x44,0x1E,0x44,0x37,0xB4,0x27,0x14,
    0x27,0xF4,0x60,0x1C,0x00,0x20,0x00,0x00,0x02,0x10,0x62,0x20,0x32,0x3E,0x1F,0xE0,
    0x44,0xC0,0x64,0x7C,0x37,0x8C,0x04,0x98,0x24,0x90,0x24,0xFE,0x24,0x90,0x2C,0x90,
    0x49,0x90,0x5B,0x30,0x50,0x00,0x00,0x10,0x67,0x10,0x35,0x7C,0x15,0x54,0x45,0x54,
    0x67,0x52,0x35,0x52,0x15,0x52,0x27,0x54,0x35,0x0C,0x25,0x08,0x25,0x10,0x27,0x60,
    0x40,0xC0,0x01,0x00,0x61,0xFE,0x36,0x10,0x12,0x10,0x42,0x7C,0x67,0x90,0x32,0x10,
    0x12,0x7C,0x12,0x10,0x3F,0x90,0x22,0x7E,0x22,0x10,0x26,0x10,0x44,0x10,0x08,0x10,
    0x00,0x00,0x40,0x40,0x64,0x44,0x1C,0x44,0x17,0xFC,0x40,0x00,0x60,0x00,0x3F,0xFE,
    0x00,0xC0,0x27,0xFC,0x14,0xA4,0x24,0xA4,0x24,0xA4,0x24,0xA4,0x64,0x9C,0x00,0x10,
    0x02,0x00,0x62,0x3C,0x32,0x24,0x0F,0xA4,0x42,0x24,0x62,0x3C,0x32,0x24,0x17,0xA4,
    0x14,0xA4,0x14,0xBC,0x24,0xA4,0x24,0xE4,0x27,0xC4,0x40,0xDC,0x00,0x80,0x02,0x00,
    0x62,0x7C,0x12,0x44,0x0F,0xC4,0x42,0x44,0x62,0x7C,0x37,0x44,0x17,0xC4,0x2E,0xFC,
    0x3A,0x7C,0x2A,0x44,0x22,0x44,0x22,0x7C,0x62,0x44,0x02,0x00,0x02,0x08,0x62,0x08,
    0x37,0xFC,0x12,0x08,0x43,0xF8,0x62,0x08,0x33,0xF8,0x02,0x08,0x2F,0xFE,0x34,0x00,
    0x24,0xD0,0x25,0x88,0x25,0x08,0x47,0xFC,0x20,0x00,0x00,0xC0,0x60,0x40,0x37,0xFE,
    0x18,0xA0,0x06,0xAC,0x6C,0xA6,0x3F,0xFA,0x10,0x08,0x07,0xF8,0x14,0x00,0x37,0xFC,
    0x20,0x0C,0x20,0x0C,0x60,0x78,0x40,0x20,0x33,0xFC,0x1A,0x04,0x0B,0xFC,0x42,0x04,
    0x62,0x04,0x33,0xFC,0x10,0xB0,0x24,0xB6,0x16,0xB4,0x32,0xBC,0x22,0xB8,0x20,0xB0,
    0x6F,0xFE,0x00,0x00,0x00,0x00,0x00,0x40,0x67,0xFC,0x1C,0x4C,0x14,0x4C,0x47,0xFC,
    0xE0,0x40,0x3F,0xFE,0x10,0x00,0x03,0xF8,0x12,0x48,0x32,0x48,0x22,0xC8,0x21,0xB8,
    0x6E,0x0E,0x08,0x02,0x40,0x28,0x6F,0xA8,0x18,0xA4,0x0A,0xBE,0x4A,0xE0,0x6A,0xA0,
    0x3A,0xBE,0x0A,0xE0,0x1A,0x96,0x3A,0x9C,0x22,0x18,0x27,0x72,0x24,0xDA,0x58,0x8E,
    0x00,0x00,0x40,0x00,0x27,0x7C,0x19,0x10,0x09,0x70,0xC7,0x50,0x29,0x50,0x39,0x7E,
    0x07,0x7E,0x28,0x10,0x29,0x30,0x29,0x30,0x2B,0xF2,0x4C,0xD2,0x49,0x9E,0x00,0x00,
    0x67,0xFE,0x1C,0x20,0x14,0x20,0x45,0xFC,0x65,0x84,0x15,0xFC,0x05,0x84,0x25,0x84,
    0x35,0xFC,0x24,0xA8,0x2D,0x24,0x2B,0x22,0x4A,0xE2,0x18,0x00,0x00,0x00,0x40,0x80,
    0x67,0xFC,0x1C,0x24,0x15,0xA4,0x45,0xA4,0x67,0x6C,0x14,0x50,0x00,0x00,0x17,0xFC,
    0x14,0x44,0x27,0xFC,0x24,0x44,0x24,0x44,0x67,0xFC,0x04,0x04,0x02,0x08,0x21,0x10,
    0x19,0x90,0x0F,0xFE,0x41,0x20,0x21,0x90,0x12,0x0C,0x0C,0x06,0x13,0xF8,0x32,0xA8,
    0x22,0xA8,0x22,0xA8,0x22,0xA8,0x6F,0xFE,0x00,0x00,0x00,0x02,0x67,0xFC,0x14,0x44,
    0x0A,0x48,0x42,0xE8,0x21,0x18,0x17,0xE0,0x01,0x98,0x17,0xFC,0x10,0x44,0x2F,0xFE,
    0x20,0xC0,0x21,0xB0,0x5E,0x1E,0x08,0x02,0x0C,0x80,0x65,0xBC,0x35,0x24,0x1F,0xA4,
    0x42,0x24,0xEA,0xBC,0x3A,0xA4,0x0A,0xA4,0x2A,0xBC,0x2F,0xBC,0x22,0x24,0x22,0x64,
    0x46,0x44,0x4C,0xDC,0x08,0x80,0x00,0xC0,0x60,0x40,0x1F,0xFC,0x14,0x04,0x45,0xB4,
    0x63,0x0C,0x34,0xE4,0x11,0xB0,0x13,0x18,0x1F,0xFE,0x3B,0xFA,0x22,0x08,0x22,0x08,
    0x63,0xF8,0x02,0x08,0x67,0xBC,0x18,0x84,0x10,0x84,0x47,0xBC,0x64,0x20,0x34,0x20,
    0x07,0xBC,0x14,0xA4,0x12,0x94,0x23,0x9C,0x2C,0xE4,0x20,0x84,0x67,0x9C,0x00,0x00,
    0x00,0x00,0x00,0x10,0x6F,0x30,0x39,0x28,0x19,0x4C,0x4A,0x86,0x6B,0xFA,0x3A,0x10,
    0x09,0x10,0x39,0xFE,0x29,0x10,0x29,0x5C,0x2A,0x94,0x69,0x92,0x49,0x72,0x48,0x00,
    0x00,0x40,0x67,0xFE,0x30,0x40,0x09,0xF0,0x42,0x08,0x63,0xF8,0x32,0x08,0x13,0xF8,
    0x02,0x08,0x13,0xF8,0x32,0x08,0x2F,0xFE,0x21,0xB0,0x66,0x0E,0x28,0x02,0x02,0x18,
    0x61,0x10,0x11,0xA0,0x17,0xFE,0x42,0x10,0x62,0xA4,0x34,0xAC,0x0F,0x78,0x29,0x48,
    0x12,0x10,0x23,0x1C,0x24,0xA4,0x2F,0xFC,0x6C,0xC6,0x20,0x00,0x00,0x00,0x63,0xF8,
    0x3A,0x08,0x13,0xC8,0x42,0x48,0x6F,0xFE,0x38,0x06,0x1B,0xFE,0x22,0x08,0x33,0xF8,
    0x22,0x08,0x23,0xF8,0x22,0x08,0x62,0x38,0x00,0x00,0x00,0x00,0x00,0x40,0x60,0x40,
    0x1F,0xFC,0x14,0x44,0x44,0x44,0x67,0xFC,0x31,0x10,0x01,0x10,0x2F,0xFE,0x10,0x40,
    0x30,0x40,0x27,0xFC,0x20,0x40,0x40,0x40,0x00,0x40,0x00,0x04,0x67,0xFC,0x18,0xC4,
    0x0E,0x44,0x42,0x68,0x63,0x58,0x31,0xBC,0x16,0x04,0x16,0x04,0x17,0xBC,0x36,0x04,
    0x26,0x04,0x26,0x04,0x67,0xFC,0x00,0x00,0x00,0xC0,0x60,0x40,0x1F,0xFE,0x11,0x30,
    0x42,0x8C,0x6C,0xC6,0x31,0x30,0x13,0xF8,0x06,0xCC,0x11,0xC4,0x33,0x38,0x3D,0x30,
    0x29,0x4C,0x43,0x86,0x42,0x00,0x00,0x00,0x02,0x48,0x62,0x48,0x3F,0xFE,0x12,0x48,
    0x42,0x48,0xEF,0xFC,0x3F,0xFC,0x08,0x44,0x30,0x40,0x27,0xF8,0x24,0x48,0x24,0x48,
    0x64,0x58,0x40,0x40,0x40,0x40,0x01,0x10,0x61,0x10,0x3F,0xFE,0x11,0x10,0x47,0xFC,
    0x60,0xA0,0x30,0xA0,0x07,0xFC,0x14,0xA4,0x35,0xB4,0x25,0x74,0x27,0x6C,0x26,0x44,
    0x44,0x1C,0x00,0x00,0x00,0x40,0x20,0x7C,0x18,0x40,0x0F,0xFE,0x44,0x04,0x24,0x5C,
    0x15,0xE4,0x04,0x5C,0x14,0x20,0x35,0xA4,0x25,0x94,0x26,0x96,0x2A,0x8A,0x5A,0x78,
    0x00,0x00,0x21,0x90,0x65,0xB0,0x1D,0xBE,0x15,0xBE,0x45,0xF0,0x65,0xD8,0x15,0xCC,
    0x01,0x84,0x10,0x00,0x37,0xFC,0x24,0xA4,0x24,0xA4,0x24,0xA4,0x4F,0xFE,0x00,0x00,
    0x00,0xC0,0x60,0x40,0x3F,0xFE,0x11,0xA0,0x43,0xA8,0x67,0xAC,0x35,0xA6,0x18,0x42,
    0x00,0x40,0x1F,0xFE,0x30,0xE0,0x21,0x50,0x26,0x4C,0x68,0x42,0x40,0x40,0x00,0x40,
    0x60,0x40,0x1F,0xFC,0x14,0x04,0x43,0xF8,0x62,0x00,0x12,0x00,0x03,0xFC,0x12,0x10,
    0x12,0x10,0x3F,0xFE,0x21,0x20,0x23,0x38,0x6E,0x0E,0x48,0x04,0x00,0x00,0x00,0x50,
    0x60,0x48,0x1F,0x48,0x11,0xFE,0x4B,0xC8,0x66,0xC8,0x37,0x7C,0x06,0x48,0x12,0x48,
    0x26,0x7C,0x27,0x48,0x2D,0x48,0x29,0x7E,0x58,0x40,0x00,0x00,0x00,0x40,0x60,0x40,
    0x1F,0xFE,0x11,0x10,0x41,0x30,0x67,0xFC,0x14,0x44,0x05,0xF4,0x14,0x44,0x15,0xF4,
    0x25,0x14,0x25,0x14,0x25,0xF4,0x64,0x1C,0x20,0x10,0x6F,0xFC,0x31,0x20,0x17,0xFC,
    0x45,0x24,0x65,0x24,0x37,0xFC,0x00,0x00,0x27,0xFC,0x30,0x00,0x2F,0xFE,0x22,0x50,
    0x26,0x4C,0x49,0xC6,0x00,0x00,0x00,0x00,0x00,0x40,0x60,0x40,0x1F,0xFE,0x11,0xE0,
    0x43,0x58,0x6C,0x44,0x30,0xA0,0x13,0x18,0x1E,0x4E,0x3B,0x5A,0x21,0x70,0x21,0xF0,
    0x2E,0x4E,0x49,0xC4,0x20,0x00,0x67,0xFC,0x34,0x04,0x17,0xFC,0x44,0x00,0x67,0xFE,
    0x34,0x20,0x04,0x20,0x27,0xFC,0x2F,0xB4,0x2A,0xAC,0x2B,0xB4,0x6A,0xAC,0x52,0x2C,
    0x00,0x00,0x00,0x00,0x00,0x40,0x60,0x40,0x1F,0xFE,0x15,0xB4,0x44,0x64,0x65,0x94,
    0x17,0xFC,0x00,0x40,0x10,0x40,0x17,0xFC,0x24,0xA4,0x25,0x74,0x25,0x94,0x64,0x1C,
    0x00,0x00,0x00,0x00,0x00,0x40,0x60,0x40,0x17,0xFC,0x14,0x04,0x47,0xFC,0x60,0x40,
    0x37,0xFC,0x06,0x44,0x27,0xFC,0x36,0x44,0x26,0x44,0x27,0xFC,0x21,0xB8,0x66,0x0E,
    0x08,0x02,0x01,0x10,0x61,0x10,0x1F,0xFE,0x11,0x10,0x47,0xF8,0x66,0x08,0x17,0xF8,
    0x16,0x08,0x17,0xF8,0x10,0x40,0x37,0xFE,0x20,0xE0,0x21,0xB0,0x6E,0x0E,0x28,0x02,
    0x63,0xF8,0x1B,0xF8,0x12,0x08,0x43,0xF8,0x60,0x00,0x37,0xFC,0x15,0x24,0x07,0xFC,
    0x15,0xF0,0x22,0x08,0x21,0x10,0x20,0xE0,0x6F,0x3E,0x28,0x02,0x00,0x00,0x02,0x10,
    0x62,0x10,0x3F,0xA0,0x12,0x3E,0x42,0x24,0x6F,0xB4,0x3A,0xD4,0x0A,0x90,0x3F,0x90,
    0x23,0x18,0x26,0xA8,0x2A,0x6C,0x7A,0x64,0x52,0xC2,0x02,0x82,0x00,0xC0,0x60,0x40,
    0x37,0xFC,0x11,0x10,0x4F,0xFE,0x60,0x00,0x37,0xFC,0x16,0x0C,0x07,0xFC,0x16,0x0C,
    0x37,0xFC,0x20,0x40,0x2F,0xFE,0x60,0x40,0x40,0x40,0x03,0x18,0x61,0x90,0x1F,0xFC,
    0x10,0x40,0x47,0xFC,0x67,0xFE,0x30,0x00,0x00,0xF0,0x07,0xC4,0x10,0x6C,0x3F,0x70,
    0x23,0x58,0x26,0x4C,0x6D,0xC2,0x00,0x00,0x00,0x00,0x02,0x70,0x62,0x48,0x34,0x48,
    0x15,0x7E,0x4D,0xC8,0x6E,0xC8,0x33,0x7E,0x04,0x48,0x35,0x48,0x2F,0x7E,0x20,0x48,
    0x21,0x48,0x2E,0x7E,0x40,0x40,0x00,0x00,0x20,0x04,0x6F,0xFC,0x1A,0x48,0x13,0x50,
    0x4F,0xFE,0x21,0xE0,0x13,0x58,0x0E,0x4E,0x1F,0xFA,0x34,0x48,0x27,0xF8,0x24,0x48,
    0x24,0x48,0x47,0xF8,0x04,0x08,0x02,0x10,0x62,0x10,0x17,0xBC,0x02,0x10,0x4F,0xBE,
    0x63,0x18,0x37,0xEC,0x0C,0xA6,0x2F,0xFA,0x16,0x08,0x27,0xF8,0x26,0x08,0x26,0x08,
    0x67,0xF8,0x06,0x08,0x00,0x20,0x67,0x3C,0x35,0x7C,0x15,0x4C,0x45,0xE8,0x67,0x10,
    0x32,0x28,0x0A,0xC6,0x2B,0x80,0x2A,0x7C,0x2A,0x44,0x6A,0x44,0x4F,0xFC,0x50,0x44,
    0x00,0x00,0x40,0x40,0x60,0x40,0x17,0xFC,0x14,0xA4,0x43,0x18,0x63,0x08,0x3F,0xFE,
    0x0A,0x0A,0x23,0xF8,0x32,0x08,0x23,0xF8,0x22,0x58,0x66,0x4C,0x49,0xC6,0x00,0x00,
    0x67,0xFC,0x18,0xA0,0x17,0xFC,0x44,0xA4,0x67,0xFC,0x30,0x00,0x17,0xF8,0x07,0xF8,
    0x14,0x08,0x37,0xF8,0x20,0x40,0x2F,0xFE,0x60,0x40,0x00,0x40,0x00,0x00,0x02,0x00,
    0x62,0x3C,0x3F,0xA4,0x12,0x24,0x4F,0xA4,0x68,0xBC,0x3F,0xA4,0x18,0xA4,0x28,0xA4,
    0x2F,0xBC,0x22,0x24,0x2F,0xA4,0x22,0x44,0x42,0x5C,0x22,0xC0,0x40,0x20,0x67,0xD8,
    0x38,0xA0,0x15,0x2C,0x43,0x10,0xE7,0xE8,0x3C,0x06,0x1B,0xFA,0x22,0x08,0x32,0x08,
    0x23,0xF8,0x23,0x10,0x61,0x20,0x4F,0xFC,0x40,0x00,0x02,0x10,0x63,0x10,0x3F,0xD0,
    0x16,0xBE,0x45,0xA4,0x6E,0x64,0x37,0xE4,0x04,0x94,0x14,0x98,0x37,0x98,0x24,0x98,
    0x27,0x98,0x24,0xA4,0x65,0xE6,0x05,0x42,0x01,0x04,0x61,0x04,0x3F,0xC8,0x11,0x10,
    0x4F,0xF0,0x60,0x04,0x37,0xCC,0x04,0x58,0x34,0x70,0x23,0x82,0x24,0x84,0x22,0x8C,
    0x73,0xD8,0x4C,0x70,0x00,0x20,0x0C,0x00,0x64,0xFC,0x32,0x44,0x18,0x44,0x4B,0xF4,
    0x69,0xE4,0x3A,0x54,0x0B,0xF4,0x2A,0xD4,0x2B,0xF4,0x28,0xE4,0x29,0x54,0x6E,0x4C,
    0x48,0x5C,0x00,0x00,0x63,0xF8,0x12,0x08,0x0B,0xF8,0x40,0x00,0x67,0xBC,0x34,0xA4,
    0x07,0xBC,0x20,0x40,0x1F,0xFC,0x20,0xE0,0x23,0x50,0x26,0x4C,0x58,0x46,0x00,0x40,
    0x00,0x00,0x20,0xC0,0x77,0xFC,0x1C,0x04,0x0D,0x54,0x44,0xF4,0x25,0xF4,0x14,0xE4,
    0x05,0xF4,0x17,0x5C,0x10,0x40,0x2F,0xFE,0x20,0xE0,0x21,0xB0,0x5E,0x0E,0x08,0x02,
    0x00,0x00,0x03,0x10,0x62,0x10,0x37,0xA0,0x14,0xBE,0xC7,0xA4,0x64,0xA4,0x37,0xE8,
    0x02,0x28,0x2F,0xD8,0x24,0x18,0x27,0x98,0x24,0x98,0x48,0xA4,0x5B,0xC6,0x10,0x40,
    0x01,0x00,0x61,0x7E,0x35,0x90,0x15,0x10,0xC5,0x7C,0x65,0x44,0x3F,0xD4,0x06,0x54,
    0x26,0xD4,0x2A,0xD4,0x3B,0x54,0x23,0x18,0x66,0x24,0x58,0xC6,0x50,0x82,0x40,0x00,
    0x27,0xF8,0x1F,0xF8,0x14,0x08,0x47,0xF8,0x61,0x10,0x3F,0xFC,0x01,0x10,0x2F,0xFE,
    0x32,0x50,0x27,0x5C,0x39,0x62,0x63,0xF8,0x4D,0xC4,0x00,0x00,0x41,0x10,0x6F,0xFE,
    0x11,0x10,0x13,0x18,0x44,0xA4,0x67,0xBC,0x12,0x60,0x13,0xFC,0x26,0x20,0x3F,0xFC,
    0x2E,0x20,0x27,0xFC,0x26,0x20,0x47,0xFE,0x06,0x00,0x01,0x00,0x01,0x00,0x21,0x04,
    0x31,0x0C,0x11,0x08,0x19,0x18,0x0D,0xB0,0x09,0x90,0x03,0x80,0x02,0x40,0x04,0x60,
    0x0C,0x30,0x38,0x18,0x60,0x06,0x40,0x02,0x7F,0xFC,0x01,0x00,0x01,0x00,0x31,0x0C,
    0x11,0x08,0x19,0x90,0x0D,0xB0,0x0B,0x80,0x02,0x40,0x06,0x60,0x0C,0x30,0x38,0x18,
    0x60,0x06,0x00,0x00,0x18,0x00,0x19,0xFE,0x19,0xFE,0x5A,0x10,0x5E,0x10,0x7C,0x10,
    0x3C,0x10,0x10,0x10,0x18,0x10,0x18,0x10,0x14,0x10,0x26,0x10,0x22,0x10,0x40,0xF0,
    0x00,0x00,0x0C,0x00,0x08,0x00,0x7F,0xFE,0x08,0x00,0x08,0x40,0x0C,0x44,0x0E,0x48,
    0x1A,0x48,0x13,0xD0,0x30,0xE0,0x21,0xA0,0x63,0x10,0xC6,0x0C,0x5C,0x06,0x10,0x00,
    0x3F,0xF8,0x00,0x08,0x00,0x08,0x1F,0xF8,0x00,0x08,0x3F,0xF8,0x00,0x00,0x31,0x0C,
    0x19,0x98,0x09,0xB0,0x02,0x40,0x0C,0x30,0x70,0x0E,0x40,0x02,0x18,0x20,0x18,0x20,
    0x18,0x20,0x5A,0x20,0x5E,0x20,0x7D,0xFC,0x3C,0x20,0x10,0x20,0x18,0x20,0x18,0x20,
    0x14,0x20,0x26,0x20,0x20,0x20,0x43,0xFE,0x00,0x00,0x03,0x00,0x07,0xF0,0x0C,0x10,
    0x70,0x60,0x21,0xC0,0x07,0x70,0x79,0x0E,0x51,0x0A,0x39,0x98,0x0D,0xB0,0x07,0xA0,
    0x06,0x40,0x1C,0x30,0x70,0x0E,0x40,0x02,0x00,0x00,0x18,0x40,0x18,0xC0,0x18,0x80,
    0x5A,0xFC,0x5D,0x04,0x5F,0x04,0x34,0x84,0x10,0x44,0x10,0x64,0x18,0x24,0x14,0x04,
    0x26,0x0C,0x22,0x0C,0x40,0x38,0x40,0x00,0x01,0x00,0x01,0x80,0x3F,0xFC,0x20,0x04,
    0x21,0x04,0x11,0x08,0x31,0x0C,0x19,0x90,0x0D,0xB0,0x0B,0x80,0x06,0x40,0x0C,0x60,
    0x18,0x18,0x70,0x0E,0x40,0x02,0x10,0x20,0x10,0x20,0x10,0x20,0x55,0x24,0x55,0x24,
    0x59,0x24,0x59,0x24,0x11,0x24,0x11,0x24,0x19,0x24,0x29,0x24,0x25,0x24,0x65,0xFC,
    0x41,0xFC,0x00,0x00,0x10,0x60,0x10,0x20,0x11,0xFC,0x55,0x04,0x55,0x04,0x59,0x04,
    0x59,0x04,0x51,0xFC,0x11,0x00,0x19,0x00,0x3F,0x00,0x26,0x00,0x22,0x00,0x46,0x00,
    0x44,0x00,0x10,0xC0,0x10,0x80,0x14,0xFC,0x57,0xFC,0x55,0x44,0x7D,0x68,0x32,0x68,
    0x10,0x60,0x10,0x60,0x18,0x60,0x3C,0xD0,0x24,0x98,0x65,0x0C,0x46,0x06,0x04,0x02,
    0x01,0x00,0x31,0x0C,0x19,0x18,0x0D,0x30,0x03,0xC0,0x0E,0x30,0x79,0x0C,0x41,0x0C,
    0x31,0x08,0x09,0x90,0x0F,0xA0,0x06,0x60,0x1C,0x38,0x70,0x0E,0x40,0x02,0x10,0x20,
    0x10,0x20,0x14,0xB8,0x57,0xA8,0x55,0x24,0x5D,0x24,0x73,0x22,0x12,0x2A,0x12,0x2C,
    0x18,0x18,0x3C,0x30,0x24,0x60,0x65,0xC0,0x47,0x00,0x04,0x00,0x10,0x40,0x10,0x40,
    0x94,0x40,0x57,0xF8,0x5C,0x48,0x58,0x48,0x58,0x48,0x57,0xFE,0x17,0xFE,0x18,0xE0,
    0x28,0xA0,0x25,0x90,0x67,0x18,0x4E,0x06,0x44,0x02,0x10,0x40,0x10,0x40,0x13,0xFE,
    0x57,0xFE,0x54,0x00,0x58,0x00,0x71,0xF0,0x51,0x10,0x11,0x10,0x19,0x10,0x3D,0x10,
    0x25,0x12,0x63,0x12,0x46,0x1E,0x42,0x00,0x02,0x00,0x07,0xFC,0x1F,0xFC,0x33,0x10,
    0x5A,0x60,0x09,0x80,0x1E,0x00,0x71,0x8C,0x11,0x98,0x0D,0xB0,0x0B,0xC0,0x06,0x60,
    0x1C,0x30,0x70,0x0E,0x40,0x02,0x00,0x00,0x10,0x00,0x11,0xFC,0x91,0x00,0x55,0x00,
    0x55,0x00,0x59,0xFC,0x59,0x0C,0x11,0x0C,0x11,0x0C,0x19,0xFC,0x29,0x00,0x25,0x00,
    0x65,0x00,0xC1,0xFE,0x00,0x00,0x01,0x80,0x31,0x8C,0x31,0x8C,0x3F,0xFC,0x08,0x00,
    0x7F,0xFE,0x08,0x00,0x08,0x48,0x1C,0xCC,0x12,0xD8,0x12,0xD0,0x21,0xA0,0x63,0x18,
    0xDC,0x0E,0x10,0x00,0x10,0x80,0x11,0x80,0x11,0xFC,0xD7,0x04,0x5A,0x04,0x5F,0xE4,
    0x52,0x24,0x52,0x24,0x12,0x2C,0x33,0xEC,0x2A,0x38,0x2E,0x02,0x66,0x02,0x41,0xFC,
    0xC0,0x00,0x10,0x00,0x13,0xFC,0x12,0x04,0x5A,0x04,0x5A,0xF4,0x5A,0x94,0x52,0x94,
    0x12,0x94,0x22,0x94,0x32,0x94,0x3A,0xF4,0x2A,0x04,0x4E,0x04,0xC2,0x1C,0x00,0x00,
    0x10,0x00,0x13,0xFE,0x10,0x60,0xD4,0x60,0x5C,0x60,0x5B,0xFC,0x5A,0x44,0x52,0x64,
    0x12,0x74,0x12,0x94,0x2B,0x8C,0x2A,0x04,0x66,0x04,0x42,0x1C,0xC0,0x00,0x10,0xC0,
    0x10,0x80,0x12,0xFE,0x55,0xFE,0x55,0x40,0x5E,0x40,0x7A,0x7C,0x50,0x40,0x10,0x40,
    0x18,0x40,0x3C,0x7C,0x24,0x40,0x62,0x40,0x40,0x40,0x40,0x40,0x01,0x00,0x01,0x00,
    0x01,0xFC,0x01,0x00,0x01,0x00,0x1F,0xF8,0x10,0x08,0x10,0x08,0x10,0x08,0x1F,0xF8,
    0x20,0x08,0x34,0xC8,0x22,0x44,0x42,0x66,0x44,0x04,0x10,0x40,0x10,0x40,0x13,0xFE,
    0xD4,0x80,0x54,0x80,0x5B,0xE0,0x59,0x20,0x53,0x20,0x13,0xFC,0x18,0x20,0x29,0xAC,
    0x25,0x24,0x62,0x26,0x46,0xE2,0x00,0x80,0x10,0x00,0x11,0xFC,0x11,0x04,0x57,0x04,
    0x55,0x04,0x75,0x04,0x39,0x04,0x11,0xFC,0x10,0x00,0x18,0x90,0x1C,0xD8,0x25,0x88,
    0x25,0x04,0x42,0x06,0x46,0x02,0x10,0x00,0x11,0xFC,0x15,0xC0,0x55,0x20,0x5F,0x20,
    0x5A,0x20,0x5B,0xFE,0x53,0xFE,0x10,0x20,0x19,0xA8,0x29,0x24,0x26,0x24,0x66,0x22,
    0xC4,0xE2,0x00,0x00,0x11,0x0C,0x10,0x88,0x10,0xD8,0x56,0x90,0x55,0xFC,0x7C,0x00,
    0x38,0x00,0x50,0x00,0x11,0xFC,0x18,0x00,0x3C,0x00,0x24,0x00,0x60,0x00,0x43,0xFE,
    0x00,0x00,0x10,0x00,0x13,0xF8,0x10,0x08,0x56,0x10,0x54,0x20,0x54,0xF8,0x7B,0x8E,
    0x52,0x02,0x11,0xFC,0x19,0xFC,0x3C,0x20,0x24,0x20,0x60,0x20,0xC3,0xFE,0x40,0x00,
    0x00,0x04,0x7F,0xA4,0x08,0x24,0x18,0x24,0x1F,0x24,0x21,0x24,0x7B,0x24,0x4E,0x24,
    0x0C,0x04,0x38,0x38,0x60,0x48,0x16,0x48,0x22,0x44,0x22,0x26,0x62,0x04,0x11,0x90,
    0x11,0x90,0x15,0x90,0x57,0xFC,0x59,0x90,0x59,0x90,0x51,0x90,0x11,0x90,0x17,0xFE,
    0x17,0xFE,0x38,0x90,0x2D,0x98,0x67,0x0C,0x46,0x06,0x04,0x02,0x10,0xC0,0x10,0xFC,
    0x15,0xFC,0x57,0x88,0x5E,0x90,0x58,0x60,0x50,0xF8,0x17,0x0E,0x14,0x02,0x19,0xF8,
    0x29,0x08,0x25,0x08,0x65,0xF8,0x41,0xF8,0x00,0x00,0x00,0x00,0x10,0x60,0x10,0x60,
    0x10,0x60,0x55,0xFC,0x55,0x64,0x59,0x64,0x79,0x64,0x11,0xFC,0x19,0xFC,0x18,0x60,
    0x3C,0x6C,0x24,0x64,0x63,0xFE,0xC2,0x02,0x00,0x00,0x00,0x00,0x10,0x00,0x13,0xFC,
    0x12,0x04,0x56,0x44,0x5A,0x44,0x5B,0xF4,0x72,0x44,0x12,0x64,0x12,0x64,0x32,0x94,
    0x2B,0x9C,0x2E,0x04,0x6B,0xFC,0xC3,0xFC,0x42,0x04,0x10,0x80,0x10,0x84,0x13,0xF8,
    0x54,0x98,0x58,0xB0,0x5F,0xFE,0x50,0xC0,0x11,0xFC,0x1F,0x80,0x35,0x00,0x39,0xF8,
    0x28,0x08,0x44,0x08,0xC0,0x78,0x00,0x00,0x10,0x00,0x13,0xFE,0x14,0x20,0x54,0x60,
    0x55,0xFC,0x59,0x04,0x31,0x64,0x11,0x64,0x11,0x64,0x19,0x64,0x2D,0x44,0x24,0xF0,
    0x61,0x8C,0xC7,0x06,0x40,0x02,0x11,0x00,0x11,0x84,0x9B,0xF8,0x5E,0x8C,0x58,0xD8,
    0x58,0x62,0x57,0xA4,0x14,0x1C,0x17,0xFC,0x31,0xA0,0x29,0x20,0x2D,0x22,0x43,0x22,
    0xCE,0x3C,0x04,0x00,0x10,0x20,0x10,0x60,0x14,0xD0,0x55,0x98,0x5F,0x0C,0x5F,0xFE,
    0x31,0xF8,0x50,0x00,0x13,0xFE,0x10,0xC0,0x38,0x90,0x2D,0x08,0x27,0x3C,0x43,0xE4,
    0x40,0x04,0x20,0x00,0x1B,0xF8,0x48,0x70,0x61,0x80,0x17,0xFC,0x19,0x24,0x13,0x24,
    0x26,0x4C,0x68,0xD8,0x11,0x08,0x0D,0x90,0x0B,0xE0,0x0E,0x60,0x78,0x1E,0x40,0x02,
    0x10,0x00,0x11,0xFC,0x11,0x04,0xD5,0x04,0x55,0x04,0x59,0xFC,0x59,0x30,0x52,0x10,
    0x12,0x98,0x12,0x6C,0x3C,0x16,0x29,0x80,0x64,0xE0,0x40,0x30,0x40,0x10,0x18,0x80,
    0x18,0x80,0x7D,0xF8,0x7C,0x88,0x18,0x88,0x1F,0x88,0x79,0xC8,0x18,0xEA,0x19,0x2A,
    0x76,0x0C,0x02,0x08,0x34,0x48,0x22,0x44,0x62,0x66,0x42,0x04,0x12,0x04,0x13,0x98,
    0x14,0x70,0x55,0xD8,0x5A,0x44,0x58,0x80,0x57,0xFE,0x11,0x20,0x13,0x20,0x37,0xFC,
    0x2D,0x24,0x29,0x24,0x6D,0x3C,0xC1,0x28,0x40,0x20,0x10,0x40,0x10,0x60,0x93,0xFC,
    0x56,0x04,0x5A,0x04,0x59,0xF8,0x50,0x00,0x50,0x00,0x13,0xFE,0x38,0x90,0x28,0x90,
    0x2D,0x12,0x41,0x12,0xC6,0x1E,0x04,0x00,0x01,0x00,0x7F,0xFE,0x00,0x00,0x1F,0xF8,
    0x10,0x08,0x1F,0xF8,0x00,0x00,0x3F,0xF8,0x01,0xE0,0x01,0x80,0x07,0x00,0x14,0x48,
    0x26,0x4C,0x62,0x64,0x24,0x04,0x00,0x00,0x10,0x80,0x11,0xFC,0x91,0x08,0x5F,0x98,
    0x58,0x60,0x53,0xBC,0x56,0x46,0x13,0xFC,0x10,0x40,0x30,0x40,0x2B,0xFC,0x28,0x40,
    0x67,0xFE,0xC0,0x40,0x40,0x40,0x3F,0xFC,0x01,0x00,0x11,0xF8,0x11,0x00,0x7F,0xFE,
    0x10,0x00,0x1F,0xF8,0x10,0x00,0x1F,0xFC,0x20,0x24,0x2D,0x24,0x24,0xAC,0x44,0x38,
    0x00,0x00,0x00,0x00,0x10,0x00,0x13,0xFC,0x13,0x04,0x57,0xFC,0x57,0x04,0x5B,0xFC,
    0x30,0x00,0x10,0x00,0x13,0xFC,0x10,0x20,0x18,0x20,0x2F,0xFE,0x24,0x20,0x40,0x20,
    0x40,0x20,0x10,0xC0,0x10,0x80,0x11,0xF8,0xD7,0x10,0x5A,0x30,0x5F,0xFC,0x52,0x44,
    0x52,0x44,0x12,0x44,0x17,0xFE,0x38,0x60,0x2C,0xF0,0x69,0x98,0x47,0x0E,0xC4,0x02,
    0x10,0x40,0x10,0x60,0x13,0xFC,0x55,0x08,0x55,0x98,0x58,0x90,0x77,0xFE,0x50,0x00,
    0x10,0x00,0x1B,0xFC,0x1B,0x0C,0x27,0x0C,0x27,0x0C,0x43,0xFC,0x43,0x0C,0x08,0x20,
    0x08,0x20,0x7F,0xFC,0x08,0x20,0x1E,0x70,0x3A,0xAC,0x69,0x26,0x49,0x20,0x11,0x08,
    0x19,0x90,0x0D,0xB0,0x02,0xC0,0x0C,0x30,0x70,0x1E,0x40,0x02,0x08,0x80,0x18,0xC0,
    0x1F,0xFC,0x30,0x80,0x70,0x80,0xDF,0xFC,0x10,0x80,0x1F,0xFC,0x10,0x80,0x1F,0xFE,
    0x00,0x00,0x14,0x48,0x22,0x44,0x62,0x26,0x40,0x04,0x00,0x00,0x10,0x40,0x10,0x80,
    0x15,0xFC,0x55,0x08,0x5B,0x10,0x5A,0xC0,0x53,0xBC,0x12,0x04,0x12,0x04,0x13,0xDC,
    0x2A,0x04,0x2E,0x04,0x66,0x04,0x43,0xFC,0x02,0x04,0x00,0x00,0x08,0x20,0x08,0x28,
    0x1F,0x24,0x11,0x20,0x2F,0xFE,0x66,0x20,0x56,0x70,0x14,0x50,0x18,0x88,0x73,0x06,
    0x22,0x0A,0x16,0x48,0x22,0x44,0x62,0x24,0x20,0x00,0x10,0x40,0x10,0x40,0x13,0xFC,
    0x56,0x0C,0x5B,0xFC,0x5A,0x0C,0x73,0xFC,0x10,0x00,0x17,0xFC,0x10,0x40,0x38,0x40,
    0x2F,0xFC,0x28,0x40,0x47,0xFE,0x40,0x00,0x00,0x00,0x08,0x20,0x04,0x60,0x7F,0xFE,
    0x00,0x00,0x3F,0x48,0x21,0x48,0x3F,0x48,0x21,0x48,0x3F,0x48,0x21,0x08,0x26,0x38,
    0x34,0xC8,0x24,0x4C,0x62,0x64,0x42,0x46,0x00,0x00,0x18,0x20,0x10,0x60,0x3E,0x7E,
    0x44,0xC4,0x7F,0xC8,0x02,0xC8,0x02,0x38,0x3E,0x30,0x02,0x78,0x7E,0xC6,0x00,0x8A,
    0x34,0x48,0x26,0x44,0x62,0x66,0x40,0x04,0x11,0x08,0x11,0x08,0x17,0xFE,0x55,0x08,
    0x59,0xF8,0x59,0x08,0x51,0x08,0x51,0xF8,0x10,0x40,0x1F,0xFE,0x28,0xF0,0x2D,0xD8,
    0x63,0x4C,0x4C,0x42,0x40,0x40,0x3D,0xFC,0x24,0x44,0x24,0xC4,0x25,0x9C,0x3F,0x00,
    0x25,0xFC,0x25,0x04,0x25,0x04,0x3D,0xFC,0x00,0x00,0x34,0x48,0x26,0x44,0x62,0x66,
    0x40,0x04,0x00,0x00,0x03,0x00,0x03,0x0C,0x1F,0xF8,0x03,0x30,0x7F,0xFE,0x03,0x00,
    0x1F,0xF8,0x68,0x18,0x0F,0xF8,0x08,0x18,0x0F,0xF8,0x14,0x48,0x22,0x44,0x22,0x64,
    0x44,0x04,0x10,0x40,0x10,0x60,0x13,0xFC,0x5E,0x04,0x5B,0xFC,0x5A,0x00,0x53,0xDC,
    0x52,0x44,0x13,0x54,0x3A,0xD4,0x2C,0xCC,0x2F,0x74,0x64,0x44,0x4D,0xDC,0x08,0x00,
    0x10,0x40,0x10,0x40,0x13,0xF8,0xD6,0x08,0x5B,0xF8,0x5A,0x08,0x53,0xF8,0x52,0x08,
    0x13,0xF8,0x38,0x40,0x2B,0x2C,0x2F,0x34,0x65,0x12,0x44,0xF2,0x40,0x00,0x08,0x40,
    0x16,0x4C,0x23,0x70,0x7D,0x46,0x3E,0x7C,0x22,0x00,0x3E,0x44,0x22,0x78,0x3E,0x42,
    0x22,0x44,0x26,0x7C,0x12,0x48,0x26,0x44,0x22,0x66,0x44,0x44,0x00,0x00,0x3F,0xFC,
    0x01,0x00,0x7F,0xFE,0x3F,0xF8,0x29,0x28,0x25,0x68,0x3F,0xF8,0x01,0x00,0x3F,0xFC,
    0x01,0x00,0x7F,0xFE,0x34,0x48,0x22,0x44,0x42,0x64,0x00,0x00,0x10,0x40,0x10,0x20,
    0x13,0xFC,0x56,0x04,0x5A,0x9C,0x59,0x0C,0x52,0x66,0x50,0x90,0x11,0x08,0x37,0xFE,
    0x2D,0xFA,0x29,0x08,0x6D,0x08,0x41,0xF8,0x41,0x08,0x3F,0x7C,0x24,0x44,0x26,0x44,
    0x29,0x44,0x29,0x7C,0x2F,0x40,0x24,0x44,0x24,0x44,0x3F,0xFC,0x30,0x08,0x24,0xC8,
    0x26,0x44,0x42,0x66,0x40,0x04,0x00,0x00,0x08,0x20,0x7F,0x20,0x00,0xF8,0x3E,0xF8,
    0x3E,0x28,0x00,0xC8,0x7F,0x68,0x0C,0x78,0x7F,0x5B,0x08,0x86,0x39,0x86,0x34,0xC8,
    0x26,0x4C,0x62,0x46,0x42,0x64,0x08,0x20,0x7F,0x20,0x08,0x7E,0x3F,0x44,0x08,0xC8,
    0x7F,0x48,0x10,0x38,0x1F,0x30,0x22,0x78,0x63,0xC6,0x4C,0x82,0x36,0x48,0x22,0x44,
    0x62,0x66,0x42,0x44,0x11,0x10,0x11,0x1C,0x15,0xD4,0x5A,0x56,0x5B,0x7E,0x54,0x90,
    0x5E,0x98,0x51,0x98,0x11,0x24,0x32,0xC2,0x2C,0x4E,0x2A,0xA4,0x6E,0x94,0x44,0x92,
    0x04,0x04,0x10,0x60,0x10,0x40,0x13,0xFE,0x5E,0xE4,0x5A,0x98,0x53,0x08,0x57,0xFE,
    0x16,0x0A,0x13,0xF8,0x32,0x08,0x2B,0xF8,0x2D,0x58,0x42,0x4C,0xCC,0xC6,0x00,0x00,
    0x04,0x40,0x7F,0xFC,0x04,0x40,0x04,0x40,0x0F,0xD0,0x78,0x16,0x7B,0xD8,0x0A,0x50,
    0x1A,0x52,0x6B,0xDE,0x00,0x00,0x16,0x4C,0x22,0x44,0x62,0x26,0x20,0x00,0x10,0x00,
    0x13,0xF8,0x12,0x08,0x5F,0xF8,0x58,0x00,0x53,0xBC,0x52,0xA4,0x53,0xBC,0x10,0x40,
    0x37,0xFC,0x28,0x60,0x2C,0xD0,0x6B,0x4C,0x44,0x46,0x00,0x40,0x10,0x00,0x13,0xFC,
    0x13,0xFC,0x56,0x04,0x5B,0xFC,0x58,0x90,0x57,0xFC,0x10,0x90,0x17,0xFE,0x39,0x58,
    0x2B,0x5C,0x2C,0xD2,0x63,0xF8,0x44,0xC4,0xC0,0x80,0x01,0xFC,0x1F,0x90,0x11,0x10,
    0x11,0x10,0x11,0x10,0x11,0x10,0x11,0x10,0x11,0x18,0x11,0x08,0x31,0x08,0x21,0x0C,
    0x61,0x04,0x41,0x06,0x00,0x00,0x00,0x00,0x01,0x00,0x3F,0xFC,0x2A,0x94,0x2A,0x94,
    0x2A,0x94,0x2A,0x94,0x2A,0xFC,0x2A,0x80,0x2A,0x82,0x2B,0x42,0x29,0x7C,0x49,0x80,
    0x48,0xE0,0xC8,0x3E,0x00,0x00,0x00,0x04,0x3F,0xF8,0x11,0x18,0x08,0x90,0x3F,0xFC,
    0x26,0x04,0x04,0x00,0x3F,0xFC,0x0C,0x00,0x0F,0xF8,0x16,0x10,0x23,0x60,0xC1,0xC0,
    0x5E,0x3E,0x20,0x02,0x00,0x0C,0x7F,0xF0,0x19,0x10,0x19,0xB8,0x26,0x44,0x26,0x44,
    0x19,0xB8,0x3E,0x08,0x22,0xFE,0x3E,0x08,0x3E,0xC8,0x24,0x68,0x22,0x08,0x3D,0x38,
    0x00,0x00,0x06,0x60,0x0C,0x30,0x18,0x18,0x30,0x0C,0x6C,0x36,0x04,0x20,0x06,0x60,
    0x02,0xC0,0x01,0x80,0x03,0xC0,0x06,0x60,0x1C,0x38,0x70,0x0E,0x00,0x00,0x00,0x00,
    0x02,0x40,0x0C,0x30,0x3C,0x3C,0x66,0x44,0x03,0x80,0x07,0xE0,0xF8,0x3E,0x40,0x02,
    0x3F,0xF8,0x06,0x08,0x06,0x08,0x06,0x18,0x06,0xF0,0x06,0x00,0x06,0x00,0x02,0x40,
    0x0C,0x30,0x34,0x6C,0x43,0xC4,0x07,0xE0,0xFC,0x3E,0x40,0x06,0x1F,0xF8,0x11,0x08,
    0x11,0x08,0x1F,0xF8,0x10,0x04,0x10,0x04,0x1F,0xFC,0x00,0x00,0x02,0x40,0x0C,0x38,
    0x36,0x6C,0x03,0xC0,0x3C,0x3C,0x63,0x02,0x0F,0xF8,0x36,0x60,0x07,0x80,0x79,0xC0,
    0x06,0x78,0x3F,0x30,0x01,0xC0,0x1E,0x00,0x60,0x00,0x01,0x00,0x01,0x00,0x7F,0xFC,
    0x25,0x44,0x1D,0x38,0x1D,0x38,0x27,0x6C,0x35,0x28,0x19,0x18,0x1D,0xB8,0x27,0xE4,
    0x06,0x40,0x0C,0x30,0x70,0x0E,0x40,0x02,0x18,0x60,0x18,0x60,0x18,0x60,0x18,0x60,
    0x1F,0xFE,0x18,0x00,0x18,0x00,0x18,0x00,0x1F,0xE0,0x10,0x20,0x10,0x20,0x30,0x20,
    0x20,0x20,0x60,0x20,0x40,0x20,0x04,0x00,0x24,0x7C,0x25,0xC0,0x25,0x80,0x25,0x80,
    0x3F,0xFC,0x21,0xC4,0x21,0x6C,0x3D,0x28,0x25,0x28,0x25,0x10,0x25,0x38,0x66,0x6C,
    0x47,0xC6,0xC0,0x82,0x00,0x20,0x28,0x60,0x29,0xFC,0x29,0x24,0x29,0x24,0x3D,0xFC,
    0x21,0x24,0x21,0xFC,0x38,0x40,0x28,0xB0,0x29,0x30,0x4B,0xFE,0x48,0x30,0x48,0x30,
    0xC8,0x30,0x3F,0xFC,0x00,0x20,0x18,0x20,0x18,0x20,0x10,0x20,0x1F,0xFE,0x00,0xA0,
    0x01,0x20,0x02,0x20,0x0C,0x20,0x18,0x20,0x60,0x20,0x41,0xE0,0x00,0x00,0x00,0x80,
    0x08,0x80,0x08,0x80,0x1F,0xFC,0x1F,0xFC,0x30,0x80,0x20,0x80,0x00,0x80,0x7F,0xFE,
    0x7F,0xFE,0x00,0x80,0x00,0x80,0x00,0x80,0x00,0x80,0x00,0x80,0x03,0x00,0x06,0x60,
    0x0C,0x30,0x19,0xF8,0x3F,0xEC,0x09,0x88,0x11,0x80,0x1F,0xFC,0x21,0x80,0x61,0x80,
    0x7F,0xFE,0x7F,0xFE,0x01,0x80,0x01,0x80,0x01,0x80,0x00,0x00,0x08,0x20,0x48,0x20,
    0x28,0x20,0x28,0x20,0x7E,0x20,0x49,0xFC,0x48,0x20,0x4A,0x20,0x1E,0x20,0xF8,0x20,
    0x08,0x20,0x08,0x20,0x0B,0xFE,0x0B,0xFE,0x00,0x00,0x01,0x00,0x01,0x80,0x3F,0xFC,
    0x20,0x04,0x29,0x84,0x09,0x80,0x1F,0xF8,0x11,0x80,0x21,0x80,0x01,0x80,0x7F,0xFE,
    0x01,0x80,0x01,0x80,0x01,0x80,0x01,0x80,0x08,0x40,0x48,0xC0,0x28,0x80,0x68,0xFE,
    0x7F,0x88,0x49,0x88,0x4B,0x88,0x0A,0x98,0x0E,0x50,0xF8,0x70,0x88,0x60,0x08,0xD0,
    0x09,0x8C,0x0F,0x06,0x02,0x02,0x10,0x80,0x51,0x80,0x51,0x00,0x7D,0xFC,0x53,0x54,
    0x52,0xD4,0x56,0x94,0x94,0xB4,0x19,0x24,0xF2,0x64,0x16,0x44,0x10,0xC4,0x11,0x8C,
    0x13,0x38,0x10,0x00,0x08,0x20,0x09,0xA0,0x29,0x20,0x69,0xFC,0x7D,0xFC,0x49,0x20,
    0x4A,0x20,0x0A,0x20,0x1D,0xFC,0xF8,0x20,0x08,0x20,0x08,0x20,0x08,0x20,0x0B,0xFE,
    0x08,0x00,0x01,0x80,0x01,0x80,0x3F,0xFC,0x03,0xE0,0x1C,0x18,0x3F,0xFC,0x3F,0xFC,
    0x29,0x84,0x0F,0xF8,0x11,0x80,0x31,0x80,0x7F,0xFE,0x01,0x80,0x01,0x80,0x01,0x80,
    0x18,0x20,0x78,0x20,0x59,0xFC,0x58,0x20,0x7C,0x20,0x5B,0xFE,0x58,0x18,0x1C,0x18,
    0x1D,0xFE,0xF9,0x18,0x19,0x98,0x18,0xD8,0x18,0x98,0x18,0x70,0x18,0x00,0x10,0x00,
    0x53,0xFE,0x50,0x90,0x7C,0x90,0x53,0xFC,0x52,0x94,0x52,0x94,0x1A,0x94,0x3E,0x94,
    0xF3,0x9C,0x13,0x04,0x12,0x04,0x13,0xFC,0x12,0x04,0x00,0x00,0x3F,0xFC,0x20,0x04,
    0x3F,0xFC,0x28,0x84,0x27,0x5C,0x20,0x60,0x2F,0x5C,0x22,0x42,0x27,0xFC,0x2C,0x40,
    0x28,0x40,0x7F,0xFE,0x40,0x40,0x40,0x40,0x00,0x00,0x3F,0x64,0x0C,0x64,0x7F,0xE4,
    0x0C,0x64,0x1F,0x64,0x6D,0xBC,0x0C,0x90,0x08,0x80,0x1F,0xF8,0x30,0x80,0x00,0x80,
    0x7F,0xFE,0x00,0x80,0x00,0x80,0x00,0x00,0x10,0x20,0x50,0x20,0x53,0xFC,0x7C,0x20,
    0x53,0xFC,0x51,0x24,0xD1,0xAC,0x16,0x60,0x39,0xA0,0xF0,0xA0,0x17,0xFE,0x10,0x60,
    0x10,0xD8,0x13,0x86,0x14,0x02,0x01,0x20,0x01,0x30,0x01,0x18,0x01,0x08,0x7F,0xFC,
    0x7F,0xFC,0x01,0x80,0x01,0x80,0x03,0x80,0x02,0x40,0x04,0x60,0x0C,0x30,0x30,0x1C,
    0x60,0x06,0x40,0x02,0x27,0xFC,0x1D,0x0C,0x19,0x0C,0x39,0x0C,0x69,0x0C,0x09,0x08,
    0x19,0x08,0x3D,0x38,0x65,0x00,0xC5,0x04,0x05,0x02,0x0D,0x86,0x38,0xFC,0x00,0x00,
    0x00,0x00,0x08,0x60,0x08,0x78,0x48,0x6C,0x28,0x64,0x2B,0xFE,0x3B,0xFE,0x18,0x60,
    0x08,0x60,0x18,0x60,0x38,0xF0,0xC8,0x90,0x09,0x98,0x0B,0x0C,0x0E,0x06,0x0A,0x02,
    0x60,0x80,0x24,0x90,0x38,0x8C,0x10,0x88,0x7F,0xFE,0x48,0x80,0x08,0xA0,0x18,0xA0,
    0x28,0xA0,0xC9,0xA0,0x49,0x22,0x0B,0x22,0x0A,0x22,0x3E,0x3C,0x04,0x00,0x20,0x00,
    0x65,0xFC,0x3C,0x20,0x18,0x20,0x78,0x20,0xC8,0x20,0x08,0x20,0x19,0xFC,0x28,0x20,
    0xC8,0x20,0x48,0x20,0x08,0x20,0x08,0x20,0x3B,0xFE,0x00,0x00,0x00,0x60,0x64,0x60,
    0x3C,0x60,0x1A,0x64,0x3B,0x64,0x49,0x68,0x09,0x68,0x19,0xF8,0x38,0x60,0x68,0x70,
    0xC8,0x90,0x09,0x98,0x0B,0x0C,0x3E,0x06,0x04,0x02,0x65,0xFC,0x3D,0x04,0x11,0x24,
    0x79,0x24,0x49,0x24,0x09,0x24,0x19,0x24,0x29,0x64,0xE9,0x64,0x48,0x60,0x08,0xD8,
    0x09,0x8C,0x3F,0x06,0x00,0x02,0x00,0x00,0x6C,0xFC,0x3B,0xC8,0x32,0x48,0x72,0x48,
    0x52,0x48,0x1A,0x48,0x1A,0x48,0x6A,0x48,0xCA,0x6C,0x0A,0xD4,0x0A,0x94,0x0C,0xF6,
    0x7D,0x92,0x00,0x00,0x00,0x00,0x20,0x80,0x6D,0x80,0x29,0xFC,0x13,0x04,0x76,0x04,
    0x5F,0xE4,0x1A,0x24,0x1A,0x24,0x2A,0x24,0x4A,0x24,0x8B,0xE4,0x08,0x04,0x08,0x04,
    0x38,0x3C,0x00,0x20,0x65,0xF8,0x29,0x08,0x31,0x08,0x71,0x08,0x49,0xF8,0x09,0x08,
    0x19,0x08,0x29,0x08,0xC9,0xF8,0x49,0x08,0x09,0x08,0x09,0x08,0x3F,0xFE,0x00,0x00,
    0x00,0x00,0x20,0x40,0x64,0x20,0x2B,0xFC,0x32,0x04,0x72,0x04,0x48,0x00,0x0B,0xFE,
    0x18,0x20,0x28,0x20,0x48,0x20,0x08,0x20,0x08,0x20,0x08,0x20,0x39,0xE0,0x00,0x00,
    0x20,0x00,0x65,0xFC,0x29,0x0C,0x11,0x0C,0x31,0xFC,0x49,0x0C,0x09,0x0C,0x19,0xFC,
    0x29,0x44,0xC9,0x2C,0x49,0x30,0x09,0x10,0x09,0x6C,0x3B,0x86,0x02,0x00,0x00,0x40,
    0x64,0x40,0x2F,0xFE,0x38,0x00,0x30,0x90,0xD9,0x98,0x0B,0x0C,0x1F,0x1E,0x2A,0x94,
    0xC8,0xB0,0x48,0x60,0x08,0xE0,0x09,0x98,0x3F,0x0E,0x04,0x02,0x00,0x20,0x64,0x20,
    0x38,0x20,0x33,0xFC,0x73,0x24,0x4B,0x24,0x1B,0x24,0x1B,0x24,0x6B,0xFC,0xC8,0x24,
    0x08,0x2C,0x08,0x24,0x4F,0xFE,0x3C,0x02,0x00,0x00,0x20,0x60,0x64,0x60,0x2B,0xFC,
    0x30,0x60,0x72,0x64,0x49,0x6C,0x19,0xF8,0x18,0x60,0x2F,0xFE,0x48,0x60,0x08,0x70,
    0x08,0x90,0x09,0x0C,0x3E,0x06,0x04,0x00,0x41,0x00,0x49,0x7E,0x35,0x10,0x25,0x10,
    0x75,0x7C,0x55,0x54,0x15,0x54,0x35,0x54,0x75,0x54,0xD5,0x54,0x55,0x54,0x11,0x5C,
    0x12,0x10,0x76,0x10,0x04,0x10,0x40,0x80,0x2D,0xF8,0x3B,0x10,0x16,0x30,0x73,0xFC,
    0x50,0x4C,0x18,0x4C,0x1F,0xFE,0x28,0x4C,0xC8,0x4C,0x4B,0xFC,0x08,0x40,0x08,0x40,
    0x31,0xC0,0x00,0x00,0x00,0x00,0x42,0x10,0x2E,0x1C,0x39,0x14,0x31,0x16,0x70,0xFE,
    0x57,0xFE,0x1B,0x10,0x3B,0x30,0x2B,0x30,0xCB,0x38,0x4B,0xA8,0x0B,0x4C,0x0A,0xC4,
    0x31,0x82,0x00,0x82,0x40,0x00,0x2F,0xFC,0x2A,0x64,0x12,0x64,0x73,0xFC,0x5A,0x64,
    0x1A,0x64,0x1B,0xFC,0x28,0x60,0x48,0x60,0x0B,0xFC,0x08,0x60,0x08,0x60,0x77,0xFE,
    0x00,0x00,0x20,0x40,0x64,0x60,0x2B,0xFC,0x13,0x0C,0x73,0x0C,0x5B,0xFC,0x1B,0x0C,
    0x1B,0xFC,0x2B,0x44,0xCB,0x6C,0x4B,0x38,0x0B,0x10,0x0B,0x4C,0x7B,0x86,0x00,0x00,
    0x00,0x00,0x20,0x90,0x64,0x90,0x2B,0xFC,0x30,0x90,0x70,0x90,0xDF,0xFE,0x18,0x00,
    0x18,0x00,0x29,0xFC,0xC9,0x0C,0x49,0xFC,0x09,0x0C,0x09,0x0C,0x39,0xFC,0x01,0x0C,
    0x65,0xFC,0x29,0x0C,0x11,0xFC,0x71,0x0C,0x59,0x0C,0x09,0xFC,0x18,0x00,0x2B,0xFC,
    0xCA,0x04,0x4B,0xFC,0x0A,0x04,0x0A,0x04,0x7B,0xFC,0x02,0x04,0x00,0x00,0x40,0x00,
    0x6D,0xFC,0x38,0x18,0x30,0x20,0xF7,0xFE,0x50,0x20,0x10,0x20,0x38,0xE0,0x28,0x00,
    0xCB,0xFC,0x4A,0x94,0x0A,0x94,0x1A,0x94,0x77,0xFE,0x00,0x00,0x00,0x60,0x64,0x60,
    0x2B,0xFC,0x13,0xFC,0x70,0x60,0x57,0xFE,0x18,0x00,0x1B,0xFC,0x2B,0x04,0xCB,0xFC,
    0x4B,0x04,0x0B,0xFC,0x0B,0x04,0x3B,0x0C,0x00,0x10,0x40,0x00,0x6F,0xFC,0x3A,0x04,
    0x33,0xFC,0x72,0x04,0x53,0xFC,0x12,0x00,0x3B,0x60,0x2B,0xFC,0xCC,0x60,0x4B,0xFC,
    0x08,0x60,0x18,0x60,0x37,0xFE,0x00,0x00,0x20,0x40,0x64,0x44,0x2F,0xF4,0x18,0x48,
    0x30,0x58,0x5F,0xFE,0x08,0x60,0x19,0x80,0x2B,0xF8,0xCD,0x08,0x49,0xF8,0x09,0x08,
    0x09,0x08,0x39,0xF8,0x01,0x08,0x40,0x90,0x2C,0x90,0x3B,0xFE,0x30,0x90,0x70,0x90,
    0xD3,0xFC,0x1A,0x64,0x1A,0x64,0x2A,0x64,0xCB,0xFC,0x4A,0x64,0x0A,0x64,0x1B,0xFC,
    0x73,0xFC,0x00,0x00,0x0C,0x10,0x0C,0x18,0x7F,0x94,0x0C,0x14,0x0C,0x10,0x7F,0x7E,
    0x53,0x10,0x4D,0x10,0x5F,0x30,0x49,0x28,0x5F,0x28,0x49,0x28,0x49,0x64,0x4B,0xC6,
    0x00,0x00,0x41,0x00,0x6D,0x78,0x3B,0x08,0x32,0x08,0x32,0xFE,0x56,0x40,0x16,0x40,
    0x1A,0xFC,0x2A,0x90,0xCA,0xFE,0x4A,0x10,0x0A,0x30,0x1A,0x68,0x72,0xC6,0x03,0x02,
    0x40,0x00,0x6F,0xF8,0x3B,0x08,0x33,0xE8,0x73,0x28,0xD7,0xFE,0x14,0x06,0x3D,0xFE,
    0x29,0x08,0xC9,0xF8,0x49,0x08,0x09,0xF8,0x19,0x08,0x71,0x38,0x00,0x00,0x20,0x60,
    0x64,0x60,0x2B,0xFC,0x10,0x60,0x37,0xFE,0x50,0x00,0x1B,0xFC,0x1A,0x04,0x2B,0xFC,
    0xC8,0xE4,0x49,0xAC,0x0F,0x90,0x0C,0xAC,0x31,0xC6,0x01,0x00,0x42,0x10,0x4A,0x3C,
    0x37,0xA4,0x22,0x48,0x6F,0xFC,0xDA,0xC4,0x1A,0xD4,0x3A,0xD4,0x7F,0xD4,0xD3,0x54,
    0x17,0xD4,0x1E,0x98,0x1A,0x24,0x72,0xC2,0x02,0x82,0x00,0x00,0x01,0x00,0x01,0x80,
    0x00,0x80,0x7F,0xFE,0x02,0x10,0x04,0x18,0x08,0x20,0x3F,0xC0,0x20,0x80,0x01,0x20,
    0x06,0x10,0x0C,0x18,0x3F,0xF8,0x38,0x0C,0x00,0x04,0x00,0x00,0x01,0x00,0x01,0x80,
    0x7F,0xFC,0x23,0x24,0x62,0x4C,0x1F,0x98,0x09,0x40,0x1A,0x78,0x6F,0xE6,0x41,0xB4,
    0x01,0x80,0x7F,0xFE,0x01,0x80,0x01,0x80,0x01,0x80,0x3F,0xFC,0x01,0x00,0x01,0x00,
    0x01,0x00,0x01,0x00,0x3F,0xFC,0x01,0x00,0x01,0x20,0x01,0x10,0x01,0x18,0x01,0x08,
    0x01,0x00,0x7F,0xFE,0x3F,0xFC,0x3F,0xFC,0x01,0x80,0x01,0x80,0x01,0x80,0x01,0x80,
    0x3F,0xF8,0x01,0x80,0x01,0x80,0x01,0x80,0x01,0x80,0x01,0x80,0x7F,0xFE,0x00,0x40,
    0x00,0xC0,0x7C,0xF8,0x10,0xF8,0x11,0x18,0x11,0x10,0x7F,0x10,0x10,0x30,0x10,0x30,
    0x10,0x70,0x12,0xD8,0x3D,0x8C,0xE3,0x06,0x06,0x02,0x00,0x00,0x01,0xF8,0x7C,0x08,
    0x11,0x88,0x11,0x08,0x11,0x18,0x7D,0x18,0x11,0xFC,0x10,0x04,0x10,0x04,0x13,0xF4,
    0x1C,0x04,0xF8,0x04,0x00,0x3C,0x00,0x00,0x01,0xFC,0x7D,0xFC,0x10,0x00,0x10,0x00,
    0x10,0x00,0x7F,0xFE,0x10,0x90,0x10,0x90,0x10,0x90,0x14,0x92,0x3D,0x92,0x61,0x12,
    0x06,0x1E,0x02,0x00,0x00,0xC0,0x00,0x80,0x7C,0x80,0x11,0xFE,0x11,0x08,0x11,0x08,
    0x7E,0x98,0x10,0x90,0x10,0xD0,0x10,0x60,0x12,0x60,0xBC,0xD0,0x61,0x8C,0x06,0x06,
    0x04,0x02,0x01,0xFE,0x7D,0xFE,0x10,0x20,0x10,0x60,0x10,0x60,0x7C,0xF0,0x11,0xE8,
    0x11,0x64,0x16,0x66,0x12,0x62,0x1E,0x60,0x70,0x60,0x00,0x60,0x00,0x60,0x7D,0xFC,
    0x7D,0x0C,0x11,0x6C,0x11,0x6C,0x11,0x6C,0x7D,0x6C,0x11,0x4C,0x11,0x4C,0x11,0x6C,
    0x14,0xE0,0x3C,0xA2,0xE3,0x22,0x06,0x3E,0x04,0x00,0x00,0x00,0x00,0x60,0x7C,0x60,
    0x7C,0xD0,0x11,0x98,0x11,0x4C,0x16,0x66,0x7C,0x22,0x10,0x00,0x13,0xFC,0x10,0x08,
    0x11,0x90,0x1C,0xE0,0xF0,0x60,0x00,0x18,0x00,0x08,0x00,0x20,0x00,0x20,0x7F,0xFC,
    0x12,0x24,0x12,0x24,0x12,0x20,0x7B,0xFC,0x12,0x8C,0x12,0x88,0x12,0xD8,0x16,0x50,
    0xFE,0x30,0x44,0xD8,0x0F,0x8E,0x0A,0x02,0x7B,0xBC,0x7A,0xA4,0x12,0xA4,0x12,0xA4,
    0x12,0xA4,0x7A,0xA4,0x17,0xFE,0x12,0xA4,0x12,0xA4,0x16,0xA4,0x7C,0xA4,0x44,0xA4,
    0x0D,0xDC,0x08,0x40,0x00,0x00,0x00,0x60,0x00,0x60,0x7C,0x90,0x11,0x98,0x13,0x2C,
    0x16,0x62,0x7C,0xC0,0x13,0x18,0x12,0x30,0x10,0xC4,0x13,0x8C,0x1C,0x30,0xF0,0xE0,
    0x07,0x80,0x02,0x00,0x00,0x20,0x00,0x20,0x7C,0x20,0x11,0xFC,0x10,0x20,0x10,0x20,
    0x7C,0x20,0x7F,0xFE,0x10,0x40,0x10,0xD0,0x10,0x98,0x1D,0x08,0x7B,0x1C,0x03,0xFC,
    0x00,0x06,0x00,0x20,0x01,0x20,0x7D,0x20,0x13,0xFC,0x12,0x20,0x12,0x20,0x7C,0x20,
    0x13,0xFE,0x10,0x70,0x10,0xB0,0x15,0xA8,0x3F,0x2C,0x46,0x26,0x04,0x20,0x00,0x20,
    0x00,0x80,0x7C,0xBE,0x7C,0x98,0x12,0x98,0x12,0x98,0x12,0x98,0x7A,0xBE,0x12,0xBE,
    0x12,0x98,0x12,0x98,0x10,0x98,0x1D,0x18,0x71,0x18,0x02,0x7E,0x04,0x00,0x00,0x50,
    0x00,0x48,0x7C,0x4C,0x13,0xFE,0x10,0x40,0x12,0x64,0x7F,0x6C,0x7D,0x78,0x10,0xD0,
    0x11,0xD8,0x13,0x4C,0x1C,0x46,0xF8,0x42,0x01,0xC0,0x00,0x00,0x00,0x40,0x00,0x60,
    0x7F,0xFC,0x12,0x0C,0x13,0xFC,0x13,0xFC,0x7E,0x0C,0x13,0xFC,0x12,0x40,0x12,0x44,
    0x12,0x38,0x1E,0x10,0xF2,0x48,0x03,0x86,0x02,0x00,0x00,0x00,0x03,0xFC,0x7F,0x24,
    0x13,0x24,0x13,0xFC,0x13,0x24,0x7F,0x24,0x13,0xFC,0x10,0x20,0x10,0x20,0x13,0xFC,
    0x1C,0x20,0x78,0x20,0x07,0xFE,0x00,0x00,0x00,0x40,0x00,0x40,0x7B,0xFC,0x30,0x80,
    0x31,0x90,0x33,0x08,0x7F,0xFC,0x30,0x04,0x32,0x50,0x32,0x50,0x32,0x50,0x3A,0x52,
    0xE2,0x52,0x04,0x5E,0x08,0x00,0x00,0x00,0x00,0x20,0x03,0x24,0x7D,0x2C,0x10,0xB8,
    0x10,0x20,0x13,0xFC,0x7F,0x04,0x13,0x24,0x13,0x24,0x13,0x64,0x13,0x44,0xBC,0x70,
    0x61,0x8C,0x07,0x06,0x04,0x02,0x7F,0xFE,0x7C,0x60,0x10,0xC0,0x13,0xC4,0x16,0x48,
    0x7A,0xF0,0x11,0x28,0x17,0x68,0x15,0xE8,0x15,0xA4,0x7B,0x24,0x4C,0x22,0x08,0xE0,
    0x00,0x00,0x01,0x10,0x01,0x10,0x79,0x10,0x27,0xFC,0x21,0x10,0x23,0x10,0x7B,0xB8,
    0x7F,0x78,0x25,0x54,0x2D,0x54,0x29,0xD2,0x39,0x92,0xF1,0x10,0x01,0x10,0x01,0x10,
    0x3F,0xFC,0x08,0x30,0x3E,0xFC,0x08,0x30,0x7F,0xFC,0x01,0x80,0x06,0xC0,0x1D,0x38,
    0xF1,0x8E,0x5F,0xF2,0x00,0x30,0x00,0x60,0x00,0xC0,0x01,0x00,0x00,0x00,0x3E,0xFC,
    0x08,0x20,0x3E,0xFC,0x08,0x20,0x08,0x20,0x7F,0xFE,0x00,0x00,0x10,0xC4,0x1F,0xF8,
    0x10,0xE0,0x10,0xC6,0x17,0xC4,0x38,0x7C,0x00,0x00,0x00,0x00,0x7F,0xFC,0x08,0x30,
    0x3E,0xFC,0x08,0x30,0x7F,0xFE,0x00,0x00,0x3F,0xF8,0x31,0x08,0x31,0x08,0x3F,0xF8,
    0x30,0x06,0x30,0x04,0x1F,0xFC,0x00,0x00,0x00,0x00,0x00,0x40,0x00,0x60,0x7F,0xFE,
    0x10,0x00,0x13,0xFC,0x13,0xFC,0x7F,0x0C,0x13,0x0C,0x13,0xFC,0x10,0x20,0x15,0x28,
    0x3F,0x2C,0x66,0x26,0x04,0xE2,0x00,0x00,0x01,0x00,0x01,0x3C,0x79,0x24,0x17,0xE4,
    0x11,0x24,0x11,0x3C,0x79,0x24,0x13,0xA4,0x12,0xA4,0x12,0xBC,0x12,0xA4,0x1A,0xA4,
    0xF3,0xE4,0x00,0x5C,0x00,0xC0,0x00,0x40,0x02,0x44,0x7A,0x44,0x13,0xFC,0x10,0x00,
    0x10,0x00,0x7F,0xFE,0x10,0x40,0x13,0xFC,0x12,0xB4,0x12,0xB4,0x3A,0xB4,0xC2,0xB4,
    0x02,0x9C,0x00,0x08,0x3F,0xFC,0x08,0x30,0x08,0x30,0x3E,0xFC,0x08,0x30,0x7F,0xFE,
    0x01,0x10,0x05,0x98,0x34,0xEC,0x24,0xC4,0x47,0x16,0x1C,0x12,0x67,0xF0,0x00,0x00,
    0x00,0x60,0x00,0x40,0x7F,0xFC,0x12,0x44,0x12,0x44,0x13,0xFC,0x7A,0x44,0x13,0xFC,
    0x13,0xFC,0x10,0x50,0x10,0xDC,0x1D,0xFC,0x73,0x42,0x0E,0x3E,0x04,0x00,0x00,0x00,
    0x03,0xFE,0x7E,0x44,0x13,0x64,0x11,0x28,0x11,0x08,0x7D,0xFC,0x12,0x20,0x16,0x20,
    0x17,0xFE,0x10,0x20,0x1E,0x24,0x72,0x24,0x03,0xFC,0x00,0x04,0x00,0x00,0x00,0x40,
    0x00,0x60,0x7B,0xFE,0x12,0x94,0x12,0x64,0x13,0x94,0x7B,0xFC,0x10,0x40,0x10,0x40,
    0x13,0xFC,0x12,0x94,0x1B,0xF4,0xF2,0x8C,0x02,0x0C,0x00,0x00,0x00,0x00,0x07,0xFC,
    0x1F,0x10,0x11,0x10,0x11,0x10,0x11,0x10,0x11,0x10,0x11,0x10,0x11,0x58,0x13,0xC8,
    0x22,0x48,0x22,0x6C,0x67,0xE4,0x47,0x26,0x00,0x20,0x00,0x00,0x7F,0x1C,0x14,0xE8,
    0x7F,0xA8,0x55,0xA8,0x55,0xA8,0x7F,0xA4,0x3E,0xA4,0x00,0xA4,0x7F,0xB4,0x08,0xAC,
    0x2A,0xAA,0x4B,0xBA,0xD9,0x4B,0x01,0x00,0x00,0x00,0x20,0x08,0x13,0xC8,0x7B,0x7E,
    0x2B,0x54,0x2B,0x54,0x2B,0x54,0x7B,0x7E,0x13,0x48,0x13,0x48,0x7B,0xC8,0x7D,0xBE,
    0x25,0x68,0x25,0xE8,0x6A,0x58,0x48,0x08,0x08,0x02,0x7F,0x7C,0x00,0xA8,0x77,0xA8,
    0x55,0xA8,0x77,0xA8,0x7F,0xA8,0x14,0xA4,0x7F,0xA4,0x14,0xB4,0x7B,0xAC,0x3E,0xAC,
    0xE6,0xBA,0x19,0x6A,0x21,0x02,0x00,0x00,0x7F,0xFE,0x08,0x00,0x08,0x00,0x08,0x00,
    0x0F,0xF0,0x18,0x30,0x1E,0x30,0x13,0x20,0x11,0xA0,0x10,0xA4,0x10,0x62,0x1F,0xE2,
    0x38,0x3C,0x00,0x00,0x04,0x40,0x0C,0x20,0x11,0x18,0x62,0xCC,0x44,0x22,0x0F,0xD0,
    0x00,0x00,0x7F,0xFC,0x08,0x00,0x1F,0xF0,0x12,0x30,0x11,0xB4,0x10,0x22,0x3F,0xFC,
    0x00,0x00,0x22,0x00,0x36,0xFE,0x14,0x40,0x7F,0x40,0x24,0x40,0x24,0x78,0x24,0x48,
    0x24,0xE8,0x7F,0xA8,0x24,0x98,0x24,0x98,0x24,0x8A,0x64,0xBA,0x45,0xCE,0xC4,0x00,
    0x21,0x00,0x31,0xFC,0x0A,0x04,0x0C,0x48,0x18,0xE0,0x63,0x18,0x0C,0x04,0x7F,0xFE,
    0x08,0x00,0x1F,0xF0,0x12,0x20,0x13,0x26,0x10,0xA4,0x3F,0xFC,0x00,0x00,0x7F,0xFE,
    0x14,0x40,0x14,0x40,0x7F,0x78,0x55,0x78,0x55,0x48,0x7F,0x68,0x08,0x78,0x08,0x58,
    0x7F,0x48,0x08,0x8A,0x0B,0xBA,0xFC,0xCE,0x00,0x00,0x18,0x10,0x18,0x10,0x18,0x10,
    0x7F,0xFE,0x18,0x10,0x18,0x10,0x18,0x10,0x1F,0xF0,0x1F,0xF0,0x18,0x10,0x18,0x10,
    0x18,0x10,0x18,0x10,0x1F,0xF0,0x18,0x10,0x08,0x10,0x08,0x10,0x7F,0xFC,0x08,0x10,
    0x0F,0xF0,0x08,0x10,0x0F,0xF0,0x08,0x10,0x7F,0xFE,0x20,0x00,0x23,0x60,0x26,0x10,
    0x28,0x08,0x3F,0xFC,0x00,0x00,0x00,0x88,0x3E,0x88,0x78,0x88,0x19,0xFE,0x18,0x88,
    0x7E,0x88,0x18,0x88,0x18,0xF8,0x3C,0xF8,0x24,0x88,0x24,0x88,0x24,0x88,0x24,0xF8,
    0x3C,0x88,0x00,0x88,0x00,0x80,0x08,0x80,0x10,0x80,0x1F,0xFC,0x30,0x80,0x20,0x80,
    0x60,0x80,0x40,0x80,0x1F,0xFC,0x00,0x80,0x00,0x80,0x00,0x80,0x00,0x80,0x7F,0xFE,
    0x08,0x00,0x29,0xFC,0x29,0x24,0x7D,0x24,0x49,0xFC,0x49,0x24,0x49,0xFC,0x7C,0x40,
    0x08,0x40,0x0B,0xFC,0x08,0x44,0x0E,0xC4,0x71,0x84,0x03,0x3C,0x04,0x00,0x3F,0xFC,
    0x31,0x8C,0x31,0x8C,0x31,0x8C,0x3F,0xFC,0x31,0x8C,0x31,0x8C,0x31,0x8C,0x3F,0xFC,
    0x21,0x8C,0x21,0x8C,0x21,0x8C,0x41,0xBC,0x40,0x00,0x3F,0xF8,0x21,0x08,0x21,0x08,
    0x3F,0xF8,0x3F,0xF8,0x21,0x08,0x21,0x08,0x3F,0xF8,0x21,0x08,0x21,0x18,0x21,0x32,
    0x61,0x02,0x41,0xFE,0x40,0x00,0x01,0x30,0x01,0x18,0x7F,0xFE,0x01,0x00,0x01,0x00,
    0x3F,0xF8,0x21,0x08,0x3F,0xF8,0x3F,0xF8,0x21,0x08,0x3F,0xF8,0x21,0x08,0x21,0x08,
    0x21,0x38,0x00,0x20,0x3F,0xFC,0x01,0x80,0x07,0x60,0x19,0x1C,0x61,0x02,0x1F,0xF8,
    0x11,0x88,0x1F,0xF8,0x11,0x88,0x11,0x88,0x1F,0xF8,0x31,0x88,0x21,0xB8,0x40,0x30,
    0x3F,0xFC,0x3F,0xFC,0x21,0x0C,0x21,0x0C,0x21,0x0C,0x21,0x0C,0x3F,0xFC,0x21,0x0C,
    0x21,0x0C,0x21,0x0C,0x21,0x0C,0x3F,0xFC,0x20,0x0C,0x00,0x00,0x01,0x00,0x01,0x00,
    0x01,0x00,0x3F,0xFC,0x21,0x0C,0x21,0x0C,0x21,0x0C,0x3F,0xFC,0x3F,0xFC,0x21,0x0C,
    0x21,0x0C,0x21,0x0C,0x3F,0xFC,0x20,0x0C,0x20,0x0C,0x3F,0xFC,0x21,0x0C,0x21,0x0C,
    0x21,0x0C,0x3F,0xFC,0x21,0x0C,0x21,0x0C,0x21,0x0C,0x3F,0xFC,0x3F,0xFC,0x01,0x00,
    0x01,0x00,0x01,0x00,0x01,0x00,0x01,0x00,0x01,0x00,0x3F,0xFC,0x21,0x0C,0x21,0x0C,
    0x21,0x0C,0x3F,0xFC,0x21,0x0C,0x21,0x0C,0x21,0x0C,0x3F,0xFC,0x01,0x00,0x01,0x00,
    0x01,0x00,0x01,0x00,0x01,0x00,0x01,0x00,0x3F,0xF8,0x21,0x08,0x21,0x08,0x21,0x08,
    0x3F,0xF8,0x21,0x08,0x21,0x08,0x21,0x08,0x3F,0xFC,0x01,0x02,0x01,0x02,0x01,0xFE,
    0x00,0x00,0x3F,0xF8,0x31,0x08,0x3F,0xF8,0x3F,0xF8,0x31,0x08,0x3F,0xF8,0x00,0x00,
    0x02,0x00,0x7F,0xFC,0x02,0x08,0x06,0x08,0x0C,0x08,0x70,0x78,0x40,0x00,0x00,0x00,
    0x0C,0x00,0x08,0x00,0x1F,0xFC,0x30,0x04,0x3F,0xC4,0x52,0x44,0x12,0x44,0x12,0x44,
    0x1F,0xC4,0x12,0x44,0x12,0x44,0x1F,0xCC,0x1F,0xCC,0x00,0x38,0x00,0x00,0x00,0x00,
    0x7F,0xFE,0x00,0x00,0x20,0x04,0x2F,0xE4,0x2D,0x24,0x2D,0x24,0x2F,0xE4,0x2D,0x24,
    0x2D,0x24,0x2F,0xE4,0x20,0x04,0x20,0x04,0x3F,0xFC,0x00,0x04,0x10,0x00,0x11,0xF8,
    0x7E,0x18,0x7E,0x30,0x52,0x40,0x53,0x80,0x7F,0xFC,0x52,0xD4,0x52,0xB4,0x52,0xA4,
    0x7F,0x24,0x13,0x64,0x16,0xC4,0x11,0x9C,0x10,0x80,0x3F,0xF8,0x31,0x08,0x3F,0xF8,
    0x31,0x08,0x31,0x08,0x3F,0xF8,0x03,0xC0,0x0E,0x60,0x3C,0x38,0xE4,0x26,0x04,0x20,
    0x0C,0x20,0x18,0x20,0x20,0x20,0x00,0x00,0x3F,0xF8,0x31,0x08,0x3F,0xF8,0x31,0x08,
    0x31,0x08,0x3F,0xF8,0x00,0x00,0x7F,0xFE,0x12,0x08,0x11,0x38,0x10,0xE0,0x13,0x70,
    0x3C,0x1E,0x20,0x00,0x00,0x00,0x00,0x20,0x7F,0x26,0x7E,0xA4,0x4A,0xA4,0x4A,0x68,
    0x4A,0x20,0x4A,0xFC,0x7E,0x20,0x4A,0x20,0x4A,0x20,0x4B,0xFE,0x4A,0x20,0x7E,0x20,
    0x00,0x20,0x00,0x20,0x02,0x00,0x3E,0xFC,0x24,0x44,0x26,0x44,0x26,0x44,0x7B,0xBC,
    0x21,0x10,0x00,0x00,0x3F,0xF8,0x31,0x08,0x3F,0xF8,0x31,0x08,0x31,0x08,0x3F,0xF8,
    0x30,0x08,0x01,0x00,0x01,0x80,0x7F,0xFE,0x0C,0x30,0x3F,0xC0,0x03,0x10,0x0C,0x38,
    0x3F,0xC4,0x00,0x00,0x1F,0xF8,0x11,0x08,0x1F,0xF8,0x11,0x08,0x1F,0xF8,0x10,0x08,
    0x00,0x00,0x00,0x60,0x7E,0x7C,0x7E,0xFC,0x52,0xC8,0x53,0x58,0x52,0x30,0x52,0x78,
    0x7F,0xC6,0x53,0x00,0x52,0xFC,0x52,0x84,0x52,0x84,0x7E,0x84,0x00,0xFC,0x00,0x00,
    0x00,0x00,0x00,0x20,0x7C,0x20,0x7D,0xFC,0x55,0xFC,0x54,0x20,0x54,0x20,0x55,0xFE,
    0x7C,0x00,0x54,0x20,0x55,0xFC,0x54,0x20,0x54,0x20,0x7C,0x20,0x03,0xFE,0x00,0x00,
    0x00,0x08,0x3F,0xFC,0x19,0x10,0x0D,0x30,0x7F,0xFE,0x07,0x60,0x0D,0x30,0xB0,0x1C,
    0x5F,0xFA,0x11,0x08,0x1F,0xF8,0x11,0x08,0x11,0x08,0x1F,0xF8,0x10,0x08,0x00,0x20,
    0x3C,0x20,0x3D,0xFE,0x34,0x40,0x35,0xFC,0x34,0x40,0x3D,0xFE,0x35,0xFE,0x34,0x88,
    0x34,0xFE,0x35,0x48,0x3D,0x48,0x02,0x28,0x04,0x38,0x00,0x20,0x00,0x20,0x00,0x20,
    0x7D,0xFC,0x54,0x30,0x54,0x58,0x55,0x84,0x55,0xFE,0x7C,0x04,0x54,0xE4,0x54,0xA4,
    0x54,0xA4,0x54,0xE4,0x7C,0x04,0x00,0x18,0x00,0x00,0x7B,0xFC,0x08,0xD8,0x3B,0x24,
    0x23,0xFC,0x23,0xFC,0x78,0x00,0x2B,0xFE,0x7B,0xFC,0x2A,0x24,0x2B,0xFC,0x7B,0xFC,
    0x08,0x00,0x3B,0xFE,0x00,0x00,0x00,0x00,0x00,0x40,0x7C,0x60,0x7F,0xFC,0x08,0xC0,
    0x08,0x90,0x49,0x08,0x4B,0xFC,0x4C,0x04,0x49,0x48,0x49,0x48,0x49,0x48,0x4D,0x4A,
    0xFE,0x4A,0x86,0x4E,0x04,0x00,0x00,0x00,0x22,0x00,0x2E,0xFC,0x30,0x0C,0x22,0xD8,
    0x3E,0x30,0x20,0x10,0x3F,0xFE,0x28,0x34,0x48,0xB0,0x7E,0xBC,0x08,0xB0,0x1C,0xB0,
    0x37,0x70,0x63,0x3E,0x42,0x00,0x00,0x80,0x00,0x40,0x1F,0xFE,0x50,0x00,0x50,0x00,
    0x37,0xFC,0x30,0x18,0x10,0x30,0xF0,0x60,0x90,0x60,0x10,0x60,0x10,0x60,0x20,0x60,
    0x61,0xC0,0x20,0x00,0x00,0x80,0x00,0xC0,0x1F,0xFE,0x51,0x00,0x53,0xFC,0x37,0xFC,
    0x3C,0x00,0x37,0xF8,0xF0,0x30,0x90,0xC0,0x11,0x80,0x13,0x06,0x26,0x04,0x67,0xFC,
    0x20,0x00,0x00,0x80,0x00,0x40,0x5F,0xFE,0x50,0x80,0x51,0x80,0x31,0xF0,0x33,0x10,
    0x36,0x30,0xFC,0x20,0x90,0x60,0x10,0xF0,0x31,0x98,0x27,0x0C,0x6C,0x06,0x40,0x00,
    0x00,0x80,0x00,0x40,0x1F,0xFE,0x50,0x00,0x70,0x00,0x33,0xFC,0x32,0x00,0x12,0x00,
    0xF2,0x00,0x97,0xFE,0x12,0x00,0x12,0x00,0x22,0x00,0x63,0xFC,0x40,0x00,0x00,0x80,
    0x00,0xC0,0x1F,0xFE,0x50,0x00,0x53,0xF8,0x30,0x30,0x50,0xC0,0x33,0x00,0xF7,0xFC,
    0x11,0x24,0x12,0x24,0x36,0x44,0x3C,0xC4,0x69,0xB8,0x41,0x00,0x00,0x80,0x00,0xC0,
    0x1F,0xFE,0x50,0x00,0x53,0xFC,0x73,0xFC,0x32,0x4C,0x12,0x4C,0xF3,0xFC,0x93,0xFC,
    0x12,0x00,0x32,0x02,0x22,0x06,0x63,0xFC,0x40,0x00,0x00,0xC0,0x00,0x40,0x5F,0xFE,
    0x50,0x40,0x70,0xE0,0x31,0x90,0x33,0x0C,0x1F,0x06,0xF9,0x12,0x91,0x10,0x11,0x10,
    0x11,0x10,0x23,0x10,0x6E,0x10,0x24,0x00,0x00,0x80,0x00,0xC0,0x1F,0xFE,0x50,0x00,
    0x53,0xF0,0x32,0x10,0x36,0x1E,0x34,0x00,0xF7,0xF8,0x92,0x18,0x11,0x10,0x30,0xE0,
    0x21,0xF0,0x6F,0x1E,0x48,0x02,0x00,0x00,0x00,0x80,0x00,0xC0,0x5F,0xFE,0x50,0xE0,
    0x71,0xB0,0x33,0x18,0x3F,0xFE,0x3B,0xF2,0xF2,0x10,0x92,0x10,0x12,0x70,0x32,0x04,
    0x22,0x04,0x63,0xFC,0x20,0x00,0x00,0x80,0x00,0xC0,0x1F,0xFE,0x50,0x00,0x57,0xF8,
    0x36,0x08,0x37,0x38,0x36,0xA8,0xF6,0xE8,0x94,0x48,0x14,0xE8,0x25,0xAA,0x27,0x1A,
    0x49,0x16,0x48,0x04,0x00,0x80,0x00,0xC0,0x1F,0xFE,0x50,0x40,0x53,0xFC,0x32,0x44,
    0x32,0x4C,0x12,0x40,0xF3,0xF8,0x93,0x88,0x16,0x90,0x34,0x60,0x24,0xF0,0x6B,0x8E,
    0x5A,0x02,0x00,0x80,0x00,0xC0,0x1F,0xFE,0x50,0x00,0x70,0xB0,0x34,0xB4,0x34,0xB6,
    0x14,0xF8,0x74,0xB0,0x54,0xB0,0x14,0xB0,0x34,0xB2,0x27,0xF2,0x6C,0x1C,0x40,0x00,
    0x00,0x80,0x00,0xC0,0x1F,0xFE,0x50,0xC0,0x51,0xA0,0x33,0x18,0x3E,0x6E,0x39,0xC2,
    0x77,0x18,0x50,0x60,0x13,0x8C,0x36,0x18,0x20,0xE0,0x67,0x80,0x48,0x00,0x00,0x80,
    0x00,0xC0,0x1F,0xFE,0xD1,0x00,0x53,0xF8,0x52,0x08,0x35,0x90,0x18,0xE0,0xF1,0xB8,
    0x9E,0x0E,0x11,0xE0,0x30,0x10,0x27,0x80,0x60,0xF8,0x40,0x08,0x00,0x80,0x00,0xC0,
    0x1F,0xFE,0x50,0x00,0x53,0xF8,0x32,0x08,0x32,0x08,0x13,0xF8,0xF2,0x08,0x92,0x08,
    0x13,0xF8,0x12,0x08,0x22,0x08,0x6F,0xFE,0x20,0x00,0x00,0x80,0x00,0x40,0x1F,0xFE,
    0x51,0x00,0x53,0x00,0x73,0xFC,0x56,0x40,0x14,0x40,0xF0,0x40,0x57,0xFE,0x10,0xE0,
    0x10,0xB0,0x23,0x18,0x6E,0x0E,0x48,0x02,0x00,0x80,0x00,0xC0,0x1F,0xFE,0x50,0x00,
    0x57,0xFE,0x30,0x40,0x30,0x40,0x17,0xFC,0xF6,0x44,0x56,0x64,0x16,0xB4,0x37,0x1C,
    0x26,0x04,0x66,0x1C,0x40,0x10,0x00,0x80,0x00,0x40,0x1F,0xFE,0x50,0x00,0x57,0xFC,
    0x37,0xFC,0x30,0x20,0x32,0x20,0xF2,0x3C,0x92,0x20,0x12,0x20,0x32,0x20,0x22,0x20,
    0x6F,0xFE,0x40,0x00,0x00,0x80,0x00,0xC0,0x1F,0xFE,0x50,0x00,0x57,0xFC,0x34,0x44,
    0x34,0x44,0x37,0xFC,0xF4,0x44,0x94,0x44,0x17,0xFC,0x24,0x44,0x24,0x44,0x6C,0x5C,
    0x48,0x00,0x00,0x80,0x00,0xC0,0x1F,0xFE,0x50,0x00,0x53,0xF8,0x30,0x18,0x30,0x60,
    0x31,0xF8,0xFF,0x06,0x90,0x00,0x13,0xFC,0x30,0x40,0x20,0x40,0x6F,0xFE,0x40,0x00,
    0x00,0x80,0x00,0x40,0x1F,0xFE,0x50,0xC0,0x51,0xB0,0x33,0x18,0x3C,0x06,0x13,0xF8,
    0xF0,0x40,0x90,0x40,0x17,0xFC,0x30,0x40,0x20,0x40,0x6F,0xFE,0x40,0x00,0x00,0x80,
    0x00,0xC0,0x1F,0xFE,0x53,0x08,0x51,0x10,0x37,0xFC,0x30,0x40,0x30,0x40,0xF7,0xFC,
    0x90,0x40,0x10,0x40,0x3F,0xFE,0x20,0x40,0x60,0x40,0x40,0x40,0x00,0x80,0x00,0xC0,
    0x1F,0xFE,0x50,0x40,0x57,0xFC,0x70,0x40,0x30,0x40,0x3F,0xFE,0xF0,0x10,0x97,0xFE,
    0x10,0x10,0x23,0x10,0x21,0x90,0x40,0x70,0x00,0x40,0x00,0x80,0x00,0x80,0x5F,0xFE,
    0x50,0x00,0x57,0xF8,0x36,0x08,0x37,0xF8,0x36,0x08,0xF6,0x08,0x17,0xFC,0x16,0x4C,
    0x36,0x70,0x26,0xB0,0x67,0x8E,0x44,0x00,0x00,0x00,0x00,0x80,0x00,0xC0,0x1F,0xFE,
    0x50,0x00,0x77,0xFC,0x30,0x00,0x33,0xF8,0x33,0xF8,0x72,0x08,0x53,0xF8,0x11,0x10,
    0x33,0x18,0x21,0x90,0x6F,0xFE,0x40,0x00,0x00,0x80,0x00,0xC0,0x5F,0xFE,0x50,0x00,
    0x57,0xFC,0x71,0xB0,0x37,0xFC,0x34,0x44,0xF4,0x44,0x97,0xFC,0x14,0x44,0x37,0xFC,
    0x24,0x44,0x64,0x5C,0x40,0x00,0x00,0x80,0x1F,0xFE,0x5F,0xFE,0x50,0x00,0x57,0xFC,
    0x30,0x40,0x11,0xD0,0x33,0x4C,0xFC,0x42,0x10,0x00,0x13,0xFC,0x32,0x04,0x22,0x04,
    0x63,0xFC,0x42,0x04,0x00,0x80,0x00,0xC0,0x5F,0xFE,0x50,0x00,0x57,0xF4,0x79,0x34,
    0x31,0x34,0x37,0xF4,0xF3,0x34,0x93,0xB4,0x15,0xF4,0x2D,0x44,0x29,0x04,0x61,0x1C,
    0x40,0x00,0x00,0x80,0x00,0xC0,0x1F,0xFE,0x51,0x80,0x51,0xF8,0x72,0x10,0x3D,0xB8,
    0x12,0x44,0x72,0x44,0x92,0x44,0x1F,0xFE,0x30,0xE0,0x21,0x90,0x67,0x0C,0x48,0x02,
    0x00,0x80,0x00,0x40,0x5F,0xFE,0x54,0x44,0x52,0x48,0x31,0x50,0x50,0xB0,0x3F,0x0E,
    0xF4,0x44,0x96,0x4C,0x13,0x58,0x30,0xA0,0x23,0x18,0x6E,0x0E,0x48,0x02,0x00,0x80,
    0x00,0xC0,0x1F,0xFE,0x52,0x00,0x52,0x00,0x77,0xBC,0x3D,0x24,0x15,0x24,0xF7,0xE4,
    0x91,0x24,0x13,0x24,0x33,0xA4,0x24,0xBC,0x6C,0x64,0x48,0x00,0x00,0x80,0x00,0x40,
    0x1F,0xFE,0x50,0x00,0x53,0xFC,0x32,0x44,0x33,0xFC,0x32,0x44,0xF3,0xFC,0x10,0x00,
    0x1F,0xFE,0x31,0x10,0x21,0x10,0x62,0x10,0x44,0x10,0x00,0x80,0x00,0xC0,0x5F,0xFE,
    0x50,0x40,0x57,0xFC,0x31,0x10,0x31,0x10,0x33,0x38,0xF6,0xE6,0x9C,0x04,0x1F,0xFE,
    0x3F,0xFE,0x20,0x40,0x60,0x40,0x40,0x40,0x00,0x00,0x00,0x80,0x00,0xC0,0x9F,0xFE,
    0x50,0x00,0x53,0xF8,0x73,0xF8,0x52,0x08,0x33,0xF8,0xF0,0x00,0x97,0xFC,0x14,0xA4,
    0x34,0xA4,0x24,0xA4,0x6F,0xFE,0x40,0x00,0x00,0x80,0x1F,0xFE,0xD0,0x00,0x51,0x80,
    0x56,0x7C,0x74,0xA4,0x55,0xE4,0x36,0x5C,0xD0,0x00,0x17,0xFC,0x16,0x44,0x37,0xFC,
    0x26,0x44,0x67,0xFC,0x20,0x00,0x00,0x00,0x00,0x80,0x00,0x80,0xDF,0xFC,0x51,0x40,
    0x56,0x7C,0x74,0x44,0x57,0x7C,0x34,0x44,0xD7,0xFC,0x10,0x40,0x37,0xF8,0x21,0x10,
    0x20,0xE0,0x5F,0xBE,0x48,0x02,0x00,0x80,0x00,0x80,0x5F,0xFE,0x52,0x10,0x5F,0xFC,
    0x32,0x10,0x11,0xE0,0x33,0x18,0x5F,0xF6,0x10,0x00,0x17,0xF8,0x26,0x08,0x26,0x08,
    0x67,0xF8,0x40,0x00,0x00,0x80,0x1F,0xFE,0x50,0x80,0x53,0xFC,0x52,0x0C,0x33,0xFC,
    0x53,0xFC,0x32,0x0C,0xF3,0xFC,0x91,0xB0,0x1E,0x1E,0x33,0xE0,0x22,0x0C,0x63,0xF8,
    0x40,0x00,0x00,0x80,0x1F,0xFE,0x5F,0xFE,0x50,0x50,0x56,0x50,0x32,0xFE,0x5A,0x90,
    0x37,0xFC,0xD6,0x90,0x16,0x90,0x16,0xFC,0x2D,0x90,0x29,0xFE,0x78,0x80,0x40,0x00,
    0x00,0x00,0x00,0x80,0x1F,0xFE,0x10,0x00,0x56,0xEC,0x51,0x10,0x71,0x10,0x3E,0xEE,
    0x37,0xF8,0xF6,0x08,0x97,0xF8,0x17,0xF8,0x30,0x40,0x2F,0xFE,0x60,0x40,0x40,0x40,
    0x00,0x80,0x1F,0xFE,0x10,0x00,0x52,0x00,0x5F,0xBC,0x74,0xA4,0x55,0xBC,0x38,0x40,
    0xF7,0xFC,0x14,0xE4,0x17,0x54,0x24,0x64,0x27,0x94,0x64,0x0C,0x40,0x10,0x00,0x80,
    0x1F,0xFE,0x50,0x00,0x53,0xF8,0x52,0x08,0x33,0xF8,0x10,0x00,0x77,0xBC,0xD4,0xA4,
    0x17,0xBC,0x20,0x40,0x24,0x44,0x64,0x44,0x47,0xFC,0x00,0x00,0x00,0x00,0x00,0x80,
    0x00,0x80,0x1F,0xFE,0x52,0x24,0x57,0x94,0x7D,0x3E,0x3F,0x98,0x36,0x98,0xF7,0xBC,
    0x96,0x98,0x17,0x98,0x20,0x7E,0x21,0xD8,0x6E,0x18,0x40,0x00,0x00,0x00,0x00,0x88,
    0x3F,0x90,0x02,0xE0,0x32,0x44,0x1C,0x38,0x08,0x30,0x17,0xF8,0xE1,0x06,0x41,0x02,
    0x3F,0xFC,0x01,0x00,0x03,0xC0,0x06,0x70,0x3C,0x18,0x20,0x04,0x00,0x88,0x7F,0xB0,
    0x22,0xE4,0x36,0x4C,0x1C,0x30,0x1F,0xD8,0x60,0x0C,0xDF,0xF2,0x10,0x10,0x10,0x10,
    0x1F,0xF0,0x04,0x20,0x06,0x40,0x7F,0xFC,0x00,0x00,0x01,0x00,0x03,0x00,0x3F,0xF8,
    0x30,0x08,0x30,0x08,0x30,0x08,0x30,0x08,0x3F,0xF8,0x30,0x08,0x30,0x08,0x30,0x08,
    0x30,0x08,0x3F,0xF8,0x3F,0xF8,0x30,0x08,0x00,0x00,0x7F,0xFE,0x01,0x00,0x01,0x00,
    0x1F,0xF8,0x10,0x08,0x10,0x08,0x10,0x08,0x1F,0xF8,0x10,0x08,0x10,0x08,0x10,0x08,
    0x1F,0xF8,0x1F,0xF8,0x10,0x08,0x01,0x00,0x01,0x00,0x1F,0xF8,0x10,0x08,0x1F,0xF8,
    0x10,0x08,0x10,0x08,0x1F,0xF8,0x02,0x00,0x02,0x3E,0x7F,0xF8,0x02,0x08,0x02,0x0C,
    0x03,0xF8,0x00,0x00,0x00,0x00,0x08,0x60,0x08,0x40,0x18,0x40,0x3E,0xFC,0x22,0x84,
    0x23,0x84,0x22,0xC4,0x22,0x44,0x3E,0x24,0x22,0x34,0x22,0x24,0x22,0x04,0x22,0x04,
    0x3E,0x3C,0x00,0x00,0x00,0x00,0x20,0x80,0x20,0x8C,0x3E,0xF0,0x20,0xC4,0x22,0x84,
    0x3E,0xFC,0x23,0x00,0x02,0x00,0x1F,0xF8,0x10,0x08,0x1F,0xF8,0x10,0x08,0x10,0x08,
    0x1F,0xF8,0x10,0x08,0x01,0x00,0x03,0x00,0x3F,0xF8,0x30,0x08,0x3F,0xF8,0x30,0x08,
    0x3F,0xF8,0x00,0x00,0x7F,0xFC,0x01,0x00,0x01,0x00,0x3F,0xF8,0x01,0x00,0x7F,0xFE,
    0x00,0x00,0x00,0x00,0x01,0x00,0x1F,0xF8,0x10,0x08,0x1F,0xF8,0x10,0x08,0x1F,0xF8,
    0x02,0x00,0x03,0x00,0x7F,0xFC,0x0C,0x20,0x19,0x18,0x7F,0xFE,0x41,0x02,0x01,0x00,
    0x01,0x00,0x00,0x00,0x10,0x20,0x11,0x24,0x11,0x24,0x79,0xFC,0x68,0x00,0x68,0x00,
    0x69,0xFC,0x68,0x04,0x78,0x04,0x69,0xFC,0x69,0x00,0x69,0x02,0x69,0x06,0x79,0xFC,
    0x00,0x00,0x10,0x40,0x10,0x20,0x13,0xFC,0x7A,0x04,0x6A,0x04,0x69,0xF8,0x68,0x00,
    0x78,0x00,0x6B,0xFE,0x68,0x90,0x68,0x90,0x68,0x92,0x79,0x12,0x06,0x1E,0x04,0x00,
    0x00,0x80,0x00,0x80,0x3F,0xFC,0x30,0x84,0x30,0x88,0x30,0x80,0x3F,0xF8,0x3C,0x18,
    0x36,0x10,0x32,0x30,0x21,0x60,0x21,0xC0,0x67,0x70,0x5C,0x1E,0xD0,0x02,0x10,0x20,
    0x20,0x20,0x3D,0xFC,0x45,0x24,0x49,0x24,0x7D,0x20,0x7D,0xFC,0x05,0x44,0x05,0x48,
    0x7D,0x68,0x05,0x38,0x05,0x30,0x7D,0x68,0x02,0xC6,0x03,0x02,0x3F,0xF8,0x32,0x48,
    0x32,0x48,0x32,0x48,0x32,0x48,0x32,0x48,0x32,0x48,0x32,0x48,0x32,0x48,0x32,0x48,
    0x7F,0xFE,0x00,0x00,0x00,0x00,0x3F,0xF8,0x00,0x80,0x00,0x80,0x7F,0xFC,0x00,0x80,
    0x00,0x80,0x07,0x80,0x00,0x00,0x1F,0xF8,0x12,0x48,0x12,0x48,0x12,0x48,0x7F,0xFE,
    0x00,0x00,0x01,0x00,0x01,0x00,0x3F,0xF8,0x21,0x08,0x21,0x08,0x3F,0xF8,0x01,0x00,
    0x01,0x00,0x00,0x00,0x3F,0xF8,0x32,0x48,0x32,0x48,0x32,0x48,0x7F,0xFE,0x00,0x00,
    0x02,0x40,0x04,0x60,0x08,0x30,0x30,0x18,0x6F,0xF6,0x04,0x10,0x0C,0x30,0x38,0xE0,
    0x60,0x00,0x1F,0xF8,0x12,0x48,0x12,0x48,0x12,0x48,0x7F,0xFE,0x00,0x00,0x3F,0xF0,
    0x08,0x10,0x08,0x3C,0x1F,0xC4,0x14,0xC4,0x33,0x04,0x7E,0xD8,0x48,0x40,0x1F,0xF8,
    0x12,0x48,0x12,0x48,0x12,0x48,0x7F,0xFE,0x00,0x00,0x00,0x00,0x08,0x10,0x0C,0x30,
    0x06,0x60,0x7F,0xFC,0x02,0x40,0x06,0x60,0x18,0x18,0x70,0x0E,0x5F,0xFA,0x12,0x48,
    0x12,0x48,0x12,0x48,0x12,0x48,0x7F,0xFE,0x00,0x00,0x01,0x00,0x01,0x00,0x1F,0xF8,
    0x11,0x08,0x11,0x08,0x7F,0xFE,0x03,0xC0,0x0E,0x60,0x78,0x1E,0x5F,0xFA,0x12,0x48,
    0x12,0x48,0x12,0x48,0x7F,0xFE,0x00,0x00,0x04,0x40,0x04,0x20,0x3F,0xFC,0x02,0x00,
    0x03,0xFC,0x7D,0x04,0x00,0xB8,0x0F,0xC2,0x70,0x34,0x3F,0xF8,0x32,0x48,0x32,0x48,
    0x32,0x48,0x7F,0xFE,0x00,0x00,0x00,0x00,0x08,0x60,0x08,0x60,0x08,0x60,0x7F,0x70,
    0x08,0x6C,0x08,0x66,0x1F,0x60,0x70,0x60,0x00,0x00,0x1F,0xF8,0x12,0x48,0x12,0x48,
    0x12,0x48,0x7F,0xFE,0x00,0x00,0x06,0x60,0x26,0x40,0x26,0x7E,0x26,0xC0,0x26,0xA0,
    0x27,0x90,0x27,0x0C,0x26,0x08,0x00,0x00,0x1F,0xF8,0x12,0x48,0x12,0x48,0x12,0x48,
    0x7F,0xFE,0x01,0x80,0x03,0xC0,0x0C,0x60,0x3F,0xFC,0xC0,0x06,0x1F,0xF0,0x10,0x10,
    0x10,0x10,0x1F,0xF0,0x00,0x00,0x3F,0xF8,0x22,0x48,0x22,0x48,0x7F,0xFE,0x00,0x00,
    0x08,0x00,0x7F,0xFC,0x7F,0xFC,0x0C,0xC8,0x1E,0xD8,0x12,0xD0,0x31,0xE0,0x67,0x18,
    0xCC,0x06,0x1F,0xF8,0x12,0x48,0x12,0x48,0x12,0x48,0x7F,0xFE,0x00,0x00,0x0C,0x30,
    0x06,0x60,0x3F,0xFC,0x01,0x00,0x3F,0xF8,0x01,0x00,0x01,0x00,0x7F,0xFC,0x00,0x00,
    0x1F,0xF8,0x12,0x48,0x12,0x48,0x12,0x48,0x7F,0xFE,0x00,0x00,0x00,0x00,0x21,0x80,
    0x71,0x00,0x1B,0xFC,0x16,0x4C,0x0C,0x48,0x10,0xE0,0x31,0xB0,0x6E,0x0C,0x08,0x02,
    0x1F,0xF8,0x12,0x48,0x12,0x48,0x12,0x48,0x7F,0xFE,0x01,0x00,0x0F,0xF8,0x08,0x08,
    0x09,0x88,0x08,0x88,0x7F,0xFE,0x1B,0x08,0x11,0x98,0x30,0xB0,0x7F,0xF8,0x12,0x48,
    0x12,0x48,0x12,0x48,0x7F,0xFE,0x00,0x00,0x00,0x90,0x00,0x98,0x3F,0xFC,0x20,0x48,
    0x3E,0x48,0x22,0x50,0x22,0x64,0x2E,0xF6,0x41,0x1C,0xDF,0xF8,0x12,0x48,0x12,0x48,
    0x12,0x48,0x7F,0xFE,0x00,0x00,0x00,0x00,0x3C,0xFC,0x24,0x84,0x24,0xFC,0x3C,0x84,
    0x24,0xFC,0x24,0x84,0x3D,0x2C,0x03,0x18,0x3F,0xF8,0x22,0x48,0x22,0x48,0x22,0x48,
    0x7F,0xFE,0x00,0x00,0x1F,0xF8,0x10,0x08,0x10,0x08,0x10,0x08,0x1F,0xF8,0x10,0x08,
    0x10,0x08,0x10,0x08,0x1F,0xF8,0x10,0x08,0x10,0x08,0x1F,0xF8,0x1F,0xF8,0x10,0x08,
    0x3D,0xFE,0x25,0xFE,0x24,0x10,0x24,0x10,0x3C,0x10,0x24,0x10,0x24,0x10,0x3C,0x10,
    0x3C,0x10,0x24,0x10,0x24,0x10,0x3C,0x10,0x3C,0xF0,0x00,0x00,0x01,0x00,0x01,0x80,
    0x7F,0xFE,0x10,0x00,0x1F,0xFC,0x00,0x00,0x1F,0xF8,0x10,0x08,0x10,0x08,0x1F,0xF8,
    0x10,0x08,0x1F,0xF8,0x10,0x08,0x1F,0xF8,0x10,0x08,0x00,0x00,0x01,0x00,0x01,0x00,
    0x7F,0xFC,0x01,0x00,0x1F,0xF8,0x10,0x18,0x1F,0xF8,0x10,0x18,0x10,0x18,0x1F,0xF8,
    0x10,0x18,0x1F,0xF8,0x10,0x18,0x7F,0xFE,0x00,0x00,0x10,0x00,0x11,0xFC,0x11,0x04,
    0x7D,0x04,0x11,0x04,0x11,0xFC,0x3D,0x04,0x35,0x04,0x77,0x04,0x51,0xFC,0xD1,0x04,
    0x11,0x04,0x11,0xFC,0x11,0x04,0x10,0x00,0x00,0x10,0x3C,0xD0,0x24,0x90,0x24,0x88,
    0x25,0x0C,0x3F,0x04,0x27,0xFA,0x24,0x88,0x3C,0x88,0x24,0x88,0x24,0x88,0x25,0x88,
    0x3D,0x08,0x06,0x38,0x04,0x00,0x3F,0xFC,0x20,0x80,0x20,0x80,0x3F,0xFE,0x20,0x80,
    0x27,0xF8,0x24,0x08,0x27,0xF8,0x24,0x08,0x24,0x08,0x27,0xF8,0x64,0x08,0x47,0xF8,
    0x44,0x08,0x00,0x00,0x01,0x00,0x05,0x30,0x19,0x18,0x31,0x36,0x40,0xE2,0x07,0x80,
    0xFF,0xF8,0x50,0x08,0x1F,0xF8,0x10,0x08,0x10,0x08,0x1F,0xF8,0x10,0x08,0x1F,0xF8,
    0x10,0x08,0x3F,0xFC,0x30,0x84,0x30,0x84,0x3F,0xFC,0x30,0x00,0x37,0xFC,0x24,0x0C,
    0x27,0xFC,0x24,0x0C,0x24,0x0C,0x27,0xFC,0x44,0x0C,0xC7,0xFC,0x04,0x0C,0x00,0x00,
    0x00,0x04,0x3F,0xF8,0x03,0x00,0x3F,0xF8,0x02,0x00,0x7F,0xFE,0x04,0x00,0x0F,0xF8,
    0x18,0x18,0x2F,0xF8,0xC8,0x18,0x0F,0xF8,0x08,0x18,0x0F,0xF8,0x08,0x18,0x01,0x00,
    0x01,0x00,0x7F,0xFC,0x01,0x00,0x1E,0xF8,0x1F,0xF8,0x10,0x18,0x1F,0xF8,0x10,0x18,
    0x1F,0xF8,0x10,0x18,0x7F,0xFE,0x0E,0x70,0x38,0x1C,0x40,0x04,0x3D,0xFC,0x25,0x04,
    0x25,0x04,0x25,0xFC,0x3D,0xFC,0x25,0x10,0x25,0x10,0x3D,0xFE,0x3D,0x10,0x25,0x10,
    0x25,0x12,0x3D,0x6A,0x01,0x8E,0x01,0x00,0x00,0x00,0x3C,0x7C,0x25,0xE0,0x24,0x20,
    0x24,0x20,0x3D,0xFC,0x24,0x0C,0x24,0x08,0x3C,0x10,0x24,0x20,0x24,0x40,0x25,0x80,
    0x3E,0xC0,0x02,0x7E,0x00,0x00,0x00,0x00,0x00,0x20,0x3C,0x20,0x25,0xFE,0x24,0x20,
    0x24,0x44,0x3C,0xCC,0x24,0x88,0x25,0xF0,0x24,0x30,0x3C,0x68,0x24,0x4C,0x24,0x84,
    0x3F,0xFC,0x3D,0xC6,0x00,0x02,0x00,0x20,0x7E,0x24,0x65,0x24,0x65,0x28,0x64,0xB8,
    0x7C,0x20,0x67,0xFE,0x64,0x60,0x7C,0x70,0x7C,0xB8,0x65,0xAC,0x67,0x26,0x7E,0x22,
    0x00,0x20,0x00,0x20,0x7B,0xFE,0x4B,0x00,0x4B,0x00,0x4B,0xFC,0x7B,0x10,0x4B,0x10,
    0x4B,0x7C,0x7B,0x10,0x7B,0x10,0x4B,0xFC,0x4B,0x00,0x7B,0x00,0x03,0xFE,0x00,0x00,
    0x11,0x98,0x19,0x10,0x09,0x20,0x3F,0xFC,0x02,0x00,0x7F,0xFE,0x0C,0x20,0x1F,0xF8,
    0x78,0x1C,0xDF,0xF2,0x18,0x10,0x1F,0xF0,0x18,0x10,0x1F,0xF0,0x18,0x10,0x00,0x90,
    0x78,0x90,0x6A,0x94,0x6A,0x94,0x69,0x9C,0x79,0x98,0x68,0x90,0x69,0x98,0x7F,0x9C,
    0x7A,0x96,0x68,0x90,0x69,0x92,0x79,0x12,0x06,0x1E,0x02,0x00,0x7D,0xFC,0x65,0x04,
    0x65,0x04,0x65,0xFC,0x7D,0x04,0x65,0x04,0x65,0xFC,0x7D,0x24,0x65,0x2C,0x65,0x38,
    0x65,0x18,0x7D,0x6C,0x01,0xC6,0x01,0x00,0x00,0x00,0x0C,0x30,0x04,0x60,0x7F,0xFC,
    0x02,0x00,0x3F,0xFC,0x06,0x00,0x7F,0xFE,0x0C,0x00,0x1F,0xF8,0x38,0x08,0x6F,0xF8,
    0x4F,0xF8,0x08,0x08,0x0F,0xF8,0x08,0x08,0x00,0x00,0x00,0x80,0x78,0xF8,0x69,0x10,
    0x6A,0x30,0x6B,0xFC,0x78,0x44,0x68,0x44,0x6B,0xFE,0x78,0x44,0x68,0x44,0x6B,0xFC,
    0x68,0x40,0x78,0x40,0x01,0xC0,0x00,0x00,0x00,0x00,0x00,0x20,0x38,0x20,0x3B,0xFC,
    0x29,0xFC,0x28,0x20,0x3B,0xFE,0x28,0x00,0x29,0xFC,0x29,0x04,0x39,0xFC,0x29,0x04,
    0x29,0xFC,0x39,0x04,0x01,0x1C,0x00,0x00,0x7B,0xFC,0x48,0x20,0x48,0x20,0x4B,0xFC,
    0x79,0x28,0x49,0x28,0x4F,0xFE,0x79,0x28,0x49,0x28,0x4B,0xFC,0x48,0x20,0x78,0x20,
    0x03,0xFC,0x00,0x00,0x08,0x00,0x0F,0xFC,0x08,0x44,0x7F,0x48,0x08,0x38,0x2A,0x30,
    0x69,0xCE,0x40,0x02,0x1F,0xF8,0x1F,0xF8,0x10,0x08,0x1F,0xF8,0x10,0x08,0x1F,0xF8,
    0x10,0x08,0x00,0x20,0x3C,0x20,0x3D,0xFC,0x2C,0x20,0x2C,0x20,0x3F,0xFE,0x2C,0xD0,
    0x2D,0x8C,0x2F,0x26,0x3C,0x20,0x2D,0xFC,0x2C,0x20,0x3C,0x20,0x03,0xFE,0x00,0x20,
    0x38,0x20,0x2B,0xFC,0x28,0x20,0x2B,0xFC,0x38,0x24,0x2B,0xFE,0x28,0x24,0x3B,0xFC,
    0x2A,0x20,0x29,0x3C,0x2B,0x20,0x3B,0xA0,0x06,0x7E,0x04,0x00,0x3D,0xFC,0x3F,0x80,
    0x2D,0x64,0x2D,0x2C,0x3C,0xA8,0x2C,0x20,0x2F,0xFE,0x3F,0xFE,0x3C,0x70,0x2C,0xB8,
    0x2D,0xAC,0x3E,0x26,0x02,0x22,0x00,0x20,0x00,0x00,0x00,0x40,0x3C,0x46,0x3D,0xF4,
    0x24,0x48,0x24,0x58,0x3F,0xFE,0x24,0x60,0x24,0xC0,0x27,0xF8,0x3F,0x08,0x25,0xF8,
    0x25,0x08,0x3D,0x08,0x3D,0xF8,0x01,0x08,0x00,0x98,0x38,0x98,0x2B,0xFE,0x28,0x98,
    0x28,0x98,0x39,0xFC,0x29,0x24,0x29,0x24,0x39,0x24,0x39,0xFC,0x29,0x24,0x29,0x24,
    0x39,0xFC,0x01,0xFC,0x00,0x00,0x00,0x10,0x79,0x90,0x4F,0x10,0x49,0x56,0x49,0x54,
    0x7F,0xB4,0x49,0x34,0x4B,0x3C,0x4B,0x98,0x7D,0x58,0x4D,0x28,0x49,0x24,0x49,0x44,
    0x79,0xC2,0x01,0x80,0x00,0x60,0x38,0x20,0x2B,0xFE,0x2A,0x26,0x29,0xFC,0x38,0x20,
    0x29,0xFC,0x28,0x20,0x2B,0xFE,0x38,0x20,0x29,0xFC,0x29,0x04,0x39,0x04,0x01,0xFC,
    0x01,0x04,0x00,0x90,0x78,0x90,0x6B,0xFE,0x68,0x90,0x6B,0xFE,0x78,0x90,0x68,0x90,
    0x6B,0xFC,0x6A,0x94,0x7A,0xD4,0x6A,0xEC,0x6B,0x2C,0x7B,0x64,0x02,0x1C,0x00,0x00,
    0x25,0x30,0x25,0x20,0x16,0x7E,0x2D,0xE4,0x37,0x28,0x37,0x10,0x25,0xEC,0x02,0x42,
    0x1F,0xF8,0x10,0x08,0x1F,0xF8,0x1F,0xF8,0x10,0x08,0x1F,0xF8,0x10,0x08,0x00,0xA0,
    0x39,0x10,0x29,0xFE,0x2B,0x20,0x2B,0x20,0x3F,0xFC,0x29,0x20,0x29,0xFC,0x29,0x20,
    0x39,0xFE,0x28,0x00,0x2A,0x94,0x3A,0x94,0x06,0x52,0x02,0x02,0x7B,0xFC,0x4A,0x04,
    0x4B,0xFC,0x4A,0x1C,0x7B,0xE0,0x4A,0xFC,0x4A,0xA4,0x7A,0xFC,0x4A,0x20,0x4B,0xFC,
    0x4D,0x2C,0x7D,0xFC,0x0D,0x0C,0x04,0x00,0x00,0x00,0x00,0x24,0x7B,0xEC,0x48,0xB0,
    0x4E,0x96,0x49,0x98,0x79,0xF8,0x4A,0x06,0x4D,0xFA,0x79,0x08,0x79,0x08,0x49,0xF8,
    0x48,0x90,0x78,0x90,0x07,0xFC,0x00,0x00,0x7B,0xFC,0x4B,0x48,0x49,0x68,0x49,0x58,
    0x7B,0xFC,0x4B,0x0C,0x49,0xC8,0x4A,0x7C,0x7A,0xA8,0x4F,0xA8,0x49,0x3E,0x79,0x08,
    0x7A,0x08,0x04,0x08,0x00,0x00,0x00,0x40,0x38,0x20,0x2B,0xDC,0x28,0x90,0x2B,0xFE,
    0x38,0x00,0x2B,0xFC,0x2B,0xFC,0x3A,0x24,0x3B,0xFC,0x28,0x20,0x2B,0xFC,0x38,0x20,
    0x07,0xFE,0x00,0x80,0x79,0xF8,0x4B,0x18,0x4F,0xFE,0x4E,0x58,0x7A,0xA4,0x4B,0xFE,
    0x4A,0x00,0x7A,0xFC,0x7A,0xFC,0x4A,0x00,0x4A,0xFC,0x7C,0x84,0x04,0xFC,0x04,0x84,
    0x00,0x00,0x01,0x00,0x3F,0xFC,0x1F,0xF0,0x1F,0xF0,0x1F,0xF0,0x1F,0xF0,0x7F,0xFE,
    0x7F,0xFC,0x08,0x10,0x36,0xEC,0x3E,0xFC,0x3E,0xFC,0x3E,0xFC,0x7F,0xFE,0x00,0x00,
    0x1F,0xF8,0x00,0x18,0x0E,0x20,0x03,0xC0,0x01,0x80,0x7F,0xFC,0x03,0x84,0x02,0x88,
    0x0C,0x98,0x18,0x80,0x30,0x80,0x40,0x80,0x07,0x80,0x00,0x00,0x00,0x00,0x0C,0x00,
    0x08,0x00,0x1F,0xFC,0x11,0x80,0x31,0x80,0x21,0x80,0x01,0x80,0x7F,0xFC,0x01,0x80,
    0x01,0x80,0x02,0x40,0x06,0x60,0x18,0x38,0x70,0x0E,0x40,0x02,0x03,0x00,0x06,0x60,
    0x0C,0x30,0x3F,0xF8,0x08,0x0C,0x08,0x00,0x1F,0xFC,0x31,0x80,0x21,0x80,0x7F,0xFE,
    0x01,0x80,0x03,0xC0,0x0E,0x70,0x78,0x1E,0x40,0x02,0x00,0x00,0x10,0x00,0x30,0x00,
    0x3E,0xFC,0x28,0x84,0x68,0x84,0x48,0x84,0x08,0x84,0x7F,0x84,0x08,0x84,0x08,0x84,
    0x1C,0x84,0x12,0x84,0x23,0xFC,0x60,0x84,0x40,0x00,0x30,0x00,0x21,0xFE,0x3F,0x00,
    0x79,0x00,0x59,0x00,0x59,0xFC,0x7F,0x04,0x7F,0x04,0x11,0x04,0x19,0xFC,0x19,0x00,
    0x35,0x00,0x63,0x00,0xC1,0xFE,0x00,0x00,0x30,0x00,0x23,0xFC,0x3C,0x20,0x70,0x40,
    0x50,0x40,0x53,0xFE,0x10,0xD0,0x7D,0x98,0x13,0x9C,0x16,0x92,0x18,0x90,0x2C,0x90,
    0x25,0x90,0xC3,0x10,0x42,0x10,0x30,0x00,0x21,0xFC,0x3C,0x00,0x68,0x00,0x49,0xFC,
    0x49,0x04,0x7F,0x04,0x7F,0x04,0x19,0xFC,0x19,0x8C,0x1C,0x88,0x36,0xD8,0x24,0x90,
    0xC3,0xFE,0x40,0x00,0x20,0x00,0x23,0xFC,0x3C,0x20,0x7C,0x20,0x53,0xFE,0xD0,0xF0,
    0x7D,0xAC,0x7E,0xA2,0x10,0xC0,0x17,0xFE,0x19,0x98,0x2D,0xD0,0x24,0x70,0xC7,0x8E,
    0x44,0x02,0x7F,0xFE,0x7F,0xFE,0x02,0x00,0x06,0x00,0x04,0x00,0x0F,0xF8,0x1F,0xF8,
    0x38,0x08,0x68,0x08,0x48,0x08,0x08,0x08,0x0F,0xF8,0x08,0x08,0x00,0x00,0x00,0x60,
    0x7E,0x40,0x7E,0x7E,0x10,0xFE,0x10,0x84,0x31,0x84,0x3D,0xCC,0x67,0x68,0x64,0x38,
    0xA4,0x10,0x24,0x30,0x24,0x60,0x3C,0xC0,0x03,0x80,0x01,0x00,0x7F,0xF8,0x11,0x88,
    0x11,0x88,0x11,0x88,0x21,0xC8,0x3D,0xC8,0x65,0xA8,0xE5,0xB8,0x25,0x08,0x25,0x0A,
    0x25,0x0A,0x3D,0x0A,0x06,0x0E,0x02,0x00,0x00,0x20,0x7E,0x10,0x7F,0xFE,0x11,0xFE,
    0x11,0x80,0x21,0x80,0x3D,0x80,0x65,0x80,0xE5,0x80,0x65,0x00,0x25,0x00,0x25,0x00,
    0x3F,0x00,0x02,0x00,0x06,0x00,0x7F,0xF8,0x10,0x08,0x10,0x88,0x10,0x88,0x20,0x88,
    0x3C,0x98,0x64,0xFC,0xE4,0x04,0x24,0x04,0x25,0xF4,0x24,0x04,0x3C,0x04,0x3C,0x3C,
    0x00,0x00,0x00,0x20,0x7E,0x20,0x7E,0xA8,0x10,0xA8,0x10,0xA4,0x21,0xA4,0x3D,0x22,
    0x65,0x2A,0xE7,0x2C,0x24,0x18,0x24,0x10,0x24,0x60,0x3C,0xC0,0x07,0x00,0x02,0x00,
    0x01,0x00,0x7D,0x7C,0x7D,0x7C,0x11,0x24,0x23,0xE4,0x23,0x24,0x79,0x24,0x69,0x24,
    0xE9,0x24,0x29,0xE4,0x29,0xA4,0x2B,0x44,0x38,0x44,0x00,0x9C,0x01,0x80,0x00,0x40,
    0x7E,0xC0,0x10,0xFC,0x10,0xFC,0x11,0x04,0x23,0x2C,0x3D,0x68,0x64,0x60,0xE4,0x60,
    0x24,0x70,0x24,0xD0,0x24,0x98,0x3D,0x0C,0x06,0x06,0x02,0x02,0x01,0x30,0x7D,0x30,
    0x11,0x30,0x11,0x32,0x31,0x34,0x21,0xF8,0x3D,0x30,0x65,0x30,0xE5,0x30,0xA5,0x30,
    0x25,0x32,0x25,0x72,0x3D,0xF2,0x01,0x1C,0x00,0x00,0x7F,0xFE,0x10,0x88,0x10,0x88,
    0x10,0x88,0x20,0x88,0x3C,0x88,0x67,0xFE,0xE4,0x88,0x24,0x88,0x24,0x88,0x24,0x88,
    0x3D,0x08,0x03,0x08,0x02,0x08,0x00,0x60,0x7E,0x40,0x11,0xFC,0x10,0x40,0x10,0x40,
    0x23,0xFE,0x3C,0x80,0x64,0x80,0xE4,0xFC,0x24,0x0C,0x25,0x08,0x25,0xD0,0x3C,0x70,
    0x00,0x18,0x00,0x08,0x00,0x00,0x7D,0xFC,0x11,0x04,0x11,0x24,0x31,0x24,0x21,0x24,
    0x3D,0x24,0x65,0x24,0xE5,0x24,0x25,0x64,0x24,0x64,0x24,0xE2,0x3D,0xA2,0x07,0x3C,
    0x02,0x00,0x00,0x00,0x00,0x20,0x00,0x20,0x7E,0x20,0x10,0x3E,0x10,0x20,0x30,0x20,
    0x3C,0x20,0x65,0xFC,0xE5,0x84,0x65,0x84,0x25,0x84,0x25,0x84,0x3D,0xFC,0x01,0xFC,
    0x01,0x84,0x7F,0xFE,0x10,0x20,0x11,0x26,0x31,0x24,0x20,0xA4,0x3C,0xA8,0x64,0x20,
    0xE7,0xFE,0x24,0x20,0x24,0x20,0x24,0x20,0x3C,0x20,0x00,0x20,0x00,0x20,0x00,0x20,
    0x7C,0x20,0x7D,0xFC,0x11,0x24,0x21,0x24,0x21,0x20,0x39,0xFC,0x69,0x84,0xE9,0xC8,
    0x29,0x48,0x2B,0x70,0x2A,0x30,0x3A,0x58,0x05,0x86,0x05,0x02,0x00,0x20,0x7C,0x20,
    0x11,0xFC,0x11,0xFC,0x31,0x24,0x21,0x24,0x3D,0xFC,0x65,0x24,0xE5,0x24,0x25,0x24,
    0x25,0xFC,0x24,0x20,0x3C,0x20,0x00,0x20,0x00,0x20,0x7F,0xFE,0x13,0x10,0x13,0x10,
    0x23,0xFC,0x23,0xD4,0x7B,0xD4,0x6B,0xD4,0xEB,0xD4,0x2B,0xD4,0x2B,0xDC,0x2B,0x10,
    0x3B,0x00,0x03,0xFE,0x00,0x00,0x7C,0xFC,0x7D,0xC0,0x11,0x20,0x31,0x20,0x21,0x20,
    0x7D,0xFE,0x65,0xFE,0xE4,0x20,0x24,0xA8,0x24,0xA4,0x25,0x24,0x3F,0x22,0x02,0x62,
    0x00,0x00,0x00,0x00,0x00,0x20,0x7C,0x20,0x7D,0x24,0x11,0x24,0x11,0x24,0x21,0x24,
    0x3D,0xFC,0x64,0x20,0xE5,0x24,0x65,0x24,0x25,0x24,0x25,0x24,0x3D,0x24,0x01,0xFC,
    0x00,0x04,0x00,0x20,0x7E,0x20,0x7F,0xFC,0x10,0x20,0x10,0x20,0x30,0x20,0x3D,0xFE,
    0x64,0x20,0xE4,0x20,0x65,0xFC,0x24,0x20,0x24,0x20,0x3C,0x20,0x3F,0xFE,0x7F,0xFE,
    0x10,0x50,0x10,0x50,0x23,0xFC,0x23,0xFC,0x7A,0x54,0x6A,0x94,0xAA,0x94,0x2A,0x9C,
    0x2B,0x04,0x2A,0x04,0x3B,0xFC,0x02,0x04,0x00,0x00,0x00,0x00,0x7D,0xFE,0x10,0x20,
    0x10,0x20,0x31,0xFC,0x21,0x04,0x7D,0x24,0x65,0x24,0xE5,0x24,0x25,0x24,0x25,0x24,
    0x24,0x58,0x3C,0xCC,0x03,0x06,0x00,0x00,0x00,0x20,0x7D,0x26,0x10,0xA4,0x10,0xA8,
    0x10,0x20,0x21,0xFC,0x3D,0x04,0x65,0xFC,0xE5,0x04,0x25,0x04,0x25,0xFC,0x25,0x04,
    0x3D,0x04,0x01,0x1C,0x00,0x00,0x00,0x40,0x00,0x60,0x7F,0xFC,0x10,0xC0,0x20,0x90,
    0x21,0x08,0x7B,0xFC,0x68,0x04,0xA9,0x58,0x29,0x58,0x29,0x58,0x29,0x5A,0x3A,0x5A,
    0x06,0x4E,0x04,0x00,0x00,0x00,0x7F,0xFE,0x10,0x20,0x10,0x20,0x31,0xFC,0x21,0x24,
    0x3D,0xFC,0x65,0x24,0xE5,0x24,0x25,0xFC,0x25,0xA0,0x24,0xE0,0x3C,0xF0,0x07,0x9E,
    0x04,0x00,0x00,0x00,0x00,0x40,0x7C,0xF8,0x10,0x88,0x11,0x10,0x33,0xFC,0x23,0x24,
    0x7D,0x24,0x65,0xFC,0xE5,0x24,0x25,0x24,0x25,0xFC,0x25,0x24,0x3E,0x24,0x02,0x2C,
    0x06,0x00,0x00,0x00,0x00,0x20,0x7E,0x70,0x7E,0xD0,0x10,0x88,0x31,0x04,0x23,0xFA,
    0x3C,0x00,0x65,0x44,0xE5,0x2C,0x65,0x28,0x24,0xA8,0x24,0x98,0x3C,0x10,0x03,0xFE,
    0x7B,0xFC,0x12,0x64,0x22,0x64,0x22,0x64,0x23,0xFC,0x7A,0x64,0x6A,0x64,0xAA,0x64,
    0x2B,0xFC,0x2A,0x64,0x2A,0x64,0x3C,0x64,0x05,0xEC,0x04,0x20,0x00,0x00,0x7F,0xFC,
    0x7E,0x04,0x12,0x24,0x22,0xF4,0x22,0x24,0x7A,0xFC,0x6A,0x04,0xAA,0x04,0x2A,0xF4,
    0x2A,0x94,0x2A,0x94,0x3A,0xF4,0x04,0x1C,0x04,0x10,0x7D,0xFC,0x10,0x04,0x11,0xFC,
    0x30,0x04,0x20,0x04,0x3F,0xFE,0x65,0x24,0xE5,0x26,0x24,0xF8,0x24,0xE8,0x25,0xAC,
    0x3E,0x26,0x00,0xE2,0x00,0x00,0x00,0x00,0x7D,0xFC,0x7D,0x04,0x11,0xFC,0x31,0x04,
    0x21,0xFC,0x3C,0x00,0x65,0xFE,0xE4,0x08,0x27,0xFE,0x27,0xFE,0x25,0x88,0x3C,0xC8,
    0x00,0x38,0x00,0x20,0x00,0x00,0x00,0x60,0x7C,0x20,0x7D,0xFE,0x10,0x88,0x10,0x88,
    0x20,0x98,0x3D,0x5C,0x67,0x66,0xE6,0x24,0x24,0x20,0x27,0xFE,0x24,0x20,0x3C,0x20,
    0x00,0x20,0x00,0x20,0x00,0x20,0x7C,0x60,0x7D,0xFC,0x11,0x24,0x11,0x24,0x21,0xFC,
    0x3D,0x24,0x65,0xFC,0xE5,0xFC,0x24,0xA0,0x25,0x20,0x27,0xFE,0x3C,0x20,0x00,0x20,
    0x00,0x20,0x00,0x00,0x00,0x60,0x7C,0x20,0x7F,0xFC,0x12,0x04,0x32,0x84,0x21,0xDC,
    0x39,0x54,0x6A,0x54,0xEB,0x54,0x2E,0x9C,0x28,0x90,0x29,0x92,0x3B,0x12,0x06,0x1E,
    0x02,0x00,0x00,0x90,0x7C,0x90,0x7F,0xFC,0x12,0x94,0x32,0x94,0x22,0x94,0x3B,0xFC,
    0x6A,0x94,0xEA,0x94,0x2A,0x94,0x2B,0xFE,0x28,0x90,0x39,0x98,0x03,0x06,0x04,0x04,
    0x00,0x68,0x7D,0x68,0x7F,0xFE,0x11,0x68,0x31,0x68,0x21,0x78,0x39,0x00,0x69,0xFC,
    0xE8,0x20,0x6B,0xFE,0x28,0x60,0x28,0xB8,0x3B,0x2C,0x06,0x22,0x00,0x20,0x00,0x20,
    0x3E,0x60,0x09,0xFC,0x3F,0x84,0x09,0xFC,0x09,0x84,0x7F,0xFC,0x00,0x00,0x7F,0xFE,
    0x04,0x00,0x0F,0xF8,0x38,0x08,0xC8,0x08,0x0F,0xF8,0x08,0x08,0x00,0x88,0x7C,0x88,
    0x7C,0x50,0x13,0xFE,0x30,0x50,0x22,0x52,0x3E,0x56,0x65,0x54,0xE5,0x54,0x65,0x5C,
    0x25,0xD8,0x24,0x50,0x3C,0x50,0x03,0xFE,0x00,0x00,0x00,0x00,0x00,0x18,0x00,0x14,
    0x7F,0xFE,0x23,0xFE,0x22,0x10,0x23,0xF4,0x7A,0x14,0x6A,0x14,0xAA,0xDC,0x2B,0x38,
    0x2B,0x38,0x2A,0xDA,0x3C,0x2A,0x04,0x4E,0x04,0x00,0x00,0x20,0x7F,0x24,0x7F,0x24,
    0x13,0xFC,0x21,0x00,0x23,0xFE,0x79,0x00,0x69,0x24,0xE9,0xA4,0x29,0x7C,0x29,0x78,
    0x2A,0x30,0x3E,0xC8,0x0D,0x86,0x01,0x00,0x00,0x20,0x7C,0x20,0x13,0xFC,0x10,0x70,
    0x21,0xA8,0x23,0x26,0x3D,0xFE,0x65,0x04,0xE5,0xFC,0x65,0x04,0x25,0x04,0x25,0xFC,
    0x3C,0x00,0x03,0xFE,0x7F,0xFC,0x12,0x04,0x13,0xFC,0x22,0x00,0x22,0x48,0x7A,0xFE,
    0x6A,0x48,0xEA,0x48,0x2B,0xFE,0x2A,0x94,0x2A,0x98,0x3A,0x9C,0x04,0xE6,0x04,0x80,
    0x01,0x88,0x7C,0x88,0x7C,0x90,0x13,0xFE,0x31,0x10,0x21,0x54,0x3A,0x64,0x6B,0xBC,
    0xEA,0xA8,0x69,0x08,0x29,0x94,0x2B,0x54,0x3B,0xFC,0x03,0x76,0x00,0x44,0x00,0x60,
    0x00,0x20,0x7F,0xFC,0x10,0x98,0x20,0x90,0x23,0xFC,0x7A,0x24,0x68,0x20,0xAB,0xFE,
    0x28,0x80,0x28,0xF8,0x28,0x88,0x39,0x08,0x06,0x38,0x04,0x00,0x3F,0xFE,0x04,0x00,
    0x1F,0xF8,0x38,0x08,0x48,0x08,0x07,0xF0,0x00,0x00,0x7F,0xFE,0x10,0x60,0x3E,0x7C,
    0xD3,0xC4,0x52,0xC4,0x1E,0x7C,0x12,0x44,0x00,0x00,0x01,0x88,0x00,0x88,0x7F,0xFC,
    0x10,0x40,0x20,0x40,0x23,0xFC,0x38,0x40,0x6B,0xFE,0xE8,0x80,0x68,0x80,0x29,0xFC,
    0x2B,0x20,0x3E,0x20,0x03,0xFE,0x00,0x00,0x0C,0x00,0x3E,0x78,0x2A,0x48,0x26,0x86,
    0x7E,0xFC,0x2A,0x48,0x26,0x30,0x23,0xFC,0x4C,0x82,0x3F,0xFC,0x0C,0x00,0x1F,0xF8,
    0xE8,0x08,0x4F,0xF8,0x08,0x08,0x00,0x40,0x7C,0x40,0x13,0xFC,0x10,0x40,0x27,0xFE,
    0x20,0x90,0x79,0x18,0x6B,0xFC,0xA8,0x04,0x2B,0xFC,0x2A,0x94,0x2A,0x94,0x3A,0x94,
    0x07,0xFE,0x00,0x00,0x00,0x80,0x00,0x80,0x3F,0xFE,0x22,0x10,0x2F,0xFE,0x27,0x38,
    0x2E,0xD4,0x32,0x92,0x2C,0xFC,0x23,0x00,0x26,0x00,0x2F,0xF8,0x54,0x08,0xC7,0xF8,
    0x04,0x08,0x03,0x24,0x7D,0x2C,0x7C,0xA8,0x13,0xFE,0x20,0x70,0x21,0xA8,0x7F,0x26,
    0x69,0x08,0xEB,0xFE,0x6A,0x48,0x2F,0xA8,0x29,0xBE,0x39,0x08,0x02,0x08,0x06,0x08,
    0x00,0x90,0x7C,0x90,0x7F,0xFE,0x10,0x90,0x33,0xFE,0x20,0x20,0x39,0xFC,0x69,0x24,
    0xE9,0xFC,0x29,0x24,0x29,0x24,0x29,0xFC,0x38,0xD8,0x03,0x06,0x04,0x02,0x00,0xA0,
    0x7D,0x10,0x7D,0xFE,0x13,0x20,0x23,0x20,0x27,0xFC,0x39,0x20,0x69,0xFC,0xE9,0x20,
    0xA9,0xFE,0x28,0x00,0x2B,0x54,0x3A,0x52,0x02,0x52,0x06,0x02,0x1F,0xF8,0x00,0x00,
    0x00,0x00,0x00,0x00,0x7F,0xFE,0x7F,0xFE,0x01,0x80,0x09,0xB0,0x19,0x98,0x31,0x8C,
    0x21,0x84,0x41,0x86,0x47,0x80,0x06,0x00,0x18,0x40,0x08,0x40,0x08,0x40,0x7E,0x40,
    0x06,0x40,0x04,0x40,0x08,0x40,0x1C,0x40,0x3B,0x40,0xC9,0x40,0x48,0x42,0x08,0x42,
    0x08,0x42,0x08,0x7E,0x08,0x00,0x10,0x20,0x10,0x20,0x18,0x20,0x7C,0x20,0x04,0x20,
    0x09,0xFC,0x18,0x20,0x3C,0x20,0x76,0x20,0xD2,0x20,0x90,0x20,0x10,0x20,0x10,0x20,
    0x13,0xFE,0x00,0x00,0x10,0x00,0x18,0xFC,0x08,0x84,0x7E,0x8C,0x04,0x88,0x0C,0x88,
    0x18,0x98,0x1C,0x88,0x6B,0x84,0xC9,0x84,0x08,0x84,0x08,0xBC,0x08,0x98,0x08,0x80,
    0x08,0x80,0x10,0x00,0x10,0x7C,0x11,0xE0,0x7D,0x00,0x09,0x00,0x09,0x00,0x11,0xFE,
    0x3D,0x10,0x77,0x10,0xD1,0x10,0x11,0x10,0x11,0x10,0x13,0x10,0x16,0x10,0x12,0x00,
    0x30,0x00,0x11,0xF8,0x11,0x08,0x7D,0x08,0x09,0x08,0x09,0xF8,0x11,0x08,0x39,0x08,
    0x77,0x08,0xD5,0xF8,0x11,0x08,0x11,0x08,0x11,0x08,0x17,0xFE,0x10,0x00,0x30,0x00,
    0x13,0xFC,0x13,0x04,0x7B,0x04,0x0B,0x04,0x1B,0x04,0x13,0xFC,0x38,0x90,0x74,0x90,
    0xD0,0x90,0x10,0x90,0x11,0x12,0x13,0x12,0x16,0x1E,0x14,0x00,0x30,0x20,0x10,0x20,
    0x13,0xFC,0x7B,0xFC,0x0B,0x24,0x1B,0x24,0x13,0xFC,0x3F,0x24,0x77,0x24,0xD3,0x24,
    0x13,0xFC,0x10,0x20,0x10,0x20,0x10,0x20,0x10,0x20,0x01,0x00,0x31,0x08,0x3F,0xF8,
    0x01,0x00,0x21,0x0C,0x3F,0xFC,0x00,0x00,0x3F,0xF8,0x00,0x00,0x7F,0xFE,0x01,0x80,
    0x09,0xB0,0x31,0x9C,0x67,0x06,0x04,0x00,0x31,0x8C,0x10,0x88,0x10,0xD0,0x7F,0xFC,
    0x08,0x20,0x08,0x20,0x11,0xFC,0x3C,0x20,0x76,0x20,0xD0,0x20,0x17,0xFE,0x10,0x20,
    0x10,0x20,0x10,0x20,0x10,0x20,0x7F,0xFC,0x02,0x40,0x3F,0xFC,0x22,0x4C,0x3F,0xFC,
    0x00,0x00,0x00,0x00,0x3F,0xF8,0x00,0x00,0x7F,0xFE,0x0D,0x20,0x39,0x1C,0x67,0x06,
    0x00,0x00,0x00,0x00,0x08,0x80,0x0F,0xFC,0x11,0x44,0x3B,0x4C,0x6E,0x78,0x74,0x30,
    0x1B,0xF8,0x10,0x0C,0xE0,0x06,0x5F,0xFC,0x09,0xA0,0x19,0xB0,0x31,0x8C,0x67,0x06,
    0x00,0x00,0x10,0x40,0x10,0x40,0x13,0xFC,0x78,0x40,0x0B,0xFC,0x18,0x80,0x13,0xFE,
    0x3B,0xFE,0x75,0x08,0xD1,0xFE,0x12,0x88,0x16,0xC8,0x1C,0x48,0x10,0x38,0x10,0x20,
    0x30,0x00,0x11,0xFC,0x11,0x0C,0x79,0x0C,0x09,0xFC,0x10,0x20,0x10,0x20,0x3B,0xFC,
    0x76,0x64,0xD2,0x64,0x12,0xD4,0x13,0x8C,0x13,0x04,0x12,0x1C,0x10,0x00,0x08,0x20,
    0x08,0x20,0x7F,0xFC,0x1C,0x70,0x3B,0xEC,0xC9,0xA2,0x00,0x00,0x3F,0xF8,0x00,0x00,
    0x7F,0xFE,0x01,0x80,0x0D,0xB0,0x39,0x9C,0x67,0x86,0x04,0x00,0x20,0x00,0x13,0xF8,
    0x10,0x08,0x79,0xF8,0x08,0x08,0x10,0x08,0x37,0xFE,0x3A,0x24,0x5D,0x24,0x91,0x78,
    0x10,0xF8,0x13,0x2C,0x16,0x26,0x10,0xE0,0x00,0x00,0x30,0x00,0x13,0xFE,0x10,0x00,
    0x79,0xF8,0x09,0x08,0x19,0x08,0x11,0xF8,0x38,0x00,0x77,0xFC,0xD2,0x24,0x13,0xFC,
    0x12,0x24,0x12,0x24,0x13,0xFC,0x12,0x04,0x00,0x04,0x3F,0xFC,0x01,0x00,0x1F,0xF8,
    0x11,0x08,0x11,0x08,0x1F,0xF8,0x01,0x00,0x3F,0xFC,0x21,0x04,0x21,0x24,0x2F,0xE4,
    0x28,0x14,0x20,0x1C,0x00,0x00,0x01,0x00,0x00,0x80,0x7F,0xFE,0x16,0x68,0x11,0x88,
    0x1E,0x68,0x1F,0xF8,0x01,0x00,0x01,0x00,0x3F,0xFC,0x22,0x44,0x24,0xE4,0x2F,0xB4,
    0x20,0x3C,0x00,0x00,0x00,0x00,0x01,0x80,0x06,0xC0,0x1D,0x38,0x7F,0xFE,0x84,0x22,
    0x13,0xC8,0x17,0x68,0x1F,0xF8,0x01,0x00,0x3F,0xFC,0x22,0x44,0x24,0x64,0x2F,0xE4,
    0x20,0x1C,0x00,0x20,0x03,0xF8,0x3F,0x00,0x01,0x00,0x01,0x00,0x7F,0xFC,0x01,0x80,
    0x03,0xC0,0x07,0x40,0x0D,0x30,0x19,0x18,0x31,0x0C,0x41,0x06,0x01,0x00,0x01,0x00,
    0x00,0x00,0x1F,0xF8,0x01,0x00,0x01,0x00,0x3F,0xFC,0x07,0x60,0x19,0x38,0x71,0x0E,
    0x5F,0xE2,0x06,0x20,0x04,0x78,0x0C,0x08,0x18,0x08,0x70,0x78,0x20,0x00,0x00,0x00,
    0x00,0x20,0x3E,0x20,0x78,0x20,0x08,0x60,0x08,0x40,0x7E,0x40,0x18,0x50,0x1C,0xD8,
    0x2B,0x88,0x6A,0x88,0xC8,0x84,0x49,0x04,0x0B,0xFC,0x0A,0x06,0x08,0x00,0x00,0x08,
    0x3F,0xF8,0x01,0x00,0x01,0x00,0x7F,0xFC,0x03,0xC0,0x0D,0x70,0x39,0x1C,0xE0,0x06,
    0x0F,0xE0,0x0C,0x20,0x08,0x26,0x18,0x24,0x70,0x3C,0x40,0x00,0x3F,0xFC,0x78,0x20,
    0x18,0x20,0x18,0x20,0x7E,0x20,0x18,0x20,0x19,0xFE,0x3C,0x20,0x7A,0x20,0xDA,0x20,
    0x58,0x20,0x18,0x20,0x18,0x20,0x18,0x00,0x00,0x00,0x3F,0xF8,0x01,0x00,0x7F,0xFC,
    0x01,0x00,0x3F,0xF8,0x01,0x08,0x7F,0xFE,0x01,0x08,0x3F,0xF8,0x03,0x80,0x07,0x60,
    0x39,0x38,0x61,0x06,0x01,0x00,0x00,0x00,0x00,0x20,0x1C,0x20,0x70,0x20,0x13,0x24,
    0x11,0x24,0x7D,0x28,0x10,0xA8,0x38,0xF8,0x34,0x60,0x56,0x50,0xD0,0xD0,0x90,0x88,
    0x11,0x0C,0x16,0x06,0x12,0x02,0x00,0x20,0x3C,0x20,0x70,0x20,0x11,0xFC,0x11,0x24,
    0x7D,0x24,0x11,0x24,0x39,0x24,0x3D,0x24,0x57,0xFC,0xD0,0x20,0x50,0x20,0x10,0x20,
    0x10,0x20,0x10,0x20,0x00,0x18,0x1E,0x18,0x71,0x98,0x10,0x78,0x10,0x38,0x7E,0x18,
    0x11,0x98,0x18,0xD8,0x34,0x58,0x74,0x7E,0xD3,0xF8,0x50,0x18,0x10,0x18,0x10,0x18,
    0x10,0x18,0x00,0x20,0x1E,0x20,0x70,0xA8,0x10,0xA8,0x11,0xA4,0x7F,0x26,0x11,0x22,
    0x3A,0x2A,0x34,0x2C,0x52,0x18,0xD0,0x30,0x10,0x60,0x11,0xC0,0x17,0x00,0x14,0x00,
    0x00,0xC0,0x3C,0x44,0x70,0x2C,0x10,0xB8,0x10,0x88,0x7F,0x9C,0x32,0x94,0x3A,0xB4,
    0x7E,0xA2,0x56,0xE2,0xD0,0xCA,0x51,0x88,0x13,0x88,0x14,0xF8,0x00,0x00,0x3D,0xF8,
    0x71,0x08,0x11,0x08,0x11,0x08,0x7F,0xF8,0x11,0x08,0x39,0x08,0x35,0x08,0x53,0xF8,
    0xD1,0x08,0x11,0x08,0x11,0x08,0x17,0xFE,0x10,0x00,0x00,0x00,0x3D,0xFC,0x70,0x20,
    0x11,0x24,0x11,0x24,0x7C,0xA8,0x10,0xB8,0x38,0x20,0x3F,0xFE,0x74,0x20,0xD0,0x20,
    0x50,0x20,0x10,0x20,0x10,0x20,0x10,0x20,0x00,0x00,0x01,0x00,0x01,0x00,0x3F,0xFC,
    0x03,0x00,0x3F,0xF8,0x02,0x00,0x7F,0xFC,0x08,0x30,0x17,0xD8,0x61,0x06,0x9F,0xF2,
    0x03,0x80,0x0D,0x70,0x71,0x0C,0x01,0x00,0x00,0x60,0x1C,0x60,0x70,0x60,0x11,0xFC,
    0x11,0x64,0x7D,0x64,0x11,0x64,0x39,0x64,0x3F,0xFE,0x54,0x60,0xD0,0x60,0x10,0x90,
    0x11,0x88,0x16,0x06,0x14,0x02,0x00,0x20,0x3D,0x20,0x71,0x20,0x11,0xFC,0x11,0x20,
    0x7F,0x20,0x10,0x20,0x3B,0xFE,0x3C,0x20,0x76,0x60,0xD0,0x50,0x10,0x98,0x11,0x8C,
    0x17,0x06,0x12,0x02,0x1D,0xFC,0x71,0x04,0x11,0x04,0x11,0x04,0x7D,0x04,0x11,0x04,
    0x39,0xFC,0x34,0x00,0x56,0xC8,0xD0,0x98,0x11,0x8C,0x13,0x04,0x16,0x02,0x12,0x02,
    0x00,0x00,0x00,0x80,0x3C,0x80,0x71,0xFC,0x11,0x04,0x11,0x04,0x7E,0x28,0x12,0x20,
    0x39,0xA8,0x35,0x28,0x55,0x24,0xD2,0x24,0x52,0x26,0x14,0x22,0x10,0xE0,0x10,0x00,
    0x00,0x20,0x1C,0x20,0x73,0xFE,0x13,0xFE,0x10,0x20,0x7C,0x20,0x11,0xFC,0x38,0x00,
    0x34,0x00,0x55,0xFC,0xD1,0x04,0x11,0x04,0x11,0xFC,0x11,0xFC,0x11,0x04,0x00,0x20,
    0x3C,0x40,0x70,0xFC,0x11,0x8C,0x12,0xD8,0x7C,0x20,0x11,0xE0,0x3B,0x60,0x3C,0xFE,
    0x55,0x84,0xD2,0x48,0x10,0x30,0x10,0x60,0x17,0x80,0x12,0x00,0x00,0x20,0x3D,0x24,
    0x71,0x24,0x11,0x24,0x7D,0xFC,0x7C,0x40,0x30,0xC0,0x39,0xFC,0x75,0x0C,0x52,0xC8,
    0xD4,0x50,0x10,0x20,0x10,0xC0,0x17,0x80,0x02,0x00,0x02,0x04,0x3D,0x98,0x70,0x70,
    0x11,0xD8,0x12,0x44,0x7C,0xC0,0x13,0xFE,0x39,0xA0,0x37,0xFC,0x57,0xFC,0xD5,0x24,
    0x11,0x24,0x11,0x2C,0x11,0x28,0x10,0x20,0x3D,0xFC,0x71,0x04,0x11,0x04,0x11,0xFC,
    0x7C,0x00,0x10,0x00,0x3B,0xFC,0x34,0x20,0x76,0x20,0x51,0xFC,0xD0,0x20,0x10,0x20,
    0x13,0xFE,0x10,0x00,0x00,0x00,0x00,0x20,0x3F,0x26,0x71,0x2C,0x10,0xA8,0x10,0x20,
    0x7D,0xFC,0x11,0x04,0x39,0xFC,0x3D,0x04,0x55,0x04,0xD1,0xFC,0x11,0x04,0x11,0x04,
    0x11,0x1C,0x00,0x00,0x01,0x08,0x3D,0x88,0x70,0x90,0x13,0xFC,0x13,0xFC,0x7F,0x04,
    0x13,0x04,0x3B,0x04,0x3F,0xFC,0x54,0x90,0xD0,0x90,0x11,0x92,0x11,0x12,0x16,0x1E,
    0x14,0x00,0x00,0x60,0x3C,0x40,0x73,0xFC,0x12,0x24,0x12,0x24,0x7F,0xFC,0x12,0x24,
    0x3B,0xFC,0x3F,0xFC,0x54,0xA0,0xD1,0x20,0x17,0xFE,0x10,0x20,0x10,0x20,0x10,0x20,
    0x00,0x00,0x00,0xB0,0x3C,0x90,0x71,0x10,0x11,0xFE,0x13,0x10,0x7F,0x10,0x17,0xFC,
    0x39,0x10,0x35,0x10,0x57,0xFC,0xD1,0x10,0x11,0x10,0x11,0xFE,0x11,0x00,0x11,0x00,
    0x3F,0xFC,0x52,0x04,0x12,0x44,0x12,0xF4,0x7E,0x44,0x33,0xFC,0x3A,0x04,0x3E,0x04,
    0x56,0xF4,0xD2,0x94,0x12,0x94,0x14,0xF4,0x14,0x1C,0x1C,0x10,0x00,0x00,0x00,0xC0,
    0x3C,0xF8,0x51,0x18,0x12,0x10,0x13,0xFC,0x7C,0x04,0x33,0xFC,0x38,0x04,0x37,0xFC,
    0x54,0x40,0xD2,0xA4,0x12,0xB4,0x14,0x8A,0x14,0xF2,0x10,0x00,0x00,0x00,0x00,0x04,
    0x7F,0xFC,0x50,0x44,0x13,0x24,0x7D,0x28,0x7D,0x08,0x11,0xDC,0x3B,0x04,0x36,0x04,
    0x57,0xDC,0xD2,0x04,0x12,0x04,0x12,0x04,0x13,0xFC,0x10,0x00,0x00,0x40,0x1C,0x20,
    0x73,0xFC,0x12,0x04,0x13,0xFC,0x7C,0x60,0x30,0xC4,0x3B,0x68,0x3C,0xF8,0x57,0x28,
    0xD6,0x6C,0x11,0xA4,0x13,0x22,0x14,0xE0,0x10,0x00,0x00,0x00,0x00,0x50,0x3C,0x4C,
    0x53,0xFE,0x10,0xA6,0x13,0x3C,0x7E,0x08,0x33,0xF4,0x3B,0x06,0x7C,0xF8,0x57,0xFC,
    0xD2,0x04,0x13,0xFC,0x12,0x04,0x13,0xFC,0x12,0x04,0x00,0x60,0x7C,0x20,0x53,0xFE,
    0x10,0x00,0x11,0xF8,0x7D,0x08,0x11,0xF8,0x38,0x00,0x3B,0xFC,0x56,0x64,0xD2,0x94,
    0x52,0x94,0x12,0xF4,0x12,0x0C,0x10,0x00,0x00,0x60,0x3D,0xFC,0x71,0x04,0x11,0xFC,
    0x11,0x04,0x7D,0xFC,0x10,0xA8,0x39,0x2C,0x3E,0x32,0x55,0xC8,0xD2,0x38,0x13,0xC6,
    0x12,0x18,0x13,0xE0,0x14,0x00,0x00,0x40,0x7F,0xFE,0x50,0x40,0x13,0xFC,0x12,0x44,
    0x7F,0xFC,0x32,0x44,0x3B,0xFC,0x34,0x4C,0x57,0xFC,0xD0,0x4E,0x12,0xA4,0x14,0x8E,
    0x14,0xF2,0x10,0x00,0x01,0x00,0x01,0x80,0x3F,0xFC,0x3F,0xFC,0x20,0x04,0x26,0x44,
    0x06,0x40,0x04,0x60,0x04,0x20,0x0C,0x20,0x08,0x30,0x18,0x18,0x30,0x0C,0x60,0x06,
    0x40,0x04,0x00,0x00,0x01,0x00,0x01,0x80,0x3F,0xFC,0x20,0x04,0x26,0x64,0x0C,0x30,
    0x72,0x0C,0x42,0x04,0x3F,0xE0,0x02,0x20,0x06,0x20,0x04,0x22,0x18,0x22,0x70,0x3C,
    0x40,0x00,0x01,0x00,0x01,0x80,0x3F,0xFC,0x20,0x04,0x26,0x44,0x1C,0x38,0x72,0x0E,
    0x02,0x02,0x3F,0xF8,0x02,0x08,0x04,0x08,0x0C,0x18,0x18,0x18,0x70,0xF0,0x40,0x00,
    0x01,0x00,0x01,0x80,0x3F,0xFC,0x20,0x04,0x22,0x44,0x0C,0x30,0x18,0x1C,0x60,0x06,
    0x1F,0xF8,0x01,0x00,0x01,0x00,0x01,0x00,0x01,0x00,0x7F,0xFE,0x00,0x00,0x01,0x00,
    0x01,0x80,0x3F,0xFC,0x22,0xC4,0x1C,0x38,0x20,0x08,0x3F,0xFC,0x18,0x20,0x10,0x20,
    0x1F,0xFE,0x01,0xA0,0x06,0x20,0x1C,0x20,0x61,0xE0,0x00,0x80,0x01,0x00,0x01,0x80,
    0x3F,0xFC,0x20,0x04,0x26,0xE4,0x1C,0x18,0x61,0x24,0x01,0x10,0x7F,0xFC,0x01,0x00,
    0x03,0x80,0x06,0x40,0x1C,0x30,0x70,0x0E,0x00,0x02,0x01,0x00,0x01,0x80,0x3F,0xFC,
    0x22,0x44,0x0E,0x70,0x70,0x0E,0x50,0x06,0x11,0xF8,0x7E,0xC8,0x50,0x88,0x12,0x88,
    0x16,0x88,0x39,0x08,0x12,0x38,0x04,0x00,0x01,0x00,0x01,0x00,0x3F,0xFC,0x22,0x44,
    0x0C,0x70,0x74,0x0C,0x4F,0xFE,0x1A,0x00,0x32,0x00,0x63,0xF8,0x42,0x00,0x03,0xFC,
    0x03,0xFC,0x02,0x00,0x02,0x00,0x00,0x00,0x01,0x00,0x01,0x80,0x3F,0xFC,0x22,0x44,
    0x2E,0x74,0x38,0x08,0x01,0xFE,0x7C,0x80,0x10,0x80,0x10,0xFC,0x10,0x08,0x16,0x08,
    0x7C,0x08,0x00,0x78,0x00,0x00,0x00,0x00,0x01,0x00,0x3F,0xFC,0x20,0x04,0x26,0x44,
    0x1C,0x38,0x68,0x06,0x1F,0xF8,0x31,0x00,0x11,0x00,0x7F,0xFE,0x01,0x00,0x11,0x08,
    0x11,0x08,0x1F,0xF8,0x00,0x00,0x00,0x00,0x01,0x00,0x01,0x00,0x3F,0xFC,0x22,0xC4,
    0x3C,0x38,0x00,0x04,0x3F,0xFC,0x0C,0x30,0x3F,0xF8,0x01,0x0C,0x01,0x00,0x3F,0xF8,
    0x01,0x00,0x7F,0xFE,0x00,0x00,0x01,0x00,0x01,0x80,0x3F,0xFC,0x26,0x64,0x18,0x1C,
    0x69,0x84,0x1F,0xF8,0x31,0x80,0x7F,0xFE,0x00,0x00,0x1F,0xF8,0x10,0x08,0x10,0x08,
    0x1F,0xF8,0x10,0x08,0x01,0x00,0x01,0x80,0x3F,0xFC,0x26,0x74,0x39,0x8C,0x41,0x02,
    0x3F,0xF8,0x22,0x08,0x27,0xE8,0x2B,0x48,0x20,0xC8,0x27,0x28,0x28,0x08,0x3F,0xF8,
    0x20,0x08,0x01,0x00,0x3F,0xFC,0x20,0x04,0x2E,0xF4,0x10,0x08,0x3F,0xF8,0x04,0x08,
    0x7F,0xFE,0x0C,0x08,0x7F,0xF8,0x18,0x00,0x2F,0xF8,0xC8,0x08,0x0F,0xF8,0x08,0x08,
    0x01,0x00,0x01,0x80,0x3F,0xFC,0x26,0x64,0x39,0x1C,0x5F,0xFA,0x11,0x08,0x11,0x08,
    0x0F,0xF0,0x01,0x00,0x3F,0xFC,0x21,0x0C,0x3F,0xFC,0x01,0x00,0x01,0x00,0x01,0x00,
    0x01,0x80,0x3F,0xFC,0x26,0x64,0x38,0x1C,0x5F,0xF2,0x18,0x10,0x1F,0xF0,0x01,0x00,
    0x3F,0xFC,0x21,0x8C,0x22,0x6C,0x2C,0x3C,0x20,0x38,0x00,0x00,0x01,0x00,0x1F,0xF8,
    0x20,0x04,0x2E,0x74,0x30,0x0C,0x1F,0xF8,0x10,0x08,0x1F,0xF8,0x18,0xC0,0x14,0xC8,
    0x37,0xF8,0x2C,0xCC,0x2C,0xCC,0x4F,0xFC,0x40,0x0C,0x01,0x00,0x01,0x80,0x3F,0xFC,
    0x26,0xE4,0x38,0x1C,0x11,0xF8,0x11,0xF8,0x7D,0x68,0x11,0x68,0x7F,0x48,0x11,0x68,
    0x18,0xE0,0x25,0xA2,0x43,0x3E,0x04,0x00,0x01,0x00,0x7F,0xFC,0x60,0x04,0x6E,0xF4,
    0x30,0x88,0x3B,0xFC,0x2E,0xF0,0x29,0xFC,0x37,0xFA,0x29,0x60,0x2B,0xFC,0x2E,0x60,
    0x31,0xFC,0x27,0xFE,0x20,0x00,0x01,0x00,0x01,0x80,0x3F,0xFC,0x3F,0xFC,0x00,0x00,
    0x18,0x10,0x08,0x30,0x0C,0x20,0x04,0x20,0x04,0x60,0x06,0x40,0x04,0x40,0x00,0xC0,
    0x7F,0xFE,0x00,0x00,0x04,0x00,0x25,0xFC,0x25,0x0C,0x24,0x88,0x24,0x70,0x24,0xF0,
    0x27,0x9C,0x05,0x02,0x01,0x80,0x3F,0xFC,0x08,0x30,0x04,0x20,0x06,0x40,0x7F,0xFE,
    0x00,0x00,0x10,0x20,0x18,0x20,0x08,0x20,0x7E,0x3E,0x00,0x20,0x24,0x20,0x24,0x20,
    0x25,0xFC,0x25,0x04,0x3D,0x04,0x29,0x04,0x0F,0x04,0xF9,0xFC,0x01,0xFC,0x01,0x04,
    0x01,0x00,0x3F,0xFC,0x04,0x20,0x04,0x20,0x7F,0xFE,0x00,0x00,0x1F,0xF8,0x10,0x18,
    0x10,0x18,0x1F,0xF8,0x06,0x40,0x04,0x44,0x0C,0x44,0x38,0x7C,0x40,0x00,0x00,0x00,
    0x01,0x00,0x3F,0xFC,0x04,0x20,0x04,0x20,0x7F,0xFE,0x00,0x00,0x1F,0xF8,0x10,0x08,
    0x1F,0xF8,0x10,0x08,0x1F,0xF8,0x04,0x44,0x0C,0x46,0x78,0x7C,0x40,0x00,0x00,0x00,
    0x01,0x00,0x01,0x00,0x3F,0xFC,0x04,0x20,0x7F,0xFE,0x00,0x00,0x1F,0xF8,0x10,0x08,
    0x1F,0xF8,0x10,0x08,0x1F,0xF8,0x01,0x00,0x7F,0xFE,0x01,0x00,0x01,0x00,0x10,0x60,
    0x10,0x50,0x10,0x88,0x7D,0xFC,0x03,0x86,0x4C,0x98,0x29,0x0C,0x2A,0xC2,0x28,0xF8,
    0x29,0x88,0x2A,0xD8,0x14,0x70,0x7C,0xD8,0x07,0x0E,0x00,0x00,0x01,0x00,0x01,0x80,
    0x3E,0x7C,0x04,0x20,0x7F,0xFE,0x00,0x00,0x1F,0xF8,0x11,0x08,0x1F,0xF8,0x1F,0xF8,
    0x01,0x00,0x3F,0xFC,0x01,0x00,0x7F,0xFE,0x00,0x00,0x10,0x00,0x11,0xFC,0x11,0x0C,
    0x7D,0xFC,0x01,0x0C,0x45,0xFC,0x29,0x80,0x29,0xFC,0x2A,0x44,0x2D,0x64,0x29,0xD4,
    0x1D,0x9C,0x71,0xF4,0x00,0x1C,0x00,0x10,0x20,0x40,0x12,0x44,0x12,0x44,0x7B,0xFC,
    0x00,0x00,0x48,0x00,0x4B,0xFE,0x28,0x40,0x2B,0xFC,0x32,0xA4,0x32,0xA4,0x1E,0xA4,
    0xFA,0xA4,0x02,0x94,0x00,0x08,0x08,0x60,0x10,0x40,0x10,0x40,0x3F,0xFE,0x38,0x90,
    0x59,0x10,0xDB,0x10,0x18,0x10,0x18,0x10,0x18,0x10,0x18,0x10,0x18,0x10,0x18,0x10,
    0x18,0x70,0x00,0x00,0x08,0x20,0x10,0x40,0x1F,0x7E,0x24,0x90,0x65,0x88,0x00,0x00,
    0x3F,0xFC,0x01,0x00,0x01,0x00,0x7F,0xFE,0x7F,0xFE,0x01,0x00,0x01,0x00,0x01,0x00,
    0x01,0x00,0x18,0x60,0x10,0x40,0x3F,0xFE,0x64,0x90,0x45,0x88,0x3F,0xF8,0x31,0x08,
    0x31,0x08,0x31,0x08,0x3F,0xF8,0x30,0x00,0x30,0x06,0x30,0x04,0x1F,0xFC,0x00,0x00,
    0x18,0x60,0x1F,0x7E,0x3C,0xD0,0x64,0x98,0x41,0x90,0x3F,0xF8,0x02,0x08,0x7F,0xFE,
    0x02,0x08,0x06,0x08,0x7F,0xF8,0x04,0x00,0x0C,0x00,0x70,0x00,0x20,0x00,0x00,0x00,
    0x18,0x60,0x10,0x40,0x3F,0x7E,0x24,0x90,0x65,0x88,0x00,0xF8,0x3F,0xC0,0x01,0x00,
    0x01,0x00,0x7F,0xFC,0x01,0x80,0x02,0x40,0x0C,0x30,0x70,0x1E,0x40,0x02,0x00,0x00,
    0x08,0x60,0x10,0x40,0x1F,0x7E,0x24,0x98,0x45,0x90,0x0F,0xF8,0x33,0x00,0x03,0x78,
    0x3F,0xC0,0x03,0x00,0x7F,0xFE,0x43,0x04,0x01,0x04,0x01,0xFC,0x00,0x00,0x00,0x00,
    0x08,0x20,0x10,0x40,0x3F,0x7E,0x24,0x90,0x44,0x88,0x01,0x00,0x3F,0xF8,0x31,0x08,
    0x31,0x08,0x3F,0xF8,0x31,0x08,0x31,0x08,0x31,0x08,0x3F,0xF8,0x30,0x08,0x00,0x00,
    0x18,0x60,0x10,0x40,0x3F,0x7E,0x24,0x90,0x45,0x88,0x08,0x10,0x10,0x10,0x37,0xFE,
    0x32,0x10,0xD1,0x10,0x51,0x90,0x10,0x90,0x10,0x10,0x10,0x70,0x10,0x60,0x08,0x60,
    0x10,0x40,0x3F,0xFE,0x24,0x90,0x45,0x08,0x01,0x00,0x3F,0xFC,0x03,0x40,0x05,0x60,
    0x0D,0x30,0x11,0x18,0xEF,0xFE,0x4F,0xF2,0x01,0x00,0x01,0x00,0x00,0x00,0x18,0x60,
    0x1F,0x7E,0x28,0x90,0x64,0x90,0x5F,0xF8,0x01,0x08,0x01,0x08,0x1F,0xF8,0x21,0x00,
    0x3F,0xFC,0x03,0x04,0x07,0x04,0x19,0x3C,0x61,0x30,0x01,0x00,0x00,0x00,0x18,0x60,
    0x10,0x40,0x3F,0xFE,0x24,0x90,0x45,0xC8,0x04,0x2C,0x7F,0xF0,0x02,0x00,0x03,0xFE,
    0x7F,0x08,0x01,0x38,0x01,0xC4,0x0F,0xC6,0x70,0x3C,0x00,0x00,0x00,0x00,0x08,0x20,
    0x10,0x40,0x1F,0x7E,0x24,0x98,0x45,0xC8,0x06,0x20,0x7F,0xFE,0x04,0x80,0x04,0x88,
    0x0C,0xB0,0x08,0xE0,0x19,0x86,0x3E,0x84,0x68,0xFC,0x40,0x00,0x00,0x00,0x18,0x60,
    0x10,0x40,0x3F,0xFE,0x64,0x98,0x45,0x10,0x3F,0xF8,0x01,0x00,0x7F,0xFE,0x00,0x20,
    0x00,0x20,0x7F,0xFC,0x0C,0x20,0x06,0x20,0x03,0xE0,0x00,0x80,0x00,0x00,0x18,0x60,
    0x10,0x40,0x3F,0x7E,0x24,0x98,0x45,0xC8,0x3E,0x40,0x23,0xFC,0x23,0xFC,0x3E,0x44,
    0x22,0x44,0x3E,0x44,0x22,0xC4,0x22,0x8C,0x4F,0x38,0x41,0x00,0x00,0x00,0x08,0x60,
    0x10,0x40,0x3F,0xFE,0x24,0x90,0x4F,0x28,0x09,0x90,0x10,0x8C,0x37,0xF8,0x30,0x8C,
    0x50,0x98,0x10,0xF0,0x10,0xC6,0x1F,0x64,0x14,0x3C,0x10,0x08,0x18,0x60,0x1F,0x7E,
    0x28,0x90,0x65,0x90,0x3F,0xFC,0x20,0x00,0x2F,0xF8,0x20,0x80,0x20,0x80,0x27,0xF8,
    0x20,0x80,0x2F,0xFC,0x20,0x00,0x3F,0xFC,0x00,0x00,0x18,0x60,0x10,0x40,0x3F,0xFE,
    0x24,0x98,0x45,0x88,0x00,0x00,0x7D,0xF0,0x11,0x10,0x11,0x90,0x11,0x50,0x15,0x30,
    0x1D,0x32,0x62,0x12,0x06,0x1E,0x0C,0x00,0x00,0x00,0x18,0x60,0x1F,0x7E,0x28,0x90,
    0x65,0x90,0x3F,0xF8,0x20,0x08,0x20,0x08,0x2F,0xE8,0x20,0x08,0x27,0xE8,0x24,0x68,
    0x24,0x68,0x27,0xE8,0x20,0x38,0x00,0x00,0x00,0x00,0x18,0x60,0x10,0x40,0x3F,0xFE,
    0x6D,0x90,0x45,0x88,0x06,0xC0,0x1C,0x30,0xFF,0xFC,0x40,0x02,0x00,0x00,0x1F,0xF8,
    0x10,0x18,0x10,0x18,0x1F,0xF8,0x10,0x18,0x00,0x00,0x18,0x60,0x10,0x40,0x3F,0xFE,
    0x64,0x90,0x45,0x18,0x3F,0xFC,0x01,0x00,0x3F,0xF8,0x31,0x08,0x31,0x88,0x33,0x58,
    0x0D,0x20,0x39,0x1C,0x61,0x06,0x01,0x00,0x18,0x60,0x1F,0x7E,0x28,0xD0,0x65,0x98,
    0x48,0x00,0x2B,0xFE,0x28,0x20,0x28,0x20,0x29,0xFC,0x29,0x24,0x29,0x24,0x09,0x24,
    0x11,0x3C,0x70,0x20,0x20,0x20,0x00,0x00,0x18,0x60,0x10,0x40,0x3F,0xFE,0x65,0x98,
    0x54,0xC8,0x13,0xF8,0x5F,0xF8,0x56,0x48,0x50,0x48,0x57,0xFE,0x10,0xC0,0x10,0xA0,
    0x11,0x10,0x16,0x0E,0x14,0x02,0x18,0x60,0x1F,0x7E,0x38,0xD0,0x65,0x98,0x3F,0xFC,
    0x02,0x00,0x1F,0xF8,0x06,0x00,0x7F,0xFE,0x0C,0x00,0x0F,0xFC,0x14,0x10,0x63,0x10,
    0x42,0xF0,0x00,0x80,0x00,0x00,0x08,0x20,0x10,0x40,0x1F,0x7E,0x2C,0x90,0x65,0x88,
    0x02,0xC0,0x0C,0x30,0xF0,0x0C,0x5F,0xF2,0x13,0x08,0x11,0x18,0x09,0x90,0x09,0x20,
    0x7F,0xFE,0x00,0x00,0x18,0x60,0x1F,0x7E,0x28,0x90,0x65,0x98,0x70,0x00,0x1B,0xFC,
    0x28,0x04,0x27,0xE4,0x24,0x24,0x27,0xE4,0x24,0x24,0x24,0x24,0x27,0xE4,0x20,0x3C,
    0x00,0x00,0x00,0x00,0x18,0x60,0x1F,0x7E,0x2C,0x90,0x45,0x88,0x13,0xFE,0x12,0x00,
    0x7E,0x20,0x12,0xFC,0x16,0xA4,0x7A,0xA4,0x12,0xAC,0x12,0xA8,0x12,0x20,0x73,0xFE,
    0x00,0x00,0x18,0x60,0x1F,0x7E,0x38,0xD0,0x65,0x88,0x74,0xC8,0x1B,0xFC,0x4B,0xFC,
    0x62,0x04,0x12,0x04,0x13,0xFC,0x1A,0x04,0x12,0x04,0x23,0xFC,0x62,0x04,0x00,0x00,
    0x00,0x00,0x18,0x60,0x1F,0x7E,0x24,0xD8,0x45,0x88,0x08,0x10,0x7F,0xFC,0x08,0x10,
    0x0F,0xF0,0x08,0x10,0x0F,0xF0,0x08,0x10,0x7F,0xFE,0x06,0x70,0x38,0x1C,0x40,0x04,
    0x00,0x00,0x18,0x60,0x1F,0x7E,0x2C,0x90,0x65,0x98,0x1F,0xF8,0x10,0x08,0x1F,0xF8,
    0x1F,0xF8,0x10,0x08,0x1F,0xF8,0x04,0x20,0x7F,0xFE,0x08,0x20,0x18,0x20,0x20,0x20,
    0x00,0x00,0x18,0x60,0x10,0x40,0x3F,0xFE,0x65,0x88,0x01,0x00,0x3F,0xFC,0x20,0x04,
    0x1F,0xF8,0x10,0x18,0x1F,0xF8,0x10,0x00,0x1F,0xF8,0x10,0x08,0x1F,0xF8,0x10,0x08,
    0x18,0x60,0x1F,0x7E,0x24,0xD0,0x64,0x88,0x3F,0xFC,0x22,0x44,0x22,0x44,0x3F,0xFC,
    0x06,0x00,0x1F,0xF8,0x3C,0x10,0x42,0x60,0x03,0x80,0x3E,0x00,0x60,0x00,0x18,0x60,
    0x1F,0x7E,0x24,0x90,0x4F,0xA8,0x0C,0x20,0x7F,0xFE,0x00,0x00,0x3F,0x6C,0x23,0x6C,
    0x3F,0x6C,0x23,0x6C,0x3F,0x6C,0x23,0x0C,0x26,0x38,0x00,0x00,0x18,0x60,0x10,0x40,
    0x3F,0xFE,0x65,0x90,0x54,0x18,0x11,0xFC,0x7D,0x0C,0x11,0xFC,0x39,0x0C,0x35,0x0C,
    0x53,0xFC,0xD1,0x0C,0x11,0x0C,0x11,0xFC,0x11,0x00,0x18,0x60,0x1F,0x7E,0x24,0x90,
    0x4E,0x88,0x1F,0xF0,0x1F,0xF0,0x00,0x10,0x7F,0xFE,0x0F,0x08,0x73,0xF0,0x1C,0xA0,
    0x63,0x90,0x1C,0x8C,0x63,0x82,0x00,0x00,0x00,0x00,0x18,0x60,0x1F,0x7E,0x2C,0xD0,
    0x65,0x98,0x3F,0xFC,0x30,0x0C,0x3F,0xFC,0x30,0x00,0x3F,0xFC,0x29,0x24,0x29,0x24,
    0x6F,0xFC,0x49,0x24,0xC9,0x3C,0x00,0x00,0x18,0x40,0x1F,0x7E,0x28,0xB0,0x65,0x90,
    0x19,0x10,0x05,0x20,0x7F,0xFC,0x0F,0x70,0x71,0x1E,0x06,0x00,0x7F,0xFC,0x1C,0x60,
    0x03,0xC0,0x7F,0x3C,0x40,0x04,0x00,0x00,0x18,0x60,0x1F,0x7E,0x28,0x90,0x45,0x98,
    0x7F,0xFE,0x00,0x00,0x1F,0xF0,0x1F,0xF0,0x00,0x00,0x3F,0xFC,0x20,0x04,0x27,0xE4,
    0x24,0x24,0x23,0xDC,0x00,0x00,0x00,0x00,0x18,0x60,0x1F,0x7E,0x24,0x90,0x5F,0xF8,
    0x10,0x08,0x1F,0xF8,0x1F,0xF8,0x1F,0xF8,0x02,0x00,0x7F,0xFC,0x0D,0x20,0x33,0x58,
    0x66,0x66,0x0F,0xF0,0x00,0x10,0x00,0x00,0x18,0x60,0x10,0x40,0x3F,0xFE,0x65,0x98,
    0x44,0x50,0x24,0xFE,0x24,0xA0,0x25,0xB0,0x25,0x08,0x00,0x00,0x1F,0xF8,0x12,0x48,
    0x12,0x48,0x7F,0xFE,0x00,0x00,0x18,0x60,0x1F,0x7E,0x28,0x90,0x45,0x98,0x7F,0xFE,
    0x16,0x68,0x13,0xC8,0x1C,0x28,0x1F,0xF8,0x01,0x00,0x3F,0xFC,0x26,0x64,0x2F,0xE4,
    0x20,0x1C,0x00,0x00,0x00,0x00,0x18,0x60,0x1F,0x7E,0x28,0x90,0x45,0x10,0x23,0xF8,
    0x15,0xB0,0x11,0xF0,0x0E,0x4E,0x77,0xFC,0x10,0x40,0x17,0xF8,0x17,0xFC,0x78,0x40,
    0xCF,0xFE,0x00,0x00,0x00,0x00,0x18,0x60,0x1F,0x7E,0x28,0x90,0x65,0x88,0x18,0xC0,
    0x7E,0xFE,0x11,0x40,0x12,0xFC,0x1D,0x20,0x24,0x20,0x25,0xFE,0x24,0x30,0x24,0x58,
    0x5D,0x8E,0xC2,0x02,0x00,0x00,0x18,0x60,0x1F,0x7E,0x24,0x90,0x65,0x98,0x3F,0xFC,
    0x04,0x20,0x7F,0xFE,0x01,0x00,0x1F,0xF8,0x11,0x08,0x1F,0xF8,0x1F,0xF8,0x06,0x60,
    0x38,0x1C,0x40,0x04,0x00,0x00,0x18,0x60,0x1F,0x7E,0x24,0x88,0x66,0xD8,0x37,0xFC,
    0x18,0x40,0x47,0xF8,0x27,0xF8,0x14,0x48,0x07,0xF8,0x14,0x58,0x2F,0xFE,0x23,0x10,
    0x61,0x70,0x00,0x00,0x18,0x60,0x1F,0x7E,0x24,0x90,0x65,0x90,0x10,0x88,0x7D,0xFC,
    0x10,0x88,0x3F,0xFE,0x10,0x00,0x7F,0xFC,0x19,0x04,0x35,0xFC,0xD3,0x04,0x11,0xFC,
    0x11,0x04,0x00,0x00,0x01,0x00,0x21,0x0C,0x11,0x08,0x09,0x10,0x0D,0x20,0x01,0x00,
    0x7F,0xFC,0x01,0x80,0x03,0xC0,0x05,0x60,0x09,0x30,0x31,0x0C,0xE1,0x06,0x01,0x00,
    0x01,0x00,0x01,0x08,0x31,0x18,0x09,0x30,0x05,0x20,0x7F,0xFC,0x03,0x40,0x0D,0x38,
    0x71,0x0C,0x41,0x00,0x7F,0xFC,0x01,0x80,0x03,0xC0,0x0E,0x70,0x78,0x1E,0x40,0x02,
    0x18,0x00,0x5A,0xFC,0x5A,0x04,0x3C,0x08,0x3C,0x10,0x18,0x20,0x7E,0x20,0x19,0xFE,
    0x38,0x20,0x3C,0x20,0x5A,0x20,0xD8,0x20,0x18,0x20,0x18,0xE0,0x18,0x00,0x10,0x10,
    0x52,0x50,0x52,0xD8,0x74,0x88,0x35,0x8C,0x11,0x04,0x7F,0xFE,0x11,0xF8,0x38,0x88,
    0x34,0x88,0x52,0x88,0xD0,0x88,0x11,0x08,0x16,0x38,0x12,0x00,0x10,0x60,0x52,0x20,
    0x52,0x20,0x35,0xFE,0x34,0x00,0x11,0x8C,0x7E,0x88,0x10,0x88,0x3C,0x88,0x34,0xD8,
    0x52,0x50,0xD0,0x90,0x10,0x10,0x13,0xFE,0x00,0x00,0x10,0x30,0x52,0x20,0x53,0xFC,
    0x55,0xFC,0x35,0x04,0x11,0x04,0x7F,0x04,0x11,0xFC,0x39,0x04,0x35,0x04,0x53,0x04,
    0xD1,0x04,0x11,0xFC,0x11,0x04,0x11,0x00,0x00,0x00,0x10,0x00,0x15,0xFC,0x53,0x8C,
    0x55,0x8C,0x35,0x8C,0x11,0xFC,0x7F,0x8C,0x11,0x8C,0x3D,0x8C,0x35,0xFC,0x53,0x8C,
    0xD1,0x8C,0x11,0x8C,0x13,0xFE,0x10,0x00,0x18,0x20,0x5A,0x20,0x5A,0x20,0x7C,0x3E,
    0x3C,0x20,0x18,0x20,0x7E,0x20,0x19,0xFC,0x39,0x04,0x3D,0x04,0x5B,0x04,0xDB,0x04,
    0x19,0xFC,0x19,0xFC,0x19,0x04,0x7F,0xFC,0x02,0x40,0x3F,0xFC,0x22,0x44,0x22,0x44,
    0x3F,0xFC,0x09,0x10,0x19,0x10,0x7F,0xFC,0x01,0x80,0x07,0x60,0x1D,0x38,0xE1,0x06,
    0x01,0x00,0x00,0x00,0x01,0x00,0x3F,0xF8,0x29,0x28,0x27,0x68,0x2F,0xF8,0x23,0xC8,
    0x2D,0x38,0x3F,0xF8,0x00,0x00,0x7F,0xFE,0x08,0x00,0x1F,0xF8,0x00,0x08,0x00,0xF0,
    0x00,0x80,0x00,0x00,0x01,0x80,0x79,0x9C,0x0D,0xA4,0x0B,0xC4,0x0B,0xC4,0x3B,0x9C,
    0x27,0xF0,0x21,0x90,0x39,0x9C,0x4B,0xC4,0x0B,0xE4,0x1D,0xA4,0x19,0x84,0x71,0x9C,
    0x01,0x80,0x11,0x18,0x0D,0x10,0x09,0x20,0x7F,0xFC,0x07,0x60,0x39,0x38,0x45,0x26,
    0x3F,0xFC,0x3F,0xFC,0x04,0x20,0x7F,0xFE,0x00,0x00,0x0E,0x70,0x78,0x1C,0x20,0x04,
    0x10,0x60,0x52,0x20,0x55,0xFC,0x55,0x04,0x3D,0xFC,0x11,0xFC,0x7D,0x04,0x11,0xFC,
    0x39,0x40,0x35,0x24,0x53,0x38,0x91,0x10,0x11,0x6C,0x11,0x86,0x12,0x00,0x20,0x00,
    0x1B,0xF8,0x4A,0x88,0x32,0x8C,0x14,0x8E,0x19,0x1A,0x26,0x70,0x51,0x18,0x09,0x30,
    0x7F,0xFC,0x01,0x80,0x07,0x60,0x19,0x38,0x61,0x0E,0x01,0x00,0x10,0x00,0x55,0xFE,
    0x54,0x20,0x54,0x20,0x39,0xFC,0x11,0x24,0x7D,0xFC,0x11,0x24,0x39,0x24,0x7D,0xFC,
    0x55,0x20,0x90,0xC0,0x10,0xF0,0x17,0x1E,0x14,0x00,0x10,0x20,0x54,0x20,0x53,0xFC,
    0x34,0x88,0x34,0x88,0x10,0x98,0x7F,0x54,0x13,0x66,0x3E,0x20,0x34,0x20,0x53,0xFE,
    0xD0,0x20,0x10,0x20,0x10,0x20,0x10,0x20,0x10,0x20,0x54,0x20,0x55,0xFC,0x54,0x20,
    0x39,0xFC,0x13,0xFE,0x7C,0x00,0x11,0xFC,0x39,0x04,0x75,0xFC,0x55,0x04,0x91,0xFC,
    0x11,0x04,0x11,0x1C,0x10,0x10,0x11,0x00,0x55,0x3C,0x55,0x24,0x5B,0xE4,0x59,0x24,
    0x11,0x3C,0x79,0x24,0x33,0xA4,0x3A,0xA4,0x5A,0xBC,0x56,0xA4,0x92,0xA4,0x13,0xA4,
    0x10,0x5C,0x00,0x40,0x11,0x88,0x56,0x98,0x55,0xFC,0x55,0xFC,0x7C,0x20,0x10,0x20,
    0x7D,0xFC,0x10,0x20,0x38,0x20,0x37,0xFE,0x54,0x04,0xD1,0x54,0x12,0x52,0x12,0x52,
    0x12,0x02,0x10,0x20,0x54,0x20,0x57,0xFE,0x5A,0x20,0x5A,0xFC,0x12,0x24,0x7F,0xFE,
    0x32,0x24,0x3A,0xFC,0x3E,0x20,0x56,0xFC,0xD2,0x84,0x14,0x84,0x14,0xFC,0x10,0x84,
    0x10,0x10,0x56,0x50,0x55,0x7C,0x35,0x90,0x38,0x90,0x78,0xFE,0x7B,0x00,0x11,0x7C,
    0x39,0x44,0x75,0x44,0x55,0x44,0xD3,0x7C,0x17,0x80,0x14,0xFE,0x10,0x00,0x00,0x80,
    0x00,0xC0,0x3F,0xFE,0x22,0x10,0x2F,0xFE,0x27,0x38,0x3E,0xD4,0x2A,0x9A,0x26,0xC8,
    0x22,0xD0,0x2F,0xFE,0x21,0xE0,0x46,0xD8,0xD8,0xC6,0x40,0xC0,0x10,0x50,0x17,0xFE,
    0x54,0x50,0x5B,0xFC,0x3A,0x54,0x13,0xFC,0x7E,0x54,0x13,0xFC,0x38,0x00,0x35,0xFC,
    0x55,0x04,0xD1,0xFC,0x11,0x04,0x11,0xFC,0x11,0x04,0x10,0x20,0x54,0x20,0x57,0xFE,
    0x5A,0x20,0x3A,0xFC,0x12,0x24,0x7F,0xFE,0x32,0x24,0x3A,0xFC,0x57,0x36,0x56,0xBC,
    0x92,0x68,0x15,0xA4,0x1F,0x62,0x10,0x00,0x10,0x00,0x57,0xFC,0x54,0x40,0x5B,0xFC,
    0x5B,0xDC,0x12,0x44,0x79,0xD8,0x37,0xFE,0x38,0x40,0x58,0x40,0x57,0xBC,0x92,0x94,
    0x12,0x94,0x12,0x9C,0x10,0x08,0x1F,0xFC,0x3F,0x00,0x06,0x10,0x0C,0x60,0x3F,0xC0,
    0x01,0xB0,0x06,0x18,0x3F,0xFC,0x3D,0x84,0x0D,0xA0,0x19,0x98,0x31,0x8C,0x47,0x82,
    0x00,0x00,0x00,0x00,0x01,0x00,0x01,0x80,0x7F,0xFC,0x06,0x60,0x03,0x80,0xFC,0x7E,
    0x43,0x32,0x2C,0x60,0x1B,0xB0,0x0E,0x18,0x3F,0xFC,0x09,0x20,0x1D,0x1C,0x67,0x06,
    0x00,0x00,0x01,0x00,0x3F,0xFC,0x01,0x00,0x3F,0xF8,0x01,0x00,0x7F,0xFE,0x06,0x20,
    0x0E,0x70,0x31,0xB0,0x06,0x18,0x3F,0xFC,0x09,0xA4,0x3D,0x98,0x67,0x86,0x00,0x00,
    0x01,0x00,0x3F,0xFC,0x01,0x00,0x01,0x00,0x3F,0xFC,0x23,0x04,0x24,0x74,0x1F,0xC0,
    0x03,0x30,0x1F,0xF8,0x31,0x84,0x0D,0xB0,0x39,0x9C,0x67,0x06,0x04,0x00,0x04,0x00,
    0x25,0xFC,0x25,0x88,0x24,0xF0,0x24,0xF0,0x27,0x8E,0x06,0x30,0x1F,0xE0,0x21,0xB0,
    0x0E,0x18,0x3F,0xFC,0x09,0xA4,0x1D,0x9C,0x67,0x06,0x00,0x00,0x04,0x40,0x24,0x4C,
    0x27,0x78,0x24,0x46,0x27,0x44,0x7E,0x7C,0x07,0x30,0x1F,0xC0,0x03,0xB0,0x0C,0x18,
    0x3F,0xFC,0x0D,0xA4,0x19,0x98,0x63,0x06,0x00,0x00,0x3F,0xF8,0x21,0x08,0x3F,0xF8,
    0x21,0x08,0x3F,0xF8,0x06,0x30,0x3F,0xE0,0x01,0xB0,0x0E,0x18,0x3F,0xFC,0x09,0xA4,
    0x1D,0x98,0x67,0x06,0x00,0x00,0x00,0x00,0x08,0x00,0x10,0x7C,0x7F,0x44,0x32,0x44,
    0x0C,0x44,0x3B,0x7C,0x62,0x30,0x2C,0x60,0x1F,0xB0,0x06,0x18,0x3F,0xFC,0x09,0x24,
    0x19,0x38,0x63,0x06,0x00,0x00,0x10,0x20,0x3F,0xFA,0x60,0x44,0x3F,0xC8,0x7F,0xB8,
    0x29,0x30,0x3F,0x6C,0x06,0xB2,0x3F,0xC0,0x03,0x30,0x3F,0xF8,0x01,0x04,0x19,0x38,
    0x67,0x06,0x00,0x00,0x00,0x00,0x18,0x40,0x3F,0xFE,0x64,0x90,0x5F,0xF8,0x1F,0xF8,
    0x1F,0xF8,0x1F,0xF8,0x04,0x00,0x7F,0xFE,0x12,0x58,0x6D,0xA6,0x1F,0xF8,0x0D,0xA0,
    0x73,0x1C,0x00,0x00,0x00,0x00,0x08,0x0C,0x08,0x0C,0x10,0x8C,0x32,0x8C,0x26,0x8C,
    0x7C,0x8C,0x08,0x8C,0x18,0x8C,0x36,0x8C,0x7C,0xFC,0x00,0xCC,0x02,0x0C,0x7E,0x0C,
    0x40,0x0C,0x00,0x0C,0x08,0x00,0x08,0x00,0x11,0xFC,0x32,0x20,0x26,0x20,0x7C,0x20,
    0x08,0x20,0x10,0x20,0x36,0x20,0x7C,0x20,0x00,0x20,0x06,0x20,0x7C,0x20,0x03,0xFE,
    0x00,0x00,0x08,0x00,0x18,0x1C,0x11,0xF0,0x32,0x20,0x24,0x20,0x7C,0x20,0x08,0x20,
    0x11,0xFE,0x3E,0x20,0x78,0x20,0x00,0x20,0x02,0x20,0xFE,0x20,0x00,0x20,0x00,0x00,
    0x08,0x40,0x18,0x40,0x10,0xC0,0x32,0xFC,0x65,0x84,0x7D,0x04,0x08,0x84,0x10,0x44,
    0x36,0x64,0x7C,0x24,0x00,0x04,0x00,0x04,0x3E,0x0C,0x60,0x38,0x00,0x00,0x08,0x00,
    0x13,0xF8,0x30,0x88,0x25,0x88,0x49,0x90,0x79,0x9C,0x11,0x84,0x31,0x44,0x7D,0x48,
    0x61,0x78,0x03,0x30,0x0E,0x38,0x76,0xCC,0x0F,0x86,0x01,0x02,0x08,0x00,0x19,0xFC,
    0x10,0x04,0x22,0x04,0x24,0x04,0x7C,0x04,0x09,0xFC,0x11,0x80,0x35,0x80,0x7D,0x80,
    0x01,0x84,0x03,0x82,0x7E,0x86,0x40,0xFC,0x00,0x00,0x08,0x00,0x11,0xFC,0x11,0xFC,
    0x26,0x44,0x65,0xC4,0x79,0x44,0x19,0x44,0x13,0x44,0x24,0x44,0x78,0x44,0x00,0xC4,
    0x02,0x8C,0x7D,0x0C,0x47,0x38,0x02,0x00,0x18,0x40,0x10,0x40,0x13,0xFE,0x24,0x40,
    0x6C,0x40,0x79,0xFC,0x18,0x40,0x10,0x40,0x2F,0xFC,0x78,0x44,0x00,0x44,0x04,0x44,
    0x7E,0x5C,0x00,0x40,0x00,0x40,0x18,0x20,0x10,0x20,0x13,0xFE,0x24,0x20,0x6C,0x20,
    0x79,0x24,0x11,0x24,0x11,0x24,0x2D,0xFC,0x79,0xFC,0x00,0x20,0x06,0x22,0x7C,0x22,
    0x00,0x3E,0x00,0x00,0x08,0x20,0x18,0x20,0x10,0xA8,0x26,0xA8,0x25,0xA4,0x79,0x24,
    0x19,0x22,0x13,0x26,0x24,0x2C,0x7C,0x08,0x00,0x10,0x04,0x60,0x7F,0xC0,0x47,0x00,
    0x04,0x00,0x18,0x00,0x13,0xFC,0x12,0x04,0x26,0x94,0x6E,0x94,0x7A,0x54,0x12,0x64,
    0x12,0x24,0x26,0x74,0x7A,0x54,0x02,0x94,0x07,0x8C,0xFE,0x04,0x02,0x1C,0x02,0x10,
    0x18,0x20,0x10,0x20,0x10,0x20,0x27,0xFC,0x27,0x24,0x7B,0x24,0x1B,0x24,0x13,0x54,
    0x27,0x54,0x7F,0x8C,0x03,0x8C,0x03,0x04,0x7F,0x04,0x43,0x1C,0x00,0x00,0x09,0x90,
    0x11,0x90,0x15,0x90,0x27,0x10,0x6D,0x10,0x79,0x90,0x19,0x98,0x11,0x58,0x3D,0x58,
    0x71,0x28,0x03,0x2C,0x1E,0x64,0x76,0x46,0x04,0xC2,0x04,0x80,0x08,0x20,0x10,0x60,
    0x16,0x50,0x24,0x98,0x65,0x0C,0x7F,0x86,0x1A,0x8A,0x10,0x98,0x24,0xE0,0x7C,0x80,
    0x00,0x88,0x06,0x84,0x7E,0x84,0x40,0xFC,0x00,0x00,0x08,0x10,0x10,0xD0,0x10,0x90,
    0x26,0x88,0x25,0x08,0x7B,0x04,0x1F,0xFE,0x11,0xFA,0x2C,0x88,0x78,0x88,0x00,0x88,
    0x05,0x88,0x7F,0x08,0x46,0x38,0x02,0x00,0x08,0x00,0x18,0x7C,0x11,0xD0,0x27,0x10,
    0x25,0x10,0x79,0x10,0x19,0xFE,0x11,0x10,0x25,0x10,0x79,0x10,0x01,0x10,0x05,0x32,
    0x7D,0xEA,0x43,0x8E,0x02,0x00,0x08,0x60,0x10,0x20,0x10,0x20,0x27,0xFE,0x65,0x08,
    0x79,0x88,0x18,0x88,0x10,0x90,0x24,0xD0,0x7C,0x70,0x00,0x60,0x06,0xF0,0xFD,0x9C,
    0x07,0x06,0x04,0x02,0x08,0x20,0x10,0x20,0x13,0xFE,0x27,0xFE,0x64,0x80,0x78,0x80,
    0x18,0xFC,0x10,0x8C,0x3C,0x8C,0x70,0x8C,0x00,0x88,0x0D,0x08,0x7B,0x08,0x06,0x38,
    0x02,0x00,0x08,0x00,0x11,0xFC,0x10,0x44,0x26,0x44,0x64,0x44,0x78,0xC4,0x18,0xC4,
    0x11,0xFC,0x2C,0x8C,0x70,0x8C,0x00,0x8C,0x04,0x88,0x7C,0x88,0x43,0xFE,0x18,0xA0,
    0x10,0x90,0x10,0x88,0x26,0xBC,0x25,0xE0,0x78,0x80,0x08,0xFC,0x13,0xC4,0x24,0x4C,
    0x78,0x58,0x00,0x70,0x04,0x62,0x79,0xA4,0x42,0x1C,0x00,0x00,0x18,0x40,0x10,0x40,
    0x13,0xFE,0x24,0x80,0x6C,0x80,0x7B,0xE0,0x19,0x20,0x11,0x20,0x27,0xFC,0x7C,0x20,
    0x01,0xAC,0x05,0x24,0x7F,0x26,0x06,0xE2,0x00,0x80,0x10,0x00,0x19,0xFC,0x11,0x0C,
    0x27,0x0C,0x65,0x0C,0x79,0xFC,0x09,0x0C,0x11,0x0C,0x25,0x0C,0x7D,0xFC,0x01,0x0C,
    0x05,0x0C,0x7D,0x0C,0x03,0xFE,0x00,0x00,0x18,0x20,0x10,0x20,0x13,0xFC,0x27,0xFC,
    0x6F,0x24,0x7B,0x24,0x13,0xFC,0x13,0x24,0x27,0x24,0x7B,0x24,0x03,0xFC,0x04,0x20,
    0x7C,0x20,0x00,0x20,0x00,0x20,0x18,0x00,0x13,0xFC,0x13,0xFC,0x26,0x24,0x6E,0x24,
    0x7A,0x24,0x12,0x24,0x13,0xFC,0x26,0x24,0x7E,0x24,0x02,0x24,0x02,0x24,0x7F,0xFC,
    0x42,0x04,0x00,0x00,0x08,0x00,0x11,0xFC,0x15,0x04,0x27,0x04,0x6D,0x04,0x79,0x04,
    0x19,0x04,0x11,0xFC,0x3C,0x00,0x78,0x88,0x00,0xD8,0x05,0x8C,0x79,0x04,0x06,0x06,
    0x02,0x02,0x10,0xC0,0x10,0x80,0x35,0xFC,0x25,0x08,0x4A,0x98,0x7E,0x70,0x10,0x60,
    0x31,0xD8,0x3F,0x06,0x70,0xE0,0x00,0x38,0x05,0x00,0x7D,0xE0,0x00,0x38,0x00,0x08,
    0x10,0x20,0x1B,0x24,0x11,0x24,0x27,0x2C,0x64,0xA8,0x78,0x20,0x0B,0xFC,0x10,0x20,
    0x24,0x20,0x7F,0xFE,0x03,0xFE,0x02,0x20,0x7E,0x20,0x00,0x20,0x00,0x20,0x08,0x00,
    0x11,0xFC,0x10,0x44,0x26,0x44,0x64,0x84,0x78,0xAC,0x1B,0x18,0x12,0x00,0x25,0xFC,
    0x7D,0x04,0x01,0x04,0x05,0x04,0x7F,0x04,0x41,0xFC,0x01,0x04,0x18,0x00,0x13,0xFC,
    0x31,0x08,0x24,0x98,0x6C,0x70,0x78,0xF0,0x17,0x8E,0x10,0x20,0x27,0xFC,0x7C,0x20,
    0x00,0x20,0x03,0xFE,0x7C,0x20,0x40,0x20,0x00,0x20,0x10,0x00,0x19,0xF8,0x10,0x08,
    0x26,0x18,0x64,0x30,0x78,0xD8,0x1B,0x86,0x12,0x02,0x25,0xFC,0x7D,0xFC,0x00,0x20,
    0x04,0x20,0x7C,0x20,0x43,0xFE,0x11,0x00,0x11,0x3E,0x31,0x34,0x2B,0xF4,0x4D,0x34,
    0x79,0x34,0x13,0xFC,0x31,0x34,0x39,0x32,0x77,0xF2,0x07,0xF2,0x05,0x3E,0xFB,0x30,
    0x02,0x30,0x04,0x30,0x10,0x38,0x10,0x28,0x20,0x24,0x27,0xFE,0x48,0x20,0x79,0x24,
    0x11,0x24,0x11,0x28,0x27,0xE8,0x79,0x38,0x01,0x10,0x0E,0x32,0xFA,0x52,0x06,0x8C,
    0x04,0x00,0x08,0x20,0x10,0x20,0x13,0xFE,0x27,0xFE,0x24,0x20,0x78,0x20,0x09,0xFC,
    0x10,0x00,0x24,0x00,0x7D,0xFC,0x01,0x04,0x01,0x04,0x7D,0xFC,0x41,0xFC,0x01,0x04,
    0x11,0x00,0x11,0x84,0x21,0xFC,0x27,0x8C,0x48,0xD8,0x78,0x66,0x17,0xA4,0x22,0x1C,
    0x38,0x00,0x73,0xFE,0x01,0xA0,0x0D,0x22,0xF1,0x22,0x06,0x1C,0x04,0x00,0x18,0x20,
    0x10,0x60,0x10,0xD0,0x24,0x98,0x6D,0x0C,0x7A,0x06,0x11,0xF8,0x10,0x00,0x27,0xFE,
    0x78,0x40,0x00,0x90,0x05,0x88,0x7D,0x3C,0x43,0xE4,0x00,0x04,0x18,0x60,0x10,0x60,
    0x34,0xD0,0x24,0x98,0x49,0x0C,0x7F,0xFE,0x14,0x02,0x10,0x00,0x2D,0xF8,0x7D,0x08,
    0x01,0x08,0x05,0x08,0xFD,0x08,0x81,0xF8,0x01,0x08,0x18,0x80,0x10,0x80,0x31,0xFC,
    0x25,0x04,0x6A,0x04,0x7B,0xE4,0x11,0x24,0x31,0x24,0x2D,0xE4,0x79,0x24,0x01,0x24,
    0x05,0xE4,0x7C,0x04,0x00,0x3C,0x00,0x00,0x18,0x40,0x10,0xFC,0x37,0xFC,0x25,0x88,
    0x5E,0xD0,0x78,0x70,0x10,0xF0,0x33,0x8E,0x3C,0x02,0x61,0xF8,0x01,0x08,0x0D,0x08,
    0xF9,0x08,0x01,0xF8,0x00,0x00,0x18,0xC0,0x10,0x80,0x31,0xF8,0x25,0x10,0x4E,0x30,
    0x7B,0xFC,0x12,0x64,0x32,0x64,0x2E,0x64,0x7B,0xFC,0x02,0x00,0x0E,0x02,0xFB,0x04,
    0x01,0xFC,0x00,0x00,0x00,0x00,0x10,0x60,0x18,0x20,0x13,0xFE,0x24,0x00,0x24,0x90,
    0x78,0x88,0x19,0x04,0x12,0x8E,0x24,0x94,0x7C,0xD0,0x00,0x60,0x02,0x70,0x7D,0x98,
    0x47,0x0E,0x02,0x02,0x18,0x40,0x10,0x60,0x33,0xFE,0x24,0x40,0x6C,0x90,0x79,0x08,
    0x1B,0x3C,0x13,0xF4,0x24,0x94,0x7C,0x90,0x00,0x90,0x0D,0x12,0xFB,0x12,0x06,0x1E,
    0x04,0x00,0x00,0x00,0x08,0x00,0x11,0xFC,0x11,0x04,0x25,0x04,0x65,0xFC,0x78,0x00,
    0x19,0xFC,0x11,0x04,0x25,0xFC,0x7D,0x04,0x01,0x04,0x05,0xFC,0x7D,0x04,0x01,0x1C,
    0x00,0x00,0x10,0x04,0x13,0xFC,0x20,0x40,0x24,0x40,0x4B,0xFE,0x78,0xD0,0x13,0x48,
    0x36,0x46,0x27,0xF0,0x78,0x90,0x01,0x9C,0x05,0x04,0x7B,0x04,0x06,0x3C,0x04,0x00,
    0x10,0x00,0x13,0xFC,0x34,0x04,0x26,0x44,0x49,0x28,0x79,0x28,0x10,0xC0,0x33,0xFE,
    0x29,0x88,0x71,0x08,0x03,0x90,0x0C,0x60,0xF8,0xD8,0x07,0x06,0x00,0x00,0x18,0x40,
    0x10,0x80,0x11,0xFC,0x27,0x98,0x6A,0x70,0x78,0x70,0x17,0x8E,0x12,0x22,0x24,0x20,
    0x7B,0xFC,0x01,0xA8,0x0D,0x2C,0x7A,0x24,0x06,0xE2,0x00,0x00,0x10,0x20,0x13,0xA6,
    0x32,0xA4,0x26,0xEC,0x6A,0x68,0x7A,0x20,0x12,0xFE,0x12,0x20,0x26,0x78,0x7A,0xEC,
    0x03,0xA6,0x02,0x20,0x7E,0x00,0x43,0xFE,0x10,0x60,0x10,0x60,0x13,0xFC,0x24,0x60,
    0x6B,0xFC,0x78,0x60,0x17,0xFE,0x10,0x00,0x25,0xFC,0x79,0x2C,0x01,0x6C,0x0D,0x4C,
    0x78,0xF8,0x07,0x0C,0x04,0x02,0x18,0x40,0x10,0x44,0x11,0xF4,0x24,0x48,0x6C,0x58,
    0x7B,0xFE,0x18,0x60,0x10,0xC0,0x2B,0xFC,0x7B,0x0C,0x01,0xFC,0x05,0x0C,0x7D,0x0C,
    0x01,0xFC,0x01,0x0C,0x10,0x20,0x10,0x20,0x33,0xFC,0x24,0x20,0x6B,0xFC,0x79,0x04,
    0x11,0xA4,0x12,0x68,0x25,0xA0,0x78,0xA0,0x03,0xFE,0x04,0x60,0x7C,0xD8,0x03,0x8E,
    0x04,0x02,0x18,0x60,0x10,0x60,0x14,0x7E,0x26,0x60,0x65,0xFC,0x79,0x04,0x19,0xFC,
    0x11,0x04,0x25,0x04,0x79,0xFC,0x00,0x20,0x07,0xFE,0x7C,0x20,0x00,0x20,0x00,0x20,
    0x18,0x00,0x11,0xF8,0x11,0x08,0x25,0x08,0x6D,0xF8,0x78,0x40,0x1B,0xFC,0x12,0x44,
    0x2B,0xFC,0x7A,0x44,0x03,0xFC,0x00,0x42,0x7C,0x42,0x40,0x7E,0x00,0x00,0x18,0xA0,
    0x11,0x90,0x31,0x10,0x25,0xFE,0x6B,0x10,0x7B,0x10,0x15,0xFC,0x31,0x10,0x2D,0x10,
    0x71,0xFC,0x01,0x10,0x0D,0x10,0x79,0xFE,0x01,0x00,0x01,0x00,0x08,0x20,0x10,0x60,
    0x11,0xFC,0x25,0x04,0x2D,0xFC,0x79,0x04,0x19,0xFC,0x10,0x20,0x24,0x20,0x7B,0xFE,
    0x02,0x26,0x0E,0x26,0x7A,0x24,0x02,0x2C,0x00,0x20,0x10,0x00,0x13,0xBC,0x22,0xA4,
    0x2A,0xA4,0x4A,0xA4,0x73,0xBC,0x12,0xA4,0x22,0xA4,0x7A,0xA4,0x63,0xBC,0x02,0xA4,
    0x0C,0xA4,0xFC,0xA4,0x8D,0xEC,0x08,0x50,0x10,0x00,0x13,0xFC,0x32,0x04,0x26,0x24,
    0x4A,0xF4,0x7A,0x24,0x12,0xFC,0x22,0x04,0x7A,0x04,0x42,0xF4,0x02,0x94,0x1A,0x94,
    0x76,0xF4,0x04,0x1C,0x04,0x10,0x10,0x40,0x10,0x20,0x33,0xFC,0x26,0x04,0x4A,0x04,
    0x79,0xF8,0x10,0x00,0x30,0x00,0x2B,0xFE,0x78,0x20,0x01,0xA8,0x05,0x24,0x7E,0x24,
    0x06,0xE2,0x00,0x80,0x18,0x60,0x10,0x20,0x33,0xFC,0x26,0x04,0x6A,0x04,0x7B,0xFE,
    0x10,0x20,0x30,0x20,0x3D,0x20,0x71,0x3C,0x01,0x20,0x0F,0xA0,0x72,0xE0,0x06,0x7E,
    0x04,0x00,0x10,0x00,0x13,0xF8,0x30,0x08,0x25,0xF8,0x48,0x08,0x78,0x08,0x13,0xFE,
    0x32,0x24,0x3B,0x24,0x75,0x78,0x00,0xB8,0x09,0x2C,0x76,0x26,0x01,0xE2,0x00,0x00,
    0x10,0x00,0x17,0xFC,0x22,0x84,0x2A,0xA8,0x49,0x18,0x73,0xBC,0x16,0x64,0x27,0xBC,
    0x7F,0xBC,0x76,0xA4,0x03,0x98,0x19,0x18,0x72,0xB8,0x0C,0x66,0x08,0x82,0x10,0x28,
    0x10,0x24,0x23,0xFE,0x2B,0xFE,0x4A,0x10,0x73,0xD4,0x12,0x14,0x23,0xD4,0x7B,0xD8,
    0x65,0x58,0x05,0x50,0x1D,0xDA,0xF4,0x2A,0x0C,0x4C,0x04,0x00,0x10,0x00,0x17,0xFE,
    0x20,0x60,0x2C,0x40,0x4B,0xFC,0x72,0x94,0x12,0x94,0x22,0xF4,0x3A,0x94,0x72,0x94,
    0x02,0xF4,0x1A,0x94,0xF2,0x94,0x03,0xFC,0x00,0x00,0x10,0x90,0x12,0x90,0x32,0xBE,
    0x26,0xB8,0x4A,0xE8,0x7A,0xA4,0x13,0xF8,0x32,0x08,0x26,0x48,0x7A,0x48,0x02,0x68,
    0x0C,0xE2,0x79,0xA2,0x07,0x3E,0x00,0x00,0x10,0x00,0x11,0xFC,0x11,0x04,0x25,0xFC,
    0x68,0x00,0x7B,0xFE,0x11,0x08,0x11,0xF8,0x2D,0x08,0x79,0x08,0x01,0xF8,0x0D,0x08,
    0x7B,0xFE,0x40,0x08,0x00,0x08,0x10,0x40,0x13,0xF8,0x32,0x24,0x26,0x24,0x6B,0xA4,
    0x7A,0x46,0x12,0x00,0x13,0xFC,0x2A,0x24,0x7A,0x28,0x03,0x98,0x06,0x18,0x7A,0x2C,
    0x42,0xC6,0x02,0x80,0x10,0x02,0x13,0xFC,0x32,0x44,0x25,0x28,0x4B,0xFC,0x78,0x80,
    0x10,0x80,0x37,0xFE,0x39,0x00,0x71,0xFC,0x02,0x88,0x1A,0x50,0x64,0x70,0x0F,0x8E,
    0x02,0x02,0x10,0x40,0x10,0x60,0x33,0xFE,0x24,0x90,0x68,0x90,0x7B,0xFC,0x12,0x04,
    0x32,0x64,0x39,0xF8,0x71,0x68,0x01,0x68,0x0D,0x68,0xF9,0x78,0x00,0x60,0x00,0x60,
    0x10,0x40,0x12,0x4C,0x21,0x58,0x2F,0xFC,0x48,0x60,0x78,0xF0,0x13,0x4C,0x24,0xC6,
    0x38,0x80,0x77,0xFE,0x01,0x10,0x0B,0xF0,0xF8,0xF0,0x0F,0x8E,0x08,0x00,0x10,0x40,
    0x10,0x60,0x33,0xFC,0x26,0x04,0x4B,0xFC,0x7A,0x00,0x12,0x00,0x33,0xFC,0x3B,0x54,
    0x73,0x54,0x05,0xFC,0x3D,0x54,0x65,0x54,0x09,0x5C,0x00,0x08,0x00,0x00,0x11,0x80,
    0x11,0xF8,0x25,0x08,0x25,0xF8,0x48,0x08,0x7B,0xFE,0x10,0x40,0x31,0xCC,0x2E,0x78,
    0x71,0xA8,0x06,0x68,0x08,0xA4,0x7B,0x26,0x04,0xE2,0x00,0x00,0x18,0x28,0x10,0x2C,
    0x13,0xFE,0x24,0x20,0x6B,0xFC,0x7A,0x24,0x13,0xFC,0x12,0x24,0x2B,0xFC,0x7E,0x0C,
    0x07,0xFE,0x01,0x08,0x7C,0x88,0x40,0xB8,0x00,0x00,0x00,0x00,0x10,0x20,0x16,0x7C,
    0x22,0xCC,0x2B,0xB8,0x48,0x38,0x79,0xC6,0x16,0x10,0x22,0xFC,0x2A,0x10,0x7A,0xFC,
    0x02,0xFE,0x1A,0x10,0x77,0x10,0x0D,0xFE,0x00,0x00,0x00,0x00,0x10,0x20,0x10,0x20,
    0x23,0xFE,0x26,0x00,0x4A,0xFC,0x7A,0xA4,0x12,0xFC,0x32,0xA4,0x2A,0xFC,0x72,0x20,
    0x02,0x20,0x1F,0xFC,0x74,0x20,0x0D,0xFE,0x04,0x00,0x10,0x00,0x13,0xFC,0x22,0x64,
    0x2B,0x6C,0x4B,0x6C,0x7B,0x6C,0x11,0x9C,0x32,0x76,0x2C,0x80,0x7F,0xFE,0x01,0x08,
    0x07,0x90,0xF8,0x70,0x07,0x8C,0x04,0x02,0x10,0x60,0x10,0x20,0x23,0xFE,0x2E,0x02,
    0x49,0xFE,0x79,0xFE,0x13,0x10,0x33,0x7C,0x27,0x44,0x7D,0x44,0x01,0x7C,0x01,0x44,
    0x7D,0x44,0x01,0x7C,0x01,0x44,0x11,0x88,0x10,0x90,0x33,0xFC,0x24,0x20,0x4B,0xFC,
    0x78,0x20,0x13,0xFE,0x31,0x2C,0x25,0x28,0x7B,0xFE,0x00,0x00,0x0D,0xFC,0x79,0x04,
    0x01,0xFC,0x01,0x04,0x11,0x10,0x31,0x10,0x27,0xD0,0x2C,0x7E,0x4F,0xE4,0x74,0x64,
    0x17,0xD4,0x21,0x14,0x2F,0xD8,0x72,0x18,0x03,0x88,0x1C,0x98,0xF4,0xB4,0x0B,0xE6,
    0x08,0x42,0x10,0x00,0x10,0x00,0x3F,0xFE,0x28,0x10,0x48,0x10,0x08,0x10,0x7F,0x10,
    0x08,0x10,0x6B,0x10,0x6B,0x10,0x6B,0x10,0x6B,0x10,0x6B,0x10,0x7F,0xFE,0x00,0x00,
    0x10,0x40,0x20,0x40,0x3E,0x40,0x69,0xFC,0x48,0x4C,0x08,0x4C,0x7E,0x4C,0x09,0xFE,
    0x6B,0xFE,0x6A,0x60,0x6A,0x70,0x6A,0xD0,0x7F,0x8C,0x03,0x06,0x02,0x02,0x20,0x90,
    0x23,0xFE,0x3C,0x90,0x51,0x88,0xD2,0x54,0x13,0xDC,0x7D,0xA0,0x11,0xFE,0x57,0x20,
    0x57,0xFC,0x55,0x20,0x55,0xFC,0x5D,0x20,0x71,0xFE,0x01,0x00,0x3F,0xFC,0x20,0x04,
    0x29,0x14,0x29,0x94,0x26,0x74,0x26,0x64,0x26,0x24,0x26,0x64,0x2F,0x54,0x29,0x94,
    0x31,0x9C,0x21,0x04,0x20,0x3C,0x00,0x00,0x00,0x00,0x3F,0xFC,0x20,0x04,0x22,0x44,
    0x0C,0x30,0x30,0x0E,0x5F,0xF4,0x1F,0xF0,0x01,0x00,0x01,0x00,0x7F,0xFE,0x01,0x00,
    0x01,0x00,0x01,0x00,0x01,0x00,0x3F,0xFC,0x22,0x44,0x22,0x44,0x3F,0xFC,0x02,0x00,
    0x06,0x00,0x0F,0xF8,0x18,0x18,0x7C,0x30,0x43,0x60,0x01,0xC0,0x07,0x00,0x7C,0x00,
    0x20,0x00,0x00,0x00,0x3F,0xFC,0x22,0x44,0x22,0x44,0x3F,0xFC,0x10,0x00,0x08,0xC8,
    0x04,0xC8,0x78,0xC8,0x18,0xC8,0x18,0xC8,0x1A,0xC8,0x1E,0x08,0x18,0x38,0x00,0x20,
    0x00,0x00,0x3F,0xFC,0x22,0x4C,0x22,0x4C,0x3F,0xFC,0x01,0x00,0x3F,0xFC,0x3F,0xFC,
    0x01,0x00,0x7F,0xFE,0x03,0x20,0x04,0x60,0x18,0x38,0x3F,0xFC,0x00,0x04,0x00,0x00,
    0x3F,0xFC,0x22,0x44,0x3F,0xFC,0x01,0x00,0x01,0xFC,0x1F,0xF8,0x10,0x08,0x1F,0xF8,
    0x10,0x08,0x1F,0xF8,0x01,0x00,0x7F,0xFE,0x01,0x00,0x01,0x00,0x00,0x00,0x3F,0xFC,
    0x22,0x44,0x22,0x44,0x3F,0xFC,0x02,0x40,0x7E,0x7C,0x02,0x40,0x02,0x40,0x3E,0x7C,
    0x02,0x40,0x02,0x40,0x7E,0x7E,0x02,0x40,0x02,0x40,0x00,0x00,0x3F,0xFC,0x22,0x44,
    0x3F,0xFC,0x01,0x00,0x7F,0xFC,0x01,0x00,0x1F,0xF8,0x1F,0xF8,0x10,0x18,0x1F,0xF8,
    0x10,0x18,0x1F,0xF8,0x7F,0xFE,0x00,0x00,0x3F,0xFC,0x22,0x44,0x3F,0xFC,0x01,0x08,
    0x1F,0xEC,0x01,0x30,0x7F,0xFE,0x03,0x80,0x1F,0xF8,0x68,0x08,0x0F,0xF8,0x08,0x08,
    0x0F,0xF8,0x08,0x08,0x00,0x00,0x08,0x10,0x0C,0x20,0x04,0x60,0x3F,0xFC,0x01,0x00,
    0x01,0x00,0x3F,0xFC,0x3F,0xFC,0x01,0x00,0x01,0x00,0x7F,0xFE,0x01,0x00,0x01,0x00,
    0x01,0x00,0x01,0x00,0x00,0x00,0x08,0x30,0x04,0x20,0x7F,0xFC,0x01,0x00,0x01,0x00,
    0x3F,0xF8,0x01,0x00,0x01,0x00,0x7F,0xFE,0x02,0x80,0x06,0x80,0x0C,0x84,0x18,0x84,
    0xF0,0xFC,0x40,0x00,0x00,0x00,0x08,0x30,0x04,0x60,0x7F,0xFC,0x01,0x00,0x3F,0xF8,
    0x01,0x00,0x01,0x00,0x7F,0xFE,0x01,0x00,0x01,0x00,0x7F,0xFC,0x03,0x80,0x0E,0x60,
    0xF8,0x1E,0x40,0x02,0x00,0x00,0x08,0x30,0x04,0x20,0x3F,0xFC,0x3F,0xFC,0x01,0x00,
    0x01,0x00,0x3F,0xF8,0x01,0x00,0x01,0x00,0x7F,0xFE,0x00,0x08,0x34,0xD8,0x22,0x4C,
    0x62,0x44,0x20,0x66,0x00,0x00,0x66,0x20,0x24,0x70,0x38,0x50,0x7E,0x88,0x11,0xCC,
    0x13,0x26,0x7E,0x30,0x10,0x00,0x11,0xFC,0x7E,0x08,0x11,0x90,0x10,0xF0,0x20,0x30,
    0x60,0x18,0x40,0x08,0x00,0x00,0x0C,0x30,0x04,0x20,0x3F,0xFC,0x01,0x00,0x3F,0xFC,
    0x02,0x00,0x7F,0xFE,0x04,0x00,0x0F,0xF8,0x19,0x08,0x31,0x18,0xCF,0xF8,0x42,0x18,
    0x3F,0xFE,0x00,0x00,0x00,0x00,0x0C,0x30,0x04,0x60,0x7F,0xFC,0x01,0x00,0x3F,0xF8,
    0x01,0x00,0x7F,0xFE,0x61,0x00,0x33,0xFC,0x16,0xCC,0x0C,0xC8,0x10,0xE0,0x23,0x30,
    0x5E,0x0E,0x08,0x02,0x00,0x00,0x00,0x44,0x7E,0x48,0x12,0x28,0x12,0xFE,0x7F,0x10,
    0x12,0x10,0x12,0xFC,0x7E,0xFC,0x20,0x10,0x3E,0x10,0x62,0xFE,0xE2,0x10,0x22,0x10,
    0x3E,0x10,0x00,0x10,0x00,0x00,0x08,0x30,0x7E,0xFC,0x01,0x00,0x3F,0xF8,0x4D,0x76,
    0x32,0x88,0x6A,0x64,0x3F,0xFC,0x01,0x00,0x3F,0xF8,0x7F,0xFC,0x01,0x00,0x7F,0xFC,
    0x3E,0x70,0x40,0x0E,0x00,0x00,0x7E,0xFC,0x02,0x0C,0x22,0x8C,0x22,0x4C,0x12,0x4C,
    0x1A,0x2C,0x06,0x0C,0x0E,0x1C,0x32,0x6C,0xE3,0x8C,0x02,0x0C,0x02,0x0C,0x1E,0x38,
    0x00,0x00,0x04,0x60,0x09,0x30,0x33,0x18,0x66,0x46,0x4C,0xE2,0x1F,0x10,0x00,0x00,
    0x7E,0xF8,0x22,0x88,0x12,0x48,0x16,0x38,0x1A,0x68,0x63,0x88,0x0E,0x38,0x00,0x00,
    0x00,0x00,0x10,0x00,0x13,0xFC,0x7C,0x44,0x12,0x64,0x11,0x54,0x11,0x54,0x7C,0x44,
    0x45,0xDC,0x2A,0x64,0x28,0x44,0x18,0x44,0x19,0x98,0x2C,0x00,0xC3,0xFE,0x00,0x00,
    0x7E,0xFC,0x22,0x84,0x12,0x44,0x1A,0x2C,0x1E,0x74,0x62,0x84,0x01,0x00,0x3F,0xFC,
    0x3F,0xFC,0x08,0x30,0x04,0x20,0x04,0x40,0x7F,0xFE,0x00,0x00,0x44,0x00,0x2F,0xDC,
    0x28,0x44,0x7C,0x74,0x13,0x54,0x11,0x54,0x7D,0x54,0x10,0x44,0x10,0xCC,0x7F,0x54,
    0x12,0x64,0x10,0x44,0x20,0x44,0x61,0xDC,0x40,0x00,0x20,0x00,0x21,0xDC,0x3C,0x44,
    0x65,0x74,0x1D,0x54,0x1A,0xD4,0xFA,0x44,0x8C,0xDC,0x7F,0xF4,0x2C,0x44,0x2C,0x44,
    0x2D,0xDA,0x2C,0x02,0x47,0xFC,0x80,0x00,0x3E,0xF8,0x32,0x48,0x0A,0x28,0x0E,0x78,
    0x32,0x88,0x18,0x80,0x1F,0xFC,0x30,0x80,0xDF,0xFC,0x10,0x80,0x1F,0xFC,0x10,0x80,
    0x1F,0xFE,0x10,0x00,0x00,0x00,0x3E,0xF8,0x32,0x48,0x0A,0x28,0x1E,0x78,0x61,0x88,
    0x01,0x00,0x3F,0xFC,0x0C,0x60,0x1A,0xF0,0x31,0x88,0x7F,0xFE,0x01,0x00,0x01,0x00,
    0x01,0x00,0x00,0x00,0x10,0x20,0x10,0x50,0x7E,0xD8,0x11,0x8C,0x3E,0x02,0x25,0xFC,
    0x3D,0x64,0x25,0x54,0x24,0xD4,0x3C,0x44,0x11,0xDC,0x7F,0x64,0x10,0x44,0x11,0xDC,
    0x10,0x00,0x08,0x00,0x3E,0xFC,0x22,0x24,0x3F,0x34,0x22,0xB4,0x3E,0xAC,0x08,0xEC,
    0x10,0x24,0x7F,0x6C,0x37,0xBC,0x6B,0x24,0xFE,0x24,0x08,0x24,0x08,0xEC,0x08,0x00,
    0x00,0x00,0x01,0x00,0x7F,0xFC,0x2A,0x24,0x2A,0xB4,0x7F,0xB4,0x1C,0xAC,0x2A,0x6C,
    0x41,0x24,0xBE,0x6C,0x2B,0xBC,0x3F,0x24,0x2A,0x24,0x2A,0x24,0x3E,0xEC,0x00,0x00,
    0x7E,0xFC,0x1A,0x64,0x1E,0x7C,0x62,0x84,0x3F,0xF8,0x3F,0xF8,0x31,0x08,0x3F,0xF8,
    0x3F,0xFC,0x04,0x20,0x7F,0xFE,0x02,0x40,0x5C,0x38,0x20,0x04,0x00,0x00,0x10,0x00,
    0x57,0xFC,0x55,0x54,0x54,0xCC,0x39,0xDC,0x12,0x54,0x7D,0xB0,0x29,0xFE,0x2B,0x30,
    0x2B,0xFC,0x29,0x30,0x2B,0xFC,0x4D,0x30,0xC9,0xFE,0x41,0x00,0x02,0x00,0x02,0x04,
    0x1F,0xE8,0x02,0x18,0x02,0x30,0x7F,0xFE,0x7F,0xFE,0x03,0x00,0x06,0x18,0x18,0x70,
    0xFB,0x80,0x4C,0x0C,0x08,0x08,0x0F,0xF8,0x00,0x00,0x02,0x00,0x02,0x08,0x3F,0xD0,
    0x02,0x30,0x02,0x60,0x7F,0xFE,0x03,0x00,0x07,0xFC,0x1C,0x00,0xE4,0x00,0x4F,0xF0,
    0x00,0x10,0x00,0x10,0x01,0xF0,0x01,0x00,0x03,0x00,0x03,0x0C,0x1F,0xE8,0x03,0x10,
    0x03,0x60,0x7F,0xFE,0x03,0x80,0x0E,0x00,0x3F,0xF8,0x68,0x18,0x0F,0xF8,0x08,0x18,
    0x08,0x18,0x0F,0xF8,0x08,0x18,0x7F,0xFE,0x01,0x80,0x01,0x00,0x01,0x00,0x3F,0xFC,
    0x26,0x4C,0x26,0x4C,0x26,0x4C,0x26,0x4C,0x26,0x4C,0x26,0x4C,0x26,0x4C,0x26,0x58,
    0x00,0x00,0x7F,0xFC,0x01,0x00,0x3F,0xF8,0x22,0x48,0x22,0x48,0x22,0x48,0x20,0x18,
    0x06,0x00,0x7F,0xFE,0x08,0x20,0x1F,0x60,0x03,0xE0,0x7C,0x1C,0x00,0x04,0x00,0x00,
    0x00,0x0C,0x7F,0x8C,0x04,0x0C,0x0C,0x7E,0x08,0x0C,0x7F,0x8C,0x4A,0xEC,0x4A,0xAC,
    0x4A,0xBC,0x4A,0x9C,0x4A,0x8C,0x4A,0x8C,0x4A,0x88,0x43,0xB8,0x00,0x00,0x10,0x88,
    0x10,0x88,0x7E,0x88,0x11,0xFE,0x10,0x88,0x7C,0x88,0x10,0x88,0x7E,0x88,0x13,0xFE,
    0x38,0x88,0x34,0x88,0x52,0x88,0xD1,0x88,0x13,0x08,0x12,0x08,0x10,0x00,0x10,0x3C,
    0x7F,0xE0,0x10,0x40,0x10,0x40,0x7D,0xFC,0x10,0x40,0x7E,0x40,0x10,0x5E,0x1F,0xF8,
    0x34,0x40,0x52,0x42,0x90,0x46,0x10,0x7C,0x10,0x00,0x18,0x00,0x19,0xFC,0x7E,0x00,
    0x18,0x00,0x7E,0x00,0x7F,0xFE,0x19,0xFE,0x7E,0x40,0x18,0x40,0x3C,0xC8,0x3E,0x88,
    0x5B,0x84,0x99,0xFC,0x19,0x06,0x18,0x04,0x10,0x00,0x11,0xFC,0x7D,0x24,0x11,0x24,
    0x7D,0x24,0x7D,0x24,0x11,0x24,0x7D,0xFC,0x11,0x00,0x39,0x00,0x37,0x04,0x55,0x02,
    0xD1,0x06,0x11,0xFC,0x10,0x00,0x10,0x60,0x10,0x20,0x7F,0xFC,0x10,0x90,0x78,0x90,
    0x7B,0xFC,0x12,0x64,0x7C,0x20,0x33,0xFE,0x38,0x80,0x5C,0xF8,0xD5,0x08,0x91,0x08,
    0x16,0x38,0x14,0x00,0x3F,0xFC,0x08,0x10,0x08,0x10,0x0F,0xF0,0x08,0x10,0x08,0x10,
    0x08,0x10,0x0F,0xF0,0x08,0x10,0x08,0x10,0x7F,0xFE,0x00,0x10,0x00,0x10,0x00,0x10,
    0x7F,0x7C,0x22,0x44,0x22,0x44,0x3E,0x4C,0x22,0x48,0x22,0x48,0x22,0x44,0x3E,0x44,
    0x22,0x46,0x23,0x46,0x7F,0x5C,0x02,0x50,0x02,0x40,0x02,0x40,0x00,0x00,0x0C,0x20,
    0x08,0x60,0x1E,0x50,0x32,0x88,0x61,0x06,0x3F,0xFC,0x10,0x10,0x1F,0xF0,0x10,0x10,
    0x10,0x10,0x1F,0xF0,0x10,0x10,0x7F,0xFE,0x00,0x10,0x00,0x10,0x00,0x00,0x00,0x10,
    0x7E,0x10,0x24,0x10,0x24,0x90,0x3C,0x90,0x24,0x9C,0x24,0x90,0x24,0x90,0x3C,0x90,
    0x24,0x90,0x26,0x90,0xFE,0x90,0x44,0x90,0x05,0xFE,0x04,0x00,0x00,0x20,0x7E,0x20,
    0x24,0x20,0x25,0xFC,0x3D,0x24,0x25,0x24,0x24,0x20,0x24,0x20,0x3C,0x60,0x24,0x60,
    0x26,0x62,0x7E,0xA2,0x45,0xA2,0x07,0x1C,0x04,0x00,0x00,0x20,0x7E,0x20,0x24,0x20,
    0x25,0x26,0x3D,0x24,0x24,0xA4,0x24,0xA8,0x3C,0xA8,0x3C,0x30,0x24,0x50,0x25,0x58,
    0xFE,0x88,0x05,0x84,0x07,0x06,0x05,0x00,0x3F,0xFC,0x10,0x10,0x1F,0xF0,0x10,0x10,
    0x1F,0xF0,0x13,0xFE,0x7C,0x10,0x00,0x00,0x7E,0xFC,0x32,0xC8,0x0C,0x70,0x1E,0x70,
    0x63,0xCE,0x41,0x02,0x00,0x00,0x00,0x40,0x7D,0xDC,0x29,0x14,0x29,0x54,0x39,0x54,
    0x29,0x54,0x29,0x54,0x39,0x54,0x39,0xD4,0x2B,0xD4,0x2E,0x54,0x7C,0x9C,0x08,0x90,
    0x0B,0x10,0x01,0x10,0x06,0x20,0x04,0x30,0x7F,0xFE,0x0C,0x98,0x19,0xE4,0x36,0xFC,
    0x40,0x00,0x7F,0xFC,0x18,0x10,0x1F,0xF0,0x1F,0xF0,0x18,0x10,0x7F,0xFE,0x00,0x10,
    0x00,0x10,0x00,0x00,0x7E,0xFC,0x24,0x84,0x24,0x84,0x3C,0x84,0x24,0x84,0x24,0x84,
    0x24,0xFC,0x3C,0x00,0x24,0x48,0x26,0x58,0x7E,0x8C,0x44,0x84,0x05,0x06,0x05,0x02,
    0x00,0x8C,0x7E,0x88,0x24,0x58,0x25,0xFC,0x3C,0x20,0x24,0x20,0x24,0x20,0x27,0xFE,
    0x3C,0x20,0x24,0x20,0x24,0x50,0xFE,0x50,0x44,0x88,0x07,0x06,0x06,0x02,0x00,0x20,
    0x7E,0x20,0x25,0xFC,0x25,0x24,0x3D,0xFC,0x25,0x24,0x25,0xFC,0x24,0x00,0x3F,0xFE,
    0x24,0x80,0x26,0xFC,0x7E,0x04,0x04,0x0C,0x04,0x78,0x00,0x00,0x7F,0xFC,0x3E,0x04,
    0x22,0xC8,0x3E,0x30,0x22,0x38,0x7F,0xCC,0x02,0x8C,0x3F,0xF0,0x05,0x0C,0x19,0xF8,
    0x63,0x60,0x0D,0x18,0x71,0x06,0x01,0x00,0x00,0x00,0x00,0x88,0x7E,0xC8,0x24,0x50,
    0x25,0xFC,0x3D,0x04,0x25,0x04,0x25,0x04,0x3D,0xFC,0x3C,0x20,0x25,0xAC,0x25,0xB4,
    0xFD,0x8C,0x86,0x8A,0x06,0xFA,0x04,0x00,0x01,0x00,0x3F,0xF8,0x01,0x08,0x01,0x08,
    0x7F,0xFE,0x01,0x08,0x3F,0xF8,0x01,0x00,0x17,0x48,0x15,0x48,0x35,0x28,0x29,0x28,
    0x29,0x18,0x61,0x08,0x40,0x00,0x00,0x00,0x20,0x20,0x2E,0x20,0x31,0xFC,0x22,0x24,
    0x3D,0xFE,0x20,0x24,0x21,0xFC,0x7E,0x20,0x48,0x20,0x7F,0xFC,0x10,0x20,0x1B,0xFE,
    0x34,0x20,0x62,0x20,0x40,0x20,0x00,0x20,0x3E,0x20,0x21,0xFC,0x3C,0x24,0x21,0xFE,
    0x20,0x24,0x3D,0xFC,0x20,0x20,0xFE,0x20,0x11,0xFC,0x2C,0x20,0x27,0xFE,0x7E,0x20,
    0x02,0x20,0x00,0x00,0x08,0x40,0x3E,0xFE,0x23,0xC8,0x3E,0x70,0x20,0xF8,0x41,0x06,
    0x5F,0xF8,0x7F,0xFE,0x01,0x08,0x3F,0xF8,0x01,0x00,0x3F,0xF8,0x7F,0xFC,0x01,0x00,
    0x00,0x00,0x00,0x00,0x01,0x00,0x01,0x00,0x3F,0xFC,0x21,0x0C,0x21,0x8C,0x23,0xCC,
    0x2C,0x3C,0x29,0x1C,0x21,0x0C,0x23,0xCC,0x26,0x6C,0x28,0x1C,0x20,0x0C,0x20,0x3C,
    0x00,0x20,0x00,0x40,0x3C,0x40,0x24,0x40,0x25,0xFC,0x24,0x44,0x3C,0x44,0x24,0x44,
    0x24,0x44,0x3C,0x44,0x24,0xC4,0x24,0x84,0x24,0x8C,0x45,0x8C,0x5F,0x38,0xC1,0x00,
    0x3C,0xF8,0x24,0x98,0x24,0x98,0x24,0x98,0x3C,0x98,0x24,0x98,0x24,0x98,0x3C,0x98,
    0x24,0x98,0x24,0x9A,0x25,0x9A,0x45,0x1A,0x5F,0x0E,0xC2,0x00,0x11,0x08,0x31,0x0C,
    0x09,0x10,0x0D,0x20,0x1F,0xF8,0x10,0x08,0x10,0x08,0x1F,0xF8,0x10,0x08,0x10,0x08,
    0x1F,0xF8,0x10,0x08,0x10,0x08,0x10,0x38,0x00,0x00,0x00,0x08,0x3C,0x08,0x24,0x08,
    0x25,0xFE,0x25,0xFE,0x3C,0x08,0x25,0x88,0x24,0x88,0x3C,0x48,0x3C,0x48,0x24,0x08,
    0x24,0x08,0x44,0x08,0x4C,0x78,0xC0,0x00,0x00,0x20,0x3C,0x20,0x24,0x20,0x24,0x20,
    0x24,0x20,0x3D,0xFC,0x24,0x20,0x24,0x20,0x3C,0x20,0x24,0x20,0x24,0x20,0x24,0x20,
    0x64,0x20,0x4D,0xFE,0xD0,0x00,0x3E,0x00,0x22,0xFC,0x22,0x20,0x22,0x20,0x3E,0x20,
    0x22,0x20,0x22,0x20,0x3E,0x20,0x3E,0x20,0x22,0x20,0x22,0x20,0x62,0x20,0x4F,0xFE,
    0x48,0x00,0x3C,0xFC,0x24,0xFC,0x24,0x30,0x24,0x30,0x3C,0x30,0x24,0x30,0x25,0xFE,
    0x3C,0x30,0x24,0x30,0x24,0x30,0x24,0x30,0x64,0x30,0x4C,0x30,0xD0,0x30,0x3D,0xF8,
    0x24,0x18,0x24,0x30,0x24,0xC0,0x3D,0x80,0x25,0xFC,0x24,0x94,0x3C,0xA4,0x25,0x24,
    0x27,0x64,0x26,0x44,0x44,0xC4,0x5D,0xBC,0xC1,0x00,0x00,0x00,0x3C,0xF8,0x24,0x88,
    0x24,0x88,0x24,0x88,0x3D,0x06,0x24,0x00,0x25,0xFC,0x3C,0x88,0x24,0xC8,0x24,0x50,
    0x24,0x20,0x64,0xD8,0x5F,0x8E,0xC2,0x02,0x00,0x20,0x3C,0x20,0x25,0xFE,0x25,0xFE,
    0x24,0x20,0x3C,0x20,0x25,0xFC,0x25,0x8C,0x3C,0x88,0x24,0xD8,0x24,0x70,0x24,0x70,
    0x64,0xD8,0x5F,0x8E,0x42,0x02,0x00,0x20,0x3C,0x20,0x24,0x20,0x25,0xFC,0x24,0x20,
    0x3C,0x20,0x24,0x20,0x27,0xFE,0x3C,0x20,0x24,0x60,0x24,0x50,0x24,0xD8,0x45,0x8C,
    0x5F,0x06,0xD2,0x02,0x3D,0xFC,0x25,0x24,0x25,0x24,0x25,0x24,0x3D,0x24,0x25,0x24,
    0x25,0xFC,0x3D,0x00,0x25,0x00,0x25,0x04,0x25,0x02,0x45,0x06,0x5C,0xFC,0xC0,0x00,
    0x01,0x80,0x00,0x80,0x3F,0xFC,0x30,0x04,0x3F,0xFC,0x30,0x00,0x30,0x00,0x37,0xFC,
    0x34,0x0C,0x27,0xFC,0x24,0x0C,0x27,0xFC,0x64,0x0C,0xC4,0x38,0x40,0x00,0x00,0x20,
    0x3C,0x20,0x25,0xFE,0x25,0xFE,0x24,0x80,0x3C,0x80,0x24,0xFC,0x24,0x84,0x3C,0x8C,
    0x3C,0x8C,0x24,0x88,0x25,0x88,0x45,0x08,0x5F,0x38,0xC0,0x00,0x00,0x60,0x3C,0x20,
    0x25,0xFE,0x25,0xFE,0x24,0x00,0x3C,0x00,0x24,0xF8,0x24,0x88,0x3C,0x88,0x3C,0x88,
    0x24,0x88,0x24,0x8A,0x45,0x0A,0x5F,0x0E,0xC2,0x00,0x01,0x80,0x11,0x80,0x11,0xFC,
    0x11,0x80,0x7F,0xFE,0x00,0x00,0x1F,0xF8,0x10,0x08,0x10,0x08,0x1F,0xF8,0x10,0x08,
    0x1F,0xF8,0x10,0x08,0x10,0x78,0x00,0x00,0x01,0x00,0x01,0x80,0x7F,0xFE,0x0C,0x30,
    0x3F,0xF8,0x30,0x04,0x1F,0xF8,0x10,0x08,0x10,0x08,0x1F,0xF8,0x10,0x08,0x1F,0xF8,
    0x10,0x08,0x10,0x78,0x00,0x00,0x00,0x00,0x00,0x20,0x3C,0x20,0x25,0xFE,0x24,0x20,
    0x24,0x20,0x3D,0xFC,0x25,0xFC,0x25,0x24,0x3D,0x24,0x25,0x24,0x25,0x24,0x25,0x24,
    0x45,0x2C,0x5C,0x20,0xC0,0x20,0x04,0x00,0x25,0xFC,0x25,0x8C,0x24,0xD8,0x24,0x70,
    0x27,0xD8,0x02,0x06,0x1F,0xF8,0x10,0x08,0x1F,0xF8,0x10,0x08,0x1F,0xF8,0x10,0x08,
    0x10,0x78,0x00,0x00,0x00,0x20,0x3C,0x20,0x24,0x20,0x25,0xFC,0x25,0x24,0x3D,0x24,
    0x25,0x24,0x25,0x24,0x3D,0x24,0x25,0xFC,0x24,0x20,0x64,0x20,0x44,0x20,0x5C,0x20,
    0xC0,0x20,0x00,0x80,0x3C,0x84,0x24,0x88,0x24,0xB0,0x24,0xE0,0x3C,0x80,0x27,0xFE,
    0x24,0xA0,0x3C,0x90,0x24,0x90,0x24,0x98,0x24,0x88,0x44,0xE4,0x4D,0xC2,0x41,0x00,
    0x00,0x40,0x3C,0x40,0x24,0x40,0x25,0xF8,0x24,0x48,0x3C,0x48,0x25,0x4C,0x25,0x4C,
    0x27,0x4A,0x3E,0x8A,0x24,0x88,0x25,0x88,0x45,0x08,0x5F,0x38,0x42,0x00,0x3F,0xF8,
    0x21,0x08,0x3F,0xF8,0x21,0x08,0x3F,0xF8,0x00,0x00,0x1F,0xF8,0x10,0x18,0x1F,0xF8,
    0x10,0x18,0x1F,0xF8,0x10,0x18,0x10,0x78,0x00,0x40,0x00,0x00,0x3C,0xFC,0x24,0x84,
    0x24,0x84,0x24,0x84,0x3C,0xFC,0x24,0x84,0x24,0x84,0x3C,0x84,0x24,0xFC,0x24,0x00,
    0x24,0x00,0x64,0x00,0x5D,0xFE,0xC0,0x00,0x06,0x40,0x06,0x4C,0x7E,0x70,0x06,0x42,
    0x3E,0x46,0x46,0x7C,0x00,0x00,0x1F,0xF8,0x10,0x18,0x1F,0xF8,0x10,0x18,0x1F,0xF8,
    0x10,0x18,0x10,0x78,0x10,0x60,0x00,0x20,0x3C,0x60,0x24,0x48,0x24,0xC8,0x24,0x84,
    0x3D,0xFC,0x24,0x02,0x24,0x00,0x3C,0xFC,0x3C,0x84,0x24,0x84,0x64,0x84,0x44,0x84,
    0x5C,0xFC,0xC0,0x84,0x00,0x20,0x3D,0x26,0x25,0x24,0x24,0xA4,0x24,0xA8,0x3C,0x20,
    0x25,0xFC,0x24,0x20,0x3C,0x20,0x24,0x20,0x25,0xFE,0x24,0x20,0x44,0x20,0xDC,0x20,
    0x40,0x20,0x3D,0xFE,0x24,0x30,0x24,0x20,0x24,0x60,0x3C,0x70,0x24,0xE8,0x25,0xA4,
    0x3D,0x26,0x26,0x22,0x24,0x20,0x64,0x20,0x44,0x00,0xDF,0xFE,0x00,0x00,0x00,0x00,
    0x00,0x20,0x3C,0xA0,0x25,0xA0,0x25,0xFE,0x25,0xFE,0x3D,0x20,0x26,0x20,0x24,0x20,
    0x3D,0xFC,0x24,0x20,0x24,0x20,0x24,0x20,0x44,0x20,0xDF,0xFE,0x40,0x00,0x00,0x80,
    0x38,0x80,0x29,0xFC,0x29,0x04,0x2A,0x04,0x3F,0xE4,0x29,0x24,0x29,0x24,0x39,0xE4,
    0x29,0xE4,0x29,0x38,0x49,0x02,0x49,0x02,0x59,0xFC,0xC0,0x00,0x00,0x00,0x18,0x00,
    0x18,0xFC,0x18,0x84,0x7E,0x84,0x18,0x84,0x18,0xFC,0x18,0x84,0x3E,0x84,0x26,0x84,
    0x26,0xFC,0x26,0x84,0x26,0x84,0x3F,0x84,0x03,0x3C,0x01,0x00,0x00,0x20,0x3C,0x40,
    0x27,0xFE,0x24,0xD0,0x24,0x88,0x3D,0xF4,0x26,0x02,0x24,0x00,0x3F,0xFC,0x25,0x80,
    0x25,0xF8,0x64,0x08,0x44,0x08,0x58,0x78,0xC0,0x00,0x00,0x60,0x38,0x60,0x2B,0xFC,
    0x28,0x60,0x2B,0xFC,0x38,0x64,0x2B,0xFC,0x2A,0x60,0x3B,0xFC,0x38,0x44,0x28,0x64,
    0x48,0x68,0x49,0x98,0x5F,0x0E,0xC2,0x02,0x00,0x40,0x3C,0xC0,0x24,0xFC,0x25,0x88,
    0x26,0x58,0x3C,0x70,0x24,0xF8,0x27,0x8E,0x3E,0x00,0x25,0xF8,0x25,0x08,0x65,0x08,
    0x45,0x08,0x5D,0xF8,0x81,0x08,0x00,0x00,0x00,0x60,0x3C,0x20,0x25,0xFE,0x24,0x00,
    0x24,0xD8,0x3C,0x88,0x25,0x04,0x27,0x8E,0x3E,0x90,0x3C,0x50,0x24,0x60,0x64,0x70,
    0x44,0xD8,0x5F,0x06,0xC2,0x02,0x00,0x80,0x39,0x00,0x29,0xFC,0x2A,0x04,0x2F,0x24,
    0x3A,0xB4,0x2A,0xD4,0x2A,0x54,0x3A,0xD4,0x3B,0xB4,0x2B,0x14,0x6B,0xF4,0x48,0x04,
    0x58,0x3C,0xC0,0x00,0x00,0x20,0x3C,0x20,0x25,0xFC,0x25,0x04,0x25,0x44,0x3C,0x40,
    0x27,0xFE,0x24,0x88,0x3C,0x88,0x25,0x98,0x24,0xF0,0x64,0x30,0x44,0xF8,0x5F,0x86,
    0xC2,0x04,0x08,0x40,0x1C,0x44,0x32,0x5C,0x6F,0x70,0x71,0x42,0x00,0x46,0x3E,0x7C,
    0x22,0x40,0x3E,0x46,0x22,0x5C,0x3E,0x70,0x22,0x42,0x22,0x42,0x26,0x7C,0x00,0x00,
    0x01,0x00,0x3D,0x0C,0x25,0xF0,0x25,0x82,0x25,0x06,0x3D,0xFC,0x24,0x00,0x25,0xFC,
    0x3D,0x84,0x25,0x84,0x25,0xFC,0x65,0x84,0x45,0x84,0x5D,0xFC,0xC1,0x84,0x00,0x40,
    0x3C,0xF8,0x25,0x88,0x25,0x10,0x27,0xFE,0x3D,0x00,0x25,0x7C,0x25,0x44,0x3D,0x44,
    0x3D,0x48,0x25,0x58,0x25,0x44,0x46,0x42,0x5E,0x7C,0xC2,0x00,0x00,0xC0,0x38,0x70,
    0x28,0x18,0x2B,0xE0,0x28,0x26,0x38,0x2C,0x2B,0xB8,0x28,0xB0,0x29,0xB0,0x79,0x28,
    0x49,0x2C,0x4A,0x26,0x4E,0x22,0x5A,0xE0,0xC0,0x80,0x00,0x00,0x01,0x00,0x39,0x1C,
    0x05,0xB0,0x1F,0xB8,0x62,0x44,0x0C,0x20,0x3F,0xFC,0xD0,0x0E,0x10,0x08,0x1F,0xF8,
    0x10,0x08,0x1F,0xF8,0x10,0x08,0x10,0x78,0x00,0x00,0x00,0x30,0x3C,0x10,0x25,0xFE,
    0x25,0x00,0x25,0x10,0x3D,0x10,0x25,0x10,0x25,0x7C,0x3D,0x10,0x3D,0x10,0x25,0x10,
    0x25,0x10,0x47,0x10,0x5E,0xFE,0x42,0x00,0x00,0x60,0x3C,0x20,0x27,0xFE,0x24,0x88,
    0x24,0x98,0x3C,0x70,0x24,0x70,0x25,0x9C,0x3F,0x12,0x24,0x88,0x64,0x88,0x44,0x88,
    0x45,0x08,0xDF,0x08,0x42,0x00,0x00,0x60,0x38,0x20,0x2B,0xFE,0x28,0x00,0x28,0x98,
    0x3B,0x54,0x2B,0x54,0x2B,0x24,0x3B,0x74,0x3B,0x54,0x2B,0x9C,0x4B,0x8C,0x4B,0x04,
    0xDB,0xFC,0x40,0x00,0x00,0x20,0x3C,0x20,0x27,0xFC,0x27,0x64,0x27,0x44,0x3C,0x60,
    0x24,0xA4,0x25,0xA8,0x3D,0x90,0x3E,0x90,0x64,0x88,0x44,0x8C,0x44,0xE6,0xD9,0xC2,
    0x40,0x00,0x00,0x20,0x3C,0x20,0x25,0xFC,0x24,0x20,0x27,0xFC,0x3E,0x04,0x26,0x04,
    0x25,0xF8,0x3C,0x10,0x24,0x20,0x27,0xFE,0x64,0x20,0x44,0x20,0x5C,0xE0,0xC0,0x80,
    0x01,0x00,0x39,0x1C,0x29,0x14,0x2B,0xD4,0x29,0x14,0x39,0x14,0x2F,0xD4,0x2F,0xD4,
    0x39,0x94,0x2B,0x94,0x6A,0x54,0x4A,0x54,0x4F,0xDC,0xD8,0x70,0x40,0x10,0x00,0x28,
    0x38,0x24,0x2B,0xFE,0x28,0x20,0x28,0x20,0x39,0xFC,0x29,0x24,0x29,0xFC,0x39,0xFC,
    0x39,0x24,0x29,0xFC,0x29,0x24,0x49,0x24,0x59,0x2C,0xC0,0x00,0x01,0x8C,0x3C,0x88,
    0x24,0xD8,0x25,0xFC,0x25,0x04,0x3D,0x04,0x25,0x04,0x25,0x04,0x3D,0xFC,0x3C,0xD0,
    0x24,0x90,0x64,0x92,0x45,0x92,0x5F,0x1E,0xC2,0x00,0x00,0x60,0x3C,0x60,0x24,0xD0,
    0x25,0x88,0x27,0x0C,0x3F,0xFE,0x24,0x00,0x27,0x44,0x3D,0x4C,0x25,0x28,0x25,0x28,
    0x24,0x98,0x44,0x10,0x5F,0xFE,0x40,0x00,0x00,0x20,0x3C,0x60,0x25,0xFC,0x25,0x24,
    0x25,0x24,0x3D,0xFC,0x25,0x24,0x25,0x24,0x3D,0xFC,0x3C,0xE0,0x25,0x20,0x67,0xFE,
    0x44,0x20,0x58,0x20,0xC0,0x20,0x00,0x00,0x00,0x90,0x38,0x90,0x2B,0xFC,0x2A,0x94,
    0x2A,0x94,0x3A,0x94,0x2B,0xFC,0x2A,0x94,0x2A,0x94,0x3A,0x94,0x4B,0xFE,0x48,0x90,
    0x49,0x88,0x5F,0x06,0xC2,0x04,0x00,0x98,0x3C,0x98,0x27,0xFC,0x24,0x98,0x24,0x98,
    0x3F,0xFE,0x24,0x00,0x24,0x00,0x3D,0xFC,0x3D,0x04,0x25,0xFC,0x65,0x04,0x45,0x04,
    0x5D,0xFC,0xC1,0x04,0x00,0x60,0x38,0x20,0x2B,0xFE,0x28,0xA0,0x29,0x20,0x39,0x7C,
    0x2B,0x64,0x2B,0x54,0x2D,0xC8,0x39,0x28,0x29,0x38,0x69,0x30,0x49,0x6C,0x59,0xC6,
    0x41,0x00,0x00,0x80,0x00,0x80,0x3F,0xFE,0x22,0x08,0x25,0xFE,0x3C,0xC8,0x24,0x58,
    0x20,0x40,0x27,0xFC,0x24,0xE4,0x27,0x94,0x24,0xC4,0x65,0xB4,0x46,0x0C,0xC4,0x10,
    0x00,0x20,0x38,0x20,0x29,0xFE,0x29,0x44,0x29,0x44,0x39,0x44,0x29,0xFE,0x29,0xE4,
    0x39,0x64,0x3A,0x54,0x2A,0x54,0x4A,0x44,0x4A,0x44,0x5E,0x5C,0xC0,0x50,0x00,0x60,
    0x3C,0x20,0x25,0xFC,0x25,0x04,0x25,0x54,0x3C,0xD8,0x25,0x8C,0x27,0x06,0x3D,0xFC,
    0x3D,0xFC,0x24,0x20,0x44,0x20,0x44,0x20,0x5B,0xFE,0xC0,0x00,0x00,0x60,0x38,0x20,
    0x2B,0xFC,0x2A,0x04,0x2B,0x84,0x39,0xFC,0x29,0x64,0x2A,0x64,0x3B,0x64,0x2E,0xAC,
    0x68,0xA8,0x49,0xA2,0x49,0x22,0xDA,0x1C,0x02,0x00,0x39,0xFC,0x29,0x04,0x29,0xFC,
    0x29,0x04,0x39,0xFC,0x29,0x00,0x29,0x20,0x39,0xFC,0x2A,0x20,0x4B,0xFC,0x48,0x20,
    0x48,0x20,0xDB,0xFE,0x40,0x00,0x00,0x00,0x3D,0xFC,0x25,0x24,0x25,0x24,0x25,0xFC,
    0x3D,0x24,0x25,0x24,0x25,0xFC,0x3C,0x20,0x25,0xA4,0x25,0x94,0x46,0xAA,0x4E,0x8A,
    0xDA,0xFA,0x00,0x00,0x00,0x00,0x3B,0xFC,0x48,0x90,0x48,0x90,0x4B,0xFC,0x3A,0x94,
    0x4B,0xFC,0x48,0x80,0x38,0xC0,0x4B,0xFE,0x49,0x10,0x49,0xD0,0x48,0x70,0x5F,0x8C,
    0xC4,0x04,0x00,0x80,0x3C,0x80,0x25,0xFE,0x27,0x00,0x27,0xFC,0x3D,0x04,0x25,0xFC,
    0x25,0xFC,0x3C,0x80,0x24,0xFC,0x25,0x8C,0x26,0xD8,0x44,0x70,0x5F,0xDE,0xC2,0x02,
    0x00,0x60,0x38,0x40,0x29,0xBC,0x29,0x04,0x29,0xFC,0x39,0x04,0x29,0xFC,0x28,0x20,
    0x38,0x24,0x3B,0xB8,0x49,0xB0,0x49,0x28,0x4A,0x24,0xDE,0xE2,0x40,0x00,0x00,0x00,
    0x00,0x14,0x38,0x14,0x2B,0xFE,0x28,0x10,0x2B,0xD0,0x38,0x10,0x2B,0xF0,0x28,0x10,
    0x3B,0xE8,0x2A,0xA8,0x2A,0xA8,0x4A,0xAA,0x49,0x4A,0x5E,0x26,0xC0,0x04,0x00,0x24,
    0x3B,0x28,0x29,0xD8,0x2B,0xFC,0x28,0x40,0x3B,0xFE,0x28,0x98,0x29,0xFC,0x3E,0x12,
    0x29,0x10,0x29,0xFC,0x48,0x04,0x4B,0xF4,0x58,0x3C,0xC0,0x00,0x02,0x00,0x3A,0x7C,
    0x29,0x44,0x29,0x7C,0x28,0x44,0x3F,0x44,0x29,0x7C,0x29,0x64,0x39,0x5C,0x49,0x48,
    0x49,0x54,0x4B,0x64,0x4B,0x80,0xDC,0xFE,0x40,0x00,0x00,0x60,0x38,0x20,0x2B,0xFC,
    0x28,0x90,0x28,0x90,0x3B,0xFC,0x2A,0x24,0x28,0x20,0x3B,0xFE,0x48,0x80,0x48,0xF8,
    0x49,0x88,0x49,0x08,0xFA,0x38,0x84,0x00,0x00,0x38,0x38,0x2C,0x2B,0xFE,0x28,0x20,
    0x29,0xFC,0x39,0x24,0x29,0xFC,0x29,0x24,0x39,0xFC,0x39,0x0C,0x2B,0xFE,0x69,0x08,
    0x48,0xC8,0x58,0xB8,0xC0,0x20,0x01,0x00,0x7F,0xFE,0x00,0x00,0x1F,0xF0,0x1F,0xF0,
    0x3F,0xFC,0x27,0xE4,0x28,0x14,0x07,0xE0,0x1F,0xF8,0x1F,0xF8,0x10,0x08,0x1F,0xF8,
    0x10,0x18,0x00,0x60,0x3B,0xFC,0x28,0x90,0x2B,0xFC,0x2A,0x94,0x3A,0x94,0x2B,0xFC,
    0x28,0x00,0x3B,0xFC,0x48,0x00,0x4F,0xFE,0x49,0x38,0x4B,0x2C,0xDE,0x66,0x40,0x80,
    0x00,0x00,0x00,0x24,0x39,0x2C,0x29,0xA8,0x2B,0xFE,0x2A,0x02,0x3B,0xFA,0x29,0x08,
    0x29,0x08,0x39,0xF8,0x38,0x20,0x4B,0xFC,0x48,0x20,0x48,0x20,0x5B,0xFE,0xC0,0x00,
    0x00,0x90,0x3C,0x90,0x27,0xFE,0x24,0x90,0x25,0xFC,0x3D,0x04,0x25,0xFC,0x25,0x04,
    0x3D,0xFC,0x24,0x20,0x27,0xFE,0x44,0x60,0x44,0xD0,0xDB,0x8E,0x02,0x02,0x00,0x20,
    0x38,0x20,0x2B,0xFE,0x28,0xF0,0x29,0xAC,0x3A,0x06,0x28,0x70,0x29,0x98,0x3B,0x26,
    0x3D,0xAA,0x28,0xB0,0x48,0xF8,0x4B,0x2C,0x5A,0xE2,0xC0,0x00,0x00,0x84,0x38,0x86,
    0x2B,0xEC,0x28,0x88,0x2B,0xF0,0x38,0x06,0x2B,0xC4,0x2A,0x48,0x3A,0x50,0x3B,0xC2,
    0x4A,0x44,0x49,0x4C,0x49,0xF8,0x5E,0x30,0x80,0x20,0x00,0x88,0x38,0x98,0x2B,0xFC,
    0x28,0x20,0x2B,0xFC,0x38,0x20,0x2B,0xFE,0x29,0x24,0x39,0xA8,0x3B,0xFE,0x28,0x00,
    0x49,0xFC,0x49,0x04,0x59,0xFC,0xC1,0x04,0x3F,0x78,0x3F,0x4E,0x2A,0xC0,0x3F,0x7C,
    0x2A,0x68,0x5F,0xB0,0x5B,0xEC,0xD1,0x02,0x1E,0xF8,0x1F,0xF8,0x10,0x08,0x1F,0xF8,
    0x10,0x78,0x00,0x00,0x00,0x00,0x00,0x20,0x3E,0xFC,0x22,0x48,0x3E,0x48,0x3F,0xFE,
    0x52,0x20,0xDE,0xFC,0x00,0x20,0x1F,0xF8,0x10,0x08,0x1F,0xF8,0x10,0x08,0x1F,0xF8,
    0x10,0x18,0x10,0x60,0x00,0x00,0x00,0x60,0x38,0x20,0x2B,0xFE,0x29,0x28,0x2A,0xA8,
    0x3A,0xFE,0x2F,0x48,0x29,0xFE,0x3A,0xC8,0x3F,0xC8,0x28,0xFE,0x49,0x48,0x4B,0x7E,
    0x5A,0x40,0xC4,0x40,0x00,0x40,0x3B,0xFC,0x28,0x88,0x28,0x90,0x2B,0xFE,0x38,0x00,
    0x29,0xFC,0x29,0xFC,0x39,0x04,0x29,0xFC,0x28,0x40,0x4A,0xA4,0x4A,0x8A,0x5C,0xF2,
    0xC0,0x00,0x3F,0xFC,0x20,0x80,0x20,0x80,0x20,0x80,0x3F,0xF8,0x20,0x08,0x20,0x08,
    0x20,0x08,0x3F,0xF8,0x20,0x80,0x20,0x80,0x20,0x80,0x3F,0xFC,0x00,0x00,0x01,0x00,
    0x03,0x00,0x1F,0xF8,0x10,0x08,0x10,0x08,0x10,0x08,0x1F,0xF8,0x10,0x08,0x10,0x08,
    0x1F,0xF8,0x10,0x08,0x10,0x08,0x1F,0xF8,0x1F,0xF8,0x10,0x00,0x00,0x00,0x01,0x00,
    0x1F,0xF8,0x10,0x08,0x1F,0xF8,0x10,0x08,0x1F,0xF8,0x10,0x08,0x1F,0xF8,0x00,0x20,
    0x01,0x10,0x7F,0xFC,0x03,0x80,0x06,0x60,0xF8,0x3E,0x40,0x02,0x7F,0xFC,0x03,0x00,
    0x06,0x20,0x0C,0x30,0x19,0xF8,0x3F,0xCC,0x01,0x88,0x01,0x80,0x3F,0xF8,0x01,0x80,
    0x01,0x80,0x01,0x80,0x7F,0xFE,0x00,0x60,0x7F,0x40,0x10,0x40,0x14,0x7E,0x26,0x88,
    0x6F,0x88,0x7B,0x48,0x08,0x48,0x08,0x50,0x7F,0x30,0x08,0x20,0x08,0x70,0x7E,0xC8,
    0xC1,0x86,0x01,0x02,0x00,0x20,0x7C,0x20,0x11,0xFC,0x28,0x40,0x29,0xFC,0x5C,0x40,
    0x77,0xFE,0x10,0x88,0x11,0xFC,0x7E,0x26,0x11,0xFC,0x10,0x60,0xFD,0xB8,0x43,0x26,
    0x00,0x20,0x01,0x00,0x0F,0xFC,0x38,0xFC,0x20,0x0C,0x20,0x0C,0x20,0x0C,0x20,0x0C,
    0x3E,0x7C,0x20,0x0C,0x20,0x0C,0x20,0x0C,0x20,0x0C,0x3F,0xFC,0x20,0x0C,0x00,0x00,
    0x00,0x04,0x7F,0xFC,0x61,0x08,0x31,0x08,0x18,0x90,0x12,0x30,0x3E,0xF8,0x30,0x08,
    0x30,0x08,0x3E,0xF8,0x30,0x08,0x30,0x08,0x30,0x08,0x3F,0xF8,0x00,0x00,0x02,0x00,
    0x3D,0xFC,0x20,0x0C,0x3E,0xFC,0x3F,0xFC,0x00,0x00,0x3F,0xF8,0x3F,0xF8,0x31,0x08,
    0x3F,0xF8,0x02,0x00,0x7F,0xFC,0x04,0x08,0x78,0x78,0x40,0x00,0x09,0x00,0x39,0x1C,
    0x27,0xE4,0x22,0x84,0x3A,0x9C,0x27,0xC4,0x20,0x8C,0x3F,0xDC,0x20,0x8C,0x20,0x08,
    0x7F,0xFE,0x06,0x60,0x0C,0x38,0x70,0x0C,0x40,0x04,0x00,0x00,0x07,0xF8,0x3F,0x00,
    0x01,0x00,0x01,0x00,0x7F,0xFE,0x01,0x00,0x01,0x00,0x1F,0xF8,0x1F,0xF8,0x10,0x08,
    0x10,0x08,0x10,0x08,0x1F,0xF8,0x10,0x08,0x00,0x00,0x01,0x80,0x03,0xC0,0x06,0x60,
    0x18,0x18,0xEF,0xFE,0x41,0x82,0x01,0x80,0x7F,0xFC,0x01,0x80,0x1F,0xF8,0x10,0x08,
    0x10,0x08,0x10,0x08,0x1F,0xF8,0x10,0x08,0x08,0x00,0x1C,0xFC,0x36,0x04,0x63,0xC8,
    0xFE,0x70,0x08,0x30,0x08,0xFE,0x7E,0x22,0x08,0x24,0x3E,0x24,0x22,0x20,0x22,0x20,
    0x22,0x20,0x3E,0xE0,0x00,0x00,0x3D,0xFC,0x70,0x60,0x10,0x40,0x11,0xFE,0x7D,0xFE,
    0x10,0x98,0x11,0xC8,0x3F,0x46,0x27,0x5A,0x25,0x54,0x25,0x54,0x26,0x4A,0x3E,0xC0,
    0x00,0x00,0x00,0x00,0x00,0x04,0x7F,0xFC,0x11,0x18,0x19,0x90,0x7F,0xFC,0x40,0x04,
    0x58,0x34,0x1E,0x30,0x32,0xFC,0x22,0xB0,0x5D,0x30,0x0D,0xFE,0x18,0x30,0x20,0x30,
    0x40,0x30,0x18,0x00,0x1F,0xFE,0x2A,0x48,0x4A,0x48,0x3F,0xFC,0x0A,0x48,0x0A,0x48,
    0x7F,0xFE,0x18,0x10,0x3E,0xFE,0x72,0x90,0x4C,0x90,0x08,0xFE,0x30,0x10,0x40,0x10,
    0x00,0x00,0x01,0x00,0x01,0x00,0x1F,0xF8,0x19,0x18,0x1B,0x18,0x18,0xD8,0x18,0x98,
    0x7F,0xFE,0x18,0x18,0x1B,0x18,0x11,0x98,0x10,0xD8,0x30,0x18,0x60,0x70,0x20,0x00,
    0x08,0x20,0x08,0x20,0x3F,0xFE,0x33,0xFE,0x2A,0x00,0x2A,0x00,0x22,0xF8,0x7E,0x88,
    0x22,0x88,0x3A,0x88,0x2A,0x88,0x2A,0x8A,0x22,0x8A,0x4F,0x8E,0x41,0x00,0x08,0x00,
    0x08,0x78,0x3E,0x48,0x3A,0x48,0x2A,0xCE,0x2F,0x86,0x22,0x00,0x7E,0xFC,0x22,0x8C,
    0x3A,0x48,0x2E,0x78,0x2A,0x30,0x62,0x78,0x4F,0xC6,0xC1,0x02,0x08,0x00,0x18,0xFC,
    0x3C,0x84,0x24,0xA4,0x3C,0xA4,0x2C,0xA4,0x24,0xA4,0x7C,0xA4,0x24,0xA4,0x3C,0xB4,
    0x2C,0x50,0x24,0x52,0x44,0x92,0x4D,0x1E,0x42,0x00,0x08,0x20,0x18,0x30,0x3E,0x50,
    0x22,0xC8,0x3A,0x84,0x2B,0x06,0x22,0xFA,0x7E,0x88,0x22,0x88,0x3A,0x98,0x2A,0xB0,
    0x22,0x86,0x62,0x84,0x4E,0xFC,0x40,0x00,0x08,0x20,0x18,0x20,0x3F,0xFE,0x23,0x06,
    0x3B,0x06,0x2B,0x86,0x22,0x8C,0x7E,0x98,0x22,0xE0,0x3A,0xC0,0x2A,0x86,0x22,0x84,
    0x62,0xC4,0x4C,0x7C,0x40,0x00,0x08,0x30,0x18,0x20,0x3E,0xFC,0x22,0xFC,0x3A,0x84,
    0x2A,0x84,0x22,0x84,0x7E,0xFC,0x22,0x84,0x3A,0x84,0x2A,0x84,0x2A,0x84,0x62,0xFC,
    0x4E,0xFC,0x40,0x84,0x08,0x20,0x18,0x30,0x3F,0xFE,0x3A,0x20,0x2A,0x64,0x2A,0x44,
    0x22,0x88,0x7F,0xF8,0x22,0x10,0x3A,0x28,0x2A,0x6C,0x22,0xC4,0x63,0xFC,0x4F,0xC2,
    0x40,0x04,0x00,0x00,0x08,0x00,0x18,0x78,0x3E,0x48,0x2A,0x48,0x2A,0xC8,0x2A,0x8E,
    0x23,0x80,0x7E,0x00,0x22,0xFC,0x2A,0x84,0x2A,0x84,0x22,0x84,0x62,0x84,0x4E,0xFC,
    0x48,0x84,0x00,0x00,0x18,0x00,0x11,0xDC,0x3C,0xF8,0x24,0x98,0x35,0x18,0x2D,0x3C,
    0x25,0xD8,0xFC,0x58,0x26,0x98,0x35,0x98,0x4D,0xBC,0x45,0x80,0x45,0xC0,0xDE,0x3E,
    0x42,0x00,0x00,0x00,0x10,0x20,0x10,0xF8,0x3D,0x24,0x25,0x24,0x35,0xBC,0x2D,0x24,
    0x25,0xFC,0xFC,0x20,0x24,0x20,0x35,0xFC,0x5C,0x88,0x44,0x50,0x44,0x70,0xDF,0x9E,
    0x42,0x02,0x03,0x00,0x01,0x00,0x3F,0xF8,0x30,0x18,0x30,0x18,0x3F,0xF8,0x30,0x18,
    0x3F,0xF8,0x32,0x08,0x33,0x1C,0x31,0xF0,0x30,0xC0,0x37,0x70,0x3C,0x0E,0x20,0x00,
    0x00,0x00,0x01,0xFC,0x7D,0x04,0x0D,0x04,0x49,0xFC,0x29,0x04,0x39,0x04,0x19,0xFC,
    0x19,0x44,0x19,0x2C,0x25,0x30,0x65,0x10,0xC5,0x6C,0x43,0x86,0x02,0x00,0x00,0x00,
    0x06,0x00,0x07,0xF0,0x08,0x20,0x10,0x60,0x30,0xC0,0x5F,0xF8,0x11,0x08,0x11,0x08,
    0x1F,0xF8,0x10,0x00,0x10,0x00,0x10,0x04,0x10,0x04,0x1F,0xFC,0x00,0x00,0x00,0x00,
    0x10,0xC0,0x10,0x80,0x11,0xF8,0x7D,0x10,0x12,0x30,0x11,0xFC,0x7D,0x24,0x11,0x24,
    0x11,0x24,0x11,0xFC,0x7D,0x00,0x11,0x02,0x11,0x06,0x11,0xFC,0x10,0x00,0x00,0x00,
    0x04,0x20,0x04,0x20,0x7F,0xFE,0x04,0x20,0x00,0x00,0x1F,0xF0,0x00,0x30,0x00,0xC0,
    0x03,0x80,0x06,0x00,0x18,0x04,0x30,0x04,0x20,0x04,0x3F,0xF8,0x00,0x00,0x04,0x20,
    0x04,0x20,0x7F,0xFE,0x04,0x20,0x04,0x20,0x18,0x10,0x08,0x10,0x0C,0x30,0x04,0x60,
    0x02,0x40,0x03,0x80,0x03,0xC0,0x0C,0x70,0x70,0x1E,0x40,0x02,0x08,0x40,0x08,0x40,
    0x7F,0xFE,0x08,0x40,0x08,0x40,0x00,0x00,0x7F,0xF8,0x02,0x08,0x02,0x08,0x02,0x08,
    0x02,0x08,0x02,0xF8,0x02,0x70,0x02,0x00,0x02,0x00,0x04,0x20,0x04,0x20,0x7F,0xFE,
    0x04,0x20,0x00,0x00,0x3F,0xF8,0x01,0x80,0x01,0x80,0x01,0x80,0x7F,0xFE,0x01,0x80,
    0x01,0x80,0x01,0x80,0x07,0x00,0x00,0x00,0x04,0x20,0x04,0x20,0x7F,0xFE,0x04,0x20,
    0x0C,0x00,0x08,0x00,0x1F,0xF8,0x30,0x08,0x64,0x08,0x43,0x08,0x01,0x88,0x01,0x08,
    0x00,0x08,0x00,0xF8,0x00,0x00,0x04,0x20,0x04,0x20,0x7F,0xFE,0x04,0x20,0x05,0x20,
    0x01,0x80,0x00,0x80,0x7F,0xFE,0x10,0x00,0x10,0x00,0x10,0x00,0x10,0x00,0x10,0x00,
    0x1F,0xFC,0x00,0x00,0x04,0x20,0x04,0x20,0x7F,0xFE,0x04,0x20,0x00,0x00,0x3F,0xF8,
    0x01,0x00,0x01,0x00,0x7F,0xFC,0x03,0x80,0x02,0x80,0x04,0x84,0x18,0x84,0x70,0xFC,
    0x40,0x00,0x04,0x20,0x04,0x20,0x7F,0xFE,0x04,0x20,0x01,0x00,0x01,0x80,0x3F,0xF8,
    0x00,0x30,0x00,0x60,0x01,0x80,0x07,0x00,0x3C,0x00,0x6C,0x00,0x47,0xFE,0x00,0x00,
    0x04,0x20,0x04,0x20,0x7F,0xFE,0x04,0x20,0x01,0x80,0x02,0xC0,0x0C,0x60,0x38,0x18,
    0xE4,0x26,0x04,0x20,0x04,0x20,0x0C,0x20,0x08,0x20,0x30,0x20,0x20,0x20,0x04,0x20,
    0x04,0x20,0x7F,0xFE,0x05,0x20,0x00,0x80,0x1F,0xF8,0x10,0x08,0x10,0x08,0x10,0x08,
    0x1F,0xF8,0x10,0x00,0x30,0x00,0x20,0x00,0x60,0x00,0x40,0x00,0x04,0x20,0x04,0x20,
    0x7F,0xFC,0x04,0x20,0x06,0x40,0x0C,0x60,0x18,0x30,0x30,0x1C,0x5F,0xF6,0x04,0x30,
    0x04,0x30,0x0C,0x20,0x18,0x20,0x71,0xE0,0x40,0x00,0x04,0x20,0x04,0x20,0x7F,0xFE,
    0x04,0x20,0x00,0x00,0x3F,0xF8,0x31,0x08,0x31,0x08,0x3F,0xF8,0x30,0x00,0x30,0x00,
    0x30,0x04,0x10,0x04,0x1F,0xFC,0x00,0x00,0x04,0x20,0x04,0x20,0x7F,0xFE,0x04,0x20,
    0x04,0x20,0x01,0x00,0x04,0x80,0x34,0x88,0x24,0x4C,0x24,0x04,0x64,0x26,0x44,0x32,
    0x44,0x30,0x07,0xE0,0x00,0x00,0x04,0x20,0x04,0x20,0x7F,0xFE,0x04,0x20,0x00,0x00,
    0x0C,0x84,0x18,0x8C,0x18,0xB0,0x38,0xE0,0xD9,0x80,0x5E,0x80,0x18,0x86,0x18,0x86,
    0x18,0x7C,0x18,0x00,0x04,0x20,0x04,0x20,0x7F,0xFC,0x04,0xA0,0x01,0x80,0x7F,0xFE,
    0x04,0x00,0x04,0x00,0x07,0xF8,0x0C,0x10,0x08,0x10,0x08,0x10,0x10,0x10,0x60,0xF0,
    0x40,0x00,0x04,0x20,0x04,0x20,0x7F,0xFE,0x04,0x20,0x00,0x18,0x1F,0xF0,0x10,0x00,
    0x10,0x00,0x1F,0xFE,0x10,0x60,0x10,0x60,0x10,0x60,0x30,0x60,0x60,0x60,0x40,0x00,
    0x04,0x20,0x04,0x20,0x7F,0xFE,0x04,0x20,0x3F,0xFC,0x3F,0xFC,0x18,0x20,0x10,0x20,
    0x1F,0xFE,0x00,0xA0,0x03,0x20,0x0E,0x20,0x38,0x20,0x60,0xE0,0x00,0x00,0x04,0x20,
    0x7F,0xFE,0x04,0x20,0x05,0x20,0x3F,0xFC,0x3F,0xFC,0x01,0x00,0x3F,0xF8,0x01,0x00,
    0x7F,0xFC,0x01,0x0C,0x01,0x0C,0x01,0x38,0x01,0x20,0x01,0x00,0x04,0x20,0x04,0x20,
    0x7F,0xFE,0x04,0x20,0x03,0xC0,0x06,0x60,0x18,0x38,0xFF,0xFE,0x48,0x32,0x08,0x20,
    0x08,0xE0,0x08,0x0C,0x08,0x0C,0x0F,0xF8,0x00,0x00,0x04,0x20,0x04,0x20,0x7F,0xFE,
    0x04,0x20,0x02,0x00,0x02,0x00,0x3F,0xF0,0x02,0x10,0x12,0x18,0x32,0x1C,0x64,0x32,
    0x4C,0x32,0x18,0x30,0x71,0xE0,0x20,0x00,0x04,0x20,0x04,0x20,0x7F,0xFE,0x04,0x20,
    0x18,0x00,0x1F,0xF8,0x13,0x88,0x22,0x88,0x72,0x88,0x4E,0xB8,0x04,0x84,0x08,0x82,
    0x10,0x86,0x60,0x7C,0x40,0x00,0x04,0x20,0x04,0x20,0x7F,0xFE,0x04,0x20,0x03,0x20,
    0x0C,0x70,0x18,0x18,0x7F,0xFC,0x00,0x04,0x1F,0xF8,0x10,0x08,0x10,0x08,0x10,0x08,
    0x1F,0xF8,0x10,0x08,0x04,0x20,0x04,0x20,0x7F,0xFE,0x04,0x20,0x00,0x00,0x3F,0xF8,
    0x31,0x08,0x31,0x08,0x31,0x08,0x3F,0xF8,0x31,0x08,0x31,0x08,0x3F,0xF8,0x30,0x08,
    0x00,0x00,0x04,0x20,0x04,0x20,0x7F,0xFE,0x04,0x20,0x00,0x00,0x7F,0xFE,0x00,0x08,
    0x1F,0x88,0x10,0x88,0x10,0x88,0x10,0x88,0x1F,0x88,0x00,0x08,0x00,0x78,0x00,0x00,
    0x04,0x20,0x04,0x20,0x7F,0xFE,0x0C,0x20,0x1F,0xF8,0x10,0x08,0x20,0x08,0xDF,0xC8,
    0x50,0xC8,0x1F,0xC8,0x10,0x18,0x10,0x76,0x10,0x06,0x1F,0xFC,0x00,0x00,0x04,0x20,
    0x04,0x20,0x7F,0xFE,0x04,0x20,0x18,0x00,0x1F,0xFC,0x20,0x0C,0xFF,0xCC,0x5F,0xCC,
    0x10,0xC8,0x10,0xC8,0x1F,0xC8,0x00,0x08,0x00,0x78,0x00,0x40,0x04,0x20,0x04,0x20,
    0x7F,0xFC,0x04,0x20,0x03,0x00,0x7F,0xFE,0x7F,0xFE,0x04,0x00,0x08,0x00,0x3F,0xF8,
    0x68,0x08,0x48,0x08,0x0F,0xF8,0x08,0x08,0x00,0x00,0x0C,0x20,0x0C,0x20,0x7F,0xFE,
    0x0C,0x20,0x01,0x00,0x01,0x00,0x7F,0xFE,0x01,0x00,0x01,0x00,0x1F,0xF8,0x10,0x08,
    0x10,0x08,0x10,0x08,0x1F,0xF8,0x10,0x08,0x08,0x20,0x08,0x20,0x7F,0xFE,0x08,0x20,
    0x03,0x00,0x03,0xFC,0x03,0x00,0x03,0x00,0x3F,0xF8,0x30,0x08,0x30,0x08,0x30,0x08,
    0x30,0x08,0x3F,0xF8,0x30,0x08,0x04,0x20,0x04,0x20,0x7F,0xFE,0x04,0x20,0x01,0x00,
    0x7F,0xFC,0x03,0x80,0x07,0x40,0x05,0x60,0x09,0x30,0x31,0x18,0xEF,0xF6,0x41,0x02,
    0x01,0x00,0x01,0x00,0x04,0x20,0x04,0x20,0x7F,0xFE,0x04,0x20,0x01,0x00,0x1F,0xF8,
    0x11,0x08,0x11,0x08,0x11,0x08,0x7F,0xFE,0x01,0x80,0x03,0xC0,0x0C,0x70,0x78,0x1E,
    0x40,0x02,0x04,0x20,0x04,0x20,0x7F,0xFE,0x04,0x20,0x3F,0xFC,0x3F,0xFC,0x11,0x08,
    0x19,0x10,0x0D,0x30,0x09,0x00,0x7F,0xFE,0x01,0x00,0x01,0x00,0x01,0x00,0x01,0x00,
    0x04,0x20,0x04,0x20,0x7F,0xFE,0x04,0x20,0x21,0x10,0x11,0x08,0x11,0x08,0x1F,0xF8,
    0x1F,0xF8,0x21,0x0C,0x21,0x0C,0x21,0x0C,0x21,0x0C,0x3F,0xFC,0x00,0x0C,0x04,0x20,
    0x04,0x20,0x7F,0xFE,0x04,0x30,0x01,0x18,0x01,0x08,0x1F,0xFC,0x10,0x88,0x10,0x98,
    0x10,0xB0,0x30,0xE0,0x21,0xC6,0x27,0x24,0xCC,0x3C,0x40,0x00,0x04,0x20,0x04,0x20,
    0x7F,0xFE,0x04,0x20,0x30,0x00,0x1F,0xF8,0x4A,0x08,0x32,0x08,0x1A,0x08,0x02,0x78,
    0x1A,0x00,0x12,0x02,0x32,0x06,0x63,0xFC,0x20,0x00,0x04,0x20,0x04,0x20,0x7F,0xFE,
    0x04,0x20,0x10,0x00,0x10,0x7C,0x7E,0x7C,0x12,0x44,0x12,0x44,0x12,0x44,0x32,0x44,
    0x22,0x44,0x62,0x7C,0xCE,0x44,0x00,0x00,0x04,0x20,0x04,0x20,0x7F,0xFE,0x04,0x20,
    0x3F,0xF8,0x00,0x18,0x06,0x60,0x01,0xC0,0x7F,0xFC,0x03,0x84,0x06,0x88,0x18,0x98,
    0xF0,0x80,0x47,0x80,0x00,0x00,0x04,0x20,0x04,0x20,0x7F,0xFE,0x04,0x20,0x3F,0xF0,
    0x00,0x30,0x00,0xC0,0x07,0xE0,0x78,0x1E,0x40,0x02,0x1F,0xF8,0x01,0x00,0x01,0x00,
    0x7F,0xFE,0x04,0x20,0x7F,0xFE,0x7F,0xFE,0x04,0x20,0x01,0x00,0x1F,0xF8,0x11,0x08,
    0x11,0x08,0x11,0x08,0x1F,0xF8,0x01,0x18,0x01,0x08,0x7F,0xFC,0x7C,0x06,0x00,0x04,
    0x00,0x00,0x04,0x20,0x04,0x20,0x7F,0xFE,0x04,0xA0,0x21,0x00,0x31,0xFC,0x1A,0x04,
    0x16,0x4C,0x04,0x48,0x10,0xC0,0x10,0xE0,0x21,0xB0,0x23,0x18,0x7C,0x0E,0x08,0x02,
    0x04,0x20,0x04,0x20,0x7F,0xFE,0x04,0x20,0x20,0x40,0x18,0x40,0x0F,0xFE,0x62,0x00,
    0x32,0x00,0x12,0x00,0x0A,0x00,0x12,0x00,0x32,0x00,0x63,0xFC,0x20,0x00,0x04,0x20,
    0x04,0x20,0x7F,0xFE,0x07,0x20,0x02,0x00,0x7F,0xFC,0x0C,0x40,0x18,0x40,0x3B,0xFC,
    0x7B,0xFC,0xD8,0x40,0x18,0x40,0x18,0x40,0x1F,0xFE,0x18,0x00,0x04,0x20,0x04,0x20,
    0x7F,0xFE,0x04,0x20,0x3F,0xF8,0x20,0x08,0x21,0x08,0x2F,0xF8,0x21,0x08,0x21,0x88,
    0x26,0x68,0x2C,0x28,0x20,0x08,0x3F,0xF8,0x20,0x08,0x04,0x20,0x04,0x20,0x7F,0xFC,
    0x04,0x20,0x03,0x80,0x06,0x60,0x19,0xB8,0xF1,0x8E,0xBF,0xFA,0x3F,0xF8,0x05,0xA0,
    0x19,0x98,0x31,0x8C,0x67,0x06,0x04,0x00,0x04,0x20,0x04,0x20,0x7F,0xFE,0x04,0x20,
    0x7F,0xFC,0x10,0x10,0x10,0x10,0x1F,0xF0,0x10,0x10,0x1F,0xF0,0x10,0x10,0x10,0x1E,
    0x7F,0xFC,0x00,0x10,0x00,0x10,0x04,0x20,0x04,0x20,0x7F,0xFE,0x04,0x20,0x08,0x00,
    0x10,0x00,0x7F,0xFC,0x12,0xC4,0x32,0xC4,0x22,0xC4,0x3E,0xC4,0x0C,0xC4,0x1E,0xFC,
    0x71,0xC4,0x40,0x00,0x12,0x04,0x12,0x04,0x7F,0xE4,0x12,0x24,0x12,0x24,0x7F,0xA4,
    0x12,0x24,0x12,0x24,0x12,0x24,0x7F,0xE4,0x12,0x24,0x12,0x04,0x22,0x04,0x62,0x1C,
    0x42,0x00,0x04,0x60,0x04,0x60,0x7F,0xFC,0x04,0x60,0x1F,0xF8,0x10,0x08,0x1F,0xF8,
    0x10,0x08,0x10,0x08,0x1F,0xF8,0x01,0x00,0x7F,0xFE,0x01,0x00,0x01,0x00,0x01,0x00,
    0x04,0x20,0x7F,0xFE,0x04,0x20,0x06,0x20,0x7F,0xFE,0x04,0x00,0x08,0x00,0x1B,0xFC,
    0x38,0x18,0xF8,0x20,0x5F,0xFE,0x18,0x20,0x18,0x20,0x18,0xE0,0x18,0x80,0x04,0x20,
    0x04,0x20,0x7F,0xFE,0x05,0x20,0x01,0x80,0x7F,0xFE,0x10,0x00,0x10,0x00,0x1F,0xF8,
    0x09,0x30,0x09,0x30,0x19,0x32,0x11,0x32,0x61,0x3E,0x40,0x00,0x04,0x20,0x7F,0xFE,
    0x04,0x20,0x06,0x20,0x3F,0xF8,0x02,0x08,0x04,0x08,0x78,0x70,0x10,0x60,0x7E,0xFC,
    0x12,0x44,0x12,0x44,0x22,0xCC,0x6F,0x98,0x41,0x00,0x04,0x20,0x04,0x20,0x7F,0xFE,
    0x05,0x20,0x01,0x00,0x3F,0xFC,0x11,0x08,0x09,0x10,0x0D,0x20,0x7F,0xFE,0x01,0x80,
    0x03,0xC0,0x0E,0x60,0x78,0x1E,0x40,0x02,0x04,0x20,0x04,0x20,0x7F,0xFE,0x04,0x20,
    0x33,0xF8,0x08,0x30,0x40,0xC0,0x37,0x00,0x17,0xFC,0x01,0x24,0x1B,0x64,0x16,0x44,
    0x2C,0xCC,0x29,0xB8,0x63,0x00,0x04,0x20,0x04,0x20,0x7F,0xFE,0x04,0x20,0x00,0x00,
    0x3F,0xFC,0x20,0x04,0x01,0x00,0x7F,0xFC,0x03,0x80,0x07,0x40,0x0D,0x30,0x71,0x0C,
    0x41,0x02,0x01,0x00,0x04,0x20,0x04,0x20,0x7F,0xFE,0x00,0x00,0x3F,0xFC,0x22,0x04,
    0x06,0x00,0x3D,0xFC,0x18,0x80,0x1F,0xF8,0x00,0x80,0x00,0x80,0x7F,0xFE,0x00,0x80,
    0x00,0x80,0x04,0x20,0x04,0x20,0x7F,0xFE,0x04,0x20,0x00,0x00,0x3F,0xFC,0x21,0x04,
    0x31,0x0C,0x19,0x18,0x0D,0xB0,0x07,0xA0,0x06,0x60,0x1C,0x30,0x70,0x0E,0x40,0x02,
    0x04,0x20,0x7F,0xFE,0x7F,0xFE,0x04,0x20,0x3E,0xFC,0x24,0x84,0x24,0x84,0x28,0xFC,
    0x24,0x84,0x24,0x84,0x22,0xFC,0x2D,0x84,0x21,0x04,0x22,0x18,0x24,0x00,0x04,0x20,
    0x04,0x20,0x7F,0xFE,0x0C,0x20,0x18,0x40,0x12,0xFC,0x26,0x84,0x7D,0x04,0x0B,0x84,
    0x12,0x64,0x3C,0x24,0x00,0x0C,0x0E,0x0C,0x70,0x38,0x00,0x00,0x04,0x20,0x04,0x20,
    0x7F,0xFE,0x0C,0x20,0x08,0x00,0x17,0xFE,0x30,0x08,0x33,0xC8,0xD2,0x48,0x52,0x48,
    0x12,0x48,0x13,0xC8,0x10,0x08,0x10,0x78,0x00,0x40,0x04,0x20,0x7F,0xFE,0x04,0x30,
    0x01,0x18,0x7F,0xFE,0x01,0x00,0x3F,0xF8,0x21,0x08,0x21,0x08,0x3F,0xF8,0x21,0x08,
    0x3F,0xF8,0x21,0x08,0x21,0x38,0x00,0x00,0x04,0x20,0x04,0x20,0x7F,0xFE,0x04,0x20,
    0x0F,0x0C,0x78,0x4C,0x08,0x4C,0x7F,0x4C,0x08,0x4C,0x1E,0x4C,0x3B,0x4C,0x69,0xCC,
    0x48,0x0C,0x08,0x38,0x08,0x00,0x04,0x20,0x04,0x20,0x7F,0xFE,0x04,0x20,0x30,0x40,
    0x19,0x58,0x49,0x48,0x62,0x44,0x1E,0x46,0x04,0x48,0x18,0x10,0x10,0x60,0x31,0xC0,
    0x6F,0x00,0x28,0x00,0x04,0x20,0x04,0x20,0x7F,0xFC,0x04,0x20,0x1F,0xF8,0x10,0x08,
    0x1F,0xF8,0x10,0x08,0x1F,0xF8,0x01,0x00,0x7F,0xFC,0x01,0x80,0x06,0x60,0x7C,0x3E,
    0x40,0x02,0x0C,0x20,0x7F,0xFE,0x7F,0xFE,0x0D,0x20,0x3F,0xFC,0x11,0x08,0x19,0x18,
    0x0D,0x30,0x7F,0xFE,0x7F,0xFE,0x07,0x40,0x0D,0x30,0x31,0x0C,0x41,0x02,0x01,0x00,
    0x04,0x20,0x04,0x20,0x7F,0xFE,0x24,0xA0,0x37,0xFC,0x19,0x00,0x13,0x20,0x73,0xFC,
    0x10,0x20,0x10,0x20,0x17,0xFE,0x10,0x20,0x68,0x20,0x47,0xFE,0x00,0x00,0x04,0x20,
    0x04,0x20,0x7F,0xFE,0x04,0x28,0x24,0x58,0x18,0x44,0x38,0x40,0x6B,0xFE,0x0C,0x60,
    0x14,0x60,0x64,0xF0,0x44,0x90,0x05,0x8C,0x3F,0x06,0x02,0x02,0x04,0x20,0x04,0x20,
    0x7F,0xFE,0x04,0x20,0x3F,0xFC,0x20,0x04,0x20,0x04,0x1F,0xF8,0x01,0x00,0x01,0x00,
    0x1F,0xF8,0x01,0x30,0x01,0x10,0x7F,0xFE,0x0C,0x20,0x0C,0x20,0x7F,0xFC,0x0D,0x20,
    0x01,0x30,0x7F,0xFC,0x06,0xC0,0x0C,0x70,0xF0,0x1E,0x84,0x60,0x7F,0xFC,0x04,0x60,
    0x08,0x60,0x78,0x60,0x20,0x60,0x04,0x60,0x04,0x60,0x7F,0xFE,0x04,0x60,0x10,0x20,
    0x10,0x20,0x7F,0xFE,0x12,0x20,0x24,0x20,0x24,0xFC,0x34,0x84,0x08,0x84,0x16,0x84,
    0x62,0xFC,0x40,0x84,0x04,0x20,0x7F,0xFE,0x04,0x20,0x1C,0x20,0x1F,0xFC,0x20,0x0C,
    0x5A,0x6C,0x0A,0xCC,0x7F,0xFC,0x7F,0xFC,0x06,0x8C,0x1A,0x6C,0x72,0x2C,0x42,0x38,
    0x00,0x00,0x00,0x00,0x04,0x20,0x7F,0xFE,0x7F,0xFE,0x04,0x20,0x3F,0xFC,0x20,0x0C,
    0x2F,0xEC,0x21,0x0C,0x2F,0xFC,0x23,0x8C,0x27,0x6C,0x29,0x1C,0x20,0x0C,0x3F,0xFC,
    0x20,0x0C,0x04,0x20,0x04,0x20,0x7F,0xFE,0x04,0x20,0x30,0x00,0x1F,0xFE,0x08,0x08,
    0x63,0xC8,0x32,0x48,0x12,0x48,0x12,0x48,0x13,0xC8,0x20,0x08,0x60,0x78,0x20,0x00,
    0x04,0x20,0x7F,0xFE,0x04,0x20,0x04,0x00,0x3F,0xFC,0x11,0x08,0x19,0x98,0x08,0xB0,
    0x01,0x00,0x7F,0xFC,0x03,0xC0,0x0D,0x20,0x39,0x1C,0x61,0x06,0x01,0x00,0x04,0x20,
    0x04,0x20,0x7F,0xFE,0x04,0x00,0x30,0x40,0x1B,0xFC,0x42,0x48,0x62,0x40,0x17,0xF8,
    0x07,0x18,0x14,0x90,0x24,0x60,0x2C,0xF0,0x7F,0x9C,0x2A,0x02,0x04,0x20,0x7F,0xFC,
    0x04,0x20,0x05,0x20,0x3F,0xFC,0x04,0x20,0x04,0x20,0x7F,0xFE,0x00,0x00,0x00,0x00,
    0x1F,0xF8,0x10,0x18,0x10,0x18,0x1F,0xF8,0x10,0x18,0x04,0x20,0x7F,0xFC,0x04,0x20,
    0x01,0x00,0x3F,0xF8,0x01,0x00,0x7F,0xFE,0x04,0x20,0x1A,0x1C,0x67,0xF6,0x1C,0x30,
    0x36,0x40,0x03,0xC0,0x3C,0x3E,0x40,0x02,0x04,0x20,0x04,0x20,0x7F,0xFE,0x04,0x20,
    0x02,0x40,0x3E,0x7C,0x02,0x40,0x02,0x40,0x3E,0x7C,0x02,0x40,0x02,0x40,0x7E,0x7E,
    0x02,0x40,0x02,0x40,0x02,0x40,0x04,0x20,0x7F,0xFE,0x04,0x20,0x18,0x00,0x1F,0xFC,
    0x28,0x0C,0x4F,0xEC,0x32,0x0C,0x02,0x0C,0x7F,0xFC,0x12,0x2C,0x12,0x2C,0x1F,0xEC,
    0x00,0x38,0x00,0x20,0x00,0x00,0x04,0x20,0x04,0x20,0x7F,0xFE,0x04,0x20,0x3C,0xFC,
    0x24,0x84,0x24,0x84,0x24,0xFC,0x3C,0x84,0x24,0x84,0x24,0xFC,0x24,0x84,0x3D,0x04,
    0x07,0x1C,0x02,0x00,0x04,0x20,0x04,0x20,0x7F,0xFE,0x04,0x20,0x37,0xFC,0x18,0x40,
    0x46,0x44,0x63,0x48,0x11,0x58,0x10,0x40,0x17,0xFE,0x10,0x40,0x20,0x40,0x60,0x40,
    0x00,0x40,0x04,0x20,0x7F,0xFE,0x04,0x20,0x00,0x18,0x3F,0xE0,0x01,0x00,0x7F,0xFC,
    0x0F,0x70,0x73,0x0E,0x77,0xCC,0x0C,0x30,0x1E,0x60,0x01,0xE0,0x7E,0x1C,0x40,0x04,
    0x04,0x20,0x7F,0xFE,0x04,0x20,0x00,0x00,0x3F,0xFC,0x22,0x4C,0x3F,0xFC,0x06,0x00,
    0x0F,0xF8,0x18,0x18,0x3C,0x30,0x42,0xE0,0x03,0x80,0x3C,0x00,0x40,0x00,0x04,0x20,
    0x04,0x20,0x7F,0xFE,0x04,0x20,0x3F,0xFC,0x20,0x04,0x21,0x04,0x1F,0xF8,0x11,0x08,
    0x11,0x08,0x1F,0xF8,0x01,0x08,0x01,0x08,0x7F,0xFC,0x00,0x06,0x04,0x20,0x7F,0xFE,
    0x04,0x20,0x3F,0xFC,0x20,0x04,0x20,0x04,0x1F,0xF0,0x18,0x10,0x1F,0xF0,0x00,0x00,
    0x3F,0xF8,0x30,0x08,0x30,0x08,0x3F,0xF8,0x00,0x00,0x00,0x00,0x04,0x20,0x7F,0xFE,
    0x04,0x20,0x01,0x00,0x3F,0xF8,0x01,0x08,0x7F,0xFE,0x01,0x08,0x3F,0xF8,0x11,0x48,
    0x17,0x48,0x35,0x28,0x29,0x38,0x69,0x28,0x40,0x08,0x04,0x60,0x04,0x60,0x7F,0xFE,
    0x04,0x20,0x3C,0x20,0x27,0xFE,0x28,0xC8,0x28,0x48,0x29,0xFE,0x25,0x00,0x25,0x00,
    0x3D,0x00,0x23,0x00,0x22,0x00,0x24,0x00,0x04,0x20,0x7F,0xFE,0x7F,0xFE,0x25,0x20,
    0x73,0xF8,0x1E,0x18,0x4D,0xB0,0x60,0xE0,0x1F,0x1E,0x08,0x02,0x13,0xF8,0x32,0x08,
    0x22,0x08,0x23,0xF8,0x62,0x08,0x04,0x20,0x7F,0xFE,0x04,0x20,0x01,0x0C,0x1F,0xE8,
    0x01,0x30,0x7F,0xFE,0x01,0x80,0x06,0x00,0x3F,0xF8,0x48,0x08,0x0F,0xF8,0x08,0x08,
    0x0F,0xF8,0x08,0x08,0x04,0x20,0x7F,0xFE,0x04,0x20,0x1F,0xF8,0x10,0x08,0x1F,0xF8,
    0x17,0xF8,0x08,0x00,0x1F,0xFC,0x31,0x0C,0x53,0xCC,0x1E,0x3C,0x1F,0xE8,0x00,0x08,
    0x00,0x30,0x04,0x20,0x7F,0xFE,0x04,0x20,0x18,0x00,0x3F,0xFC,0x62,0x44,0x7F,0xF4,
    0x1F,0xC4,0x22,0x24,0x3F,0xE4,0x22,0x24,0x3F,0xE4,0x22,0x24,0x22,0xFC,0x00,0x00,
    0x04,0x20,0x7F,0xFE,0x04,0x20,0x00,0xF8,0x3F,0x00,0x7F,0xFE,0x01,0x00,0x1F,0xF8,
    0x1F,0xF8,0x11,0x08,0x1F,0xF8,0x01,0x00,0x3F,0xF8,0x7F,0xFE,0x00,0x00,0x04,0x20,
    0x04,0x20,0x7F,0xFE,0x04,0x20,0x08,0xFC,0x7E,0xFC,0x08,0x84,0x08,0xFC,0x3E,0x84,
    0x26,0x84,0x26,0xFC,0x26,0x84,0x3E,0x84,0x01,0x1C,0x03,0x00,0x04,0x20,0x7F,0xFE,
    0x04,0x20,0x7F,0xFC,0x08,0x40,0x1F,0x4C,0x21,0x70,0x5E,0x46,0x1C,0x7C,0x64,0x20,
    0x04,0x20,0x7F,0xFE,0x0C,0x20,0x38,0x20,0x20,0x00,0x00,0x00,0x04,0x20,0x7F,0xFE,
    0x04,0x20,0x0C,0x20,0x1F,0xFC,0x32,0x24,0x7E,0x48,0x05,0xE8,0x19,0x88,0x63,0x38,
    0x15,0x88,0x24,0xE4,0x24,0xB4,0x47,0xE2,0x00,0x00,0x04,0x20,0x7F,0xFC,0x04,0x20,
    0x00,0xA8,0x3E,0xB0,0x22,0x44,0x14,0x68,0x08,0x30,0x37,0xEC,0xC1,0x06,0x3F,0xF8,
    0x01,0x80,0x06,0x60,0x3C,0x1C,0x40,0x04,0x04,0x20,0x7F,0xFE,0x04,0x20,0x05,0x20,
    0x7F,0xFC,0x04,0x20,0x04,0x60,0x7F,0xFC,0x61,0x04,0x01,0x00,0x1F,0xF8,0x11,0x18,
    0x11,0x18,0x11,0x30,0x01,0x00,0x04,0x20,0x7F,0xFE,0x7F,0xFE,0x04,0x80,0x49,0xFC,
    0x4B,0x0C,0x2E,0x98,0x28,0xE0,0x2F,0x18,0x3F,0xFE,0x6B,0x18,0xC9,0x98,0x08,0x98,
    0x08,0x70,0x08,0x00,0x04,0x20,0x7F,0xFC,0x04,0x20,0x3F,0xFC,0x20,0x04,0x2F,0xF4,
    0x00,0x00,0x7F,0xFC,0x07,0x08,0x79,0xB0,0x0E,0xE0,0x73,0x90,0x0C,0x8C,0x70,0x86,
    0x03,0x00,0x04,0x20,0x04,0x20,0x7F,0xFE,0x04,0x20,0x00,0x00,0x3E,0xFC,0x00,0x00,
    0x7E,0xFE,0x08,0x30,0x3A,0xF8,0x2A,0xB4,0x69,0xB4,0x49,0x32,0xD9,0x62,0x10,0x40,
    0x04,0x20,0x7F,0xFE,0x04,0x20,0x60,0x58,0x37,0xFE,0x18,0x40,0x47,0xFC,0x24,0x44,
    0x14,0x44,0x07,0xFC,0x14,0x44,0x27,0xFC,0x24,0x44,0x64,0x5C,0x00,0x00,0x04,0x20,
    0x7F,0xFC,0x04,0x20,0x04,0x20,0x1F,0xF8,0x00,0x64,0x7D,0xCC,0x0D,0x70,0x19,0x30,
    0x63,0x0C,0x5F,0xFA,0x00,0x00,0x34,0xC8,0x22,0x64,0x42,0x44,0x04,0x20,0x7F,0xFE,
    0x04,0xA0,0x7F,0xFE,0x06,0x10,0x1C,0xE0,0x23,0x90,0x1C,0x78,0x3F,0x84,0x1F,0xF8,
    0x11,0x08,0x1F,0xF8,0x11,0x08,0x1F,0xF8,0x10,0x08,0x04,0x20,0x7F,0xFE,0x04,0x20,
    0x01,0x00,0x3F,0xFC,0x22,0x44,0x0C,0x70,0x39,0x8C,0x26,0x44,0x18,0x30,0xFF,0xFE,
    0x10,0x10,0x10,0x10,0x1F,0xF0,0x10,0x10,0x04,0x20,0x7F,0xFC,0x05,0x20,0x01,0x80,
    0x7E,0x7C,0x1F,0xF8,0x10,0x18,0x7F,0xFE,0x10,0x18,0x1F,0xF8,0x07,0x8C,0x1C,0xF0,
    0xEC,0xB0,0x0F,0x8E,0x08,0x00,0x04,0x20,0x7F,0xFE,0x04,0x20,0x01,0x00,0x3F,0xF8,
    0x27,0x68,0x23,0xC8,0x2C,0x28,0x3F,0xF8,0x20,0x84,0x3E,0xB8,0x20,0xC4,0x22,0x86,
    0x3C,0xFC,0x00,0x00,0x04,0x20,0x7F,0xFC,0x7F,0xFC,0x04,0x20,0x24,0x40,0x24,0xFC,
    0x24,0xA0,0x25,0x98,0x25,0x08,0x3F,0xF8,0x32,0x48,0x32,0x48,0x32,0x48,0x7F,0xFE,
    0x00,0x00,0x04,0x20,0x7F,0xFE,0x04,0x20,0x08,0x00,0x1F,0x04,0x32,0x24,0x7F,0xA4,
    0x64,0xA4,0x3F,0xA4,0x24,0xA4,0x3F,0xA4,0x00,0x04,0x03,0x84,0x7E,0x1C,0x00,0x00,
    0x04,0x20,0x7F,0xFE,0x05,0x20,0x21,0xE0,0x33,0x18,0x15,0xF0,0x07,0xBC,0x78,0x42,
    0x17,0xFC,0x17,0xF8,0x10,0x40,0x17,0xFC,0x78,0x40,0xCF,0xFE,0x00,0x00,0x04,0x20,
    0x7F,0xFE,0x04,0x20,0x3F,0xF8,0x22,0x48,0x22,0x48,0x3F,0xF8,0x00,0x98,0x3F,0xFE,
    0x30,0x88,0x38,0x58,0x26,0x62,0x21,0xE2,0x4E,0x1C,0x40,0x08,0x04,0x20,0x7F,0xFE,
    0x04,0x20,0x1F,0xF8,0x1F,0xF8,0x10,0x08,0x1F,0xF8,0x3F,0xFC,0x22,0x44,0x3F,0xFC,
    0x27,0xE0,0x18,0x18,0x07,0xE0,0x3E,0xF8,0x40,0x06,0x04,0x20,0x7F,0xFE,0x04,0x20,
    0x05,0xA0,0x3F,0xFC,0x20,0x00,0x22,0x10,0x2F,0xFC,0x22,0x10,0x22,0x10,0x23,0xF0,
    0x25,0x48,0x69,0x2C,0x49,0x24,0xD8,0x04,0x04,0x20,0x7F,0xFE,0x04,0x20,0x00,0x08,
    0x3F,0x88,0x20,0x88,0x3F,0xBE,0x20,0x68,0x2F,0xA8,0x20,0x28,0x3F,0xD8,0x2B,0x88,
    0x52,0x88,0xD6,0x58,0x00,0x00,0x04,0x20,0x7F,0xFE,0x04,0x20,0x08,0x80,0x1F,0x7C,
    0x39,0x4C,0x6A,0x78,0x14,0x30,0x1B,0xF8,0xF0,0x06,0x5F,0xF8,0x05,0xA0,0x19,0x98,
    0x67,0x84,0x02,0x00,0x04,0x20,0x7F,0xFE,0x04,0x20,0x3E,0xFC,0x01,0x00,0x11,0xF8,
    0x11,0x00,0x7F,0xFE,0x1F,0xF8,0x10,0x00,0x1F,0xFC,0x2D,0x24,0x25,0x2C,0x64,0x98,
    0x00,0x20,0x04,0x20,0x7F,0xFE,0x7F,0xFE,0x04,0x40,0x7C,0x60,0x05,0xFC,0x08,0x90,
    0x29,0xF8,0x2A,0x04,0x2D,0x48,0x29,0x48,0x29,0x4A,0x3D,0x4A,0x62,0x4E,0x04,0x00,
    0x04,0x20,0x7F,0xFE,0x04,0x20,0x01,0x00,0x3F,0xFC,0x09,0x10,0x7F,0xFE,0x00,0x00,
    0x3F,0xF8,0x30,0x08,0x37,0xC8,0x34,0x48,0x33,0x88,0x3F,0xF8,0x30,0x08,0x04,0x20,
    0x7F,0xFE,0x04,0x20,0x23,0xF8,0x12,0x08,0x1B,0xF8,0x02,0xF8,0x71,0x00,0x13,0xFC,
    0x14,0x44,0x1A,0xE4,0x1B,0x94,0x1B,0xF4,0x30,0x0C,0x00,0x10,0x04,0x60,0x7F,0xFE,
    0x04,0x60,0x21,0x80,0x25,0x30,0x17,0x3E,0x3F,0xA4,0x24,0xE4,0x36,0xA8,0x36,0xA8,
    0x36,0x98,0x37,0x98,0x24,0xAC,0x27,0xC6,0x00,0x02,0x04,0x20,0x7F,0xFE,0x04,0x20,
    0x08,0x80,0x1F,0xFC,0x30,0x80,0x7F,0xFC,0xD0,0x80,0x1F,0xFC,0x10,0x80,0x1F,0xFE,
    0x20,0x48,0x36,0x4C,0x22,0x66,0x62,0x44,0x04,0x20,0x04,0x20,0x7F,0xFE,0x05,0x20,
    0x15,0x98,0x24,0xAC,0x64,0x26,0x47,0xE4,0x08,0x10,0x36,0x5C,0x35,0xD4,0x51,0xC2,
    0x53,0x4A,0x1C,0x7A,0x00,0x00,0x04,0x20,0x7F,0xFE,0x04,0x20,0x10,0x00,0x33,0xF8,
    0x27,0xF8,0x7A,0x08,0x13,0xF8,0x30,0x00,0x7B,0xFC,0x42,0xA4,0x06,0xA4,0xFA,0xA4,
    0x07,0xFE,0x00,0x00,0x04,0x20,0x7F,0xFE,0x04,0x20,0x3F,0xFC,0x01,0x00,0x3F,0xFC,
    0x3D,0x74,0x3D,0x74,0x01,0x00,0x1F,0xF8,0x11,0x08,0x1F,0xF8,0x11,0x08,0x1F,0xF8,
    0x00,0x00,0x04,0x20,0x7F,0xFE,0x04,0x38,0x60,0x48,0x3F,0xFE,0x17,0xFC,0x44,0x4C,
    0x27,0xFC,0x14,0x4C,0x27,0xFC,0x10,0x10,0x2F,0xFE,0x23,0x10,0x61,0x90,0x20,0x60,
    0x04,0x60,0x7F,0xFE,0x04,0x60,0x08,0x20,0x3F,0xFC,0x22,0x48,0x22,0x48,0x3E,0x48,
    0x21,0xFE,0x3E,0x20,0x22,0x20,0x23,0xFE,0x22,0x20,0x3E,0x20,0x00,0x20,0x00,0x00,
    0x04,0x20,0x7F,0xFE,0x04,0x20,0x08,0x24,0x7F,0x7C,0x12,0x40,0x12,0x40,0x7F,0xFE,
    0x08,0x48,0x7F,0x48,0x2A,0x48,0x2A,0x48,0x69,0x88,0x58,0x88,0x01,0x08,0x04,0x20,
    0x7F,0xFE,0x04,0x20,0x3F,0xFC,0x22,0x4C,0x3F,0xFC,0x03,0x0C,0x1F,0xF8,0x7F,0xFE,
    0x03,0x80,0x3F,0xF8,0x48,0x08,0x0F,0xF8,0x0F,0xF8,0x08,0x08,0x04,0x20,0x7F,0xFE,
    0x04,0x20,0x18,0x88,0x7F,0xFC,0x18,0x88,0x3C,0x88,0x19,0xFE,0x18,0x00,0x7F,0xFC,
    0x19,0x84,0x3F,0xFC,0xDB,0x84,0x59,0xFC,0x19,0x84,0x04,0x60,0x7F,0xFE,0x04,0x68,
    0x20,0x14,0x2F,0xFE,0x28,0x10,0x3B,0xD6,0x0A,0x94,0x7B,0xD4,0x2A,0x58,0x2B,0xD0,
    0x2A,0xBA,0x52,0xAA,0x53,0xEE,0x30,0x00,0x04,0x20,0x7F,0xFE,0x04,0x20,0x04,0x20,
    0x39,0xFC,0x67,0x04,0x3D,0x04,0x79,0xFC,0x0D,0x04,0x35,0xFC,0x4C,0x90,0x34,0x92,
    0x44,0x92,0x1D,0x1E,0x02,0x00,0x04,0x20,0x7F,0xFE,0x04,0x20,0x10,0x00,0x7D,0xFC,
    0x11,0xFC,0x7D,0x24,0x11,0xFC,0x7C,0x20,0x13,0xFC,0x3A,0x34,0x56,0x34,0xD2,0xEC,
    0x12,0x1C,0x10,0x00,0x04,0x20,0x7F,0xFE,0x04,0x20,0x01,0x2C,0x3D,0xA8,0x27,0xFC,
    0x24,0x40,0x3F,0xFE,0x24,0x98,0x25,0x2C,0x3E,0xF2,0x24,0xB0,0x65,0xAC,0x5E,0xE6,
    0x50,0x00,0x04,0x20,0x7F,0xFE,0x04,0x20,0x60,0xFC,0x1F,0x48,0x12,0x50,0x4F,0xFE,
    0x31,0x70,0x16,0x4C,0x0F,0xFA,0x14,0x48,0x27,0xF8,0x24,0x48,0x67,0xF8,0x44,0x08,
    0x04,0x20,0x7F,0xFE,0x04,0x20,0x63,0xF8,0x32,0x08,0x0B,0xF8,0x40,0x00,0x37,0xBC,
    0x17,0xBC,0x00,0x40,0x1F,0xFC,0x20,0xE0,0x23,0x58,0x4C,0x46,0x00,0x40,0x04,0x20,
    0x7F,0xFE,0x04,0x20,0x00,0x80,0x3F,0xFE,0x22,0x10,0x2F,0xFC,0x2F,0xFC,0x3A,0x92,
    0x2F,0xFC,0x22,0x00,0x27,0xF8,0x7C,0x08,0x67,0xF8,0x44,0x08,0x04,0x20,0x7F,0xFE,
    0x04,0x20,0x6A,0x50,0x14,0xFE,0x14,0x90,0x3F,0xFC,0x37,0x90,0x36,0xFC,0x26,0x90,
    0x22,0xFE,0x3E,0x44,0x22,0xB4,0x3F,0x2A,0x01,0x04,0x01,0x00,0x01,0xF8,0x01,0x00,
    0x3F,0xFC,0x32,0x04,0x31,0x74,0x3F,0x84,0x31,0x9C,0x30,0xF0,0x33,0xE0,0x22,0x20,
    0x22,0x22,0x24,0x26,0x5C,0x3C,0x48,0x00,0x01,0x00,0x01,0xFC,0x01,0x00,0x3F,0xFC,
    0x31,0x04,0x37,0xF0,0x39,0x04,0x31,0xF8,0x31,0x00,0x3F,0xF8,0x21,0x08,0x21,0x08,
    0x62,0x08,0x4C,0x78,0x50,0x00,0x01,0x00,0x01,0xFC,0x01,0x00,0x3F,0xFE,0x31,0x04,
    0x3F,0xF0,0x31,0x04,0x31,0xF8,0x30,0x00,0x27,0xFC,0x24,0x00,0x2F,0xFE,0x64,0x00,
    0x47,0xFC,0x40,0x00,0x00,0x00,0x01,0x00,0x01,0xFC,0x01,0x00,0x3F,0xFC,0x31,0x04,
    0x33,0xF0,0x3D,0x04,0x31,0xFC,0x30,0x80,0x26,0x48,0x26,0x6C,0x2A,0x14,0x7A,0x12,
    0x4B,0xF2,0xC0,0x00,0x01,0x00,0x01,0xFC,0x01,0x00,0x3F,0xFC,0x31,0x04,0x37,0xF0,
    0x39,0x04,0x31,0xF8,0x30,0x00,0x29,0x24,0x25,0x28,0x25,0x38,0x21,0x20,0x5F,0xFE,
    0x40,0x00,0x01,0x00,0x01,0xFC,0x3F,0xFE,0x31,0x04,0x3F,0xF4,0x31,0xFC,0x30,0x00,
    0x27,0xF8,0x27,0xF8,0x20,0x00,0x27,0xFC,0x2F,0xFC,0x60,0xC0,0x4F,0x3C,0xD0,0x02,
    0x01,0x00,0x01,0x00,0x01,0x00,0x3F,0xF8,0x31,0x08,0x31,0x08,0x31,0x08,0x3F,0xF8,
    0x3F,0xF8,0x01,0x10,0x01,0x18,0x01,0x08,0x7F,0xFC,0x78,0x06,0x00,0x04,0x7F,0xF8,
    0x00,0x18,0x07,0xD8,0x7C,0x18,0x04,0x18,0x3F,0xD8,0x24,0x58,0x24,0x58,0x3F,0xD8,
    0x04,0x18,0x04,0xCA,0x0F,0xCA,0x70,0x2E,0x00,0x00,0x00,0x00,0x08,0x00,0x08,0x00,
    0x08,0xFE,0x3E,0x10,0x2A,0x10,0x2A,0x10,0x2A,0x10,0x2A,0x10,0x3E,0x10,0x08,0x10,
    0x0A,0x10,0x0A,0x10,0x7D,0xFE,0x01,0xFE,0x1F,0xF0,0x10,0x10,0x10,0x10,0x1F,0xF0,
    0x01,0x00,0x3F,0xF8,0x21,0x08,0x21,0x08,0x3F,0xF8,0x01,0x00,0x01,0x18,0x01,0x7C,
    0x7F,0xE6,0x00,0x04,0x00,0x00,0x08,0x00,0x09,0xFE,0x08,0x20,0x7E,0x20,0x4A,0x20,
    0x4A,0x30,0x4A,0x38,0x4A,0x2C,0x7E,0x26,0x08,0x24,0x0A,0x20,0x0A,0x20,0x7D,0x20,
    0x01,0x20,0x00,0x20,0x10,0x20,0x30,0x20,0x3C,0x20,0x3D,0xFC,0x65,0x24,0x59,0x24,
    0xD1,0x24,0x11,0x24,0x11,0xFC,0x10,0x2C,0x14,0x24,0x1C,0x24,0x1B,0xFE,0x32,0x02,
    0x00,0x00,0x08,0x40,0x08,0x24,0x09,0x24,0x7F,0xB4,0x4A,0x8C,0x4A,0x88,0x4A,0x88,
    0x4A,0x48,0x7E,0x50,0x0E,0x30,0x0A,0x30,0x0E,0x58,0x7A,0x8C,0x03,0x06,0x02,0x00,
    0x18,0x00,0x19,0xF8,0x18,0x08,0x7E,0x88,0x5A,0x88,0x5A,0x88,0x5A,0x88,0x5A,0xFC,
    0x7E,0x04,0x18,0x04,0x1D,0xF4,0x1A,0x04,0xFE,0x04,0x02,0x3C,0x00,0x00,0x10,0x60,
    0x10,0x20,0x10,0x20,0x7F,0xFE,0x52,0x88,0x52,0x88,0x52,0x88,0x52,0x48,0x7E,0x50,
    0x14,0x70,0x14,0x20,0x12,0x70,0x7E,0xCC,0x03,0x06,0x02,0x02,0x08,0x20,0x08,0x20,
    0x08,0x20,0x3F,0xFE,0x2A,0x20,0x2A,0x20,0x2A,0xFC,0x2A,0x20,0x3E,0x20,0x0E,0x20,
    0x0B,0xFE,0x0A,0x20,0x7E,0x20,0x01,0x20,0x00,0x20,0x1F,0xF8,0x01,0x00,0x01,0x00,
    0x7F,0xFE,0x04,0x60,0x19,0x18,0xE1,0x0E,0x5F,0xFA,0x11,0x18,0x1F,0xF8,0x01,0x10,
    0x01,0x08,0x3F,0xFC,0x00,0x04,0x08,0x00,0x09,0xFE,0x08,0x08,0x7E,0xC8,0x4A,0x88,
    0x4A,0x88,0x4A,0xFE,0x4A,0x18,0x7E,0x28,0x0C,0x28,0x0A,0x48,0x0E,0xC8,0x7B,0x88,
    0x01,0x38,0x00,0x00,0x3F,0xF8,0x19,0x30,0x0C,0xE0,0x03,0xC0,0x0E,0xF0,0xF1,0x1E,
    0x01,0x00,0x1F,0xF8,0x11,0x08,0x1F,0xF8,0x01,0x10,0x01,0x08,0x7F,0xFC,0x00,0x04,
    0x00,0x00,0x10,0x20,0x10,0x20,0x10,0x30,0x7F,0xFC,0x52,0x20,0x52,0x20,0x52,0x20,
    0x52,0x20,0x7F,0xFC,0x14,0x20,0x14,0x20,0x1E,0x20,0x7A,0x20,0x01,0xFE,0x10,0x00,
    0x10,0xFC,0x10,0x84,0x7C,0x84,0x54,0x84,0x54,0xFC,0x54,0x84,0x54,0x84,0x7C,0x84,
    0x14,0xFC,0x14,0x84,0x1E,0x84,0x7A,0x84,0x01,0xFE,0x00,0x00,0x10,0x20,0x10,0x20,
    0x11,0xFE,0x7D,0x06,0x55,0x06,0x55,0x86,0x54,0x8C,0x54,0x98,0x7C,0xE0,0x10,0x80,
    0x14,0x84,0x12,0x86,0x7E,0xC4,0x02,0x7C,0x00,0x00,0x01,0x00,0x1F,0xF8,0x11,0x08,
    0x11,0x08,0x1F,0xF8,0x01,0x10,0x01,0x08,0x7F,0xFE,0x00,0x04,0x1F,0xF8,0x12,0x48,
    0x12,0x48,0x12,0x48,0x7F,0xFE,0x3F,0xFC,0x01,0x0C,0x19,0x00,0x19,0xF8,0x3D,0x00,
    0x63,0xFE,0x41,0x00,0x1F,0xF8,0x11,0x08,0x11,0x08,0x1F,0xF8,0x01,0x08,0x7F,0xFC,
    0x00,0x04,0x00,0x00,0x10,0x00,0x11,0xFC,0x11,0x04,0x7D,0x04,0x55,0x74,0x55,0x54,
    0x55,0x54,0x55,0x54,0x7D,0x54,0x11,0x74,0x15,0x04,0x15,0x04,0xFD,0xFC,0x05,0xFC,
    0x00,0x00,0x10,0x20,0x10,0x20,0x10,0xFC,0x7C,0x20,0x54,0x20,0x54,0x20,0x55,0xFE,
    0x54,0x20,0x7C,0x20,0x10,0xFC,0x14,0x20,0x16,0x20,0x7A,0x20,0x41,0xFE,0x00,0x00,
    0x10,0x20,0x10,0xA0,0x10,0xA0,0x3D,0xFC,0x55,0x20,0x55,0x20,0x54,0x20,0x55,0xFE,
    0x3C,0x70,0x14,0x78,0x14,0xA8,0x3F,0xA4,0x63,0x22,0x02,0x20,0x00,0x20,0x10,0x20,
    0x10,0x70,0x10,0x50,0x7C,0x88,0x55,0x84,0x57,0xFA,0x54,0x00,0x54,0x00,0x7C,0xFC,
    0x14,0x8C,0x14,0x8C,0x12,0x8C,0xFE,0x8C,0x02,0xFC,0x00,0x00,0x01,0x00,0x01,0x00,
    0x7F,0xFC,0x02,0x40,0x1A,0x58,0x32,0x4C,0x41,0x02,0x1F,0xF8,0x11,0x08,0x11,0x08,
    0x1F,0xF8,0x01,0x10,0x01,0x08,0x7F,0xFC,0x00,0x04,0x08,0x40,0x08,0x40,0x7F,0xF8,
    0x08,0x48,0x7D,0x88,0x48,0xEA,0x1B,0x1E,0x33,0x04,0x1F,0xF8,0x11,0x08,0x11,0x08,
    0x1F,0xF8,0x01,0x08,0x3F,0xFC,0x00,0x04,0x10,0x00,0x11,0xFC,0x10,0x8C,0x7C,0x50,
    0x54,0x20,0x55,0xFC,0x55,0x24,0x55,0xFC,0x7D,0x24,0x11,0x24,0x15,0xFC,0x15,0x24,
    0x7B,0x24,0x03,0x2C,0x00,0x00,0x10,0x10,0x12,0xD8,0x11,0x94,0x7C,0x96,0x54,0x90,
    0x57,0xFE,0x54,0x94,0x54,0x96,0x7D,0xF4,0x17,0x98,0x14,0x98,0x1C,0xBA,0x76,0xEA,
    0x05,0x8E,0x00,0x04,0x3F,0xFC,0x22,0x4C,0x3F,0xFC,0x08,0x00,0x1F,0xFC,0x30,0x04,
    0xC2,0x04,0x7F,0xE4,0x22,0x24,0x3F,0xE4,0x02,0x24,0x7F,0xEC,0x00,0x18,0x00,0x20,
    0x00,0x00,0x10,0x40,0x10,0xFC,0x11,0x8C,0x7F,0xD8,0x56,0x70,0x55,0xDC,0x57,0x26,
    0x7D,0xFC,0x7C,0x20,0x10,0x20,0x15,0xFC,0x14,0x20,0xFD,0xFE,0x02,0x20,0x00,0x20,
    0x00,0x00,0x10,0x00,0x13,0xBE,0x10,0x88,0x7D,0x08,0x55,0x28,0x56,0x2C,0x57,0xA8,
    0x56,0xA8,0x7E,0xA8,0x1E,0xA8,0x15,0xBE,0x1D,0x00,0x77,0xC0,0x06,0x3E,0x02,0x00,
    0x11,0x8C,0x10,0x88,0x10,0xD8,0x7D,0xFC,0x55,0x04,0x55,0x04,0x55,0x04,0x55,0x04,
    0x7D,0xFC,0x10,0xD0,0x14,0x90,0x14,0x92,0x7F,0x92,0x03,0x1E,0x02,0x00,0x10,0x00,
    0x10,0xFC,0x10,0x84,0x7C,0x84,0x54,0xFC,0x54,0x20,0x54,0x20,0x55,0xFC,0x7D,0x24,
    0x11,0x34,0x15,0x5C,0x15,0xCC,0x7F,0x04,0x03,0x0C,0x00,0x00,0x11,0x00,0x11,0x00,
    0x11,0x1C,0x7D,0xD4,0x56,0x94,0x56,0x94,0x54,0x94,0x57,0xD4,0x7C,0x94,0x18,0x94,
    0x15,0x94,0x1D,0x54,0x7F,0x7C,0x02,0x14,0x02,0x00,0x01,0x00,0x01,0x80,0x3F,0xFC,
    0x25,0x34,0x14,0xE8,0x25,0xAC,0x6E,0x36,0x7B,0xE0,0x41,0x00,0x1F,0xF8,0x11,0x08,
    0x1F,0xF8,0x01,0x08,0x7F,0xFC,0x00,0x04,0x10,0x88,0x10,0x88,0x11,0xFE,0x7C,0x88,
    0x54,0x88,0x57,0xFE,0x54,0x00,0x54,0x00,0x7D,0xFC,0x11,0x84,0x15,0xFC,0x15,0x84,
    0x7F,0x84,0x03,0xFC,0x01,0x80,0x10,0x00,0x11,0xF8,0x11,0x08,0x7D,0x08,0x55,0xF8,
    0x54,0x20,0x55,0xFC,0x55,0x24,0x7D,0xFC,0x11,0x24,0x15,0x24,0x15,0xFE,0xFC,0x22,
    0x02,0x3E,0x00,0x00,0x10,0x88,0x10,0xC8,0x11,0xFC,0x7D,0xFC,0x55,0x24,0x55,0xFC,
    0x55,0x24,0x55,0x24,0x7D,0xFC,0x10,0x20,0x14,0x20,0x15,0xFE,0x7E,0x20,0x02,0x20,
    0x00,0x20,0x00,0x00,0x10,0x00,0x11,0xFC,0x11,0x0C,0x7D,0xFC,0x55,0x0C,0x55,0xFC,
    0x54,0x80,0x55,0xFC,0x7F,0x24,0x13,0x24,0x15,0x54,0x15,0x8C,0x7D,0xF4,0x02,0x1C,
    0x00,0x00,0x10,0x20,0x10,0x20,0x11,0xFC,0x7D,0x04,0x55,0xFC,0x55,0x04,0x55,0xFC,
    0x54,0x00,0x7D,0xFC,0x14,0x20,0x14,0x20,0x1D,0xFC,0x7A,0x20,0x03,0xFE,0x00,0x00,
    0x00,0x00,0x10,0x80,0x10,0x9C,0x10,0x94,0x7F,0xD4,0x54,0x94,0x54,0x9C,0x54,0x94,
    0x55,0xD4,0x7E,0x5C,0x12,0x5C,0x16,0x64,0x17,0xE4,0x7D,0xE4,0x04,0x6C,0x00,0x40,
    0x10,0x28,0x11,0x28,0x13,0xFE,0x7D,0x28,0x55,0x28,0x55,0x38,0x55,0x00,0x55,0xFC,
    0x7C,0x20,0x17,0xFE,0x14,0x70,0x1C,0xA8,0xF5,0x26,0x02,0x22,0x00,0x20,0x00,0x10,
    0x7F,0x10,0x00,0x10,0x3E,0x7C,0x22,0x54,0x3E,0x54,0x00,0x54,0x7F,0x54,0x55,0x7C,
    0x55,0x10,0x5D,0x14,0x49,0x14,0x49,0x7E,0x4F,0xC2,0x00,0x02,0x10,0x00,0x11,0xFE,
    0x11,0x06,0x7D,0x00,0x55,0xFC,0x55,0x04,0x55,0xFC,0x55,0x04,0x7D,0xFC,0x10,0x20,
    0x15,0xFE,0x14,0x40,0x7A,0xD8,0x03,0x06,0x02,0x02,0x10,0x00,0x11,0xFC,0x11,0x24,
    0x7D,0xFC,0x55,0x24,0x55,0xFC,0x54,0x4C,0x54,0x98,0x7D,0x78,0x14,0xC4,0x17,0xFE,
    0x14,0xAA,0xFB,0xA4,0x06,0x62,0x00,0x00,0x10,0x00,0x1E,0xFC,0x64,0x24,0x7F,0xDC,
    0x3F,0x50,0x29,0x7C,0x3F,0x90,0x29,0xFE,0x4A,0x10,0x1F,0xF8,0x11,0x08,0x1F,0xF8,
    0x01,0x08,0x7F,0xFC,0x00,0x04,0x00,0x00,0x10,0x00,0x11,0xFC,0x10,0x20,0x7F,0xFC,
    0x57,0xBC,0x56,0x24,0x55,0xB8,0x57,0xFE,0x7C,0x20,0x10,0x40,0x15,0xFC,0x15,0x54,
    0x7D,0x54,0x05,0x54,0x00,0x08,0x01,0x00,0x3F,0xFC,0x3F,0xF8,0x02,0x00,0x7F,0xFC,
    0x1F,0xF0,0xF8,0x1C,0x4F,0xF2,0x0F,0xF0,0x08,0x20,0x3E,0xFC,0x3E,0xFC,0x0A,0x24,
    0x7E,0xFC,0x03,0x04,0x01,0x00,0x01,0x00,0x3F,0xF8,0x3F,0xF8,0x22,0x48,0x22,0x48,
    0x22,0x48,0x22,0x48,0x22,0x48,0x22,0x48,0x22,0x48,0x22,0x48,0x22,0x48,0x7F,0xFE,
    0x08,0x10,0x08,0x92,0x3F,0x94,0x35,0x54,0x35,0x5C,0x35,0x10,0x35,0xFC,0x35,0x10,
    0x35,0x10,0x35,0x10,0x35,0xFE,0x35,0x90,0x7F,0x10,0x00,0x10,0x00,0x10,0x00,0x00,
    0x08,0x00,0x0D,0xFC,0x10,0x00,0x20,0x00,0x48,0x00,0x0C,0x00,0x1B,0xFE,0x30,0x10,
    0x70,0x10,0xD0,0x10,0x10,0x10,0x10,0x10,0x10,0x10,0x10,0x70,0x00,0x00,0x08,0x00,
    0x1B,0x3C,0x31,0xBC,0x60,0x80,0x4E,0x00,0x1B,0x7E,0x11,0xFE,0x30,0x08,0xD1,0x88,
    0x51,0x08,0x11,0x08,0x13,0x08,0x12,0x08,0x16,0x38,0x10,0x00,0x09,0x00,0x12,0x1E,
    0x33,0xC0,0x66,0x00,0x4C,0x00,0x17,0xFE,0x31,0x08,0x31,0x08,0xD7,0xC8,0x51,0x08,
    0x11,0x08,0x11,0x48,0x11,0x88,0x12,0x38,0x00,0x00,0x00,0x00,0x11,0x00,0x19,0x1E,
    0x37,0xDE,0x61,0x00,0x49,0x00,0x17,0xDE,0x37,0xCC,0x31,0x0C,0x71,0x0C,0xB7,0xCC,
    0x31,0x0C,0x31,0x0C,0x3F,0xEC,0x30,0x1C,0x30,0x10,0x10,0x00,0x17,0xFE,0x22,0x00,
    0x62,0x00,0x57,0xC0,0x12,0x5E,0x22,0x4C,0x6F,0xEC,0xE0,0x0C,0x67,0xCC,0x24,0x4C,
    0x24,0x4C,0x27,0xCC,0x20,0x18,0x20,0x00,0x1A,0x00,0x13,0xDE,0x24,0xC0,0x48,0x80,
    0x57,0xC0,0x15,0x5E,0x27,0xC8,0x65,0x48,0xE7,0xC8,0x61,0x08,0x2F,0xE8,0x21,0x08,
    0x26,0xC8,0x2C,0x58,0x20,0x00,0x01,0x00,0x01,0x00,0x7F,0xFC,0x01,0x00,0x03,0x00,
    0x03,0x8C,0x04,0x98,0x0C,0xB0,0x1C,0x40,0x6C,0x60,0xCC,0x30,0x0C,0x98,0x0F,0x86,
    0x0C,0x00,0x00,0x00,0x10,0x60,0x18,0x60,0x08,0x60,0x7C,0x60,0x0C,0x60,0x08,0x70,
    0x1B,0x78,0x3E,0x66,0x7C,0x62,0xDB,0x60,0x1A,0x60,0x18,0x60,0x18,0x60,0x18,0x60,
    0x18,0x60,0x01,0x00,0x01,0x00,0x3F,0xFC,0x01,0x00,0x3F,0xF8,0x01,0x00,0x01,0x00,
    0x7F,0xFE,0x03,0x84,0x04,0x98,0x1C,0x70,0xE4,0x20,0x44,0xDC,0x07,0x06,0x08,0x00,
    0x10,0x08,0x10,0x18,0x18,0x30,0x7C,0xC0,0x0D,0x88,0x08,0x0C,0x12,0x30,0x36,0x60,
    0xFD,0xC0,0x56,0x06,0x12,0x0C,0x10,0x30,0x10,0xE0,0x13,0x80,0x10,0x00,0x10,0x08,
    0x10,0x08,0x10,0x08,0x7D,0xFE,0x08,0x08,0x18,0x08,0x13,0x88,0x34,0x88,0x5C,0x48,
    0xD6,0x48,0x12,0x08,0x10,0x08,0x10,0x08,0x10,0x78,0x10,0x00,0x01,0x00,0x01,0x00,
    0x7F,0xFC,0x00,0x00,0x1F,0xF8,0x10,0x18,0x7F,0xFE,0x10,0x18,0x1F,0xF8,0x03,0x8C,
    0x0C,0xF8,0xF4,0x60,0x44,0x9C,0x0F,0x86,0x08,0x00,0x00,0x00,0x01,0x00,0x01,0x80,
    0x7F,0xFC,0x01,0x00,0x1F,0xF8,0x11,0x08,0x11,0x08,0x1F,0xF8,0x01,0x08,0x07,0x18,
    0x1C,0xB0,0xF4,0x60,0x44,0x9C,0x07,0x06,0x08,0x00,0x00,0x00,0x01,0x00,0x01,0x00,
    0x3F,0xFC,0x01,0x00,0x7F,0xFE,0x00,0x00,0x1F,0xF8,0x10,0x08,0x1F,0xF8,0x03,0x84,
    0x0E,0xCC,0x3C,0x70,0xE4,0xB8,0x07,0x0E,0x08,0x00,0x30,0x00,0x10,0x1C,0x13,0xF0,
    0x7C,0x20,0x08,0x60,0x18,0x60,0x17,0xFE,0x34,0x60,0x58,0x60,0xD4,0x70,0x16,0xD0,
    0x11,0x98,0x13,0x0C,0x16,0x06,0x14,0x02,0x05,0x20,0x08,0x98,0x18,0x8E,0x3F,0xF0,
    0x78,0x44,0x18,0x26,0x19,0x1C,0x01,0x00,0x7F,0xFC,0x06,0x88,0x0C,0xD8,0xB4,0x60,
    0x44,0x98,0x07,0x86,0x08,0x00,0x20,0x80,0x11,0x80,0x11,0xFC,0x7B,0x04,0x1A,0x04,
    0x17,0xE4,0x36,0x24,0x7E,0x24,0xDA,0x24,0x5F,0xE4,0x16,0x18,0x12,0x02,0x13,0x02,
    0x11,0xFC,0x10,0x00,0x10,0x00,0x11,0xFC,0x11,0x04,0x79,0x04,0x09,0x04,0x19,0xFC,
    0x15,0x04,0x35,0x04,0x59,0x04,0xD5,0xFC,0x14,0x00,0x10,0x00,0x10,0x00,0x17,0xFE,
    0x10,0x00,0x30,0x20,0x10,0x20,0x10,0x20,0x7B,0xFC,0x0A,0x24,0x12,0x24,0x36,0x24,
    0x3B,0xFC,0x5B,0xFC,0x9E,0x24,0x16,0x24,0x12,0x24,0x13,0xFC,0x12,0x04,0x12,0x04,
    0x10,0x20,0x10,0x20,0x10,0x20,0x7F,0xFE,0x08,0x20,0x18,0x20,0x17,0xFC,0x34,0x60,
    0xD8,0x70,0x54,0xB0,0x15,0xA8,0x13,0x24,0x16,0x22,0x14,0x20,0x10,0x20,0x30,0x20,
    0x10,0x20,0x13,0xFC,0x7A,0x24,0x0A,0x24,0x12,0x20,0x37,0xFC,0x3A,0x8C,0x5A,0x88,
    0xDE,0x58,0x16,0x70,0x12,0x30,0x14,0xD8,0x1D,0x8E,0x16,0x02,0x02,0x60,0x02,0x30,
    0x3F,0xFE,0x04,0x88,0x0C,0xF4,0x1F,0x84,0x34,0xFC,0x41,0x00,0x7F,0xFC,0x03,0x88,
    0x0C,0x98,0x3C,0x60,0xC4,0xB8,0x07,0x8E,0x08,0x00,0x00,0x00,0x30,0x90,0x10,0x9C,
    0x11,0x14,0x79,0x16,0x0B,0xFE,0x13,0xFE,0x35,0x10,0x35,0x30,0xD9,0x30,0x5D,0x28,
    0x15,0x28,0x11,0x4C,0x11,0x44,0x11,0x82,0x11,0x82,0x04,0x40,0x04,0x58,0x3F,0xCC,
    0x04,0x44,0x7F,0xFE,0x00,0x60,0x0C,0x24,0x7F,0xAC,0x0C,0x28,0x1D,0xB0,0x37,0x30,
    0xD3,0x32,0x17,0xD4,0x19,0x9C,0x00,0x00,0x00,0x00,0x00,0x04,0x3F,0xA4,0x08,0x24,
    0x1F,0xA4,0x31,0x24,0x4A,0x24,0x0C,0x1C,0x31,0x10,0x7F,0xFC,0x03,0x80,0x06,0x98,
    0x3C,0x70,0xE4,0xB8,0x07,0x8E,0x08,0x00,0x04,0x20,0x24,0x20,0x15,0xFE,0x14,0x20,
    0x1C,0x20,0x65,0xFC,0x05,0x00,0x01,0x00,0x7F,0xFC,0x02,0x88,0x0C,0xD8,0x34,0x60,
    0xC4,0xB8,0x07,0x0E,0x08,0x00,0x01,0x00,0x7F,0xFC,0x01,0x08,0x06,0x98,0xBC,0x60,
    0x47,0x9E,0x08,0x02,0x3F,0xF8,0x22,0xC8,0x3C,0x38,0x27,0xE8,0x24,0x68,0x27,0xE8,
    0x20,0x18,0x00,0x00,0x30,0x90,0x10,0xD8,0x11,0x8C,0x7B,0x06,0x0A,0x64,0x10,0x50,
    0x34,0x98,0x3D,0x0C,0xDB,0xFA,0x5D,0x08,0x15,0x08,0x11,0x08,0x11,0x08,0x11,0xF8,
    0x11,0x08,0x20,0x00,0x23,0xFC,0x10,0x8C,0x78,0x8C,0x1F,0xFE,0x10,0x8C,0x37,0xFC,
    0x7B,0xFC,0x79,0x00,0xBD,0xFC,0x33,0x04,0x37,0x04,0x3D,0x04,0x31,0xFC,0x31,0x04,
    0x30,0x20,0x10,0x20,0x13,0xFE,0x7A,0x20,0x0A,0x20,0x12,0xFE,0x36,0x50,0x3A,0xD0,
    0x5A,0xFC,0xD6,0x10,0x12,0x10,0x13,0xFE,0x16,0x10,0x14,0x10,0x10,0x10,0x00,0x00,
    0x11,0x18,0x09,0x10,0x7F,0xFC,0x60,0x04,0x6F,0xF4,0x08,0x10,0x0F,0xF0,0x01,0x00,
    0x7F,0xFC,0x01,0x00,0x06,0x98,0x3C,0x60,0xE4,0xB0,0x0F,0x0E,0x08,0x00,0x00,0x00,
    0x02,0x40,0x7E,0x7C,0x02,0x40,0x02,0x40,0x3E,0x7C,0x02,0x40,0x7E,0x7C,0x03,0x40,
    0x7F,0xFE,0x03,0x88,0x0C,0x9C,0x3C,0x70,0xC4,0xB8,0x07,0x06,0x08,0x00,0x20,0x00,
    0x13,0xFC,0x12,0x64,0x7A,0x64,0x1B,0xFC,0x12,0x64,0x37,0xFC,0x38,0x60,0x5B,0xFE,
    0x98,0x60,0x14,0xF0,0x11,0x68,0x16,0x66,0x14,0x62,0x00,0x60,0x01,0x00,0x7F,0xFC,
    0x00,0x00,0x1F,0xF8,0x1F,0xF8,0x11,0x08,0x1F,0xF8,0x7F,0xFC,0x03,0x40,0x1D,0x38,
    0x63,0x94,0x0C,0xB0,0x74,0x70,0x47,0x8E,0x08,0x00,0x00,0x00,0x21,0x98,0x11,0x98,
    0x13,0xF8,0x79,0x98,0x19,0x98,0x17,0xF8,0x3C,0x1C,0x39,0x9A,0x59,0x9A,0x9B,0xF8,
    0x15,0x98,0x11,0x98,0x17,0xF8,0x10,0x18,0x10,0x18,0x20,0x00,0x11,0xFC,0x11,0x0C,
    0x79,0xFC,0x19,0x0C,0x11,0xFC,0x35,0x80,0x39,0xFC,0x5E,0x44,0xDA,0x64,0x16,0xD4,
    0x12,0x9C,0x13,0xF4,0x10,0x0C,0x10,0x18,0x01,0x00,0x7F,0xFC,0x00,0x00,0x1B,0xF8,
    0x12,0x08,0x33,0xF8,0x57,0xFE,0x10,0xE0,0x13,0x5C,0x1D,0xC4,0x03,0x98,0x1C,0xF0,
    0xE4,0x70,0x07,0x8E,0x0C,0x00,0x00,0x00,0x20,0x00,0x13,0xFE,0x12,0x00,0x7A,0xFC,
    0x0A,0x00,0x13,0xFE,0x36,0xA4,0x3A,0x98,0xDA,0xEE,0x5E,0x88,0x13,0xFE,0x16,0x88,
    0x14,0x48,0x1C,0x38,0x10,0x00,0x24,0x00,0x22,0x7C,0x12,0x44,0x7B,0x7C,0x10,0x44,
    0x16,0x44,0x22,0x7C,0x6A,0x64,0x7A,0x7C,0xAE,0x58,0x2A,0x7C,0x22,0xC4,0x25,0x00,
    0x2C,0xFE,0x20,0x00,0x01,0x00,0x7F,0xFC,0x00,0x00,0x1E,0xF8,0x12,0x88,0x0C,0x70,
    0x3F,0xFC,0x04,0x20,0x3F,0xFC,0x04,0x20,0x7F,0xFE,0x0E,0x98,0x7C,0x60,0x8F,0x9E,
    0x08,0x00,0x00,0x00,0x21,0x10,0x21,0x10,0x17,0xFE,0x7B,0x98,0x13,0x74,0x15,0x52,
    0x39,0x10,0x3F,0xFC,0xF0,0x00,0x7F,0xFE,0x30,0x40,0x31,0x58,0x32,0x4C,0x3C,0xC2,
    0x30,0x00,0x7F,0xFE,0x06,0x40,0x06,0x40,0x3F,0xFC,0x3F,0xFC,0x26,0x44,0x26,0x44,
    0x24,0x44,0x2C,0x7C,0x38,0x04,0x20,0x04,0x3F,0xFC,0x20,0x04,0x00,0x00,0x00,0x00,
    0x7F,0xFC,0x02,0x40,0x02,0x40,0x3F,0xF8,0x22,0x48,0x3F,0xF8,0x02,0x00,0x04,0x00,
    0x7F,0xFE,0x08,0x20,0x1F,0x40,0x03,0xE0,0x7E,0x1C,0x00,0x04,0x00,0x00,0x7F,0xFC,
    0x1F,0xF8,0x22,0x44,0x3F,0xFC,0x1B,0xFC,0x36,0x00,0x6F,0xF8,0x13,0xF8,0x33,0xF8,
    0x71,0x00,0x53,0xF8,0x1C,0xB0,0x13,0xF8,0x1C,0x06,0x00,0x00,0x1F,0xF8,0x10,0x18,
    0x11,0x18,0x11,0x18,0x11,0x18,0x11,0x18,0x11,0x18,0x11,0x98,0x13,0x98,0x02,0x80,
    0x0C,0x86,0x18,0x86,0x70,0xFC,0x40,0x00,0x00,0x00,0x01,0xFC,0x7D,0x0C,0x05,0x6C,
    0x4D,0x6C,0x29,0x6C,0x39,0x6C,0x19,0x6C,0x19,0x4C,0x19,0x6C,0x3C,0xE0,0x24,0xA2,
    0x45,0x22,0xC6,0x3E,0x04,0x00,0x00,0x00,0x10,0x00,0x11,0xFC,0x11,0x04,0x7D,0x24,
    0x11,0x24,0x11,0x24,0x7D,0x24,0x7D,0x24,0x11,0x64,0x19,0x64,0x1C,0x60,0x26,0xA2,
    0x25,0xA2,0x47,0x3E,0x42,0x00,0x3F,0xFC,0x21,0x08,0x19,0x10,0x08,0x90,0x1F,0xF8,
    0x1F,0xF8,0x11,0x18,0x11,0x18,0x11,0x18,0x11,0x98,0x02,0x82,0x0C,0x86,0x78,0xFC,
    0x40,0x00,0x00,0x00,0x30,0x00,0x11,0xFC,0x11,0x0C,0x79,0x6C,0x09,0x6C,0x19,0x6C,
    0x11,0x6C,0x39,0x4C,0x75,0x4C,0xD5,0x6C,0x10,0xE0,0x10,0xA2,0x11,0x22,0x16,0x3E,
    0x14,0x00,0x04,0x40,0x24,0x40,0x24,0xFE,0x24,0xA0,0x25,0x18,0x25,0x0C,0x1F,0xF8,
    0x1F,0xF8,0x11,0x18,0x11,0x18,0x11,0x98,0x03,0x86,0x0E,0x86,0x78,0xFC,0x40,0x00,
    0x13,0x08,0x19,0x18,0x08,0xB0,0x3F,0xFC,0x20,0x04,0x20,0x04,0x1F,0xF0,0x18,0x10,
    0x19,0x10,0x19,0x10,0x19,0x90,0x02,0x86,0x0C,0x86,0x78,0xFC,0x40,0x00,0x06,0x00,
    0x0F,0xF0,0x1F,0xF0,0x30,0x60,0x7F,0xF8,0x51,0x88,0x11,0x88,0x1F,0xF8,0x11,0x88,
    0x11,0x88,0x3F,0xF8,0x21,0x88,0x21,0x88,0x61,0xB8,0x40,0x00,0x00,0x00,0x18,0x00,
    0x10,0xFC,0x3E,0x24,0x64,0x64,0xFE,0x4C,0x2A,0x90,0x2A,0x50,0x3E,0x7C,0x2A,0xFC,
    0x2A,0x90,0x3E,0xFE,0x2A,0x10,0x4A,0x10,0x4E,0x10,0x40,0x10,0x10,0x10,0x1E,0x10,
    0x26,0x10,0x64,0xFC,0xFE,0x94,0x2A,0x94,0x2A,0x94,0x3E,0x94,0x2A,0xFC,0x2A,0x14,
    0x3E,0x14,0x2A,0x14,0x4A,0xFE,0x46,0x82,0x40,0x02,0x00,0x00,0x01,0x00,0x01,0x80,
    0x7F,0xFE,0x00,0x00,0x1F,0xF8,0x00,0x00,0x00,0x00,0x1F,0xF8,0x00,0x00,0x1F,0xF8,
    0x10,0x08,0x10,0x08,0x1F,0xF8,0x1F,0xF8,0x10,0x08,0x04,0x00,0x0F,0xF0,0x10,0x30,
    0x3F,0xFE,0x73,0x30,0x34,0x88,0x3F,0xFE,0x30,0x00,0x37,0xFC,0x27,0xFC,0x20,0x00,
    0x27,0xFC,0x64,0x0C,0x47,0xFC,0x44,0x0C,0x00,0x00,0x11,0x08,0x19,0x90,0x08,0xB0,
    0x7F,0xFE,0x0D,0x20,0x19,0x98,0x36,0x6C,0xDF,0xFA,0x00,0x00,0x1F,0xF8,0x1F,0xF8,
    0x10,0x08,0x10,0x08,0x1F,0xF8,0x10,0x08,0x00,0x00,0x11,0x98,0x09,0x10,0x3F,0xFC,
    0x02,0x00,0x7F,0xFE,0x0C,0x20,0x19,0x90,0xFF,0xFC,0x5F,0xFA,0x00,0x00,0x1F,0xF8,
    0x1F,0xF8,0x10,0x08,0x1F,0xF8,0x10,0x08,0x00,0x00,0x08,0x04,0x7E,0xF8,0x08,0x80,
    0x3E,0xFE,0x49,0x90,0x3B,0x10,0x01,0x00,0x7F,0xFE,0x1F,0xF8,0x00,0x00,0x1F,0xF8,
    0x1F,0xF8,0x10,0x08,0x1F,0xF8,0x10,0x08,0x12,0x20,0x7F,0xBA,0x20,0x44,0x7F,0xA8,
    0x7D,0x38,0x3D,0x7C,0x03,0xC2,0x7F,0xFE,0x00,0x00,0x1F,0xF8,0x1F,0xF8,0x0F,0xF0,
    0x10,0x08,0x1F,0xF8,0x10,0x08,0x00,0x20,0x3E,0xFC,0x3E,0x48,0x21,0xCE,0x3E,0x30,
    0xD2,0xFC,0x5F,0x30,0x7F,0xFE,0x00,0x00,0x1F,0xF8,0x1F,0xF8,0x1F,0xF8,0x10,0x08,
    0x1F,0xF8,0x10,0x08,0x20,0x20,0x10,0x20,0x18,0x20,0x08,0x20,0x00,0x20,0x70,0x20,
    0x13,0xFE,0x10,0x20,0x10,0x20,0x10,0x20,0x13,0x20,0x16,0x20,0x18,0x20,0x10,0x20,
    0x00,0x20,0x20,0x00,0x33,0xFE,0x13,0xFE,0x08,0x30,0x00,0x30,0x70,0x30,0x70,0x30,
    0x10,0x30,0x10,0x30,0x10,0x30,0x12,0x30,0x16,0x30,0x18,0x30,0x10,0xF0,0x00,0x00,
    0x20,0x40,0x30,0x40,0x18,0x40,0x08,0x40,0x00,0x40,0x70,0x50,0x10,0x78,0x10,0x4C,
    0x10,0x42,0x10,0x40,0x12,0x40,0x16,0x40,0x18,0x40,0x10,0x40,0x00,0x40,0x20,0x40,
    0x30,0x40,0x18,0x40,0x08,0x40,0x00,0x40,0x70,0x60,0x70,0x60,0x10,0x60,0x10,0xB0,
    0x10,0x90,0x15,0x98,0x1F,0x08,0x3A,0x0C,0x1C,0x06,0x04,0x00,0x20,0x00,0x31,0xF0,
    0x11,0x10,0x09,0x10,0x01,0x10,0x71,0x10,0x71,0x10,0x11,0x10,0x11,0x10,0x11,0x10,
    0x15,0x12,0x1F,0x12,0x1A,0x12,0x36,0x1E,0x04,0x00,0x20,0x18,0x30,0x18,0x10,0x18,
    0x0B,0xFE,0x03,0xFE,0x70,0x18,0x13,0x18,0x11,0x98,0x10,0x98,0x10,0x58,0x12,0x18,
    0x16,0x18,0x18,0x18,0x30,0x70,0x00,0x00,0x20,0x40,0x30,0x40,0x18,0x40,0x08,0x40,
    0x00,0x40,0x70,0x7C,0x70,0x40,0x10,0x40,0x10,0x40,0x10,0x40,0x14,0x40,0x1C,0x40,
    0x18,0x40,0x37,0xFE,0x00,0x00,0x20,0x80,0x31,0x80,0x19,0xFE,0x0B,0x00,0x06,0x00,
    0x74,0x00,0x13,0xF8,0x10,0x30,0x10,0x60,0x10,0x80,0x15,0x84,0x1F,0x06,0x1A,0x04,
    0x33,0xFC,0x00,0x00,0x00,0x00,0x22,0x04,0x62,0x64,0x12,0x64,0x1A,0x64,0x02,0x64,
    0x72,0x64,0x12,0x64,0x12,0x64,0x12,0x64,0x12,0x64,0x16,0x64,0x1A,0x64,0x36,0x64,
    0x24,0x64,0x04,0x00,0x20,0x80,0x20,0xC8,0x12,0x44,0x1A,0x68,0x02,0x08,0x71,0x08,
    0x11,0x18,0x11,0x90,0x10,0xB0,0x10,0x60,0x14,0x60,0x1D,0xB0,0x33,0x1C,0x1E,0x06,
    0x04,0x02,0x20,0x00,0x67,0xF8,0x31,0x08,0x11,0x08,0x01,0x08,0x71,0x08,0x11,0x08,
    0x17,0xE8,0x11,0x08,0x11,0x08,0x11,0x0A,0x15,0x0A,0x19,0x0A,0x31,0x0E,0x00,0x00,
    0x20,0x00,0x33,0xFC,0x18,0x0C,0x08,0x0C,0x00,0x0C,0x70,0x0C,0x11,0xFC,0x11,0x00,
    0x11,0x00,0x11,0x00,0x15,0x04,0x15,0x02,0x19,0x06,0x31,0xFC,0x00,0x00,0x21,0x90,
    0x31,0x90,0x11,0x90,0x0F,0xFE,0x01,0x90,0x71,0x90,0x11,0x90,0x11,0x90,0x17,0xFE,
    0x11,0x10,0x15,0x10,0x1D,0x10,0x1B,0x10,0x36,0x10,0x04,0x10,0x20,0xC0,0x20,0xC0,
    0x17,0xFE,0x18,0xC0,0x00,0xC0,0x73,0xFC,0x70,0xC0,0x10,0xC0,0x17,0xFC,0x10,0xC4,
    0x10,0xC4,0x14,0xC4,0x18,0xD8,0x30,0xC0,0x00,0xC0,0x20,0x00,0x63,0xFE,0x10,0x10,
    0x19,0x10,0x03,0x10,0x72,0x10,0x13,0xFE,0x10,0x30,0x10,0x50,0x10,0xD0,0x15,0x90,
    0x1B,0x10,0x3E,0x10,0x24,0x70,0x00,0x00,0x20,0x80,0x31,0x80,0x11,0xFC,0x1B,0xFC,
    0x02,0x20,0x76,0x20,0x10,0x20,0x10,0x20,0x17,0xFE,0x10,0x20,0x14,0x20,0x1C,0x20,
    0x18,0x20,0x30,0x20,0x00,0x20,0x00,0x00,0x01,0xA0,0x21,0x20,0x11,0x20,0x1B,0x24,
    0x02,0x2C,0x76,0x38,0x16,0x30,0x1A,0x60,0x12,0xE0,0x13,0xA0,0x16,0x22,0x1E,0x22,
    0x1A,0x26,0x22,0x3C,0x02,0x00,0x20,0x40,0x30,0x60,0x10,0xB0,0x09,0x98,0x03,0x0C,
    0x77,0x06,0x15,0x0A,0x11,0x30,0x11,0xE0,0x11,0x80,0x15,0x08,0x1D,0x04,0x19,0x04,
    0x31,0xF8,0x00,0x00,0x20,0x20,0x30,0x90,0x11,0x90,0x19,0x18,0x03,0x08,0x72,0x0C,
    0x1C,0x46,0x14,0xC2,0x10,0x80,0x11,0xB0,0x15,0x10,0x1F,0x08,0x37,0xF8,0x12,0x0C,
    0x00,0x08,0x20,0x00,0x23,0xF8,0x12,0x08,0x13,0x18,0x03,0x38,0x72,0xA8,0x32,0xE8,
    0x32,0x48,0x32,0x68,0x36,0xA8,0x3C,0xAA,0x3D,0x1A,0x37,0x1E,0x2C,0x06,0x08,0x00,
    0x20,0x00,0x31,0xF8,0x19,0x18,0x09,0x18,0x01,0x1E,0x76,0x06,0x10,0x00,0x13,0xF8,
    0x11,0x08,0x10,0x90,0x12,0xF0,0x16,0x60,0x19,0xF8,0x37,0x0E,0x04,0x02,0x20,0x40,
    0x30,0x60,0x13,0xFE,0x0B,0xFE,0x00,0x80,0x71,0x80,0x11,0xFC,0x11,0x88,0x11,0x08,
    0x11,0x08,0x15,0x08,0x1D,0x08,0x3A,0x08,0x16,0x78,0x04,0x00,0x00,0x40,0x30,0x40,
    0x10,0x40,0x0B,0xF8,0x00,0x48,0x70,0x48,0x10,0x48,0x17,0xFE,0x17,0xFE,0x10,0xC0,
    0x14,0xA0,0x1D,0x30,0x13,0x18,0x2E,0x06,0x08,0x02,0x63,0xFE,0x30,0x20,0x10,0x20,
    0x00,0x20,0xF3,0x20,0x13,0x20,0x13,0x3C,0x13,0x20,0x13,0x20,0x17,0x20,0x1B,0x20,
    0x33,0x20,0x27,0xFE,0x00,0x00,0x20,0x00,0x33,0xFC,0x10,0x60,0x1A,0x64,0x02,0x64,
    0x71,0x68,0x11,0x78,0x10,0x60,0x17,0xFE,0x10,0x60,0x14,0x60,0x1C,0x60,0x18,0x60,
    0x30,0x60,0x00,0x60,0x20,0x00,0x23,0xF8,0x13,0x08,0x1B,0x08,0x03,0x08,0x73,0xF8,
    0x13,0x08,0x13,0x08,0x13,0x08,0x13,0xF8,0x17,0x08,0x1F,0x08,0x13,0x08,0x27,0xFE,
    0x20,0x00,0x23,0xFC,0x13,0x0C,0x1B,0x0C,0x03,0x0C,0x73,0x0C,0x13,0x0C,0x13,0xFC,
    0x10,0x00,0x10,0x90,0x15,0x98,0x1D,0x0C,0x12,0x04,0x26,0x06,0x04,0x02,0x20,0x80,
    0x61,0x00,0x11,0x00,0x1B,0xFE,0x02,0x40,0x76,0x40,0x1C,0x7C,0x10,0x40,0x10,0x40,
    0x10,0x40,0x16,0x7C,0x1C,0x40,0x18,0x40,0x30,0x40,0x00,0x40,0x30,0x7C,0x13,0xE0,
    0x0B,0x00,0x03,0x00,0x73,0xFE,0x13,0x10,0x13,0x10,0x13,0xD0,0x12,0x70,0x16,0x1C,
    0x1A,0x16,0x36,0x10,0x1C,0x10,0x04,0x10,0x00,0x00,0x20,0x40,0x60,0xE0,0x11,0xB0,
    0x19,0x18,0x06,0x2C,0x7C,0x66,0x31,0x90,0x37,0x18,0x34,0x60,0x30,0xC4,0x37,0x0C,
    0x38,0x30,0x30,0xE0,0x27,0x80,0x04,0x00,0x20,0x80,0x21,0x80,0x11,0xF8,0x1A,0x18,
    0x06,0x10,0x73,0xFC,0x73,0xFC,0x10,0x04,0x10,0x04,0x13,0xFC,0x14,0x04,0x1C,0x04,
    0x18,0x04,0x27,0xFC,0x00,0x04,0x00,0x00,0x20,0x00,0x37,0xFC,0x10,0x04,0x18,0x04,
    0x07,0xF4,0x70,0x04,0x10,0x04,0x13,0xE4,0x12,0x24,0x12,0x24,0x12,0x24,0x1B,0xE4,
    0x18,0x04,0x30,0x3C,0x00,0x20,0x20,0x00,0x37,0xFC,0x11,0x08,0x19,0x98,0x00,0xF0,
    0x70,0xF8,0x17,0x0E,0x10,0x40,0x13,0xFC,0x10,0x40,0x18,0x40,0x1F,0xFE,0x10,0x40,
    0x20,0x40,0x00,0x40,0x20,0x28,0x60,0x2C,0x10,0x24,0x1F,0xFE,0x00,0x20,0xF0,0x20,
    0x37,0xE0,0x37,0xE0,0x31,0x30,0x31,0x10,0x3D,0x10,0x39,0x52,0x37,0x9A,0x20,0x0C,
    0x00,0x00,0x20,0x40,0x20,0x40,0x13,0xFC,0x18,0x40,0x00,0x40,0xF7,0xFE,0x30,0x10,
    0x30,0x10,0x37,0xFC,0x30,0x10,0x3B,0x10,0x39,0x90,0x30,0x90,0x20,0x70,0x00,0x00,
    0x00,0x28,0x60,0x2C,0x10,0x24,0x1F,0xFE,0x06,0x20,0x66,0x24,0x27,0xA4,0x26,0xA8,
    0x26,0xA8,0x24,0x98,0x2C,0x90,0x3E,0xB2,0x35,0x6A,0x28,0xCE,0x08,0x00,0x00,0x40,
    0x21,0x40,0x13,0x40,0x1B,0xFC,0x02,0x40,0x74,0x40,0x70,0x40,0x17,0xFE,0x10,0xE0,
    0x10,0xD0,0x15,0x58,0x1B,0x4C,0x1E,0x46,0x24,0x42,0x00,0x40,0x20,0x00,0x21,0xFC,
    0x13,0xE0,0x18,0x60,0x00,0x60,0x77,0xFE,0x70,0x60,0x10,0x60,0x10,0x60,0x13,0xFC,
    0x17,0x0C,0x1F,0x0C,0x1B,0x0C,0x33,0xFC,0x03,0x0C,0x20,0x00,0x67,0x7C,0x21,0x10,
    0x12,0x10,0x06,0x50,0x64,0x5C,0x27,0x50,0x2D,0x50,0x25,0x50,0x25,0x50,0x26,0x7C,
    0x3A,0x00,0x35,0x80,0x2C,0xFE,0x08,0x00,0x20,0x80,0x31,0xF8,0x11,0x08,0x1A,0x10,
    0x07,0xFE,0x7E,0x00,0x12,0xF8,0x12,0x88,0x12,0x88,0x12,0x88,0x1A,0xB8,0x1A,0x82,
    0x34,0x86,0x14,0xFC,0x0C,0x00,0x00,0x00,0x01,0x00,0x61,0x00,0x33,0xFC,0x12,0x04,
    0x04,0x04,0x7F,0xE4,0x72,0x24,0x12,0x24,0x13,0xE4,0x12,0x24,0x12,0x24,0x1B,0xE4,
    0x18,0x04,0x20,0x3C,0x00,0x00,0x22,0x00,0x22,0x0C,0x12,0xF0,0x1B,0x04,0x02,0x06,
    0x73,0xFC,0x10,0x00,0x13,0xFC,0x12,0x0C,0x12,0x0C,0x17,0xFC,0x1E,0x0C,0x1A,0x0C,
    0x33,0xFC,0x02,0x0C,0x00,0x40,0x60,0x40,0x17,0xFE,0x10,0xC0,0x00,0x88,0x71,0x18,
    0x13,0xF0,0x14,0x24,0x10,0xC8,0x11,0x98,0x17,0x30,0x18,0x70,0x31,0x98,0x17,0x06,
    0x04,0x04,0x21,0x08,0x61,0x98,0x18,0x90,0x13,0xFE,0x00,0x60,0x70,0x60,0x13,0xFC,
    0x10,0x60,0x10,0x60,0x10,0x60,0x17,0xFE,0x18,0x60,0x1C,0x60,0x30,0x60,0x00,0x60,
    0x00,0x00,0x20,0x40,0x30,0x40,0x17,0xFC,0x1E,0x04,0x06,0x0C,0x71,0xF0,0x12,0xC0,
    0x10,0xC0,0x10,0xFE,0x17,0xC0,0x10,0xC0,0x14,0xC4,0x18,0xC4,0x30,0x7C,0x00,0x00,
    0x20,0x28,0x60,0x2C,0x30,0x24,0x17,0xFE,0x00,0x20,0x62,0xA4,0x22,0xA4,0x22,0xA8,
    0x2F,0xD8,0x26,0x98,0x2C,0x90,0x3C,0xB2,0x34,0xEA,0x28,0xCE,0x00,0x00,0x20,0x00,
    0x27,0xFC,0x10,0x40,0x1A,0x48,0x01,0x48,0x72,0x48,0x73,0x48,0x13,0x54,0x17,0xD4,
    0x14,0xF2,0x14,0x40,0x1C,0x40,0x18,0x40,0x37,0xFE,0x00,0x00,0x20,0x00,0x67,0xFC,
    0x10,0x80,0x18,0x80,0x03,0xF8,0x71,0x88,0x11,0x08,0x17,0xFE,0x10,0x00,0x13,0xFC,
    0x16,0x0C,0x1E,0x0C,0x1A,0x0C,0x33,0xFC,0x02,0x0C,0x20,0x00,0x33,0xFC,0x12,0x0C,
    0x1A,0x0C,0x03,0xFC,0x70,0x00,0x17,0xFC,0x17,0xFC,0x10,0x40,0x17,0xFE,0x10,0x60,
    0x1C,0xE0,0x19,0x98,0x2E,0x0E,0x08,0x00,0x00,0x04,0x67,0xFC,0x10,0x40,0x18,0x40,
    0x07,0xFE,0x71,0xF0,0x73,0x58,0x3C,0x46,0x33,0xF0,0x31,0x10,0x35,0x1C,0x3D,0x04,
    0x32,0x04,0x26,0x38,0x08,0x00,0x01,0x80,0x21,0x00,0x13,0xFE,0x1A,0x00,0x07,0xFC,
    0x72,0x48,0x12,0x68,0x12,0x28,0x17,0xFE,0x12,0xC8,0x16,0x28,0x1B,0xFE,0x18,0x08,
    0x20,0x78,0x00,0x00,0x00,0x00,0x21,0x08,0x63,0x18,0x11,0x90,0x1B,0xFC,0x03,0xFC,
    0x72,0x0C,0x72,0x0C,0x12,0x0C,0x13,0xFC,0x11,0x20,0x15,0x20,0x1D,0x22,0x33,0x22,
    0x2E,0x3E,0x04,0x00,0x20,0x00,0x23,0xFC,0x11,0x08,0x18,0xB0,0x00,0x60,0x73,0xFC,
    0x12,0x44,0x13,0xFC,0x13,0xFC,0x12,0x44,0x17,0xFC,0x1A,0x44,0x12,0x44,0x22,0x5C,
    0x00,0x00,0x00,0x40,0x20,0x40,0x17,0xFC,0x1B,0xFC,0x00,0x40,0x77,0xFE,0x10,0x00,
    0x13,0xFC,0x12,0x0C,0x13,0xFC,0x12,0x0C,0x1F,0xFC,0x1A,0x0C,0x32,0x18,0x00,0x00,
    0x20,0x80,0x20,0x84,0x13,0xFC,0x18,0x88,0x00,0x90,0x77,0xFE,0x10,0x40,0x11,0x80,
    0x17,0xF8,0x1F,0x08,0x13,0xF8,0x1F,0x08,0x1B,0x08,0x33,0xF8,0x03,0x08,0x21,0x98,
    0x61,0x98,0x17,0xFE,0x11,0x98,0x00,0x40,0x70,0xC0,0x17,0xFE,0x11,0x00,0x13,0x00,
    0x17,0xFC,0x15,0x0C,0x19,0x0C,0x19,0xFC,0x31,0xFC,0x00,0x00,0x20,0x40,0x20,0x40,
    0x13,0xFC,0x18,0x40,0x07,0xFC,0x70,0x04,0x13,0xA4,0x14,0xAC,0x13,0x20,0x10,0xA0,
    0x17,0xFE,0x18,0x60,0x18,0xF8,0x37,0x0E,0x04,0x02,0x00,0xA0,0x20,0xA0,0x30,0xA0,
    0x17,0xBC,0x00,0xA0,0x70,0xA0,0x77,0xBC,0x10,0xA0,0x10,0xA0,0x10,0xA0,0x17,0xBE,
    0x18,0xA0,0x18,0xA0,0x30,0xA0,0x00,0xA0,0x23,0xFC,0x12,0x4C,0x1B,0xFC,0x02,0x4C,
    0x72,0x4C,0x13,0xFC,0x10,0x40,0x17,0xFE,0x10,0x60,0x14,0xF0,0x19,0x58,0x16,0x4E,
    0x2C,0x42,0x00,0x40,0x00,0x00,0x21,0xA0,0x31,0x30,0x13,0x10,0x0B,0xFE,0x02,0x20,
    0x76,0x20,0x1F,0xFC,0x12,0x20,0x12,0x20,0x13,0xFC,0x16,0x20,0x1A,0x20,0x33,0xFE,
    0x22,0x00,0x02,0x00,0x20,0x00,0x67,0xFC,0x16,0x04,0x16,0x44,0x07,0xF4,0x66,0x44,
    0x27,0xFC,0x26,0x04,0x24,0x04,0x24,0xF4,0x2C,0x94,0x34,0x94,0x24,0xF4,0x0C,0x1C,
    0x08,0x00,0x20,0x40,0x20,0x60,0x17,0xFE,0x18,0x00,0x00,0x00,0x73,0xFC,0x12,0x0C,
    0x12,0x0C,0x13,0xFC,0x10,0x60,0x19,0x68,0x1E,0x6C,0x36,0x66,0x2D,0xC2,0x00,0x00,
    0x20,0x40,0x60,0x60,0x17,0xFE,0x18,0x00,0x03,0xFC,0x72,0x0C,0x13,0xFC,0x10,0x00,
    0x13,0xFC,0x10,0x30,0x17,0xFE,0x18,0x40,0x10,0x40,0x31,0xC0,0x00,0x00,0x20,0x40,
    0x66,0x44,0x12,0x4C,0x11,0x58,0x00,0xE0,0x71,0x98,0x16,0x4E,0x14,0x44,0x12,0x4C,
    0x13,0x58,0x15,0x68,0x18,0xB0,0x33,0x18,0x2E,0x06,0x08,0x02,0x20,0x40,0x60,0x40,
    0x17,0xFC,0x14,0x04,0x07,0xFC,0x73,0xF8,0x12,0x08,0x13,0xF8,0x12,0x08,0x12,0x08,
    0x1B,0xF8,0x1A,0x08,0x32,0x08,0x2F,0xFE,0x23,0x08,0x63,0x08,0x17,0xFE,0x13,0x08,
    0x03,0xF8,0x73,0x08,0x33,0xF8,0x30,0x40,0x30,0x40,0x37,0xFE,0x34,0xE0,0x39,0xD0,
    0x36,0x4C,0x2C,0x42,0x00,0x40,0x20,0x48,0x22,0x48,0x17,0xFE,0x12,0x48,0x02,0x48,
    0x72,0x78,0x12,0x00,0x13,0xFC,0x10,0x40,0x17,0xFE,0x18,0xE0,0x19,0xD0,0x33,0x4C,
    0x2C,0x42,0x00,0x40,0x21,0x10,0x61,0x10,0x37,0xFE,0x11,0x50,0x00,0x40,0x6F,0xFE,
    0x22,0x00,0x23,0xFC,0x20,0x00,0x22,0x58,0x2A,0x58,0x3A,0x5A,0x36,0x5A,0x24,0x4E,
    0x08,0x00,0x02,0x20,0x62,0x24,0x33,0xB8,0x12,0x20,0x02,0x22,0x63,0xA6,0x66,0x58,
    0x20,0xC0,0x23,0xF8,0x22,0x08,0x2B,0xF8,0x2A,0x08,0x32,0x08,0x23,0xF8,0x02,0x08,
    0x20,0x00,0x67,0xFC,0x34,0x44,0x17,0xFC,0x04,0x44,0x67,0xFC,0x60,0x00,0x23,0xFC,
    0x22,0x0C,0x23,0xFC,0x2A,0x0C,0x2B,0xFC,0x32,0x0C,0x22,0x18,0x00,0x20,0x20,0x80,
    0x61,0xF8,0x12,0x10,0x1C,0x20,0x03,0xFC,0x72,0x44,0x13,0xFC,0x10,0xA2,0x13,0x26,
    0x1E,0x3C,0x10,0xE0,0x1C,0x18,0x3B,0xC0,0x20,0x78,0x00,0x08,0x00,0x00,0x00,0x40,
    0x60,0x40,0x37,0xFE,0x11,0x10,0x00,0x90,0x67,0xFE,0x26,0x08,0x26,0x70,0x25,0x84,
    0x24,0x38,0x2D,0xE0,0x3D,0x0C,0x34,0x70,0x2B,0xC0,0x08,0x00,0x00,0x00,0x00,0x20,
    0x64,0xA4,0x32,0xA4,0x12,0x68,0x00,0x68,0x70,0xFC,0x7E,0xFC,0x32,0x30,0x32,0x68,
    0x32,0xEC,0x3B,0xA6,0x3A,0x20,0x35,0x00,0x28,0xFE,0x00,0x00,0x21,0x04,0x61,0x04,
    0x37,0xC4,0x14,0x44,0x07,0xFE,0x64,0x44,0x27,0xE4,0x24,0x74,0x24,0x54,0x2F,0xD4,
    0x29,0x44,0x3A,0x44,0x36,0x44,0x2D,0xD8,0x00,0x00,0x67,0xFC,0x36,0x44,0x12,0x4C,
    0x03,0x68,0x71,0x18,0x73,0xFC,0x36,0x40,0x34,0x40,0x37,0xFE,0x30,0x40,0x3A,0x44,
    0x3A,0x44,0x33,0xFC,0x00,0x04,0x00,0x00,0x00,0xC0,0x60,0x40,0x37,0xFC,0x11,0x10,
    0x01,0xA0,0xE7,0xFC,0x24,0x44,0x20,0x40,0x2F,0xFE,0x21,0x00,0x25,0xF8,0x29,0x08,
    0x32,0x08,0x2C,0x78,0x08,0x40,0x23,0x10,0x61,0x30,0x37,0xFC,0x11,0x20,0x07,0xF8,
    0xE1,0x28,0x21,0x28,0x2F,0xFE,0x21,0x28,0x27,0xF8,0x29,0x30,0x3B,0x38,0x35,0x2C,
    0x29,0x22,0x01,0x20,0x00,0x00,0x21,0x18,0x61,0x18,0x17,0xFE,0x19,0xB8,0x00,0x40,
    0x73,0xFC,0x12,0x44,0x13,0xFC,0x10,0x40,0x17,0xFC,0x18,0x40,0x1B,0xFC,0x30,0x40,
    0x2F,0xFE,0x23,0xF8,0x13,0xF8,0x1A,0x08,0x03,0xF8,0x70,0x00,0x77,0xFC,0x34,0xA4,
    0x37,0xFC,0x30,0x00,0x37,0xF8,0x39,0x10,0x30,0xE0,0x27,0xBE,0x08,0x02,0x00,0x00,
    0x27,0xBC,0x34,0xA4,0x12,0x94,0x01,0x9C,0x76,0xA4,0x10,0xE0,0x13,0x38,0x1E,0x66,
    0x13,0x98,0x16,0x64,0x1B,0x8C,0x14,0x70,0x27,0x80,0x04,0x00,0x00,0x00,0x27,0xFE,
    0x30,0xA0,0x17,0xFC,0x04,0xA4,0x77,0xFC,0x70,0x00,0x33,0xFC,0x33,0xFC,0x32,0x0C,
    0x3B,0xFC,0x38,0x40,0x37,0xFE,0x20,0x40,0x00,0x40,0x00,0x00,0x24,0x00,0x62,0xFC,
    0x33,0x44,0x14,0x44,0x05,0xFC,0x64,0xE4,0x25,0x54,0x25,0xF4,0x25,0xF4,0x25,0xF4,
    0x2C,0xE4,0x3D,0xD4,0x37,0x4C,0x24,0x5C,0x00,0x00,0x01,0x08,0x20,0x90,0x17,0xFE,
    0x1E,0xA4,0x02,0xAC,0x73,0xA8,0x17,0xFE,0x10,0x00,0x13,0xFC,0x12,0x0C,0x1A,0x0C,
    0x1B,0xFC,0x32,0x0C,0x23,0xFC,0x02,0x0C,0x00,0x00,0x20,0x20,0x6C,0xFC,0x34,0xA4,
    0x12,0xFC,0x00,0x20,0x61,0xDE,0x2C,0xFC,0x24,0x84,0x24,0xFC,0x24,0xFC,0x2C,0x84,
    0x36,0xFC,0x2E,0x00,0x29,0xFE,0x00,0x00,0x02,0x40,0x06,0x60,0x18,0x18,0x71,0x0C,
    0x23,0x84,0x06,0x40,0x0C,0x30,0x38,0x18,0xFF,0xF6,0x18,0x10,0x18,0x10,0x18,0x10,
    0x18,0x10,0x1F,0xF0,0x18,0x10,0x10,0x08,0x08,0x78,0x7E,0xCC,0x4B,0x86,0x7E,0xB4,
    0x08,0x30,0x3E,0x48,0x08,0x84,0x7F,0xFE,0x08,0x84,0x3E,0x84,0x22,0x84,0x22,0x84,
    0x3E,0xFC,0x00,0x84,0x3F,0xFC,0x00,0x00,0x00,0x00,0x1F,0xF8,0x10,0x08,0x10,0x08,
    0x10,0x08,0x1F,0xF8,0x08,0x10,0x0C,0x30,0x06,0x20,0x04,0x40,0x7F,0xFE,0x00,0x20,
    0x7C,0x20,0x01,0xFC,0x01,0x04,0x3D,0x84,0x25,0xDC,0x25,0x54,0x3D,0x54,0x0B,0x54,
    0x26,0xDC,0x28,0x90,0x28,0x92,0x7D,0x12,0x02,0x1C,0x02,0x00,0x06,0x00,0x0F,0xF0,
    0x18,0x20,0x3F,0xF8,0x71,0x88,0x31,0x08,0x3F,0xF8,0x07,0x08,0x39,0xB0,0x66,0xE0,
    0x19,0x90,0x63,0xD8,0x1C,0x8C,0x67,0x82,0x00,0x00,0x00,0x00,0x11,0x18,0x09,0x10,
    0x3F,0xFC,0x02,0x00,0x7F,0xFE,0x04,0x60,0x1F,0xF0,0x31,0x8C,0xCF,0x1A,0x33,0xE0,
    0x0D,0xE0,0x33,0x98,0x1C,0x8C,0x67,0x84,0x00,0x00,0x01,0x00,0x7F,0xFC,0x00,0x00,
    0x1F,0xF0,0x1F,0xF0,0x00,0x00,0x3F,0xFC,0x3F,0xF4,0x03,0x08,0x3D,0x38,0x46,0xE0,
    0x3B,0x90,0x4C,0x8C,0x75,0x86,0x02,0x00,0x00,0xC0,0x7C,0xF8,0x0D,0x18,0x6A,0xF8,
    0x35,0x24,0x11,0x24,0x7D,0xFC,0x14,0xC4,0x1B,0x68,0x1C,0xF8,0x13,0x28,0x14,0xE4,
    0x13,0x26,0x76,0xE2,0x00,0x00,0x00,0x00,0x02,0x60,0x0E,0x40,0x3C,0x40,0x67,0xFC,
    0x16,0x84,0x39,0x04,0x64,0x44,0x0C,0xC4,0x36,0x64,0x46,0x24,0x1A,0x04,0x32,0x0C,
    0xC6,0x0C,0x1C,0x78,0x00,0x00,0x02,0x08,0x0E,0x08,0x74,0x08,0x35,0xFE,0x16,0xFE,
    0x38,0x18,0x64,0x18,0x0C,0x28,0x32,0x68,0x46,0xC8,0x1B,0x88,0x33,0x08,0x42,0x08,
    0x1C,0x78,0x00,0x00,0x04,0x40,0x1C,0x7C,0x78,0xFC,0x2F,0x88,0x1F,0x58,0x38,0x70,
    0x48,0xD8,0x1F,0x8E,0x66,0x00,0x4D,0xF8,0x15,0x88,0xE5,0x88,0x45,0x88,0x39,0xF8,
    0x01,0x88,0x00,0x00,0x04,0x20,0x1C,0x60,0x79,0xFC,0x2B,0x04,0x2D,0x04,0x39,0xFC,
    0x49,0x04,0x19,0x04,0x25,0xFC,0x4C,0x90,0x14,0x90,0xE4,0x92,0x45,0x92,0x1F,0x1E,
    0x02,0x00,0x00,0x00,0x1F,0xF8,0x10,0x18,0x11,0x98,0x11,0x98,0x11,0x98,0x11,0x98,
    0x11,0x18,0x11,0x18,0x11,0x18,0x01,0xC0,0x06,0x60,0x0C,0x18,0x70,0x0C,0x40,0x04,
    0x01,0x00,0x01,0x00,0x01,0xFC,0x01,0x00,0x01,0x00,0x1F,0xF8,0x10,0x08,0x11,0x08,
    0x11,0x08,0x11,0x08,0x13,0x88,0x06,0xE0,0x1C,0x38,0x70,0x0C,0x00,0x04,0x06,0x00,
    0x07,0xF0,0x08,0x30,0x10,0x60,0x20,0xC0,0x5F,0xF8,0x10,0x08,0x11,0x08,0x11,0x08,
    0x11,0x08,0x11,0x08,0x03,0xE0,0x0C,0x38,0x78,0x0C,0x40,0x04,0x00,0x00,0x3F,0xFC,
    0x01,0x00,0x01,0x00,0x7F,0xFE,0x00,0x00,0x1F,0xF8,0x10,0x08,0x11,0x88,0x11,0x08,
    0x11,0x08,0x03,0xC0,0x0E,0x38,0x78,0x0E,0x40,0x04,0x00,0x08,0x3E,0x08,0x22,0x08,
    0x2A,0xFE,0x2A,0x08,0x2A,0x18,0x2A,0x18,0x2A,0x28,0x2A,0x68,0x2A,0xC8,0x19,0x88,
    0x1D,0x08,0x36,0x08,0xE3,0x38,0x40,0x00,0x01,0x80,0x01,0x80,0x3F,0xFC,0x3F,0xF8,
    0x01,0x80,0x01,0x80,0x7F,0xFE,0x00,0x00,0x1F,0xF8,0x11,0x88,0x11,0x08,0x13,0x88,
    0x06,0x70,0x78,0x1C,0x40,0x04,0x04,0x00,0x25,0xFC,0x25,0x88,0x24,0xD8,0x24,0x60,
    0x25,0xD8,0x06,0x06,0x1F,0xF8,0x10,0x08,0x11,0x08,0x11,0x08,0x13,0x88,0x06,0x70,
    0x78,0x1E,0x40,0x04,0x00,0x60,0x3E,0x40,0x22,0x40,0x2A,0xFE,0x2A,0x88,0x2B,0xC8,
    0x2B,0x48,0x2A,0x48,0x2A,0x58,0x2A,0x30,0x10,0x30,0x1C,0x70,0x26,0xCC,0xC3,0x86,
    0x01,0x02,0x00,0x80,0x3E,0x84,0x22,0x88,0x2A,0x90,0x2A,0xE0,0x2A,0x80,0x2B,0xFE,
    0x2A,0x90,0x2A,0x90,0x2A,0x90,0x18,0x88,0x14,0x88,0x26,0xB4,0xC2,0xC2,0x00,0x80,
    0x04,0x80,0x08,0x8C,0x18,0xB8,0x39,0xC4,0x4F,0x82,0x08,0xFE,0x08,0x00,0x00,0x00,
    0x1F,0xF8,0x11,0x88,0x11,0x08,0x13,0xC8,0x06,0x70,0x78,0x0C,0x40,0x02,0x1F,0xFC,
    0x10,0x40,0x10,0x40,0x1F,0xFE,0x10,0x40,0x10,0x40,0x17,0xF8,0x34,0x48,0x24,0x48,
    0x24,0xC8,0x20,0xE0,0x63,0xB8,0x4E,0x06,0x40,0x02,0x00,0x00,0x3E,0x7C,0x22,0xC0,
    0x2A,0x80,0x2A,0x80,0x2A,0xFC,0x2A,0xC4,0x2A,0xA4,0x2A,0xA8,0x2B,0xA8,0x11,0x10,
    0x1D,0x38,0x25,0x6C,0x43,0xC6,0x42,0x82,0x00,0x00,0x01,0x80,0x02,0xC0,0x0D,0x30,
    0x31,0x9C,0xC1,0x06,0x0F,0xF0,0x00,0x20,0x1F,0xF8,0x10,0x18,0x11,0x18,0x11,0x18,
    0x13,0x98,0x0E,0x70,0x78,0x1E,0x40,0x04,0x02,0x40,0x04,0x60,0x18,0x10,0x7F,0xFC,
    0x44,0x12,0x0C,0x30,0x78,0xE0,0x20,0x00,0x1F,0xF8,0x11,0x18,0x11,0x18,0x13,0x98,
    0x06,0x70,0x78,0x1E,0x40,0x04,0x00,0x00,0x3E,0x3E,0x23,0xE0,0x2A,0x20,0x2A,0x20,
    0x2A,0xFC,0x2A,0x0C,0x2A,0x08,0x2A,0x10,0x2A,0x20,0x18,0x40,0x15,0x80,0x27,0x40,
    0x42,0x3E,0x00,0x00,0x00,0x00,0x00,0x40,0x3E,0xC0,0x22,0xFC,0x22,0x84,0x2B,0x04,
    0x2B,0x44,0x2A,0x64,0x2A,0xB4,0x2A,0x94,0x2B,0x94,0x11,0xFC,0x1C,0x14,0x26,0x04,
    0x62,0x3C,0x40,0x00,0x00,0x20,0x3E,0x20,0x22,0xFC,0x2A,0xFC,0x2A,0x84,0x2A,0x84,
    0x2A,0x00,0x2A,0x00,0x2A,0x00,0x32,0x00,0x10,0x00,0x1C,0x00,0x27,0xFE,0xC2,0x00,
    0x40,0x00,0x1F,0xF8,0x11,0x08,0x7F,0xFE,0x11,0x18,0x11,0x18,0x1F,0xF8,0x00,0x00,
    0x1F,0xF8,0x10,0x18,0x11,0x18,0x11,0x18,0x06,0xE0,0x7C,0x1C,0x40,0x04,0x00,0x00,
    0x00,0x28,0x00,0x2C,0x7F,0xFE,0x00,0x20,0x3F,0xA0,0x00,0x20,0x7F,0xA0,0x3F,0xA0,
    0x20,0xA0,0x24,0xA0,0x24,0x90,0x24,0x92,0x0B,0x14,0x70,0xDC,0x00,0x48,0x00,0x50,
    0x3E,0x58,0x22,0x48,0x2A,0x7C,0x2B,0xC0,0x2A,0x40,0x2A,0x7E,0x2B,0xC0,0x2A,0x64,
    0x2A,0x38,0x10,0x30,0x1C,0xE2,0x27,0x94,0x62,0x1C,0x00,0x00,0x00,0x20,0x3E,0x20,
    0x22,0x20,0x2A,0x3E,0x2A,0x20,0x2A,0x20,0x2A,0x20,0x2A,0xFC,0x2A,0x84,0x2A,0x84,
    0x38,0x84,0x1C,0x84,0x36,0xFC,0x63,0xFC,0x40,0x04,0x01,0x00,0x1F,0xF8,0x11,0x08,
    0x11,0x08,0x1F,0xF8,0x01,0x00,0x7F,0xFE,0x00,0x00,0x1F,0xF8,0x11,0x18,0x11,0x18,
    0x11,0x98,0x06,0x70,0x78,0x1E,0x40,0x04,0x05,0x20,0x08,0x98,0x18,0x86,0x3F,0xF8,
    0x58,0x44,0x18,0x26,0x00,0x1C,0x1F,0xF8,0x10,0x98,0x11,0x18,0x11,0x18,0x13,0xD8,
    0x06,0x70,0x38,0x0C,0x40,0x04,0x00,0x00,0x02,0x00,0x3E,0xFC,0x24,0x44,0x22,0x44,
    0x26,0xCC,0x3B,0x98,0x21,0x00,0x00,0x00,0x1F,0xF8,0x11,0x18,0x11,0x18,0x13,0x98,
    0x06,0x70,0x78,0x0E,0x40,0x04,0x02,0x40,0x3F,0xF0,0x02,0x4C,0x3F,0xFC,0x22,0x40,
    0x26,0x40,0x3F,0xFC,0x0C,0x4C,0x70,0x00,0x5F,0xF8,0x11,0x18,0x11,0x18,0x07,0xE0,
    0x3C,0x1E,0x40,0x04,0x18,0x00,0x18,0x7C,0x7F,0x44,0x11,0x44,0x11,0x44,0x26,0x7C,
    0x40,0x00,0x1F,0xF8,0x10,0x08,0x11,0x88,0x11,0x08,0x11,0x88,0x06,0x70,0x3C,0x1C,
    0x60,0x04,0x00,0x00,0x00,0x28,0x7C,0x24,0x44,0x24,0x55,0xFE,0x54,0x20,0x54,0xA4,
    0x54,0xA4,0x54,0x94,0x57,0xD8,0x54,0x98,0x50,0x90,0x39,0x32,0x25,0x6A,0xC6,0x4E,
    0x42,0x00,0x7F,0xFC,0x06,0x40,0x3F,0xF8,0x26,0x48,0x26,0x48,0x3F,0xF8,0x00,0x00,
    0x1F,0xF8,0x10,0x18,0x11,0x18,0x13,0x98,0x06,0xF0,0x78,0x1C,0x40,0x04,0x00,0x20,
    0x3E,0x20,0x27,0xFE,0x2E,0x40,0x2E,0xC0,0x2E,0xFC,0x2F,0x84,0x2F,0x84,0x3E,0xFC,
    0x3E,0x84,0x10,0xFC,0x1C,0x84,0x26,0x84,0xC2,0x9C,0x40,0x00,0x08,0x00,0x1F,0xFC,
    0x30,0x40,0x70,0x40,0xD7,0xFE,0x10,0x40,0x17,0xFC,0x00,0x00,0x1F,0xF8,0x10,0x18,
    0x11,0x98,0x11,0x18,0x07,0xE0,0x7C,0x1C,0x40,0x04,0x00,0x00,0x00,0x40,0x3C,0x7C,
    0x24,0xFC,0x35,0x88,0x37,0x58,0x34,0x30,0x34,0x78,0x35,0x8E,0x36,0x02,0x34,0xF8,
    0x10,0x88,0x18,0x88,0x24,0x88,0xC2,0xF8,0x00,0x00,0x00,0x00,0x00,0x30,0x7E,0x10,
    0x66,0xFE,0x66,0x80,0x6E,0x90,0x6E,0x90,0x6E,0x90,0x6E,0xFC,0x6E,0x90,0x76,0x90,
    0x19,0x90,0x1D,0x10,0x27,0x10,0x63,0x7E,0x42,0x00,0x21,0x00,0x73,0xFC,0x1A,0x04,
    0x04,0x48,0x18,0xC0,0x23,0xB0,0x4E,0x0E,0x00,0x00,0x1F,0xF8,0x11,0x88,0x11,0x08,
    0x13,0x88,0x06,0x70,0x78,0x1C,0x20,0x04,0x00,0x20,0x7C,0x30,0x44,0x58,0x54,0xC8,
    0x55,0x84,0x57,0x7A,0x54,0x00,0x54,0x00,0x55,0xFE,0x54,0x20,0x18,0xA8,0x3D,0x24,
    0x25,0x26,0xC2,0xE2,0x00,0x00,0x00,0x10,0x3C,0x14,0x45,0xFA,0x54,0x0A,0x57,0xFE,
    0x54,0x08,0x54,0x48,0x55,0x48,0x55,0x68,0x55,0x48,0x51,0x48,0x19,0x4A,0x2D,0xFA,
    0x45,0x86,0x40,0x00,0x00,0x40,0x3C,0x46,0x25,0xF4,0x34,0x4C,0x34,0x48,0x35,0xFE,
    0x34,0x20,0x34,0xC0,0x35,0xFC,0x36,0x84,0x10,0xFC,0x18,0x84,0x24,0x84,0xC2,0xFC,
    0x40,0x84,0x00,0x20,0x7C,0x20,0x45,0xFC,0x54,0x20,0x55,0xFC,0x55,0x04,0x54,0xD4,
    0x55,0x50,0x54,0x90,0x54,0x50,0x13,0xFE,0x38,0x20,0x24,0x58,0xC3,0x86,0x42,0x02,
    0x11,0x08,0x09,0x30,0x3F,0xFC,0x20,0x04,0x2F,0xF4,0x08,0x10,0x0F,0xF0,0x00,0x00,
    0x1F,0xF8,0x10,0x08,0x11,0x08,0x11,0x08,0x06,0xE0,0x7C,0x1C,0x40,0x02,0x3C,0xFC,
    0x24,0x84,0x34,0xFC,0x34,0x84,0x34,0xFC,0x34,0x80,0x34,0xFE,0x35,0x54,0x36,0x54,
    0x10,0x94,0x1D,0x24,0x27,0x64,0xC2,0xDC,0x00,0x80,0x00,0x00,0x00,0x20,0x7C,0x20,
    0x65,0xFC,0x74,0x48,0x74,0x48,0x74,0x48,0x75,0xFE,0x74,0x00,0x74,0x00,0x74,0xFC,
    0x70,0x84,0x18,0x84,0x24,0x84,0xC2,0xFC,0x40,0x84,0x08,0x20,0x08,0x7C,0x7E,0xCC,
    0x08,0x88,0x09,0xFC,0x3E,0xFC,0x2A,0xA4,0x2A,0xB4,0x3E,0xB4,0x18,0xB4,0x3C,0xA4,
    0x6A,0x30,0xCA,0x4C,0x09,0x86,0x09,0x02,0x00,0x00,0x08,0x20,0x7F,0x60,0x08,0x7E,
    0x3F,0xC8,0x7F,0x68,0x1D,0x30,0x32,0x78,0x2F,0xC6,0x40,0x00,0x1F,0xF8,0x11,0x08,
    0x11,0x08,0x07,0xE0,0x7C,0x1C,0x20,0x04,0x00,0x00,0x01,0x88,0x7C,0x90,0x47,0xFE,
    0x54,0x90,0x57,0xFC,0x54,0x94,0x54,0x94,0x57,0xFE,0x54,0x94,0x57,0xFC,0x10,0x90,
    0x29,0x98,0x26,0x94,0x44,0x92,0x80,0x90,0x00,0x00,0x01,0x00,0x3F,0xFC,0x20,0x04,
    0x24,0x44,0x1F,0xF8,0x1F,0xF8,0x04,0x40,0x7F,0xFC,0x0C,0x20,0x1F,0xF8,0xE9,0x16,
    0x09,0x10,0x03,0xE0,0x3C,0x3C,0x20,0x04,0x38,0x70,0x28,0xF0,0x3E,0xFC,0x48,0xB0,
    0x7E,0xFE,0x14,0x50,0x37,0x52,0x64,0x8C,0x5F,0xF8,0x10,0x18,0x11,0x98,0x11,0x18,
    0x07,0xE0,0x7C,0x1C,0x40,0x02,0x00,0x88,0x7C,0x48,0x45,0xFC,0x55,0xAC,0x55,0xAC,
    0x55,0x74,0x55,0xFC,0x54,0x00,0x54,0xFC,0x54,0x84,0x10,0x84,0x18,0xFC,0x24,0x84,
    0xC2,0xFC,0x40,0x84,0x00,0x40,0x7C,0xF8,0x45,0x88,0x57,0xFE,0x57,0x28,0x55,0xD4,
    0x55,0xFE,0x55,0x00,0x55,0xFC,0x55,0xFC,0x11,0x00,0x29,0xFC,0x26,0x84,0xC2,0xFC,
    0x46,0x84,0x00,0x00,0x01,0x00,0x7F,0xFE,0x30,0x00,0x3F,0xFC,0x0F,0xF0,0x10,0x08,
    0x1F,0xF8,0x3B,0xF8,0x2A,0x68,0x3B,0x68,0x2B,0x78,0x3B,0x68,0x29,0xAA,0x5A,0x6E,
    0x44,0x40,0x00,0x00,0x10,0x60,0x08,0xFC,0x7F,0xCC,0x25,0x70,0x7E,0xFC,0x01,0xDA,
    0x3E,0x20,0x23,0xFE,0x3E,0x00,0x22,0xFC,0x3E,0xA4,0x08,0xA4,0x7E,0x70,0x0B,0xCC,
    0x09,0x02,0x00,0x00,0x01,0x00,0x01,0x00,0x3F,0xF8,0x01,0x00,0x01,0x00,0x01,0x00,
    0x7F,0xFE,0x02,0x40,0x12,0x50,0x32,0x48,0x26,0x4C,0x44,0x46,0x4C,0x42,0x19,0xC0,
    0x31,0x80,0x00,0x00,0x08,0x20,0x08,0x20,0x7F,0x20,0x08,0x7E,0x08,0x44,0x7F,0xC8,
    0x12,0xC8,0x12,0x68,0x33,0x28,0x53,0xB0,0x52,0xB0,0xD2,0xB8,0x22,0x4C,0x2F,0x86,
    0x49,0x02,0x08,0x30,0x08,0x30,0x3E,0xFC,0x08,0x30,0x08,0x30,0x7E,0xFE,0x14,0x48,
    0x34,0x48,0x56,0xCC,0x55,0xCA,0x55,0x4A,0x95,0x4A,0x24,0xC8,0x2C,0xB8,0x49,0x20,
    0x01,0x80,0x01,0x80,0x3F,0xF8,0x01,0x80,0x01,0x80,0x01,0x80,0x7F,0xFE,0x01,0x80,
    0x19,0x80,0x11,0xF8,0x19,0x80,0x19,0x80,0x27,0x80,0x63,0xFE,0x40,0x00,0x0C,0x20,
    0x0C,0x20,0x3F,0x20,0x0C,0x20,0x0C,0x30,0x7F,0xB8,0x7F,0xA6,0x04,0x22,0x24,0x20,
    0x27,0xA0,0x34,0x20,0x34,0x20,0x6C,0x00,0x47,0xFE,0xC0,0x00,0x08,0x00,0x08,0xC4,
    0x3F,0x44,0x08,0x68,0x08,0x28,0x7F,0xB8,0x7F,0x90,0x04,0x38,0x24,0x28,0x27,0x6C,
    0x24,0xC4,0x34,0x84,0x6C,0x00,0x47,0xFE,0x40,0x00,0x08,0x00,0x08,0xFC,0x3F,0x10,
    0x08,0x10,0x08,0x10,0x08,0x10,0x7F,0xFE,0x0C,0xFE,0x2C,0x10,0x2F,0x10,0x2C,0x10,
    0x3C,0x10,0x5C,0x00,0x47,0xFE,0xC0,0x00,0x08,0x00,0x08,0xFC,0x7E,0x0C,0x08,0x0C,
    0x08,0x0C,0x7F,0xFC,0x7F,0x80,0x08,0x80,0x28,0x84,0x2F,0x84,0x28,0xFC,0x78,0x00,
    0x58,0x00,0x4F,0xFE,0xC0,0x00,0x08,0x20,0x08,0x30,0x7E,0x58,0x08,0x88,0x09,0x16,
    0x7E,0x62,0x7E,0xC8,0x08,0x10,0x28,0x64,0x2E,0x8C,0x28,0x30,0x38,0xE0,0x59,0x00,
    0x4F,0xFE,0xC0,0x00,0x08,0x00,0x09,0xFC,0x7E,0x44,0x08,0x44,0x08,0x4C,0x7E,0xB8,
    0x09,0x80,0x08,0xFC,0x28,0x84,0x2E,0x84,0x28,0x84,0x38,0xFC,0x58,0x00,0x4F,0xFE,
    0xC0,0x00,0x08,0x28,0x08,0x24,0x7E,0x24,0x08,0xFE,0x08,0x90,0x7E,0x94,0x7E,0x94,
    0x08,0xD8,0x28,0xD8,0x2E,0x92,0x29,0x2E,0x78,0xCC,0x58,0x00,0x4F,0xFE,0xC0,0x00,
    0x08,0x60,0x08,0x40,0x3E,0xF8,0x08,0x88,0x09,0x10,0x7E,0xFC,0x08,0x04,0x08,0x04,
    0x28,0xFC,0x2E,0x04,0x28,0xFC,0x78,0x00,0x58,0x00,0x4F,0xFE,0xC0,0x00,0x18,0x20,
    0x19,0x24,0x7C,0xA8,0x18,0xA8,0x19,0xFC,0x7F,0x04,0x7F,0x74,0x09,0x54,0x29,0x54,
    0x2D,0x74,0x29,0x04,0x69,0x1C,0x58,0x00,0xCF,0xFE,0x00,0x00,0x10,0x00,0x13,0xE0,
    0x7D,0x5C,0x11,0x64,0x11,0xD4,0x7D,0x54,0x7D,0x4C,0x09,0xC8,0x29,0x4C,0x2D,0x74,
    0x2B,0xD4,0x68,0x62,0x58,0x40,0xCF,0xFE,0x00,0x00,0x1F,0xF8,0x10,0x08,0x10,0x08,
    0x10,0x08,0x1F,0xF8,0x00,0x80,0x10,0x80,0x10,0x80,0x10,0xFC,0x10,0x80,0x38,0x80,
    0x26,0x80,0xC3,0xFE,0x40,0x00,0x00,0x00,0x00,0x10,0x3C,0x90,0x24,0x90,0x24,0x90,
    0x24,0x90,0x3C,0x90,0x08,0x98,0x28,0x88,0x2E,0x88,0x28,0x88,0x29,0x08,0x2B,0x04,
    0x7F,0x04,0x06,0x02,0x00,0x00,0x00,0x10,0x3C,0x10,0x24,0x10,0x24,0x90,0x24,0x90,
    0x3C,0x9C,0x08,0x90,0x28,0x90,0x2E,0x90,0x28,0x90,0x28,0x90,0x28,0x90,0xFC,0x90,
    0x41,0xFE,0x3C,0x3C,0x25,0xE0,0x24,0x20,0x24,0x20,0x3C,0x20,0x09,0xFE,0x28,0x20,
    0x2E,0x20,0x28,0x50,0x28,0x50,0x28,0x88,0xBF,0x8C,0x43,0x06,0x02,0x02,0x00,0x00,
    0x00,0x90,0x3C,0x98,0x24,0x8C,0x25,0xFE,0x24,0x80,0x3C,0x80,0x08,0xFC,0x28,0xCC,
    0x2F,0xC8,0x29,0x68,0x29,0x30,0x2B,0x30,0xFE,0x6C,0x06,0xC6,0x05,0x02,0x00,0x20,
    0x3C,0xA0,0x24,0xA0,0x25,0xFC,0x25,0x20,0x3D,0x20,0x08,0x20,0x29,0xFE,0x2E,0x20,
    0x28,0x30,0x28,0x50,0x28,0xD8,0x3F,0x8C,0x73,0x06,0x02,0x02,0x00,0xC0,0x3C,0x80,
    0x24,0xFC,0x25,0x04,0x27,0x04,0x3F,0xE4,0x09,0x24,0x49,0x24,0x4D,0x24,0x4D,0xE4,
    0x49,0x1C,0x49,0x02,0x7F,0x02,0x61,0xFC,0x00,0x00,0x3C,0xFE,0x24,0x80,0x24,0x80,
    0x24,0x80,0x3C,0xFC,0x08,0x84,0x28,0x84,0x2E,0x84,0x28,0xFC,0x28,0x80,0x28,0x80,
    0x3E,0x80,0xF0,0xFE,0x00,0x00,0x3D,0xFC,0x25,0x04,0x25,0x04,0x25,0xFC,0x3D,0x04,
    0x09,0x04,0x49,0xFC,0x4F,0x24,0x49,0x2C,0x49,0x38,0x49,0x18,0x5F,0x6C,0xE1,0xC6,
    0x01,0x00,0x00,0x20,0x3C,0x60,0x27,0xFE,0x24,0xD0,0x24,0x88,0x3D,0xF4,0x0A,0x02,
    0x28,0x00,0x2F,0xFE,0x28,0x80,0x29,0xF8,0x2A,0x08,0x7E,0x08,0x00,0x78,0x00,0x00,
    0x00,0x40,0x3C,0xF8,0x25,0x88,0x27,0x10,0x27,0xFE,0x3D,0x00,0x09,0x7C,0x49,0x7C,
    0x4D,0x44,0x49,0x44,0x49,0x58,0x49,0x44,0x7E,0x42,0x42,0x7E,0x06,0x00,0x00,0x00,
    0x00,0x40,0x3C,0xFC,0x25,0x84,0x25,0x88,0x26,0x50,0x3C,0x70,0x08,0xD8,0x4B,0x86,
    0x4C,0x00,0x49,0xF8,0x49,0x08,0x49,0x08,0x7F,0xF8,0xC1,0x08,0x00,0x00,0x00,0x00,
    0x00,0x90,0x3C,0x90,0x26,0x96,0x27,0x94,0x25,0x9C,0x3D,0x98,0x08,0x90,0x48,0x98,
    0x4F,0x94,0x4A,0x92,0x48,0x90,0x48,0x92,0x7D,0x12,0x46,0x1E,0x02,0x00,0x00,0xB0,
    0x3C,0x90,0x24,0xC8,0x24,0x7E,0x25,0xC0,0x3C,0x40,0x08,0x7E,0x29,0xC0,0x2E,0x44,
    0x28,0x58,0x28,0x30,0x28,0xE2,0x3F,0xB6,0x40,0x1C,0x00,0x00,0x3C,0xF8,0x24,0x88,
    0x24,0x88,0x24,0x88,0x3F,0x0E,0x09,0x20,0x28,0x20,0x2D,0xFE,0x28,0x70,0x28,0xF8,
    0x2D,0xAC,0xFF,0x26,0x42,0x22,0x00,0x20,0x3D,0xFC,0x24,0x88,0x24,0x50,0x24,0x20,
    0x3D,0xFC,0x09,0x24,0x49,0xFC,0x4D,0x24,0x49,0x24,0x49,0xFC,0x49,0x24,0xFD,0x24,
    0x41,0x2C,0x00,0x00,0x00,0x00,0x00,0x20,0x3C,0x60,0x25,0xFE,0x24,0x40,0x25,0xFC,
    0x3C,0x40,0x0B,0xFE,0x6B,0xFE,0x6C,0x88,0x68,0xFE,0x69,0x48,0x6D,0xC8,0xFE,0x68,
    0x82,0x38,0x00,0x20,0x00,0x00,0x00,0x20,0x3C,0x24,0x27,0xA4,0x24,0xB8,0x24,0xA8,
    0x3D,0x2C,0x0A,0xE6,0x48,0x00,0x4D,0xFC,0x4D,0x04,0x49,0xFC,0x49,0x04,0x5D,0x04,
    0x61,0xFC,0x01,0x04,0x3D,0xFC,0x25,0x04,0x25,0x04,0x25,0xFC,0x3D,0x10,0x09,0x10,
    0x29,0xFE,0x2D,0x10,0x29,0x7C,0x29,0x44,0x2A,0x44,0x7E,0x44,0x46,0x7C,0x00,0x44,
    0x3D,0xFC,0x25,0x04,0x25,0xFC,0x25,0x04,0x3D,0xFC,0x08,0x80,0x29,0x80,0x2D,0xFC,
    0x2A,0x54,0x28,0x94,0x2D,0x24,0x7E,0x64,0x40,0xDC,0x00,0x80,0x00,0x00,0x3D,0xFE,
    0x27,0x00,0x25,0x64,0x25,0x2C,0x3C,0xA8,0x08,0x20,0x4B,0xFE,0x4F,0xFE,0x48,0x70,
    0x48,0xB8,0x4D,0xAC,0x7F,0x26,0xC2,0x22,0x00,0x20,0x00,0x00,0x00,0x20,0x3C,0x20,
    0x25,0xFE,0x25,0x02,0x25,0x02,0x3C,0xF8,0x08,0x00,0x28,0x00,0x2D,0xFE,0x28,0x20,
    0x28,0xA8,0x29,0x24,0xBD,0x22,0x42,0x62,0x00,0x40,0x00,0x60,0x3C,0x20,0x27,0xFE,
    0x24,0x98,0x24,0x90,0x3F,0xFE,0x0A,0x02,0x4A,0x22,0x4D,0xFC,0x49,0x24,0x49,0x24,
    0x49,0x24,0x7D,0x3C,0x40,0x20,0x00,0x20,0x00,0x04,0x3F,0xFC,0x24,0x64,0x25,0x24,
    0x25,0xA8,0x3C,0x88,0x08,0xDC,0x29,0x84,0x2D,0x04,0x29,0xDC,0x29,0x04,0x29,0x04,
    0xBD,0x04,0x61,0xFC,0x00,0x00,0x3D,0xFC,0x25,0x04,0x25,0xFC,0x25,0x04,0x3D,0xFC,
    0x08,0x00,0x4B,0xFC,0x4E,0x74,0x49,0x54,0x49,0xCC,0x4B,0x7C,0x3C,0x64,0x41,0xDC,
    0x00,0x00,0x00,0x00,0x00,0x20,0x3A,0x24,0x2A,0x24,0x2B,0xFC,0x28,0x00,0x3B,0xDC,
    0x12,0x54,0x53,0xDC,0x5E,0x54,0x52,0x54,0x53,0xDC,0x52,0x64,0xDA,0x64,0x65,0xEC,
    0x04,0x28,0x00,0x20,0x3B,0xEC,0x2A,0x50,0x2B,0x96,0x29,0x88,0x39,0xFC,0x12,0x06,
    0x55,0xFA,0x5D,0x08,0x51,0x08,0x51,0xF8,0x50,0x88,0x7C,0xD0,0x43,0xFE,0x00,0x00,
    0x00,0x88,0x3C,0x98,0x25,0xFC,0x26,0xAC,0x26,0xAC,0x3E,0x74,0x09,0xFC,0x48,0x00,
    0x4D,0xFC,0x49,0x04,0x49,0x04,0x49,0xFC,0x5D,0x04,0x61,0xFC,0x01,0x04,0x00,0x00,
    0x01,0x88,0x38,0x90,0x2B,0xFE,0x28,0x50,0x2B,0xFC,0x3A,0x94,0x13,0x8C,0x53,0xFC,
    0x5E,0x04,0x53,0xFC,0x50,0x08,0x53,0xFE,0xDC,0x88,0x60,0x58,0x00,0x20,0x00,0x00,
    0x00,0x60,0x3C,0x20,0x27,0xFC,0x26,0x54,0x27,0xAE,0x3D,0xFC,0x19,0x24,0x39,0x24,
    0x3D,0xFC,0x39,0xF8,0x3A,0x24,0x3A,0x24,0x3F,0xFC,0x70,0x20,0x00,0x20,0x3D,0xF8,
    0x25,0x08,0x25,0xF8,0x24,0x00,0x3F,0xDC,0x12,0x54,0x53,0xDC,0x5C,0x20,0x53,0xFE,
    0x50,0x20,0x54,0xF0,0xFD,0xAC,0x46,0x26,0x00,0x20,0x00,0x00,0x00,0x90,0x3F,0xFE,
    0x24,0x90,0x24,0x44,0x25,0xF4,0x3C,0x48,0x0B,0xFE,0x48,0x20,0x4C,0xC0,0x4B,0xFC,
    0x4F,0x04,0x49,0xFC,0xFD,0x04,0x41,0xFC,0x01,0x04,0x01,0x00,0x03,0x00,0x1F,0xF0,
    0x10,0x10,0x1F,0xF0,0x10,0x10,0x1F,0xF2,0x10,0x16,0x10,0x1C,0x7F,0xF0,0x00,0xF0,
    0x03,0x90,0x1C,0x10,0xF0,0xF0,0x00,0x00,0x00,0x00,0x08,0x00,0x08,0xFC,0x3E,0x04,
    0x22,0x04,0x3E,0x04,0x22,0x7C,0x3E,0x40,0x22,0x40,0x22,0x7C,0x7E,0x04,0x0A,0x04,
    0x12,0x0C,0x22,0x0C,0x4E,0x78,0x08,0x00,0x18,0x00,0x11,0xFE,0x3D,0x80,0x25,0xC4,
    0x3D,0xA4,0x25,0xA8,0x3D,0x98,0x25,0x98,0x25,0x98,0x7D,0xAC,0x15,0xE4,0x35,0xC6,
    0xE5,0x80,0x5D,0xFE,0x00,0x00,0x18,0x00,0x10,0xF8,0x3C,0x88,0x24,0x88,0x3C,0x88,
    0x27,0x0E,0x3D,0x20,0x24,0x20,0x25,0xFC,0x7C,0x70,0x14,0x78,0x34,0xAC,0xE7,0x26,
    0x5E,0x20,0x08,0x20,0x10,0x20,0x11,0x24,0x3D,0xAC,0x24,0xA8,0x3C,0x20,0x25,0xFC,
    0x3D,0x04,0x25,0x74,0x25,0x54,0x7D,0x54,0x15,0x54,0x25,0x74,0x45,0x04,0xDD,0x1C,
    0x10,0x00,0x03,0x00,0x02,0x00,0x3F,0xFC,0x04,0x00,0x0D,0x00,0x08,0x80,0x18,0x80,
    0x1F,0xF8,0x00,0x80,0x00,0x80,0x00,0x80,0x7F,0xFE,0x00,0x80,0x00,0x80,0x00,0x80,
    0x00,0x00,0x08,0x40,0x18,0x40,0x7F,0x40,0x10,0x40,0x3C,0x40,0x2C,0x40,0x2C,0x40,
    0x7F,0x40,0x0C,0x40,0x0C,0x40,0x9F,0x42,0x7C,0x42,0x0C,0x46,0x0C,0x7C,0x0C,0x00,
    0x00,0x00,0x18,0xC0,0x10,0xC0,0x7E,0xC0,0x11,0xF8,0x29,0xF8,0x28,0xC8,0x28,0x88,
    0x7E,0x88,0x08,0x88,0x08,0x88,0x3E,0x8A,0x69,0x8A,0x09,0x0A,0x0A,0x0E,0x0A,0x00,
    0x08,0x00,0x10,0xFC,0x7E,0x30,0x10,0x30,0x28,0x30,0x28,0x30,0x68,0x30,0x7F,0xFE,
    0x08,0x30,0x08,0x30,0xBF,0x30,0x78,0x30,0x08,0x30,0x08,0x30,0x08,0x00,0x00,0x00,
    0x08,0x20,0x10,0x20,0x7E,0xFC,0x10,0x60,0x38,0x40,0x29,0xFE,0x28,0x40,0x7E,0x80,
    0x08,0xFC,0x08,0x0C,0x0E,0x88,0x78,0xD0,0x08,0x30,0x08,0x1C,0x08,0x08,0x00,0x00,
    0x18,0x20,0x10,0x70,0x7E,0x50,0x30,0xC8,0x29,0x8C,0x2B,0x86,0x6A,0x8A,0x7E,0x98,
    0x08,0xE0,0x08,0xC0,0xFE,0x84,0x68,0x84,0x08,0x84,0x08,0xFC,0x08,0x00,0x00,0x00,
    0x18,0x40,0x10,0x40,0x7E,0xFC,0x10,0xFC,0x29,0x84,0x29,0x24,0x69,0x28,0x7E,0x20,
    0x08,0x20,0x08,0x50,0x1F,0x50,0xF8,0x88,0x09,0x8C,0x0B,0x06,0x0A,0x02,0x02,0x00,
    0x04,0x00,0x7F,0xFC,0x08,0x80,0x1F,0xF8,0x00,0x80,0x7F,0xFE,0x00,0x80,0x00,0x00,
    0x3F,0xFC,0x32,0x48,0x1C,0x70,0x1E,0x70,0x63,0xCE,0x00,0x02,0x00,0x00,0x10,0x20,
    0x10,0x20,0x7C,0x20,0x21,0xFC,0x29,0x24,0x29,0x24,0x69,0x24,0x7D,0x24,0x09,0xFC,
    0x09,0x24,0x1D,0x24,0xE9,0x24,0x09,0xFC,0x09,0x04,0x09,0x04,0x00,0x00,0x10,0x00,
    0x11,0xF8,0x7E,0x08,0x30,0x18,0x28,0x30,0x28,0x78,0x69,0x86,0x7F,0x02,0x09,0xFC,
    0x09,0xFC,0x1E,0x20,0x78,0x20,0x08,0x20,0x0B,0xFE,0x08,0x00,0x04,0x40,0x04,0x58,
    0x3F,0xCC,0x04,0x44,0x7F,0xFE,0x08,0x60,0x7F,0xE4,0x10,0x28,0x34,0x28,0x3F,0xB0,
    0x04,0x30,0x9F,0xF6,0x64,0xD4,0x05,0x9C,0x00,0x00,0x00,0x00,0x10,0x00,0x11,0xFC,
    0x7E,0x20,0x30,0x20,0x28,0x60,0x29,0xFE,0x68,0x50,0x7C,0x88,0x0B,0x9C,0x0A,0x9A,
    0x3E,0x98,0x68,0x98,0x08,0x98,0x0B,0x18,0x09,0x00,0x00,0x00,0x10,0x60,0x10,0x20,
    0x7F,0xFE,0x30,0x00,0x28,0xD0,0x28,0x88,0x29,0x84,0x7F,0x8E,0x0A,0x90,0x08,0x50,
    0x0E,0x60,0x78,0x70,0x08,0xD8,0x0F,0x06,0x0A,0x02,0x10,0x28,0x10,0x24,0x7D,0xFE,
    0x20,0x20,0x28,0x20,0x29,0xFC,0x69,0x24,0x7D,0xFC,0x09,0xFC,0x09,0x24,0x1D,0xFC,
    0x69,0x24,0x09,0x24,0x09,0x2C,0x08,0x08,0x10,0x00,0x13,0xFE,0x7C,0x90,0x20,0x90,
    0x33,0xFC,0x32,0x94,0x52,0x94,0x7E,0xD4,0x12,0xD4,0x12,0xAC,0x3F,0xAC,0x73,0x64,
    0x12,0x24,0x12,0x0C,0x10,0x00,0x02,0x40,0x3E,0x7C,0x02,0x40,0x3E,0x7C,0x02,0x40,
    0x7E,0x7C,0x04,0x40,0x3F,0xFC,0x08,0x00,0x18,0x80,0x1F,0xF8,0x00,0x80,0x7F,0xFE,
    0x00,0x80,0x00,0x80,0x10,0x00,0x11,0xFC,0x53,0x44,0x55,0x64,0x35,0xFC,0x35,0xFC,
    0x7E,0xB0,0x7E,0xB0,0x2D,0xFC,0x2C,0x30,0x2C,0x30,0x2F,0xFE,0x6C,0x30,0xC8,0x30,
    0x40,0x30,0x10,0x00,0x11,0xFC,0x7D,0x04,0x31,0xFC,0x29,0x04,0x29,0x04,0x69,0xFC,
    0x7D,0x20,0x09,0x26,0x09,0xEC,0x0D,0x30,0x79,0x22,0x09,0x62,0x0B,0xDE,0x0A,0x00,
    0x00,0x00,0x10,0x00,0x11,0xFE,0x7C,0x00,0x21,0xFC,0x21,0x04,0x29,0x04,0x69,0xFC,
    0x7C,0x00,0x09,0xFC,0x09,0x24,0x1D,0xFC,0x79,0x24,0x09,0x24,0x09,0xFC,0x09,0x04,
    0x10,0x00,0x11,0xFC,0x7D,0x04,0x21,0xFC,0x28,0x00,0x2B,0xFE,0x49,0x08,0x7D,0x08,
    0x09,0xF8,0x09,0x08,0x1F,0xF8,0x79,0x08,0x0B,0xFE,0x08,0x08,0x08,0x08,0x10,0x60,
    0x10,0x70,0x7C,0x98,0x23,0x0C,0x26,0xF6,0x30,0x00,0x53,0xD4,0x7E,0x54,0x13,0xD4,
    0x12,0x54,0x7F,0xD4,0x52,0x54,0x12,0x44,0x12,0xDC,0x10,0x00,0x10,0x20,0x10,0x20,
    0x7D,0xFC,0x20,0x20,0x2B,0xFE,0x28,0x00,0x69,0xFC,0x7D,0x04,0x09,0xFC,0x08,0x64,
    0xBC,0xAC,0x6B,0x98,0x0C,0xAC,0x08,0xE6,0x09,0x00,0x10,0x60,0x10,0x20,0x7F,0xFC,
    0x22,0x24,0x29,0xFC,0x28,0x20,0x49,0xFC,0x7C,0x20,0x0B,0xFE,0x08,0x20,0x3D,0xFC,
    0x69,0x04,0x09,0x04,0x09,0xFC,0x09,0x04,0x10,0x00,0x13,0xFC,0x7E,0x04,0x23,0xFC,
    0x32,0x00,0x32,0x48,0x52,0xFC,0x7E,0x48,0x12,0x48,0x13,0xFE,0xBE,0xA4,0x52,0x98,
    0x12,0xA8,0x14,0xE6,0x14,0x80,0x11,0x08,0x21,0x10,0x7F,0xD0,0x22,0x9E,0x23,0xF4,
    0x54,0x64,0x53,0xF4,0x7A,0x54,0x12,0x54,0x13,0xD8,0xFA,0x48,0x53,0xDC,0x12,0x54,
    0x13,0xE2,0x00,0x22,0x01,0x00,0x01,0x00,0x3F,0xFC,0x08,0x30,0x0C,0x20,0x04,0x20,
    0x7F,0xFE,0x7F,0xFE,0x01,0x00,0x01,0x00,0x3F,0xFC,0x01,0x00,0x01,0x00,0x01,0x00,
    0x01,0x00,0x01,0x00,0x7F,0xFC,0x01,0x00,0x1F,0xF8,0x10,0x08,0x1F,0xF8,0x01,0x00,
    0x3F,0xFC,0x04,0x20,0x04,0x60,0x7F,0xFE,0x01,0x00,0x3F,0xFC,0x01,0x00,0x01,0x00,
    0x00,0x20,0x0E,0x20,0x79,0xFC,0x08,0x88,0x08,0xC8,0x7E,0x48,0x08,0x48,0x09,0xFE,
    0x3E,0x20,0x3E,0x20,0x23,0xFC,0x22,0x20,0x22,0x20,0x3E,0x20,0x00,0x20,0x00,0x20,
    0x3E,0x10,0x22,0xFE,0x22,0x48,0x22,0x48,0x3E,0x48,0x21,0xFE,0x21,0xFE,0x3E,0x30,
    0x32,0x30,0x52,0xFE,0xD2,0x30,0x52,0x30,0x1E,0x30,0x00,0x30,0x10,0x20,0x10,0x20,
    0x7D,0xFC,0x24,0x20,0x28,0x20,0x29,0xFC,0x7F,0x24,0x11,0x24,0x11,0xFC,0x7E,0x70,
    0x7E,0xF0,0x11,0xAC,0x33,0x26,0x66,0x22,0x40,0x20,0x31,0x10,0x10,0x98,0x7C,0xFE,
    0x2A,0xA4,0x2A,0xA4,0x2A,0xA4,0x7E,0x98,0x7E,0xFE,0x12,0x98,0x12,0x98,0x7C,0xFE,
    0x10,0x98,0x21,0x18,0x23,0x18,0x42,0x18,0x33,0x10,0x11,0x18,0x7D,0xFE,0x28,0xA4,
    0x28,0x24,0x2B,0x24,0x7D,0x18,0x7D,0x7E,0x11,0x18,0x11,0x18,0x7D,0x7E,0x11,0x58,
    0x31,0x98,0x21,0x18,0x40,0x18,0x31,0x90,0x11,0x18,0x7D,0x7E,0x2B,0x64,0x2A,0xA4,
    0x2B,0x94,0x7D,0x98,0x7D,0x7E,0x12,0x18,0x13,0xD8,0x7C,0x7E,0x10,0x58,0x27,0x98,
    0x20,0x18,0x40,0x18,0x00,0x00,0x3F,0xFC,0x30,0x00,0x30,0x00,0x37,0xF8,0x30,0x00,
    0x30,0x00,0x3F,0xFE,0x24,0x84,0x24,0xCC,0x24,0x70,0x24,0x30,0x64,0xD8,0xC7,0x06,
    0x44,0x00,0x3F,0xFC,0x20,0x00,0x2F,0xFC,0x20,0x00,0x3F,0xFC,0x24,0x8C,0x24,0x70,
    0x47,0x9E,0x48,0x30,0x7F,0xFE,0x08,0x30,0x0C,0x30,0x02,0xF0,0x00,0x00,0x00,0x00,
    0x00,0x80,0x60,0x80,0x30,0x80,0x1F,0xFC,0x00,0x8C,0x70,0x8C,0x10,0x88,0x11,0x88,
    0x11,0x08,0x13,0x08,0x16,0x78,0x34,0x20,0x6C,0x00,0xC7,0xFE,0x00,0x00,0x20,0x00,
    0x23,0xFC,0x10,0x0C,0x18,0x18,0x00,0x30,0x70,0x20,0x70,0x20,0x10,0x20,0x10,0x20,
    0x10,0x20,0x11,0xE0,0x31,0x00,0x6C,0x00,0x47,0xFE,0x00,0x00,0x20,0x40,0x60,0x40,
    0x10,0x40,0x1F,0xFC,0x00,0x40,0x70,0x40,0x70,0x40,0x10,0xE0,0x10,0xB0,0x11,0x18,
    0x16,0x0C,0x34,0x04,0x6C,0x00,0x47,0xFE,0x00,0x00,0x60,0x7C,0x33,0xE0,0x18,0x60,
    0x00,0x60,0x00,0x60,0x77,0xFE,0x10,0x60,0x10,0x60,0x10,0x60,0x10,0x60,0x30,0x60,
    0x6C,0x00,0x47,0xFE,0x00,0x00,0x00,0x00,0x63,0xFC,0x30,0x20,0x18,0x20,0x00,0x20,
    0x00,0x20,0x77,0xFE,0x10,0x20,0x10,0x20,0x10,0x20,0x11,0x60,0x30,0xC0,0x6C,0x00,
    0x47,0xFE,0x00,0x00,0x00,0x00,0x20,0x80,0x61,0x00,0x13,0xFE,0x1A,0x00,0x04,0x00,
    0x03,0xF8,0x70,0x60,0x10,0xC0,0x11,0x84,0x12,0x04,0x13,0xFC,0x30,0x40,0x6C,0x00,
    0xC7,0xFE,0x00,0x00,0x00,0x00,0x67,0xF0,0x31,0x10,0x11,0x10,0x01,0x10,0x71,0x10,
    0x77,0xD0,0x11,0x10,0x11,0x14,0x11,0x12,0x11,0x0C,0x31,0x0C,0x6C,0x00,0x47,0xFE,
    0x00,0x00,0x00,0x00,0x00,0x10,0x20,0x10,0x10,0x10,0x0B,0xFE,0x00,0x10,0x02,0x10,
    0x71,0x10,0x10,0x90,0x10,0x90,0x10,0x10,0x10,0xB0,0x30,0x70,0x6C,0x00,0x47,0xFE,
    0x00,0x00,0x20,0x00,0x67,0xFE,0x11,0x80,0x19,0x80,0x01,0x80,0x71,0xF8,0x71,0x08,
    0x11,0x08,0x13,0x08,0x12,0x08,0x16,0x78,0x34,0x20,0x6C,0x00,0xC7,0xFE,0x00,0x00,
    0x00,0x80,0x63,0xFC,0x32,0x64,0x12,0x64,0x02,0x64,0x72,0x64,0x72,0x64,0x12,0x64,
    0x12,0xE4,0x13,0xFC,0x16,0x78,0x30,0x60,0x6C,0x00,0xC7,0xFE,0x00,0x00,0x23,0xFC,
    0x10,0x00,0x18,0x00,0x00,0x00,0x77,0xFE,0x70,0x80,0x10,0x90,0x11,0x08,0x13,0x1C,
    0x17,0xF4,0x30,0x04,0x6C,0x00,0x43,0xFE,0x00,0x00,0x00,0x00,0x20,0xFC,0x11,0xC0,
    0x09,0x00,0x01,0x00,0x01,0xFE,0x71,0x10,0x11,0x10,0x13,0x10,0x12,0x10,0x12,0x10,
    0x34,0x10,0x2C,0x00,0x47,0xFE,0x00,0x00,0x00,0x00,0x33,0xFC,0x12,0x00,0x0A,0x00,
    0x03,0xFC,0x72,0x04,0x72,0x88,0x12,0xD8,0x12,0x30,0x12,0x30,0x14,0xC8,0x3F,0x84,
    0x6C,0x04,0x47,0xFE,0x00,0x00,0x00,0x00,0x20,0x00,0x37,0xFC,0x10,0x20,0x18,0x60,
    0x00,0x40,0x70,0xF0,0x71,0xD8,0x13,0x4C,0x16,0x44,0x1C,0x42,0x10,0x40,0x30,0x40,
    0x6C,0x00,0x43,0xFE,0x00,0x00,0x00,0xC0,0x60,0x40,0x37,0xFE,0x17,0xFE,0x02,0x18,
    0x73,0x10,0x71,0xB0,0x10,0xE0,0x10,0x60,0x11,0x90,0x13,0x08,0x36,0x04,0x6C,0x00,
    0x47,0xFE,0x00,0x00,0x01,0x10,0x61,0x10,0x31,0x10,0x1F,0xFC,0x01,0x10,0x01,0x10,
    0x71,0x10,0x17,0xFE,0x11,0x10,0x11,0x10,0x13,0x10,0x32,0x10,0x6C,0x00,0x47,0xFE,
    0x00,0x00,0x63,0xFC,0x30,0x00,0x18,0x00,0x00,0x00,0x07,0xFE,0x71,0x20,0x11,0x20,
    0x11,0x24,0x11,0x24,0x12,0x3C,0x34,0x18,0x6C,0x00,0x47,0xFE,0x00,0x00,0x00,0x00,
    0x00,0xC0,0x60,0xC0,0x37,0xFC,0x18,0xC0,0x00,0xC0,0x03,0xFC,0x70,0xC0,0x17,0xFC,
    0x10,0xC4,0x10,0xC4,0x10,0xDC,0x30,0xD0,0x6C,0xC0,0x47,0xFE,0x00,0x00,0x20,0xC0,
    0x20,0x80,0x17,0xFC,0x19,0x00,0x01,0x60,0x02,0x60,0x73,0xFC,0x10,0x60,0x10,0x60,
    0x17,0xFE,0x10,0x60,0x30,0x60,0x6C,0x00,0x47,0xFE,0x00,0x00,0x61,0xFC,0x11,0x0C,
    0x19,0x0C,0x01,0x0C,0x71,0xFC,0x71,0xFC,0x11,0x40,0x13,0x60,0x12,0x30,0x12,0x08,
    0x34,0x04,0x6C,0x00,0x47,0xFE,0x00,0x00,0x00,0x00,0x67,0xFC,0x30,0x84,0x19,0x8C,
    0x01,0x08,0x03,0x38,0x7C,0x00,0x13,0xF8,0x12,0x08,0x12,0x08,0x13,0xF8,0x33,0xF8,
    0x6C,0x00,0xC7,0xFE,0x00,0x00,0x00,0x00,0x00,0x60,0x20,0x60,0x13,0xFC,0x1A,0x64,
    0x02,0x64,0x72,0x64,0x73,0xFC,0x12,0x64,0x12,0x64,0x12,0x64,0x13,0xFC,0x30,0x00,
    0x6C,0x00,0x47,0xFE,0x00,0x00,0x00,0x60,0x20,0x40,0x13,0xFC,0x1A,0x0C,0x02,0x0C,
    0x72,0x0C,0x73,0xFC,0x12,0x0C,0x12,0x0C,0x12,0x0C,0x13,0xFC,0x30,0x00,0x6C,0x00,
    0x47,0xFE,0x00,0x00,0x00,0x00,0x00,0x60,0x21,0x60,0x13,0x60,0x1B,0xFC,0x06,0x60,
    0x70,0x60,0x77,0xFE,0x10,0x40,0x10,0x60,0x10,0xB0,0x11,0x08,0x36,0x04,0x6C,0x00,
    0x47,0xFE,0x00,0x00,0x00,0x50,0x60,0x58,0x30,0x48,0x1F,0xFC,0x00,0x40,0x70,0xC0,
    0x70,0xF0,0x11,0x58,0x13,0x4C,0x16,0x46,0x1C,0x42,0x30,0x40,0x6C,0x00,0x47,0xFE,
    0x00,0x00,0x00,0x40,0x64,0x44,0x32,0x4C,0x11,0x58,0x01,0x50,0x07,0xFE,0x70,0x40,
    0x10,0xE0,0x11,0x58,0x12,0x4C,0x1C,0x46,0x30,0x40,0x6C,0x00,0x47,0xFE,0x00,0x00,
    0x01,0x08,0x61,0x90,0x30,0xB0,0x1F,0xFC,0x01,0x10,0x01,0x10,0x71,0x10,0x17,0xFE,
    0x11,0x10,0x11,0x10,0x13,0x10,0x36,0x10,0x6A,0x00,0x47,0xFE,0x00,0x00,0x00,0x40,
    0x60,0x40,0x37,0xFE,0x18,0x90,0x10,0x90,0x02,0x98,0x72,0x94,0x14,0x94,0x14,0x94,
    0x19,0x12,0x11,0x14,0x36,0x60,0x7A,0x00,0xC7,0xFE,0x00,0x00,0x00,0x40,0x60,0xC0,
    0x33,0xF8,0x12,0x08,0x02,0x08,0x73,0xF8,0x72,0x00,0x33,0xF8,0x32,0x08,0x32,0x08,
    0x33,0xF8,0x30,0x00,0x7C,0x00,0xC7,0xFE,0x00,0x00,0x63,0xF8,0x32,0x08,0x13,0xF8,
    0x02,0x08,0x72,0x08,0x73,0xF8,0x12,0x84,0x12,0x58,0x12,0x30,0x12,0xC8,0x37,0x04,
    0x6C,0x00,0xC7,0xFE,0x00,0x00,0x00,0x00,0x23,0x08,0x61,0x10,0x31,0xB0,0x13,0xFC,
    0x00,0x40,0x00,0x40,0x77,0xFC,0x10,0x40,0x10,0xC0,0x10,0xB0,0x13,0x18,0x36,0x0C,
    0x78,0x00,0xC7,0xFE,0x00,0x00,0x20,0x00,0x67,0xFC,0x10,0x40,0x18,0x40,0x07,0xFE,
    0x00,0x40,0x70,0x40,0x13,0xF8,0x12,0x08,0x12,0x08,0x13,0xF8,0x30,0x00,0x6C,0x00,
    0x47,0xFE,0x00,0x00,0x21,0xA0,0x61,0xA0,0x35,0xA4,0x17,0xA8,0x03,0xB8,0x01,0xA0,
    0x73,0xB8,0x1F,0x2C,0x19,0x24,0x11,0x22,0x13,0x26,0x36,0x3C,0x7C,0x00,0xC7,0xFE,
    0x00,0x00,0x23,0x08,0x61,0x10,0x31,0xB0,0x17,0xFC,0x00,0x40,0x02,0x48,0x72,0x48,
    0x12,0x48,0x13,0xF8,0x10,0x40,0x10,0xC0,0x31,0x80,0x69,0x00,0xC7,0xFE,0x00,0x00,
    0x00,0x00,0x00,0x40,0x63,0x40,0x32,0x40,0x13,0xFC,0x06,0x40,0x72,0x40,0x77,0xFC,
    0x11,0xA0,0x11,0xA0,0x11,0x26,0x13,0x24,0x36,0x3C,0x6C,0x00,0xC7,0xFE,0x00,0x00,
    0x00,0x10,0x67,0x90,0x21,0x90,0x11,0x5C,0x02,0x54,0x72,0xD4,0x77,0x54,0x3E,0x56,
    0x32,0xD2,0x32,0x92,0x32,0x10,0x36,0x70,0x78,0x00,0xC7,0xFE,0x00,0x00,0x20,0x00,
    0x67,0xFC,0x30,0x40,0x17,0xFC,0x00,0xE0,0x01,0x58,0x76,0x4E,0x1B,0xF2,0x10,0x90,
    0x11,0x1C,0x11,0x04,0x36,0x3C,0x7C,0x00,0xCF,0xFE,0x00,0x00,0x20,0x00,0x67,0xFE,
    0x30,0x40,0x11,0xC4,0x07,0x4C,0x74,0xF0,0x71,0xA0,0x16,0x78,0x10,0xAC,0x13,0x26,
    0x16,0x22,0x30,0xE0,0x6C,0x00,0xC7,0xFE,0x00,0x00,0x03,0x18,0x61,0x10,0x37,0xF8,
    0x10,0x48,0x00,0x48,0x77,0xF8,0x76,0x40,0x17,0xFC,0x10,0xC4,0x11,0xC4,0x13,0x5C,
    0x3C,0x48,0x78,0x40,0xC7,0xFE,0x00,0x00,0x00,0x00,0x20,0x40,0x20,0xE0,0x11,0x90,
    0x1B,0x0C,0x0D,0xFE,0x70,0x40,0x70,0x40,0x17,0xFC,0x11,0x50,0x12,0x48,0x16,0x44,
    0x35,0xC6,0x6C,0x00,0xC7,0xFE,0x00,0x00,0x20,0x00,0x27,0xFC,0x10,0x00,0x18,0x00,
    0x03,0xF8,0x02,0x08,0x72,0x08,0x13,0xF8,0x11,0x08,0x10,0x90,0x17,0xFE,0x37,0xFE,
    0x68,0x00,0xC7,0xFE,0x00,0x00,0x27,0xFC,0x31,0x18,0x10,0xE0,0x07,0xFC,0x06,0x44,
    0x77,0xFC,0x16,0x44,0x16,0x44,0x17,0xFC,0x16,0x44,0x36,0x5C,0x68,0x00,0xC7,0xFE,
    0x00,0x00,0x00,0x00,0x04,0x00,0x65,0xFC,0x23,0x10,0x16,0x10,0x0D,0x10,0x01,0x10,
    0x73,0x7C,0x15,0x10,0x19,0x10,0x11,0x10,0x11,0x7C,0x37,0x00,0x78,0x00,0x4F,0xFE,
    0x00,0x00,0x02,0x00,0x22,0x1C,0x32,0x60,0x17,0xC0,0x02,0x40,0x02,0x7E,0x73,0xC8,
    0x1E,0x48,0x12,0x48,0x12,0x48,0x12,0x48,0x36,0x88,0x78,0x00,0xC7,0xFE,0x00,0x00,
    0x20,0x00,0x63,0xF8,0x12,0x08,0x1A,0x08,0x03,0xF8,0x00,0x00,0x73,0xFC,0x10,0x40,
    0x13,0xF8,0x10,0x40,0x10,0x40,0x37,0xFC,0x6C,0x00,0x47,0xFE,0x00,0x00,0x00,0x40,
    0x60,0x40,0x37,0xFC,0x10,0x40,0x03,0xF8,0x02,0x48,0x72,0x48,0x13,0xF8,0x10,0xD0,
    0x11,0x58,0x16,0x4C,0x34,0x44,0x6C,0x40,0x47,0xFE,0x00,0x00,0x02,0x60,0x63,0x60,
    0x23,0xFC,0x16,0x60,0x04,0x60,0x77,0xFE,0x70,0x00,0x13,0xF8,0x12,0x08,0x12,0x08,
    0x12,0x08,0x33,0xF8,0x6C,0x00,0xC7,0xFE,0x00,0x00,0x00,0x80,0x61,0xF8,0x33,0x08,
    0x15,0xB0,0x00,0xF0,0x7F,0x4E,0x70,0x40,0x17,0xFC,0x13,0xFC,0x10,0x40,0x17,0xFE,
    0x30,0x40,0x78,0x40,0xC7,0xFE,0x00,0x00,0x00,0x00,0x00,0x40,0x63,0xF8,0x30,0x48,
    0x10,0x48,0x07,0xFE,0x70,0x48,0x77,0xF8,0x14,0x44,0x13,0x48,0x11,0xF0,0x16,0x48,
    0x35,0x46,0x78,0x80,0xC7,0xFE,0x00,0x00,0x21,0x80,0x61,0xF8,0x32,0x10,0x16,0x20,
    0x0F,0xFC,0x72,0x44,0x72,0x44,0x13,0xFC,0x10,0xD8,0x11,0xCA,0x13,0x66,0x34,0x3C,
    0x6C,0x00,0xC7,0xFE,0x00,0x00,0x00,0x00,0x20,0x00,0x67,0xFC,0x14,0xA4,0x1C,0xA4,
    0x07,0xFC,0x70,0x80,0x71,0x80,0x13,0xFC,0x17,0x18,0x14,0xF0,0x10,0x60,0x31,0x80,
    0x6E,0x00,0xC7,0xFE,0x00,0x00,0x67,0xFC,0x30,0x00,0x13,0xF8,0x02,0x08,0x73,0xF8,
    0x70,0x00,0x17,0xFC,0x14,0x4C,0x17,0xFC,0x14,0x4C,0x37,0xFC,0x78,0x00,0xC7,0xFE,
    0x00,0x00,0x00,0x00,0x20,0x40,0x60,0xA0,0x31,0x18,0x17,0xFC,0x08,0x02,0x07,0xA4,
    0x74,0xA4,0x17,0xA4,0x14,0xA4,0x17,0xA4,0x14,0x84,0x35,0x98,0x78,0x00,0xC7,0xFE,
    0x00,0x00,0x00,0x04,0x67,0xF8,0x34,0x20,0x17,0xFE,0x04,0x20,0x75,0xFC,0x75,0x04,
    0x15,0xFC,0x15,0x04,0x15,0xFC,0x15,0x04,0x39,0xFC,0x78,0x00,0xC7,0xFE,0x00,0x00,
    0x21,0x08,0x61,0x90,0x37,0xFE,0x10,0x40,0x01,0xC4,0x76,0x4C,0x74,0xB0,0x13,0x20,
    0x14,0xF8,0x11,0xAC,0x1E,0x22,0x34,0xE0,0x78,0x80,0xC7,0xFE,0x00,0x00,0x00,0x00,
    0x63,0xF8,0x32,0x48,0x13,0xF8,0x02,0x48,0x03,0xF8,0x60,0x40,0x27,0xFC,0x24,0x54,
    0x24,0x54,0x25,0xF4,0x34,0x0C,0x78,0x10,0xCF,0xFE,0x00,0x00,0x00,0x00,0x00,0x40,
    0x20,0x60,0x37,0xFC,0x16,0x04,0x07,0xFC,0x04,0x00,0x77,0xFC,0x16,0x94,0x16,0x94,
    0x17,0xFC,0x1A,0x94,0x32,0x94,0x7A,0x08,0xCF,0xFE,0x00,0x00,0x00,0x00,0x63,0xF8,
    0x32,0x08,0x13,0xF8,0x03,0xF8,0x71,0x00,0x73,0xFC,0x1C,0x44,0x1A,0xE4,0x13,0x14,
    0x13,0xF4,0x30,0x0C,0x78,0x10,0xC7,0xFE,0x00,0x00,0x00,0x00,0x21,0x18,0x61,0x90,
    0x37,0xFE,0x10,0x40,0x03,0xF8,0x72,0x08,0x73,0xF8,0x12,0x08,0x13,0xF8,0x12,0x08,
    0x12,0x08,0x33,0xF8,0x68,0x00,0x47,0xFE,0x00,0x00,0x00,0x00,0x00,0x40,0x67,0xFC,
    0x34,0x4C,0x17,0xFC,0x00,0x40,0x0F,0xFE,0x70,0x00,0x13,0xF8,0x12,0x48,0x12,0x48,
    0x10,0xE0,0x33,0x9C,0x7C,0x04,0xC7,0xFE,0x00,0x00,0x00,0x40,0x67,0xFC,0x36,0x44,
    0x17,0xFC,0x0F,0xFE,0x00,0x00,0x73,0xF8,0x12,0x08,0x13,0xF8,0x13,0xFC,0x12,0x0C,
    0x33,0xFC,0x78,0x00,0xC7,0xFE,0x00,0x00,0x67,0xFC,0x22,0xC4,0x16,0x48,0x13,0x78,
    0x03,0x00,0x73,0xFC,0x14,0x40,0x17,0xFE,0x14,0x48,0x12,0x44,0x33,0xFC,0x78,0x00,
    0xCF,0xFE,0x00,0x00,0x00,0x00,0x00,0xA0,0x67,0xFE,0x20,0xA0,0x17,0xFC,0x04,0xA4,
    0x07,0xFC,0x77,0xFC,0x10,0x00,0x13,0xF8,0x12,0x08,0x13,0xF8,0x33,0xF8,0x78,0x00,
    0xC7,0xFE,0x00,0x00,0x00,0x40,0x60,0x60,0x37,0xFC,0x14,0x88,0x04,0x88,0x05,0xFE,
    0x74,0x88,0x34,0xF8,0x34,0x00,0x35,0x5C,0x3D,0x54,0x3A,0x54,0x78,0x00,0xC7,0xFE,
    0x00,0x00,0x03,0x10,0x6F,0x7C,0x20,0xA0,0x37,0xFC,0x14,0xA4,0x07,0x3C,0x74,0x04,
    0x37,0xFC,0x37,0xFC,0x30,0x18,0x3F,0xFE,0x33,0x18,0x79,0x30,0xCF,0xFE,0x00,0x00,
    0x00,0x00,0x00,0x10,0x67,0x90,0x34,0xFE,0x14,0xA4,0x07,0xA4,0x74,0x28,0x74,0x7E,
    0x17,0x98,0x16,0x98,0x1A,0xFE,0x1A,0x98,0x33,0x98,0x78,0x00,0xC7,0xFE,0x00,0x00,
    0x01,0x10,0x63,0x10,0x24,0x90,0x17,0xBE,0x04,0xA4,0x07,0xE8,0x61,0x28,0x2F,0xD8,
    0x24,0x18,0x27,0x98,0x24,0xA4,0x29,0xE4,0x58,0x44,0xCF,0xFE,0x00,0x00,0x1F,0xF8,
    0x10,0x08,0x1F,0xF8,0x1F,0xF8,0x00,0x00,0x3F,0xF8,0x31,0x08,0x31,0x08,0x3F,0xF8,
    0x30,0x00,0x30,0x02,0x30,0x06,0x1F,0xFC,0x00,0x00,0x00,0x00,0x7E,0xFC,0x02,0xC4,
    0x02,0xC8,0x62,0xC8,0x36,0xD8,0x1C,0xD8,0x0C,0xC8,0x0C,0xC4,0x1E,0xC4,0x12,0xC4,
    0x33,0xFC,0x61,0xD0,0x40,0xC0,0x00,0xC0,0x7F,0xFC,0x12,0x44,0x12,0x44,0x12,0x4C,
    0x12,0x48,0x12,0x48,0x7F,0xC4,0x12,0x44,0x12,0x42,0x32,0x46,0x22,0x5C,0x22,0x40,
    0x42,0x40,0x40,0x40,0x7F,0x7C,0x11,0x44,0x11,0x44,0x11,0x44,0x7F,0x48,0x13,0x48,
    0x13,0x44,0x7F,0x46,0x13,0x42,0x33,0x46,0x23,0x5C,0x62,0x50,0x4E,0x40,0x00,0x00,
    0x00,0x00,0x0C,0x00,0x0C,0x7C,0x7F,0x44,0x0C,0x44,0x0C,0x48,0x0C,0x48,0x7F,0x48,
    0x0C,0x4C,0x08,0x44,0x7F,0x44,0x08,0x44,0x08,0x5C,0x10,0x58,0x30,0x40,0x60,0x40,
    0x7F,0xFC,0x02,0x44,0x32,0x44,0x22,0x4C,0x22,0x48,0x3F,0xC8,0x0A,0x44,0x0A,0x44,
    0x12,0x46,0x32,0x46,0x62,0x5C,0xC2,0x50,0x1E,0x40,0x00,0x40,0x0C,0x00,0x0C,0x3C,
    0x0C,0x24,0x3F,0x24,0x2D,0x24,0x2D,0x28,0x2D,0x28,0x3F,0x24,0x3F,0x24,0x2D,0x26,
    0x2D,0x26,0x2D,0x3C,0x3F,0x28,0x3F,0x20,0x00,0x20,0x22,0x00,0x22,0x7C,0x22,0x44,
    0x7F,0xC4,0x22,0x4C,0x22,0x48,0x22,0x48,0x3E,0x44,0x22,0x44,0x22,0x46,0x22,0x46,
    0x22,0x5C,0x3E,0x50,0x3E,0x40,0x00,0x40,0x01,0x00,0x1F,0x7C,0x30,0x64,0x20,0x64,
    0x20,0x6C,0x3F,0xE8,0x22,0x68,0x22,0x64,0x22,0x64,0x22,0x66,0x22,0x66,0xAF,0xFC,
    0x7C,0x70,0x00,0x60,0x00,0x60,0x7F,0x7C,0x11,0x44,0x11,0x44,0x11,0x4C,0x2B,0x48,
    0x66,0x48,0xC0,0x44,0x3F,0x44,0x23,0x46,0x23,0x46,0x23,0x5C,0x3F,0x50,0x3F,0x40,
    0x00,0x40,0x18,0x00,0x10,0x7C,0x3E,0x44,0x22,0x44,0x44,0x4C,0xFF,0x48,0x01,0x48,
    0x01,0x44,0x01,0x44,0x7F,0x44,0x01,0x46,0x01,0x5C,0x7F,0x50,0x00,0x40,0x00,0x40,
    0x0C,0x00,0x0C,0x7C,0x16,0x44,0x33,0x44,0x69,0xCC,0xCC,0x48,0x04,0x48,0x7F,0x44,
    0x7F,0x44,0x03,0x46,0x36,0x46,0x1C,0x5C,0x0C,0x40,0x06,0x40,0x00,0x40,0x00,0x00,
    0x08,0x00,0x08,0x7C,0x7F,0xC4,0x10,0x44,0x30,0x4C,0x3F,0x48,0x61,0x48,0xFF,0x4C,
    0xBF,0x44,0x21,0x44,0x3F,0x44,0x21,0x4C,0x21,0x58,0x27,0x40,0x00,0x40,0x08,0x00,
    0x0C,0x3C,0x7F,0xA4,0x00,0x24,0x16,0x24,0x33,0x28,0x21,0x28,0x52,0xA4,0x32,0x24,
    0x0C,0x26,0x0C,0x26,0x1A,0x3E,0x33,0x28,0x61,0x20,0x40,0x20,0x18,0x00,0x08,0x7C,
    0x3E,0x44,0x22,0x44,0x22,0x48,0x3E,0x48,0x22,0x48,0x22,0x4C,0x3E,0x44,0x24,0x44,
    0x22,0x44,0x27,0x5C,0x79,0x50,0x41,0x40,0x00,0x00,0x21,0x00,0x22,0x7C,0x12,0x44,
    0x7F,0x44,0x08,0x44,0x08,0x48,0x08,0x48,0x7F,0xC4,0x08,0x44,0x08,0x46,0x1C,0x46,
    0x12,0x5C,0x33,0x40,0xE1,0x40,0x40,0x40,0x04,0x00,0x04,0x3C,0x3F,0xA4,0x04,0x24,
    0x04,0x24,0x7F,0xA8,0x0A,0x28,0x0A,0xA4,0x2B,0xA4,0x6A,0xA2,0x5A,0xA2,0xD2,0x76,
    0x12,0x28,0x26,0x20,0x64,0x20,0x00,0x00,0x7F,0x3C,0x11,0x24,0x11,0x24,0x7F,0xA4,
    0x11,0x28,0x11,0x28,0x7F,0x24,0x20,0x26,0x3F,0x22,0x51,0x22,0xD1,0x3E,0x11,0x28,
    0x1F,0x20,0x00,0x20,0x3F,0x3E,0x21,0x24,0x21,0x24,0x3F,0x24,0x00,0x28,0x3F,0x28,
    0x21,0x24,0x29,0x24,0x29,0x22,0x29,0x26,0x0C,0x3C,0x33,0x20,0xE1,0xA0,0x00,0x20,
    0x00,0x00,0x08,0x00,0x0C,0x3E,0x7F,0x24,0x12,0x24,0x12,0x24,0x12,0x28,0x7F,0xA8,
    0x00,0x24,0x3F,0x24,0x21,0x22,0x21,0x22,0x21,0x2E,0x21,0x28,0x3F,0x20,0x00,0x20,
    0x08,0x00,0x0C,0x7C,0x7F,0xE4,0x00,0x64,0x3F,0x64,0x21,0x68,0x3F,0x68,0x00,0x64,
    0x7F,0x64,0x06,0x62,0x0F,0xE2,0x7C,0x7C,0x0C,0x70,0x38,0x60,0x00,0x00,0x11,0x00,
    0x11,0x3C,0x11,0x24,0x7B,0xE4,0x11,0x24,0x33,0x24,0x3B,0xAC,0x37,0xA4,0x55,0x64,
    0x55,0x22,0xD9,0x22,0x11,0x2C,0x11,0x28,0x11,0x20,0x00,0x20,0x21,0x00,0x12,0x3C,
    0x3F,0x24,0x25,0x24,0x25,0x24,0x3F,0x28,0x25,0x28,0x25,0x24,0x3F,0x24,0x04,0x22,
    0x04,0x26,0x7F,0xBC,0x04,0x30,0x04,0x20,0x04,0x20,0x08,0x00,0x08,0xBC,0x7F,0xA4,
    0x09,0x24,0x0A,0x24,0x7F,0xA8,0x0C,0x28,0x18,0x24,0x7F,0x24,0xE1,0x22,0x3F,0x22,
    0x21,0x36,0x21,0x28,0x3F,0x20,0x00,0x20,0x7F,0xBC,0x4C,0xA4,0x4C,0xA4,0x7F,0xAC,
    0x00,0x28,0x3F,0x28,0x00,0x24,0x7F,0xA4,0x10,0x24,0x3F,0x24,0x01,0x34,0x01,0x28,
    0x0E,0x20,0x00,0x20,0x00,0x00,0x3F,0x3C,0x21,0x24,0x3F,0x24,0x04,0x24,0x7F,0xE8,
    0x04,0x28,0x3F,0xA4,0x20,0xA4,0x2E,0xA2,0x2A,0xA2,0x2E,0xB6,0x20,0xAC,0x3F,0xA0,
    0x00,0x20,0x00,0x00,0x7F,0xFE,0x02,0x40,0x02,0x40,0x3F,0xFC,0x22,0x4C,0x26,0x4C,
    0x24,0x7C,0x28,0x3C,0x20,0x0C,0x3F,0xFC,0x20,0x0C,0x20,0x0C,0x3F,0xFC,0x00,0x00,
    0x00,0x00,0x0C,0x30,0x04,0x60,0x7F,0xFE,0x02,0x40,0x02,0x40,0x3F,0xFC,0x26,0x4C,
    0x24,0x4C,0x2C,0x7C,0x28,0x0C,0x3F,0xFC,0x20,0x0C,0x20,0x0C,0x3F,0xFC,0x00,0x00,
    0x00,0x00,0x00,0x30,0x7F,0xA0,0x14,0x20,0x14,0x7C,0x7F,0x44,0x55,0xC4,0x55,0x44,
    0x55,0x24,0x73,0x34,0x41,0x14,0x7F,0x04,0x41,0x04,0x41,0x04,0x7F,0x3C,0x00,0x00,
    0x7F,0x7C,0x14,0x04,0x14,0x04,0x7F,0x04,0x75,0x04,0x75,0x7C,0x75,0x40,0x77,0x40,
    0x61,0x40,0x7F,0x44,0x61,0x42,0x61,0x46,0x7F,0x7C,0x00,0x00,0x40,0x00,0x6F,0xFE,
    0x18,0xA0,0x10,0xA0,0x47,0xFC,0x24,0xA4,0x14,0xA4,0x05,0x3C,0x17,0x1C,0x14,0x04,
    0x27,0xFC,0x24,0x04,0x24,0x04,0x67,0xFC,0x00,0x00,0x00,0x48,0x7E,0x48,0x14,0xAC,
    0x14,0xAC,0x7E,0xB4,0x56,0x94,0x56,0x94,0x56,0xB4,0x66,0xAC,0x42,0xAC,0x7E,0xCC,
    0x42,0x84,0x42,0x84,0x7E,0xFC,0x00,0x04,0x00,0x10,0x7F,0x28,0x14,0x48,0x14,0x48,
    0x7E,0xC4,0x56,0x86,0x57,0xFE,0x56,0x64,0x66,0x44,0x42,0x44,0x7E,0x4C,0x42,0x4C,
    0x42,0x88,0x7F,0xB8,0x01,0x00,0x7F,0x7C,0x14,0x00,0x14,0x00,0x7F,0x00,0x55,0x00,
    0x55,0xFE,0x55,0x20,0x77,0x20,0x41,0x28,0x7F,0x44,0x41,0x44,0x41,0xFE,0x7F,0xC2,
    0x00,0x02,0x00,0x10,0x7F,0x10,0x14,0x10,0x14,0x10,0x7F,0xFE,0x55,0x30,0x55,0x30,
    0x55,0x30,0x67,0x38,0x41,0x28,0x7F,0x48,0x41,0x64,0x41,0xD6,0x7F,0x92,0x00,0x00,
    0x00,0x44,0x7F,0x44,0x14,0x44,0x14,0xFE,0x7E,0x44,0x56,0x44,0x56,0x44,0x56,0x44,
    0x66,0x7C,0x62,0x44,0x7E,0x44,0x42,0x44,0x42,0x7C,0x7E,0x7C,0x00,0x44,0x7F,0x7C,
    0x14,0xD0,0x14,0x10,0x7E,0x10,0x55,0xFE,0x55,0x30,0x55,0x38,0x66,0x38,0x61,0x5C,
    0x7E,0xD4,0x41,0x92,0x41,0x10,0x7E,0x10,0x00,0x10,0x00,0x00,0x00,0x20,0x7F,0x7C,
    0x14,0x7C,0x14,0xCC,0x7F,0xA8,0x56,0x30,0x56,0x78,0x57,0xC6,0x66,0x00,0x42,0x7C,
    0x7E,0x44,0x42,0x44,0x42,0x44,0x7E,0x7C,0x00,0x00,0x00,0x00,0x00,0x84,0x7E,0x94,
    0x18,0x94,0x18,0x94,0x7F,0xDC,0x5B,0xBC,0x5B,0xBC,0x5B,0xBC,0x6F,0xB4,0x62,0x94,
    0x7E,0x94,0x42,0x94,0x42,0x94,0x7F,0x14,0x01,0x00,0x7E,0xFC,0x18,0x84,0x18,0x84,
    0x7E,0xFC,0x5A,0x84,0x5A,0x84,0x5A,0xB4,0x66,0xAC,0x42,0xAC,0x7E,0xAC,0x42,0xB4,
    0x42,0x84,0x7E,0x8C,0x00,0x00,0x24,0x40,0x74,0xFC,0x17,0x8C,0x0E,0x58,0x74,0xE0,
    0x05,0x00,0x7F,0xFE,0x02,0x40,0x3F,0xF8,0x24,0x48,0x28,0x78,0x3F,0xF8,0x20,0x08,
    0x3F,0xF8,0x00,0x00,0x00,0x00,0x00,0x20,0x7F,0x26,0x14,0xFC,0x14,0x28,0x7E,0x28,
    0x56,0xFE,0x56,0x20,0x56,0x7C,0x66,0x88,0x63,0x10,0x7E,0xFE,0x42,0x10,0x42,0x10,
    0x7E,0x70,0x00,0x40,0x00,0x60,0x7E,0x40,0x18,0xFC,0x18,0x80,0x7F,0xFC,0x5A,0xA4,
    0x5A,0x94,0x5A,0x84,0x67,0xFE,0x42,0xA4,0x7E,0x94,0x42,0xFE,0x42,0x04,0x7E,0x1C,
    0x00,0x00,0x00,0x10,0x7F,0x50,0x14,0x50,0x14,0xFE,0x7F,0x90,0x55,0x10,0x55,0xFE,
    0x55,0x00,0x77,0x00,0x41,0x7C,0x7F,0x44,0x41,0x44,0x41,0x44,0x7F,0x7C,0x00,0x44,
    0x00,0x20,0x7F,0x28,0x14,0x4C,0x14,0xBC,0x7E,0xC2,0x56,0x68,0x56,0xC6,0x57,0x62,
    0x66,0x7C,0x42,0xCC,0x7F,0xE8,0x42,0x30,0x42,0x38,0x7F,0xC6,0x01,0x02,0x00,0x30,
    0x7F,0x10,0x14,0xFC,0x14,0xC4,0x7E,0xFC,0x56,0xC4,0x56,0xC4,0x56,0xFC,0x66,0xD0,
    0x42,0xD6,0x7E,0xD8,0x42,0xC8,0x42,0xE4,0x7E,0xF2,0x00,0x00,0x00,0x00,0x00,0x30,
    0x7F,0x10,0x14,0xFE,0x14,0x00,0x7E,0x7C,0x56,0x44,0x56,0x7C,0x56,0x00,0x76,0xFC,
    0x42,0x18,0x7E,0xFE,0x42,0x10,0x42,0x10,0x7E,0x70,0x00,0x40,0x00,0x20,0x7F,0x10,
    0x14,0xFE,0x14,0x48,0x7E,0x48,0x56,0x48,0x56,0xBC,0x57,0xB2,0x66,0x90,0x42,0x10,
    0x7E,0xFE,0x42,0x10,0x42,0x10,0x7E,0x10,0x00,0x10,0x00,0x48,0x7F,0x48,0x14,0xFE,
    0x14,0x48,0x7E,0x48,0x56,0xFE,0x56,0x00,0x56,0x00,0x66,0x7C,0x42,0x44,0x7E,0x7C,
    0x42,0x44,0x42,0x44,0x7E,0x7C,0x00,0x44,0x7E,0xFC,0x18,0x84,0x18,0xFC,0x7E,0x84,
    0x5A,0xFC,0x5A,0x80,0x5A,0x90,0x6E,0xFC,0x43,0x10,0x7E,0xFC,0x42,0x10,0x42,0x10,
    0x7F,0xFE,0x00,0x00,0x00,0x00,0x00,0x18,0x7F,0x5A,0x18,0xBC,0x18,0xBC,0x7E,0xBC,
    0x5A,0x7E,0x5B,0xFE,0x5A,0x98,0x6E,0xBC,0x62,0xBC,0x7E,0xDA,0x42,0x98,0x43,0x40,
    0x7F,0x7E,0x00,0x00,0x00,0x48,0x7E,0x48,0x15,0xFE,0x14,0x48,0x7E,0x70,0x56,0x78,
    0x56,0xCC,0x57,0x86,0x66,0x7A,0x42,0x30,0x7E,0xFC,0x42,0x30,0x42,0x30,0x7E,0xFE,
    0x00,0x00,0x3F,0xFC,0x39,0x08,0x11,0x08,0x19,0x90,0x08,0xB0,0x09,0x00,0x7F,0xFC,
    0x7F,0xFC,0x03,0xC0,0x05,0x60,0x19,0x18,0x71,0x0E,0x41,0x02,0x01,0x00,0x00,0x00,
    0x00,0x20,0x7C,0x20,0x10,0x20,0x57,0xFC,0x55,0x24,0x35,0x24,0x7D,0x24,0x7D,0x24,
    0x19,0xFC,0x3D,0x24,0x77,0x24,0xD1,0x24,0x51,0xFC,0x11,0x04,0x11,0x04,0x7F,0xFC,
    0x10,0x8C,0x52,0xC8,0x34,0x70,0x34,0x78,0x7F,0x8E,0x10,0x20,0x19,0xFC,0x34,0x20,
    0x76,0x20,0xD3,0xFE,0x50,0x20,0x10,0x20,0x00,0x20,0x00,0x00,0x3F,0xF8,0x21,0x08,
    0x21,0x08,0x3F,0xF8,0x21,0x08,0x21,0x08,0x3F,0xF8,0x01,0x00,0x01,0x00,0x3F,0xFC,
    0x01,0x00,0x01,0x00,0x7F,0xFE,0x00,0x00,0x00,0x04,0x3F,0xFC,0x01,0x00,0x7F,0xFE,
    0x01,0x00,0x1F,0xF8,0x11,0x08,0x1F,0xF8,0x11,0x08,0x1F,0xF8,0x01,0x00,0x3F,0xFC,
    0x01,0x00,0x7F,0xFE,0x00,0x00,0x3F,0x7C,0x29,0x04,0x29,0x48,0x3F,0x38,0x29,0x10,
    0x3F,0xFE,0x3F,0x16,0x08,0x14,0x7F,0x14,0x08,0x10,0x08,0x10,0x7F,0x10,0x60,0x70,
    0x00,0x00,0x00,0x00,0x1F,0xF8,0x1F,0xF8,0x1F,0xF8,0x00,0x00,0x7F,0xFE,0x00,0x00,
    0x1F,0xF8,0x1F,0xF8,0x11,0x08,0x1F,0xF8,0x01,0x00,0x3F,0xFC,0x7F,0xFE,0x00,0x00,
    0x00,0x00,0x01,0x80,0x03,0xC0,0x06,0x60,0x0C,0x30,0x30,0x0C,0xCF,0xF6,0x01,0x00,
    0x01,0x00,0x3F,0xFC,0x11,0x08,0x19,0x10,0x0D,0x30,0x05,0x20,0x7F,0xFE,0x02,0x40,
    0x0C,0x30,0x7C,0x3C,0x23,0xC4,0x03,0xC0,0x1C,0x78,0x60,0x0E,0x1F,0xF0,0x01,0x00,
    0x3F,0xFC,0x09,0x10,0x19,0x10,0x05,0x20,0x7F,0xFC,0x44,0x40,0x24,0xC0,0x24,0xFC,
    0x25,0x20,0x25,0x10,0x25,0x88,0x06,0x60,0x18,0x38,0xEF,0xE6,0x01,0x00,0x3F,0xF8,
    0x19,0x10,0x09,0x30,0x7F,0xFC,0x00,0x00,0x10,0x20,0x10,0x20,0x3E,0x20,0x60,0x20,
    0x40,0x20,0xBE,0x20,0x11,0xFE,0x10,0x20,0x7E,0x20,0x10,0x20,0x10,0x20,0x12,0x20,
    0x1E,0x20,0x18,0x20,0x00,0x20,0x00,0x00,0x10,0x00,0x11,0xFE,0x3F,0xFE,0x20,0x10,
    0x40,0x10,0xFE,0x10,0x10,0x10,0x10,0x10,0x7E,0x10,0x10,0x10,0x10,0x10,0x12,0x10,
    0x1E,0x10,0x18,0xF0,0x00,0x00,0x10,0x00,0x10,0x3C,0x3F,0xF0,0x60,0x20,0xC0,0x20,
    0x7C,0x20,0x10,0x20,0x11,0xFE,0x7E,0x20,0x10,0x20,0x10,0x20,0x12,0x20,0x1C,0x20,
    0x10,0x20,0x00,0x00,0x00,0x00,0x10,0x00,0x11,0xF8,0x3D,0x08,0x61,0x08,0x41,0x08,
    0xFD,0xC8,0x11,0x48,0x11,0x28,0x7D,0x38,0x11,0x28,0x11,0x0A,0x15,0x0A,0x1F,0x0A,
    0x36,0x0E,0x02,0x00,0x00,0x00,0x10,0x40,0x10,0x40,0x3E,0x80,0x20,0xFC,0x41,0x84,
    0xFD,0x04,0x10,0x84,0x10,0x44,0x7E,0x64,0x10,0x24,0x10,0x04,0x12,0x04,0x1E,0x0C,
    0x18,0x38,0x00,0x00,0x30,0x00,0x23,0xFE,0x3C,0x20,0x40,0x20,0x41,0x3C,0xFD,0x3C,
    0x11,0x20,0x11,0x20,0x7D,0xFC,0x10,0x04,0x10,0x04,0x14,0x04,0x1C,0x04,0x30,0x38,
    0x00,0x00,0x10,0x20,0x30,0x20,0x3F,0xFE,0x20,0x20,0x40,0x20,0xFD,0x24,0x11,0x24,
    0x11,0x24,0x7D,0xFC,0x11,0xFC,0x10,0x20,0x14,0x22,0x1C,0x22,0x30,0x3E,0x00,0x00,
    0x10,0x20,0x20,0x20,0x3E,0xB8,0x60,0xA8,0x41,0xA4,0x7D,0x24,0x11,0x26,0x12,0x2A,
    0x7C,0x2C,0x10,0x18,0x10,0x30,0x14,0x60,0x1C,0xC0,0x37,0x00,0x04,0x00,0x00,0x00,
    0x10,0x20,0x20,0x20,0x3C,0x20,0x63,0xFC,0x43,0x24,0xFF,0x24,0x13,0x24,0x13,0x24,
    0x7F,0x24,0x13,0xFC,0x10,0x20,0x14,0x20,0x1C,0x20,0x30,0x20,0x00,0x20,0x10,0x20,
    0x20,0x20,0x3C,0x20,0x43,0xFC,0xC2,0x24,0x7A,0x24,0x12,0x64,0x12,0x64,0x7E,0x54,
    0x12,0x9C,0x13,0x8C,0x16,0x04,0x1E,0x04,0x32,0x1C,0x00,0x00,0x10,0x00,0x31,0xFC,
    0x3D,0x04,0x61,0x24,0x41,0x24,0xFD,0x24,0x11,0x24,0x11,0x24,0x7D,0x24,0x11,0x24,
    0x10,0x50,0x14,0x78,0x1D,0x8C,0x37,0x06,0x04,0x02,0x10,0x00,0x23,0xFC,0x3E,0x04,
    0x42,0x9C,0xC2,0x94,0x7E,0x54,0x12,0x64,0x12,0x24,0x7E,0x64,0x12,0x54,0x12,0x94,
    0x17,0x9C,0x1A,0x04,0x32,0x1C,0x02,0x10,0x00,0x00,0x10,0x00,0x21,0xFC,0x3F,0x84,
    0x61,0x84,0x41,0x84,0xFD,0xFC,0x11,0x84,0x11,0x84,0x7F,0x84,0x11,0xFC,0x11,0x04,
    0x15,0x04,0x1D,0x04,0x32,0x1C,0x06,0x00,0x10,0x40,0x30,0xC0,0x3E,0xFC,0x60,0xFC,
    0xC1,0xC4,0x7F,0x24,0x11,0x28,0x10,0x20,0x7E,0x60,0x10,0x70,0x10,0x50,0x14,0x98,
    0x1F,0x8C,0x37,0x06,0x02,0x02,0x00,0x00,0x10,0x40,0x30,0x80,0x3E,0xFC,0x61,0xFC,
    0x43,0x04,0xFD,0x84,0x10,0x44,0x10,0x64,0x7E,0x14,0x10,0xE4,0x11,0x84,0x12,0x04,
    0x1E,0x0C,0x10,0x38,0x00,0x00,0x10,0x60,0x30,0x40,0x3D,0xF8,0x61,0x08,0xC1,0x08,
    0x7D,0x38,0x11,0x00,0x11,0xFC,0x7D,0xFC,0x10,0x04,0x13,0xF4,0x14,0x04,0x1C,0x04,
    0x30,0x3C,0x00,0x00,0x00,0x00,0x10,0xC0,0x10,0x80,0x3F,0xFC,0x21,0x04,0x43,0x84,
    0x7C,0x44,0x10,0xA4,0x10,0xA4,0x7F,0x14,0x11,0x14,0x13,0xFC,0x10,0x14,0x16,0x04,
    0x18,0x3C,0x10,0x00,0x10,0x00,0x31,0xFC,0x3C,0xC4,0x60,0xC4,0x40,0x84,0xFC,0x8C,
    0x10,0x8C,0x13,0xFC,0x7C,0x8C,0x10,0x88,0x10,0x88,0x14,0x88,0x1C,0x88,0x33,0xFE,
    0x00,0x00,0x10,0xB0,0x10,0x90,0x3E,0x88,0x60,0xFC,0xC3,0xC0,0x7C,0x80,0x10,0xFE,
    0x13,0xC0,0x7C,0x4C,0x10,0x58,0x10,0x70,0x14,0xE2,0x1F,0xB6,0x30,0x1C,0x00,0x00,
    0x00,0x00,0x11,0x08,0x21,0x08,0x3D,0x08,0x43,0xFE,0xC1,0x08,0x7D,0x08,0x11,0x08,
    0x11,0x08,0x7D,0xF8,0x11,0x08,0x11,0x08,0x15,0x08,0x1D,0xF8,0x31,0xF8,0x01,0x08,
    0x00,0x00,0x10,0x60,0x20,0x60,0x3C,0x60,0x63,0xFE,0x40,0x60,0xFC,0xF0,0x10,0xF0,
    0x11,0xE8,0x7D,0x68,0x12,0x64,0x16,0x63,0x11,0xFA,0x1C,0x60,0x38,0x60,0x20,0x60,
    0x00,0x00,0x10,0x60,0x10,0x60,0x3E,0x60,0x60,0x7E,0x40,0x60,0xBC,0x60,0x10,0x60,
    0x11,0xFC,0x7D,0x04,0x11,0x04,0x11,0x04,0x15,0x04,0x1D,0xFC,0x31,0xFC,0x01,0x04,
    0x10,0x00,0x33,0xFC,0x3E,0x24,0x42,0x24,0xC2,0x24,0x7F,0xFC,0x12,0x24,0x12,0x24,
    0x7E,0x24,0x13,0xFC,0x13,0xFC,0x14,0x20,0x1C,0x20,0x30,0x20,0x00,0x20,0x00,0x00,
    0x10,0x20,0x20,0x20,0x3C,0x20,0x43,0xFC,0xC2,0x24,0x7A,0x24,0x12,0x24,0x12,0x24,
    0x7F,0xFC,0x12,0x24,0x12,0x24,0x16,0x24,0x1F,0xFC,0x32,0x04,0x02,0x04,0x00,0x00,
    0x10,0x20,0x30,0xA0,0x3F,0x20,0x61,0xFC,0x41,0x20,0xFF,0x20,0x10,0x20,0x11,0xFE,
    0x7C,0x20,0x10,0x70,0x10,0x50,0x12,0xD8,0x1D,0x8C,0x37,0x06,0x02,0x00,0x10,0x20,
    0x10,0x60,0x3D,0xFC,0x61,0xFC,0x41,0x04,0xFD,0x04,0x11,0x04,0x11,0xFC,0x7D,0x04,
    0x11,0x04,0x11,0x04,0x15,0x04,0x1D,0xFC,0x31,0xFC,0x01,0x04,0x10,0x20,0x30,0x70,
    0x3E,0x50,0x60,0x88,0xC1,0x4C,0x7E,0x26,0x10,0x20,0x10,0x00,0x7D,0xFC,0x10,0x08,
    0x11,0x90,0x16,0xF0,0x1C,0x20,0x30,0x18,0x00,0x10,0x00,0x00,0x10,0x00,0x30,0xF8,
    0x3E,0x88,0x60,0x88,0x40,0x88,0xFD,0x0E,0x13,0x00,0x10,0x00,0x7D,0xFC,0x11,0x0C,
    0x11,0x0C,0x15,0x0C,0x1D,0x0C,0x31,0xFC,0x01,0x0C,0x00,0x00,0x30,0x40,0x23,0xFC,
    0x3A,0x24,0x42,0xA4,0xC2,0xA4,0x7A,0xA4,0x12,0xA4,0x12,0xA4,0x7E,0xA4,0x13,0xA4,
    0x12,0xA4,0x14,0xA8,0x19,0xA0,0x37,0x20,0x02,0x20,0x00,0x00,0x30,0x00,0x23,0xFC,
    0x3E,0x04,0x42,0x04,0x82,0xF4,0x7A,0x04,0x12,0x04,0x12,0xF4,0x7A,0x94,0x12,0x94,
    0x12,0x94,0x16,0xF4,0x1A,0x04,0x32,0x1C,0x00,0x00,0x10,0x00,0x21,0xFC,0x3D,0x0C,
    0x61,0x0C,0xC1,0x0C,0x7D,0xFC,0x10,0x00,0x10,0x00,0x7F,0xFC,0x13,0x04,0x13,0x04,
    0x17,0x04,0x1F,0xFC,0x33,0x04,0x00,0x00,0x00,0x00,0x20,0x04,0x27,0xC4,0x7C,0x54,
    0x45,0x54,0x85,0x54,0x7D,0x54,0x25,0x54,0x25,0x54,0x7D,0x54,0x25,0x54,0x21,0x14,
    0x2A,0x84,0x3E,0x44,0x2C,0x7C,0x00,0x00,0x10,0x20,0x21,0xA0,0x3D,0x20,0x41,0xFC,
    0x43,0x20,0xBE,0x20,0x10,0x20,0x13,0xFE,0x7C,0x90,0x10,0x90,0x10,0x90,0x15,0x92,
    0x19,0x12,0x36,0x1E,0x04,0x00,0x00,0x00,0x10,0xC0,0x20,0xFC,0x3D,0xFC,0x61,0x88,
    0xC2,0xD0,0x7C,0x70,0x10,0xF8,0x13,0x8E,0x7C,0x00,0x11,0xF8,0x11,0x08,0x15,0x08,
    0x1D,0x08,0x31,0xF8,0x00,0x00,0x00,0x00,0x10,0x40,0x20,0xC0,0x3C,0xFC,0x41,0x0C,
    0x43,0x98,0xBE,0xD0,0x10,0x20,0x10,0xC0,0xFD,0xFC,0x17,0x04,0x11,0x04,0x15,0x04,
    0x1D,0xFC,0x31,0xFC,0x00,0x00,0x00,0x00,0x10,0x40,0x30,0x20,0x3D,0xFE,0x61,0xFE,
    0xC0,0xD0,0x7C,0x88,0x11,0x0C,0x13,0x8E,0x7C,0x90,0x10,0xD0,0x10,0x60,0x14,0x70,
    0x1D,0x98,0x37,0x0E,0x02,0x02,0x10,0x40,0x20,0x40,0x3F,0xFC,0x40,0x40,0xC0,0x40,
    0x7C,0xE4,0x10,0xAC,0x11,0x38,0x7F,0x30,0x17,0x10,0x15,0x18,0x15,0x2C,0x1D,0x66,
    0x31,0x82,0x00,0x00,0x10,0x60,0x20,0x20,0x3F,0xFE,0x40,0x88,0x40,0x88,0xFC,0x88,
    0x11,0xFE,0x11,0x00,0x7D,0x00,0x11,0x00,0x11,0x00,0x17,0x00,0x1E,0x00,0x36,0x00,
    0x04,0x00,0x10,0x00,0x21,0xFC,0x3D,0x0C,0x61,0x0C,0x41,0xFC,0xBD,0x0C,0x11,0x0C,
    0x11,0xFC,0x7D,0x44,0x11,0x2C,0x11,0x30,0x15,0x10,0x1D,0x6C,0x33,0x86,0x02,0x00,
    0x10,0x40,0x30,0x40,0x3F,0xFE,0x60,0x40,0xC3,0xFC,0x78,0x40,0x10,0x80,0x17,0xFE,
    0x7C,0x88,0x11,0xFE,0x11,0x88,0x1A,0xC8,0x1E,0x48,0x30,0x38,0x00,0x00,0x10,0x68,
    0x30,0x64,0x3F,0xFE,0x60,0x60,0x40,0x60,0xFB,0xFC,0x12,0x64,0x12,0x64,0x7F,0xFC,
    0x12,0x64,0x13,0xFC,0x16,0x64,0x1E,0x64,0x32,0x7C,0x00,0x00,0x00,0x00,0x32,0x20,
    0x22,0x20,0x7A,0xFE,0x41,0x60,0xC0,0x50,0x78,0x50,0x16,0x7C,0x12,0x10,0x7A,0x10,
    0x12,0xFE,0x12,0x10,0x1B,0x10,0x1F,0x80,0x24,0xFE,0x00,0x00,0x10,0x20,0x12,0x26,
    0x3D,0x2C,0x61,0xB8,0x43,0xFC,0xFF,0xFC,0x13,0x04,0x13,0xFC,0x7F,0x04,0x13,0x04,
    0x13,0xFC,0x17,0x04,0x1B,0x04,0x33,0x1C,0x00,0x00,0x10,0x60,0x32,0x64,0x3D,0x6C,
    0x61,0xF8,0xC0,0x60,0x7B,0xFC,0x12,0x04,0x12,0x24,0x7E,0x64,0x12,0x64,0x12,0x44,
    0x14,0xD0,0x19,0x8C,0x27,0x06,0x04,0x02,0x10,0x10,0x23,0x90,0x3A,0x90,0x62,0xBC,
    0xC2,0x94,0x7B,0x94,0x22,0x94,0x22,0x94,0x7B,0x94,0x22,0xA4,0x22,0xA4,0x2A,0xE4,
    0x3F,0x64,0x30,0x5C,0x00,0xC0,0x10,0x00,0x31,0xF8,0x3D,0x08,0x61,0x08,0x41,0xF8,
    0x7C,0x20,0x10,0x20,0x13,0xFC,0x7E,0x24,0x12,0x64,0x12,0x54,0x17,0x8C,0x1B,0x04,
    0x32,0x1C,0x00,0x00,0x10,0x04,0x23,0xFC,0x3C,0x40,0x60,0x40,0xC3,0xFE,0x78,0xD0,
    0x11,0x48,0x16,0x46,0x7D,0xF8,0x10,0x90,0x10,0x9C,0x15,0x84,0x19,0x04,0x32,0x3C,
    0x04,0x00,0x30,0x80,0x20,0xFC,0x3D,0x08,0x46,0x98,0xC2,0x60,0x79,0xF8,0x36,0x46,
    0x33,0xFC,0x78,0x40,0x30,0x40,0x33,0xFC,0x38,0x40,0x3B,0xFC,0x30,0x40,0x00,0x40,
    0x00,0x00,0x10,0x40,0x30,0x20,0x3D,0xFC,0x60,0x88,0x40,0x98,0xFC,0x90,0x10,0x90,
    0x13,0xFE,0x7C,0x20,0x10,0x20,0x13,0xFC,0x14,0x20,0x1C,0x20,0x30,0x20,0x00,0x20,
    0x11,0x08,0x21,0x88,0x3C,0x90,0x43,0xFC,0xC3,0xFC,0x7A,0x04,0x12,0x04,0x12,0x04,
    0x7F,0xFC,0x10,0x90,0x10,0x90,0x15,0x92,0x19,0x12,0x36,0x1E,0x04,0x00,0x00,0x00,
    0x11,0x08,0x20,0x90,0x3F,0xFC,0x40,0x64,0xC0,0x64,0x7B,0xFC,0x12,0x60,0x12,0x60,
    0x7F,0xFC,0x10,0x64,0x10,0xE4,0x19,0xE4,0x3F,0x7C,0x34,0x60,0x00,0x60,0x00,0x00,
    0x10,0x40,0x20,0x46,0x3F,0xF4,0x60,0x48,0x40,0x58,0xBB,0xFE,0x10,0x60,0x10,0xC0,
    0x7F,0xFC,0x17,0x0C,0x11,0xFC,0x15,0x0C,0x1D,0x0C,0x31,0xFC,0x01,0x0C,0x10,0x90,
    0x20,0x90,0x3F,0xFC,0x40,0x90,0xC0,0x90,0x7B,0xFE,0x10,0x00,0x10,0x00,0x7D,0xFC,
    0x11,0x0C,0x11,0xFC,0x15,0x0C,0x1D,0x0C,0x31,0xFC,0x01,0x0C,0x10,0x90,0x20,0x90,
    0x3F,0xFE,0x40,0x90,0xC0,0x90,0x3B,0xFC,0x12,0x24,0x12,0x24,0x7E,0x24,0x13,0xFC,
    0x12,0x24,0x16,0x24,0x1B,0xFC,0x33,0xFC,0x00,0x00,0x30,0x00,0x21,0xFC,0x3D,0x04,
    0x41,0xFC,0xC1,0x04,0x7D,0xFC,0x11,0x80,0x11,0x00,0x7F,0xFC,0x16,0x94,0x10,0xA4,
    0x19,0x24,0x1A,0x44,0x34,0xDC,0x00,0x80,0x10,0x00,0x23,0xFC,0x3E,0x54,0x42,0x54,
    0xC3,0xFC,0x38,0x00,0x10,0xC0,0x10,0xFC,0x7D,0x0C,0x17,0x88,0x14,0x50,0x14,0x20,
    0x1C,0xC0,0x37,0x00,0x04,0x00,0x10,0x00,0x23,0xFC,0x3C,0x60,0x40,0x60,0xC3,0xFC,
    0x79,0x68,0x21,0x68,0x27,0xFE,0x79,0x68,0x21,0x68,0x23,0xFC,0x28,0x60,0x38,0x60,
    0x23,0xFC,0x00,0x00,0x10,0xA0,0x21,0x30,0x3D,0x10,0x61,0xFE,0x43,0x10,0xFF,0x10,
    0x11,0xFC,0x11,0x10,0x7D,0x10,0x11,0xFC,0x11,0x10,0x15,0x10,0x19,0xFE,0x31,0x00,
    0x01,0x00,0x10,0x60,0x20,0x40,0x3D,0xFC,0x41,0x04,0xC1,0xFC,0x79,0x04,0x31,0xFC,
    0x30,0x20,0x7C,0x20,0x33,0xFC,0x32,0x24,0x36,0x24,0x3A,0x3C,0x20,0x30,0x00,0x20,
    0x20,0x10,0x23,0xD0,0x7A,0x30,0x42,0x3E,0x82,0x24,0x7B,0xF4,0x22,0x94,0x22,0x90,
    0x7A,0x90,0x22,0x98,0x24,0x98,0x2C,0xAC,0x3C,0xE4,0x2C,0xC2,0x04,0x42,0x00,0x00,
    0x10,0x60,0x30,0x20,0x3F,0xFC,0x22,0x04,0x42,0x04,0x3B,0xFC,0x10,0x20,0x10,0x20,
    0x7D,0x20,0x11,0x3C,0x11,0x20,0x1E,0xA0,0x1A,0xE0,0x24,0x7E,0x04,0x00,0x20,0x20,
    0x27,0x78,0x79,0x24,0x42,0x24,0xC2,0xFE,0x7C,0x24,0x27,0x7C,0x21,0x20,0x7D,0xFC,
    0x25,0x20,0x22,0xFE,0x2A,0x20,0x3D,0xA0,0x2C,0xFE,0x00,0x00,0x30,0x00,0x23,0xFC,
    0x3E,0x04,0x42,0x04,0xC3,0xFC,0x7A,0x20,0x32,0x20,0x33,0xFE,0x7E,0x20,0x32,0xFC,
    0x32,0x84,0x3A,0x84,0x3C,0x84,0x2C,0xFC,0x04,0x84,0x30,0x00,0x21,0xFC,0x3C,0x18,
    0x40,0x30,0xC3,0xFE,0x7B,0xFE,0x10,0x20,0x10,0xE0,0x7C,0x00,0x13,0xFC,0x12,0xA4,
    0x1A,0xA4,0x1E,0xA4,0x27,0xFE,0x00,0x00,0x20,0x10,0x23,0x90,0x3F,0x10,0x41,0x56,
    0xC1,0x54,0x7F,0xD4,0x23,0x34,0x23,0x3C,0x7B,0x90,0x25,0x78,0x2D,0x28,0x29,0x2C,
    0x39,0x44,0x31,0xC2,0x01,0x00,0x10,0x40,0x23,0xB8,0x3A,0x24,0x42,0x24,0x43,0xA4,
    0x3A,0x46,0x22,0x00,0x23,0xFC,0x7A,0x24,0x22,0x28,0x23,0x98,0x26,0x18,0x3A,0x2C,
    0x32,0xC6,0x02,0x80,0x10,0x60,0x20,0x20,0x3B,0xFE,0x42,0x88,0xC3,0xFE,0x7A,0x88,
    0x22,0x88,0x22,0xF8,0x7A,0x00,0x23,0xFC,0x22,0x88,0x2C,0x50,0x3C,0x70,0x27,0xCE,
    0x0E,0x00,0x31,0x08,0x20,0x90,0x7B,0xFC,0x40,0x40,0x80,0x40,0x7B,0xFC,0x20,0x40,
    0x27,0xFE,0x78,0x40,0x20,0x40,0x27,0xFC,0x28,0x60,0x39,0x90,0x37,0x0E,0x04,0x02,
    0x00,0x00,0x10,0x40,0x23,0xFE,0x3C,0x40,0x41,0xF0,0xC2,0x08,0x7B,0xF8,0x12,0x08,
    0x13,0xF8,0x7E,0x08,0x13,0xF8,0x12,0x08,0x17,0xFE,0x19,0x98,0x37,0x06,0x04,0x02,
    0x20,0x00,0x27,0xFE,0x79,0x08,0x41,0xF8,0xC1,0x08,0x79,0xF8,0x21,0x0A,0x27,0xFC,
    0x78,0x00,0x27,0xBC,0x26,0xA4,0x2B,0x98,0x3B,0x98,0x2E,0x66,0x04,0x42,0x30,0x40,
    0x20,0x40,0x3F,0xFC,0x43,0xFC,0xC2,0x0C,0x7B,0xFC,0x32,0x0C,0x33,0xFC,0x78,0x00,
    0x30,0x40,0x37,0xFE,0x38,0xD0,0x3B,0x4C,0x36,0x46,0x00,0x40,0x10,0x40,0x20,0x20,
    0x3F,0xFE,0x40,0x00,0x41,0xF8,0x79,0x08,0x11,0xF8,0x10,0x00,0x7F,0xFC,0x12,0x04,
    0x12,0xF4,0x16,0x94,0x1A,0xF4,0x32,0x0C,0x00,0x00,0x00,0x00,0x30,0x40,0x20,0x40,
    0x7B,0xFC,0x40,0x90,0x80,0x90,0x7F,0xFC,0x26,0x44,0x20,0x60,0x7F,0xFE,0x20,0x80,
    0x21,0xF8,0x29,0x08,0x3B,0x08,0x2E,0x78,0x04,0x00,0x00,0x00,0x30,0x40,0x23,0xFC,
    0x38,0x90,0x40,0x90,0xC7,0xFE,0x78,0x00,0x13,0xFC,0x12,0x0C,0x7B,0xFC,0x12,0x0C,
    0x13,0xFC,0x18,0x92,0x19,0x12,0x37,0x1E,0x04,0x00,0x00,0x00,0x10,0x40,0x20,0x40,
    0x3F,0xFE,0x42,0xE4,0xC3,0x98,0x79,0x08,0x27,0xFE,0x25,0x08,0x79,0xF8,0x21,0x08,
    0x21,0xF8,0x29,0x78,0x3A,0x6C,0x24,0xC2,0x00,0x00,0x20,0x00,0x23,0xFC,0x78,0x40,
    0x47,0xFC,0xC4,0x44,0x7D,0xDC,0x21,0xD8,0x20,0x40,0x7B,0xFC,0x22,0x44,0x23,0xFC,
    0x22,0x44,0x3A,0x44,0x33,0xFC,0x02,0x04,0x30,0x60,0x23,0xFE,0x7A,0x80,0x42,0x48,
    0x83,0xFE,0x7A,0x50,0x23,0xFC,0x22,0x54,0x7B,0xFE,0x24,0x54,0x25,0xF8,0x2C,0xD8,
    0x3D,0x54,0x2E,0x52,0x04,0x50,0x00,0x00,0x20,0x40,0x27,0xFE,0x78,0x00,0x43,0xBC,
    0xC2,0xA4,0x7B,0xBC,0x27,0xFC,0x20,0x90,0x7F,0xFC,0x20,0x90,0x27,0xFE,0x29,0xAC,
    0x3F,0x10,0x21,0xCE,0x01,0x00,0x00,0x00,0x08,0x00,0x08,0x18,0x08,0x30,0x09,0xC0,
    0x0B,0x00,0x08,0x00,0x7F,0xFE,0x09,0x80,0x08,0x80,0x08,0xC0,0x08,0x60,0x08,0xB0,
    0x0B,0x9C,0x1C,0x06,0x10,0x00,0x20,0x00,0x13,0xFC,0x18,0x04,0x28,0x04,0x20,0x04,
    0x20,0x04,0x20,0x04,0x20,0x04,0x20,0x04,0x20,0x04,0x20,0x04,0x20,0x04,0x20,0x04,
    0x20,0x3C,0x00,0x00,0x20,0x00,0x13,0xFC,0x08,0x04,0x29,0x04,0x21,0x04,0x21,0x04,
    0x21,0x04,0x21,0x84,0x22,0x44,0x26,0x24,0x3C,0x14,0x28,0x14,0x20,0x04,0x20,0x3C,
    0x00,0x00,0x20,0x00,0x13,0xFC,0x08,0x04,0x20,0x44,0x20,0x44,0x2F,0xF4,0x20,0xC4,
    0x21,0x44,0x23,0x44,0x26,0x44,0x3C,0x44,0x28,0x44,0x23,0xC4,0x21,0x3C,0x00,0x10,
    0x20,0x00,0x33,0xFC,0x18,0x04,0x28,0x04,0x20,0x04,0x27,0xE4,0x24,0x64,0x24,0x64,
    0x24,0x64,0x24,0x64,0x27,0xE4,0x20,0x04,0x20,0x04,0x20,0x3C,0x00,0x00,0x20,0x00,
    0x13,0xFC,0x08,0x04,0x20,0x04,0x2F,0xC4,0x24,0x44,0x24,0x44,0x24,0x44,0x27,0xE4,
    0x20,0x24,0x2F,0xA4,0x20,0x24,0x21,0x64,0x20,0xDC,0x00,0x10,0x20,0x00,0x33,0xFC,
    0x18,0x04,0x28,0x04,0x2F,0xE4,0x21,0x04,0x21,0x04,0x2F,0xE4,0x21,0x04,0x21,0x04,
    0x21,0x04,0x2F,0xF4,0x20,0x04,0x20,0x3C,0x00,0x20,0x20,0x00,0x13,0xFC,0x08,0x04,
    0x29,0x04,0x21,0x04,0x2F,0xF4,0x21,0x04,0x23,0xC4,0x23,0x44,0x25,0x24,0x2D,0x14,
    0x39,0x14,0x21,0x04,0x21,0x3C,0x00,0x20,0x20,0x00,0x13,0xFC,0x08,0x04,0x28,0x04,
    0x27,0xE4,0x27,0xE4,0x24,0x24,0x24,0x24,0x27,0xE4,0x24,0x24,0x24,0x24,0x27,0xE4,
    0x20,0x04,0x20,0x3C,0x00,0x00,0x20,0x00,0x13,0xFC,0x18,0x04,0x2B,0x04,0x21,0x84,
    0x22,0xC4,0x2A,0xA4,0x2A,0x14,0x2A,0x14,0x2A,0x5C,0x32,0x54,0x23,0xC4,0x20,0x04,
    0x20,0x1C,0x00,0x00,0x20,0x00,0x77,0xFC,0x18,0x04,0x30,0x04,0x2F,0xE4,0x29,0x24,
    0x29,0x24,0x2F,0xE4,0x29,0x24,0x29,0x24,0x2F,0xE4,0x21,0x04,0x21,0x04,0x21,0x3C,
    0x00,0x00,0x20,0x00,0x33,0xFC,0x18,0x04,0x29,0x04,0x2F,0xF4,0x21,0x04,0x21,0x04,
    0x2F,0xE4,0x29,0x24,0x29,0x24,0x29,0x24,0x29,0x64,0x21,0x04,0x21,0x3C,0x00,0x00,
    0x20,0x00,0x37,0xFC,0x18,0x04,0x29,0x04,0x2F,0xE4,0x21,0x04,0x21,0x04,0x2F,0xF4,
    0x21,0x04,0x2F,0xE4,0x21,0x04,0x21,0x04,0x2F,0xF4,0x20,0x3C,0x20,0x18,0x20,0x00,
    0x13,0xFC,0x08,0x04,0x20,0x04,0x2F,0xF4,0x24,0x24,0x27,0xE4,0x24,0x24,0x24,0x24,
    0x27,0xE4,0x24,0x24,0x3F,0xF4,0x20,0x24,0x20,0x3C,0x00,0x10,0x20,0x00,0x17,0xFC,
    0x08,0x04,0x21,0x04,0x2F,0xE4,0x29,0x24,0x29,0x24,0x29,0x24,0x2F,0xE4,0x21,0x24,
    0x21,0x24,0x3F,0xF4,0x20,0x14,0x20,0x3C,0x00,0x00,0x20,0x00,0x13,0xFC,0x18,0x04,
    0x26,0xE4,0x24,0x94,0x2C,0xB4,0x2F,0xC4,0x34,0x94,0x24,0xA4,0x24,0xC4,0x25,0xD4,
    0x26,0x54,0x24,0x34,0x20,0x1C,0x20,0x10,0x20,0x00,0x37,0xFC,0x1A,0x04,0x26,0x04,
    0x2F,0xE4,0x3E,0x44,0x23,0x84,0x2E,0xFC,0x38,0x14,0x27,0xE4,0x24,0x24,0x24,0x24,
    0x27,0xE4,0x20,0x3C,0x00,0x00,0x20,0x00,0x37,0xFC,0x18,0x04,0x29,0x04,0x2F,0xF4,
    0x22,0x04,0x24,0x44,0x2F,0x84,0x21,0x34,0x26,0x64,0x3C,0xC4,0x23,0x64,0x3C,0x34,
    0x28,0x3C,0x00,0x10,0x20,0x00,0x67,0xFC,0x18,0x04,0x34,0x44,0x22,0x44,0x2F,0xE4,
    0x2C,0x24,0x2C,0x24,0x2F,0xE4,0x22,0x84,0x22,0x94,0x24,0x94,0x3C,0xF4,0x28,0x1C,
    0x20,0x10,0x20,0x00,0x37,0xFC,0x19,0x04,0x21,0x04,0x2F,0xF4,0x25,0x64,0x2F,0xF4,
    0x39,0x2C,0x2F,0xE4,0x29,0x24,0x2F,0xE4,0x21,0x0C,0x20,0xF4,0x20,0x1C,0x00,0x00,
    0x20,0x00,0x77,0xFC,0x1B,0x04,0x22,0x04,0x27,0xE4,0x2C,0x44,0x2A,0x44,0x2F,0xE4,
    0x28,0x24,0x2E,0xE4,0x28,0x24,0x28,0x24,0x2F,0xE4,0x20,0x3C,0x20,0x10,0x20,0x00,
    0x37,0xFC,0x1C,0x64,0x22,0x44,0x2F,0xE4,0x29,0x24,0x29,0x24,0x2F,0xE4,0x29,0x24,
    0x2F,0xE4,0x21,0x04,0x3F,0xF4,0x21,0x04,0x21,0x3C,0x00,0x10,0x20,0x00,0x17,0xFC,
    0x09,0x04,0x21,0x04,0x2F,0xF4,0x2F,0xF4,0x2D,0x14,0x2B,0x54,0x2B,0x54,0x2F,0xF4,
    0x23,0xC4,0x27,0x24,0x39,0x14,0x21,0x1C,0x00,0x00,0x20,0x00,0x37,0xFC,0x18,0x04,
    0x28,0x34,0x2F,0xC4,0x24,0xC4,0x3B,0xF4,0x2C,0xC4,0x24,0xC4,0x27,0xF4,0x2A,0x14,
    0x2A,0x14,0x3B,0xF4,0x20,0x1C,0x00,0x00,0x01,0x00,0x03,0x00,0x1F,0xF8,0x10,0x08,
    0x1F,0xF8,0x10,0x00,0x1F,0xF8,0x10,0x08,0x10,0x08,0x1F,0xF8,0x01,0x00,0x7F,0xFE,
    0x01,0x00,0x01,0x00,0x01,0x00,0x00,0x40,0x3E,0x40,0x26,0x40,0x24,0x40,0x24,0x60,
    0x28,0x60,0x24,0x60,0x24,0x60,0x22,0xE0,0x22,0x90,0x2F,0x98,0x29,0x08,0x22,0x0C,
    0x26,0x06,0x24,0x02,0x7D,0xFC,0x45,0xFC,0x48,0x00,0x48,0x00,0x48,0x00,0x5B,0xFE,
    0x49,0x90,0x45,0x90,0x45,0x90,0x5D,0x14,0x59,0x12,0x43,0x12,0x4E,0x1C,0x44,0x00,
    0x00,0x40,0x3C,0x20,0x27,0xFE,0x27,0xFE,0x28,0x80,0x28,0x80,0x28,0xFC,0x24,0x8C,
    0x24,0x88,0x25,0x88,0x2D,0x08,0x39,0x08,0x22,0x08,0x26,0x78,0x24,0x00,0x3D,0xFC,
    0x25,0x04,0x25,0x04,0x2D,0x04,0x29,0x04,0x29,0xFC,0x25,0xFC,0x25,0x04,0x25,0x04,
    0x25,0x04,0x3D,0x04,0x21,0xFC,0x21,0x04,0x20,0x00,0x00,0x00,0x3C,0xFC,0x24,0x84,
    0x24,0x84,0x28,0x84,0x28,0xFC,0x2C,0x84,0x24,0x84,0x24,0x84,0x25,0xFC,0x3D,0x04,
    0x31,0x04,0x23,0x04,0x26,0x1C,0x24,0x00,0x00,0x00,0x00,0x60,0x3C,0x40,0x27,0xFE,
    0x2C,0x80,0x28,0xA0,0x29,0xA0,0x29,0x20,0x2D,0xFC,0x24,0x20,0x24,0x20,0x27,0xFE,
    0x3B,0xFE,0x20,0x20,0x20,0x20,0x20,0x20,0x00,0x00,0x00,0x20,0x3C,0x60,0x24,0x50,
    0x2C,0x90,0x29,0x88,0x2B,0x04,0x2A,0x9A,0x24,0x98,0x24,0x98,0x24,0x98,0x3C,0x98,
    0x31,0x98,0x21,0x18,0x26,0x18,0x22,0x18,0x3D,0xFC,0x25,0x0C,0x29,0x0C,0x29,0x0C,
    0x29,0xFC,0x29,0x0C,0x2D,0x0C,0x25,0x0C,0x25,0xFC,0x2D,0x0C,0x39,0x0C,0x21,0x0C,
    0x27,0xFE,0x20,0x00,0x00,0x00,0x3F,0xFE,0x24,0x0C,0x2C,0x0C,0x29,0xEC,0x29,0xEC,
    0x29,0x2C,0x29,0x2C,0x25,0x2C,0x25,0x2C,0x2D,0xEC,0x38,0x0C,0x20,0x0C,0x20,0x3C,
    0x20,0x00,0x00,0x00,0x00,0x60,0x3C,0x20,0x27,0xFE,0x2A,0x02,0x2A,0x02,0x2A,0x82,
    0x28,0x8C,0x2C,0x98,0x24,0xE0,0x24,0x80,0x24,0x84,0x38,0x86,0x20,0x84,0x20,0xFC,
    0x20,0x00,0x00,0x88,0x3D,0x88,0x29,0x08,0x29,0x7E,0x2B,0x7E,0x3B,0x08,0x2F,0x48,
    0x29,0x28,0x25,0x28,0x25,0x28,0x2D,0x08,0x39,0x08,0x21,0x08,0x21,0x38,0x21,0x20,
    0x7D,0xFC,0x65,0xFC,0x68,0x00,0x68,0x00,0x6B,0xFE,0x68,0x20,0x68,0x20,0x65,0xA8,
    0x65,0x2C,0x6F,0x24,0x7A,0x26,0x66,0x22,0x60,0xE0,0x60,0x80,0x00,0x20,0x3C,0x20,
    0x27,0xFC,0x28,0x20,0x28,0x20,0x28,0x20,0x2B,0xFE,0x28,0x20,0x2D,0x24,0x25,0x24,
    0x25,0x24,0x39,0x24,0x21,0x24,0x21,0xFC,0x20,0x00,0x00,0x90,0x3C,0x90,0x24,0x88,
    0x2B,0xFE,0x28,0xA0,0x28,0xA0,0x29,0xA4,0x25,0x28,0x25,0x38,0x25,0x30,0x3F,0x64,
    0x22,0xE2,0x27,0xA2,0x2C,0x3C,0x24,0x00,0x00,0x40,0x3C,0x40,0x27,0xFE,0x28,0x80,
    0x28,0xA0,0x29,0x20,0x39,0x20,0x29,0xFC,0x24,0x20,0x25,0xA8,0x25,0x2C,0x3B,0x24,
    0x26,0x22,0x24,0xE2,0x20,0x80,0x39,0xFE,0x28,0x10,0x2A,0x10,0x2A,0xFC,0x32,0xA4,
    0x3A,0xB4,0x2A,0xBC,0x2A,0xCC,0x2A,0xC4,0x2A,0x84,0x3A,0x9C,0x22,0x00,0x23,0xFE,
    0x00,0x00,0x00,0x00,0x3D,0xFE,0x24,0x20,0x28,0x20,0x29,0xFC,0x29,0xFC,0x29,0x04,
    0x25,0x04,0x25,0xFC,0x25,0x04,0x2D,0x04,0x39,0x04,0x21,0xFC,0x21,0x04,0x00,0x00,
    0x00,0x00,0x00,0xC0,0x3C,0x80,0x25,0x7C,0x2B,0x98,0x2A,0x70,0x28,0xF0,0x3F,0x8E,
    0x28,0x20,0x2F,0xFC,0x24,0x20,0x2F,0x20,0x3B,0xFE,0x20,0x20,0x20,0x20,0x20,0x20,
    0x00,0x00,0x7D,0xFC,0x65,0x0C,0x69,0x0C,0x69,0xFC,0x79,0x0C,0x69,0x0C,0x69,0xFC,
    0x65,0x44,0x65,0x2C,0x6D,0x30,0x79,0x10,0x61,0x6C,0x63,0x86,0x02,0x00,0x00,0x00,
    0x00,0x20,0x3C,0x20,0x27,0xFC,0x28,0x20,0x2B,0x24,0x29,0x2C,0x38,0xA8,0x28,0x20,
    0x27,0xFE,0x24,0x60,0x24,0x70,0x38,0x90,0x21,0x88,0x26,0x06,0x24,0x02,0x01,0x30,
    0x3D,0x32,0x25,0x3C,0x29,0xF8,0x29,0x30,0x39,0x32,0x29,0xF6,0x2F,0x1C,0x24,0x20,
    0x25,0xFC,0x2D,0xFC,0x38,0x20,0x20,0x20,0x27,0xFE,0x20,0x00,0x00,0x20,0x3C,0x20,
    0x27,0xFC,0x28,0x20,0x28,0x20,0x28,0x20,0x3B,0xFE,0x28,0x20,0x25,0x20,0x25,0x3C,
    0x2D,0x20,0x3B,0x20,0x22,0xE0,0x26,0x7E,0x24,0x00,0x00,0x40,0x3C,0x60,0x2B,0xFC,
    0x2A,0x04,0x2A,0x04,0x39,0xF8,0x28,0x00,0x28,0x00,0x27,0xFE,0x24,0x90,0x2C,0x90,
    0x39,0x92,0x21,0x12,0x26,0x1E,0x24,0x00,0x00,0x00,0x00,0x60,0x3C,0x60,0x24,0x90,
    0x29,0x88,0x2B,0x04,0x2F,0xFA,0x38,0x60,0x28,0x60,0x27,0xFC,0x24,0x60,0x2D,0x78,
    0x3B,0x6C,0x26,0x64,0x24,0xE2,0x20,0x80,0x3D,0xFC,0x25,0x04,0x29,0x04,0x29,0xFC,
    0x28,0x00,0x29,0xFC,0x2D,0x04,0x25,0x24,0x25,0x24,0x2D,0x24,0x38,0x50,0x20,0xD8,
    0x27,0x06,0x24,0x02,0x00,0x00,0x00,0x60,0x3C,0x60,0x28,0xB0,0x29,0x18,0x2B,0x0C,
    0x3D,0xFE,0x38,0x02,0x2A,0x4C,0x2B,0x48,0x2D,0x48,0x29,0x38,0x39,0x10,0x20,0x10,
    0x27,0xFE,0x20,0x00,0x00,0x40,0x3C,0x20,0x27,0xFC,0x28,0x88,0x28,0x98,0x28,0x90,
    0x2B,0xFE,0x28,0x00,0x24,0x00,0x25,0xFC,0x25,0x0C,0x39,0x0C,0x21,0x0C,0x21,0xFC,
    0x21,0x0C,0x00,0x20,0x7C,0x20,0x6B,0xFC,0x68,0x20,0x6B,0xFE,0x68,0x10,0x78,0x98,
    0x6B,0x46,0x6E,0xFA,0x65,0x88,0x6F,0x98,0x7A,0x70,0x60,0xF0,0x67,0x8E,0x64,0x02,
    0x01,0x80,0x79,0x00,0x6B,0xFC,0x6B,0x84,0x6F,0x04,0x71,0xF4,0x6A,0x44,0x6B,0xF4,
    0x6B,0xF4,0x6A,0x54,0x6A,0x54,0x7B,0xF4,0x60,0x04,0x60,0x3C,0x00,0x20,0x00,0x00,
    0x00,0x40,0x3C,0xC0,0x24,0xFC,0x29,0x08,0x2B,0x10,0x3A,0x40,0x2B,0x9C,0x2B,0x04,
    0x27,0x04,0x27,0xDC,0x2F,0x04,0x3B,0x04,0x23,0xFC,0x23,0xFC,0x00,0x00,0x00,0x00,
    0x7B,0xF8,0x6A,0x48,0x6B,0xF8,0x6A,0x48,0x72,0x48,0x6B,0xF8,0x68,0x40,0x6B,0xFC,
    0x6A,0x44,0x6A,0x54,0x7B,0xF4,0x62,0x0C,0x62,0x1C,0x60,0x00,0x00,0x00,0x00,0x80,
    0x79,0xFC,0x4B,0x08,0x4E,0x90,0x48,0x60,0x57,0x9E,0x5D,0xF8,0x48,0x00,0x4B,0x60,
    0x4B,0xFC,0x5C,0x60,0x51,0xFC,0x40,0x60,0x47,0xFE,0x40,0x00,0x00,0x00,0x00,0x80,
    0x78,0x80,0x4B,0xFE,0x49,0xFC,0x4B,0x20,0x57,0xFE,0x5C,0x00,0x4B,0xF8,0x4B,0x08,
    0x4B,0xF8,0x4B,0x08,0x5B,0xF8,0x43,0x08,0x43,0x38,0x00,0x00,0x04,0x30,0x7A,0x20,
    0x6A,0xFE,0x69,0x60,0x68,0x7C,0x76,0xC4,0x73,0xFC,0x6A,0xC4,0x6A,0x44,0x6A,0x7C,
    0x6A,0x44,0x72,0x5C,0x67,0x00,0x6C,0xFE,0x60,0x00,0x00,0x80,0x7D,0xF8,0x49,0x18,
    0x4A,0x10,0x4D,0xFC,0x50,0x04,0x4B,0xFC,0x48,0x04,0x4B,0xFC,0x44,0x40,0x4B,0x44,
    0x53,0x34,0x45,0x12,0x44,0xF2,0x40,0x00,0x00,0x00,0x7B,0xFC,0x48,0x00,0x49,0xF8,
    0x49,0x08,0x51,0xF8,0x58,0x00,0x4B,0xFC,0x4A,0x94,0x4A,0x94,0x4B,0xF4,0x5A,0x44,
    0x42,0x44,0x42,0x4C,0x40,0x10,0x00,0x00,0x01,0x08,0x39,0x88,0x28,0x90,0x2B,0xFE,
    0x28,0x90,0x30,0x98,0x29,0x0C,0x2E,0x06,0x2B,0xFC,0x2A,0x94,0x2A,0x94,0x3A,0x94,
    0x22,0x94,0x27,0xFE,0x20,0x00,0x00,0x20,0x7C,0xA8,0x6D,0x2C,0x6E,0x26,0x6B,0xFC,
    0x79,0x04,0x79,0x04,0x69,0xFC,0x6D,0x04,0x65,0xFC,0x6C,0x20,0x79,0x28,0x62,0x26,
    0x64,0xE2,0x60,0x00,0x00,0x40,0x3C,0x20,0x2F,0xFC,0x28,0x90,0x2B,0xFE,0x28,0x00,
    0x3B,0xFC,0x2B,0x04,0x27,0xFC,0x27,0x04,0x2B,0xFC,0x38,0x20,0x27,0xFE,0x20,0x20,
    0x20,0x20,0x02,0x44,0x7A,0x68,0x4A,0xFE,0x49,0x10,0x50,0x24,0x56,0xF4,0x52,0x38,
    0x4A,0x50,0x4A,0xBC,0x4A,0x76,0x4A,0xD2,0x5A,0x10,0x45,0x20,0x4C,0xFE,0x40,0x00,
    0x01,0x00,0x01,0x00,0x3F,0xF8,0x01,0x08,0x7F,0xFE,0x01,0x08,0x01,0x08,0x3F,0xF8,
    0x31,0x8C,0x19,0xD8,0x0F,0x70,0x1D,0x30,0x71,0x0C,0x47,0x02,0x00,0x00,0x00,0xA0,
    0x01,0x90,0x7D,0x10,0x0D,0xFE,0x4B,0x10,0x2B,0x10,0x3D,0xFC,0x19,0x10,0x19,0x10,
    0x19,0xFC,0x2D,0x10,0x65,0x10,0x45,0xFE,0xC1,0x00,0x01,0x00,0x01,0x00,0x0D,0x30,
    0x19,0x1C,0x61,0x66,0x01,0xC0,0x0E,0x40,0xFF,0xFC,0x10,0x80,0x1F,0xFC,0x10,0x80,
    0x10,0x80,0x1F,0xFC,0x10,0x80,0x1F,0xFE,0x10,0x00,0x3F,0xFE,0x22,0x90,0x24,0x90,
    0x24,0xFE,0x2D,0x90,0x2D,0x90,0x3E,0xFC,0x24,0x90,0x24,0x90,0x24,0xFC,0x24,0x90,
    0x64,0xFE,0x44,0x80,0x44,0x80,0x00,0x00,0x08,0xD0,0x08,0x90,0x10,0x90,0x7F,0xFE,
    0x11,0x90,0x2B,0x90,0x2A,0xFC,0x68,0x90,0x58,0x90,0x94,0xFC,0x14,0x90,0x26,0x90,
    0x7E,0xFE,0x42,0x80,0x00,0x80,0x00,0xB0,0x7E,0x90,0x08,0x90,0x29,0xFE,0x29,0x10,
    0x2B,0x10,0x7F,0xFC,0x19,0x10,0x19,0x10,0x39,0xFC,0x29,0x10,0x49,0x10,0x89,0xFE,
    0x39,0xFE,0x01,0x00,0x09,0x80,0x18,0x80,0x1F,0xFC,0x30,0x80,0xDF,0xFC,0x50,0x80,
    0x1F,0xFC,0x10,0x80,0x1F,0xFC,0x01,0x00,0x7F,0xFE,0x03,0xC0,0x1D,0x38,0x71,0x0E,
    0x01,0x00,0x01,0x80,0x3F,0xFC,0x20,0x04,0x20,0x04,0x3F,0xFC,0x26,0x40,0x27,0xFC,
    0x2C,0x40,0x3F,0xFC,0x34,0x40,0x24,0x40,0x27,0xFC,0x44,0x40,0x47,0xFE,0xC4,0x00,
    0x00,0x00,0x0A,0x50,0x0A,0x50,0x2A,0x48,0x2A,0xFE,0x2B,0x90,0x2B,0x90,0x2B,0xFC,
    0x2A,0x90,0x2A,0x90,0x2A,0xFC,0x2A,0x90,0x2A,0x90,0x7F,0x90,0x44,0xFE,0x00,0x80,
    0x01,0x00,0x01,0x80,0x7F,0xFE,0x10,0xB0,0x15,0x10,0x25,0xFC,0x7B,0x10,0x13,0xFC,
    0x35,0x10,0x7D,0x10,0x0D,0xFC,0x09,0x10,0x11,0xFE,0x61,0x00,0x41,0x00,0x10,0xA0,
    0x20,0x90,0x3C,0x90,0x45,0xFE,0xC9,0x10,0x7F,0x10,0x07,0xFC,0x05,0x10,0x05,0x10,
    0x7D,0xFC,0x05,0x10,0x05,0x10,0x05,0x10,0x7D,0xFE,0x01,0x00,0x00,0x38,0x3F,0x68,
    0x21,0x48,0x29,0x7E,0x3D,0x48,0x29,0xC8,0x3F,0xFE,0x21,0x48,0x3D,0x48,0x35,0x7E,
    0x55,0x48,0x5D,0x48,0x41,0x48,0x47,0x7E,0xC0,0x40,0x7F,0xFE,0x01,0x00,0x01,0x00,
    0x3F,0xFC,0x21,0x04,0x29,0x44,0x2D,0x24,0x23,0x14,0x29,0x44,0x2D,0x64,0x27,0x14,
    0x21,0x04,0x21,0x1C,0x00,0x00,0x3F,0xFC,0x01,0x00,0x7F,0xFC,0x41,0x04,0x5D,0x74,
    0x1D,0x70,0x01,0x00,0x3F,0xF8,0x00,0x08,0x00,0x08,0x1F,0xF8,0x00,0x08,0x3F,0xF8,
    0x00,0x08,0x00,0x00,0x3F,0xFC,0x01,0x00,0x3F,0xFC,0x3D,0x74,0x3C,0x74,0x03,0x80,
    0x06,0x60,0x39,0x1C,0xC0,0x86,0x1F,0xF8,0x00,0x20,0x0F,0xC0,0x01,0xE0,0x00,0x20,
    0x00,0x00,0x3F,0xFC,0x01,0x00,0x7F,0xFC,0x61,0x04,0x7D,0x74,0x1D,0x70,0x00,0x00,
    0x3F,0xF8,0x31,0x08,0x3F,0xF8,0x31,0x08,0x31,0x08,0x3F,0xF8,0x30,0x08,0x00,0x00,
    0x3F,0xF8,0x1F,0xF8,0x21,0x04,0x3D,0x74,0x3D,0x70,0x18,0x00,0x1F,0xF8,0x20,0x08,
    0xDF,0x88,0x10,0x88,0x1F,0xBA,0x10,0x02,0x1F,0xFC,0x00,0x00,0x00,0x00,0x3F,0xFC,
    0x1F,0xF8,0x21,0x04,0x3D,0x74,0x1D,0x70,0x04,0x00,0x1F,0xF8,0x66,0xE0,0x9F,0xF0,
    0x62,0x0E,0x3F,0xF8,0x04,0x08,0x38,0xF8,0x40,0x00,0x00,0x00,0x3F,0xFC,0x01,0x00,
    0x3F,0xFC,0x3D,0x74,0x21,0x04,0x1D,0x70,0x7F,0xFE,0x01,0x00,0x01,0x00,0x3F,0xF8,
    0x22,0x48,0x22,0x48,0x22,0x58,0x00,0x00,0x00,0x00,0x3F,0xFC,0x7F,0xFC,0x61,0x04,
    0x7D,0x74,0x7D,0x70,0x11,0x08,0x0D,0x30,0x1F,0xF8,0x10,0x08,0x1F,0xF8,0x10,0x08,
    0x1F,0xF8,0x10,0x78,0x00,0x00,0x00,0x00,0x3F,0xFC,0x1F,0xF8,0x21,0x04,0x2F,0x74,
    0x0F,0x70,0x00,0x00,0x3F,0xFC,0x2F,0xF8,0x20,0x00,0x3F,0xFC,0x24,0x8C,0x24,0x70,
    0x47,0x9E,0x48,0x00,0x00,0x00,0x3F,0xFC,0x01,0x00,0x3F,0xFC,0x3F,0x74,0x3F,0x70,
    0x08,0x00,0x1F,0xFC,0x7F,0xF8,0x13,0x08,0x7F,0xFE,0x13,0x18,0x3F,0xFC,0x00,0x10,
    0x00,0xE0,0x00,0x00,0x3F,0xFC,0x01,0x00,0x3F,0xFC,0x3D,0x74,0x1D,0x70,0x08,0x80,
    0x1F,0xFC,0x30,0x80,0x7F,0xFC,0xD0,0x80,0x1F,0xFC,0x10,0x80,0x1F,0xFE,0x10,0x00,
    0x00,0x00,0x3F,0xFC,0x3F,0xFC,0x21,0x04,0x3D,0x74,0x1D,0x70,0x02,0x00,0x1C,0xF8,
    0x1E,0xF8,0x10,0x08,0x1F,0xF8,0x04,0x40,0x0C,0x42,0x78,0x7E,0x40,0x00,0x00,0x00,
    0x3F,0xFC,0x01,0x00,0x3F,0xFC,0x3F,0x74,0x3F,0x74,0x01,0x00,0x08,0x20,0x7F,0xFC,
    0x08,0x30,0x1C,0x70,0x2A,0xAC,0xEB,0x26,0x49,0x22,0x08,0x20,0x00,0x00,0x3F,0xFC,
    0x7F,0xFC,0x61,0x04,0x7D,0x74,0x1D,0x70,0x10,0x00,0x11,0xFC,0x7D,0x0C,0x19,0xFC,
    0x35,0x0C,0xD5,0xFC,0x51,0x0C,0x11,0xFC,0x11,0x0C,0x00,0x00,0x3F,0xFC,0x7F,0xFC,
    0x61,0x04,0x7D,0x74,0x1D,0x70,0x3E,0xFC,0x22,0x0C,0x3E,0xFC,0x20,0x00,0x3E,0xFC,
    0x20,0x48,0x3E,0x70,0x21,0xDC,0x22,0x02,0x00,0x00,0x3F,0xFC,0x7F,0xFC,0x61,0x04,
    0x7D,0x74,0x1D,0x70,0x3C,0x40,0x24,0xBC,0x3F,0x58,0x08,0xF8,0x2F,0x06,0x28,0xFC,
    0xAA,0x84,0x7C,0xFC,0x00,0x00,0x00,0x00,0x3F,0xF8,0x3F,0xFC,0x3D,0x74,0x21,0x04,
    0x1C,0x70,0x7F,0x7C,0x22,0x44,0x3E,0x7C,0x3F,0x44,0x29,0x44,0x3F,0x7C,0x7F,0x44,
    0x08,0x8C,0x09,0x90,0x00,0x00,0x3F,0xFC,0x3F,0xFC,0x21,0x04,0x3F,0x74,0x1F,0x70,
    0x1C,0x20,0x22,0xFC,0x22,0x48,0x3E,0x48,0x21,0xFE,0x5E,0x30,0xD2,0xFE,0x1E,0x30,
    0x00,0x30,0x00,0x00,0x01,0x00,0x01,0x00,0x3F,0xFC,0x3F,0xF8,0x01,0x00,0x7F,0xFE,
    0x00,0x00,0x1F,0xF8,0x10,0x08,0x1F,0xF8,0x10,0x08,0x1F,0xF8,0x10,0x08,0x10,0x38,
    0x00,0x00,0x20,0x20,0x10,0x20,0x13,0xFC,0x7F,0xFC,0x00,0x20,0x4B,0xFE,0x48,0x00,
    0x29,0xFC,0x29,0x04,0x29,0xFC,0x31,0x04,0x1D,0xFC,0xF1,0x04,0x01,0x1C,0x00,0x00,
    0x08,0x60,0x7E,0x78,0x08,0x88,0x7F,0x90,0x08,0xFC,0x7E,0x24,0x00,0x24,0x3D,0xFE,
    0x24,0x24,0x3C,0x24,0x25,0xFC,0x3C,0x20,0x24,0x20,0x2C,0xE0,0x00,0x00,0x00,0x00,
    0x08,0x20,0x08,0x10,0x7E,0xFC,0x7E,0x84,0x08,0x00,0x7E,0xFC,0x00,0x10,0x3C,0x10,
    0x24,0x90,0x3C,0x9C,0x24,0x90,0x3C,0xD0,0x25,0x70,0x2D,0x3E,0x03,0x00,0x02,0x40,
    0x02,0x40,0x02,0x40,0x7E,0x7C,0x02,0x40,0x02,0x40,0x3E,0x7C,0x02,0x40,0x02,0x40,
    0x02,0x40,0x7E,0x7E,0x7E,0x7E,0x02,0x40,0x02,0x40,0x02,0x40,0x09,0x80,0x1F,0xFC,
    0x31,0x80,0x7F,0xFE,0x00,0x00,0x1F,0xF8,0x10,0x08,0x1F,0xF8,0x02,0x40,0x7E,0x7C,
    0x3E,0x7C,0x02,0x40,0x7E,0x7E,0x02,0x40,0x02,0x40,0x01,0x80,0x00,0x80,0x3F,0xFE,
    0x22,0x10,0x2F,0xFC,0x27,0x38,0x2A,0xD4,0x32,0x92,0x2F,0x3C,0x21,0x20,0x2F,0x3C,
    0x61,0x20,0x5F,0x3E,0xC1,0x20,0x00,0x20,0x7F,0xFE,0x01,0x00,0x01,0x00,0x3F,0xFC,
    0x24,0x4C,0x24,0x4C,0x27,0xCC,0x24,0x4C,0x24,0x4C,0x27,0xCC,0x24,0x4C,0x3F,0xFC,
    0x3F,0xFC,0x00,0x00,0x00,0x00,0x08,0x20,0x08,0x20,0x7F,0xFC,0x08,0x20,0x0F,0xE0,
    0x01,0x00,0x3F,0xF8,0x31,0x08,0x31,0x08,0x3F,0xF8,0x01,0x00,0x7F,0xFE,0x01,0x00,
    0x01,0x00,0x01,0x00,0x24,0x00,0x24,0x3C,0x7F,0x60,0x24,0x40,0x3C,0x40,0x08,0x40,
    0x3E,0x7E,0x2A,0x48,0x2A,0xC8,0x3E,0xC8,0x08,0x88,0x7F,0x88,0x08,0x88,0x09,0x08,
    0x09,0x00,0x24,0x50,0x24,0x50,0x7E,0x90,0x24,0x96,0x3C,0x94,0x09,0x98,0x7F,0x98,
    0x4B,0x90,0x4A,0xB0,0x7E,0xD0,0x08,0x92,0x7E,0x92,0x08,0x92,0x08,0x9E,0x08,0x80,
    0x24,0x00,0x24,0xFC,0x7E,0xA4,0x24,0xA4,0x3C,0xA4,0x08,0xA4,0x7E,0xA4,0x4A,0xFC,
    0x4A,0x80,0x7E,0x80,0x08,0x84,0x7E,0x82,0x08,0x86,0x08,0xFC,0x08,0x00,0x24,0x20,
    0x24,0x20,0x7E,0xFC,0x24,0x20,0x3C,0x20,0x08,0x20,0x7F,0xFE,0x4A,0x20,0x4A,0x20,
    0x7E,0xFC,0x08,0x20,0x7E,0x20,0x08,0x20,0x09,0xFE,0x00,0x00,0x24,0x20,0x24,0x10,
    0x7E,0xFC,0x24,0x84,0x3C,0xA4,0x08,0x60,0x7F,0xFE,0x4A,0x4C,0x4A,0xC8,0x7E,0x88,
    0x08,0x78,0x7E,0x30,0x08,0x6C,0x0B,0x86,0x09,0x02,0x24,0x30,0x25,0xB6,0x7E,0xF4,
    0x24,0x78,0x3C,0x30,0x08,0xFC,0x3E,0x84,0x4A,0xFC,0x4A,0x84,0x3E,0x84,0x08,0xFC,
    0x7E,0x84,0x08,0x84,0x08,0x9C,0x08,0x00,0x24,0x40,0x24,0xC0,0x7E,0xFC,0x25,0x44,
    0x3D,0x4C,0x08,0xD4,0x3E,0xD4,0x2B,0xFC,0x2A,0x44,0x3E,0x74,0x08,0xD4,0x7F,0x4C,
    0x09,0x44,0x08,0x5C,0x00,0x00,0x00,0x00,0x24,0x80,0x24,0xFE,0x7F,0x10,0x25,0x10,
    0x3F,0x7C,0x13,0x54,0x7D,0x7C,0x55,0x54,0x55,0x7C,0x7D,0x7C,0x11,0x50,0x7F,0x30,
    0x11,0x30,0x11,0x4E,0x11,0x80,0x01,0x00,0x01,0x00,0x7F,0xFC,0x01,0x00,0x01,0x00,
    0x3F,0xF8,0x01,0x00,0x01,0x00,0x7F,0xFC,0x01,0x04,0x01,0x04,0x01,0x0C,0x01,0x38,
    0x01,0x00,0x01,0x00,0x10,0x00,0x11,0xFC,0x7F,0xFC,0x10,0x24,0x10,0xA4,0x7E,0xA4,
    0x11,0x24,0x11,0x24,0x7E,0x64,0x12,0x44,0x12,0x44,0x1A,0xC4,0x15,0x8C,0x13,0x38,
    0x12,0x00,0x08,0x20,0x08,0x20,0x7E,0xFE,0x08,0x20,0x3E,0x20,0x22,0xFC,0x3E,0x20,
    0x22,0x20,0x3F,0xFC,0x08,0x24,0x08,0x24,0x7E,0x24,0x08,0x3C,0x08,0x20,0x08,0x20,
    0x02,0x40,0x02,0x40,0x7E,0x7C,0x02,0x40,0x02,0x40,0x02,0x40,0x3E,0x7C,0x02,0x40,
    0x02,0x40,0x7E,0x7C,0x02,0x40,0x02,0x40,0x02,0x40,0x7F,0xFE,0x01,0x00,0x01,0x80,
    0x3F,0xFC,0x04,0x20,0x04,0x20,0x7F,0xFE,0x00,0x00,0x00,0x00,0x1F,0xF8,0x10,0x08,
    0x1F,0xF8,0x10,0x08,0x10,0x08,0x1F,0xF8,0x10,0x08,0x00,0x00,0x18,0x20,0x08,0x40,
    0x7F,0x7C,0x24,0xC4,0x14,0x84,0x7F,0x44,0x00,0x64,0x3E,0x24,0x3E,0x1C,0x22,0x64,
    0x3E,0xC4,0x22,0x04,0x22,0x04,0x3E,0x38,0x00,0x00,0x00,0x00,0x10,0x00,0x08,0xFC,
    0x7E,0x44,0x24,0x44,0x24,0x44,0x7E,0xC4,0x00,0x98,0x01,0x00,0x3E,0xFC,0x22,0x84,
    0x3E,0x84,0x22,0x84,0x22,0x84,0x3E,0xFC,0x00,0x84,0x7F,0xFC,0x01,0x00,0x01,0x00,
    0x1F,0xF8,0x10,0x08,0x11,0x08,0x11,0x08,0x11,0x08,0x11,0x08,0x11,0x88,0x06,0xE0,
    0x0C,0x38,0x70,0x0C,0x40,0x04,0x00,0x00,0x7F,0xFE,0x10,0x20,0x10,0x60,0x11,0xFC,
    0x11,0x04,0x11,0x24,0x11,0x24,0x11,0x24,0x11,0x64,0x11,0x44,0x10,0x70,0x11,0x8C,
    0x77,0x06,0x00,0x02,0x20,0x00,0x27,0xFE,0x20,0x60,0x20,0x40,0x3B,0xFC,0x22,0x0C,
    0x22,0x4C,0x22,0x4C,0x22,0x4C,0x22,0x4C,0x26,0x6C,0x38,0xF0,0x71,0x88,0x26,0x06,
    0x04,0x04,0x7F,0xFE,0x7C,0x20,0x10,0x60,0x13,0xFC,0x13,0x04,0x13,0x64,0x13,0x64,
    0x13,0x64,0x13,0x64,0x1F,0x64,0x70,0xD0,0x01,0x8C,0x07,0x06,0x04,0x00,0x04,0x00,
    0x2A,0xFE,0x2A,0x30,0x2A,0x20,0x2A,0xFC,0x2A,0x84,0x2A,0xB4,0x2A,0xB4,0x2A,0xB4,
    0x2A,0xA4,0x6A,0xA4,0x4A,0x38,0x4A,0x4C,0xCA,0x86,0x41,0x02,0x08,0x00,0x0F,0xFE,
    0x10,0x60,0x20,0x40,0x43,0xFC,0x0F,0x04,0x1B,0x64,0x33,0x64,0x63,0x64,0x47,0x44,
    0x0B,0x44,0x10,0xF0,0x31,0x8C,0xC6,0x06,0x44,0x00,0x7F,0xFE,0x7E,0x20,0x00,0x20,
    0x00,0xFC,0x7E,0x84,0x24,0xA4,0x24,0xA4,0x24,0xA4,0x24,0xA4,0x24,0xA4,0x26,0x30,
    0x4C,0xCC,0xCB,0x86,0x01,0x02,0x3F,0xFE,0x20,0x10,0x20,0x30,0x2E,0xFC,0x2A,0x84,
    0x2A,0x94,0x2A,0x94,0x2A,0x94,0x2E,0x94,0x28,0xB4,0x49,0x38,0x4E,0x6C,0x49,0xC6,
    0x81,0x02,0x08,0x00,0x09,0xFE,0x7E,0x30,0x08,0x20,0x4A,0xFC,0x4A,0x84,0x4A,0x94,
    0x4A,0x94,0x7E,0x94,0x08,0x94,0x08,0xA4,0x0A,0x38,0x0E,0x4C,0x1B,0x86,0x01,0x02,
    0x08,0x00,0x1D,0xFE,0x24,0x20,0x26,0x20,0x22,0xFC,0x43,0x84,0x7C,0xA4,0x14,0xA4,
    0x14,0xA4,0x24,0xA4,0x24,0xA4,0x24,0x30,0x64,0xCC,0xDF,0x86,0x01,0x02,0x04,0x00,
    0x1D,0xFE,0x24,0x20,0x24,0x20,0x62,0xFC,0x42,0x84,0xD2,0xA4,0x10,0xA4,0x14,0xA4,
    0x24,0xA4,0x24,0xA4,0x22,0x70,0x7E,0xCC,0x01,0x86,0x02,0x02,0x7D,0xFE,0x04,0x20,
    0x28,0x20,0x18,0xFC,0x18,0x84,0x7E,0xA4,0x12,0xA4,0x12,0xA4,0x14,0xA4,0x10,0xA4,
    0x10,0x70,0x10,0xCC,0x71,0x86,0x02,0x02,0x00,0x00,0x08,0x00,0x09,0xFE,0x0E,0x30,
    0x08,0x20,0x08,0xFC,0x3E,0x84,0x22,0xA4,0x22,0xA4,0x3E,0xA4,0x3E,0xA4,0x20,0xA4,
    0x20,0x78,0x40,0xCC,0x43,0x82,0xC2,0x00,0x08,0x00,0x19,0xFE,0x1C,0x20,0x26,0x20,
    0x72,0xFC,0xC8,0x84,0x08,0xA4,0x7E,0xA4,0x06,0xA4,0x04,0xA4,0x6C,0xA4,0x38,0x70,
    0x18,0xCC,0x0D,0x86,0x02,0x02,0x08,0x00,0x08,0xFE,0x3F,0x30,0x2A,0x20,0x2A,0xFC,
    0x28,0x84,0x3E,0xB4,0x22,0xB4,0x32,0xB4,0x2C,0xB4,0x4C,0xA4,0x4E,0x30,0x5A,0x4C,
    0xF1,0x86,0x21,0x02,0x7D,0xFE,0x04,0x20,0x08,0x20,0x18,0xFC,0x36,0x84,0xC2,0xA4,
    0x00,0xA4,0x7E,0xA4,0x18,0xA4,0x18,0xA4,0x1A,0x78,0xFE,0xCC,0x81,0x86,0x02,0x02,
    0x08,0x00,0x08,0xFE,0x7E,0x30,0x08,0x20,0x4A,0xFC,0x2A,0x84,0x2C,0xA4,0x08,0xA4,
    0x7F,0xA4,0x18,0xA4,0x18,0xA4,0x34,0x30,0x22,0x4C,0xC1,0x86,0x41,0x02,0x7E,0xFE,
    0x44,0x20,0x44,0x20,0x5E,0xFC,0x52,0x84,0x52,0xA4,0x52,0xA4,0x52,0xA4,0x5E,0xA4,
    0x44,0xA4,0x44,0x38,0x44,0x4C,0x7F,0x86,0x01,0x02,0x00,0x00,0x0C,0x00,0x2D,0xFE,
    0x2E,0x20,0x2C,0x20,0x2C,0xFC,0x2C,0x84,0x7F,0xB4,0x08,0xB4,0x2B,0xB4,0x2A,0xA4,
    0x4E,0xA4,0x4C,0x30,0x18,0x4C,0x63,0x86,0x41,0x02,0x7F,0xFE,0x08,0x20,0x08,0x20,
    0x7E,0xFC,0x18,0x84,0x2E,0xB4,0xCB,0xB4,0x00,0xA4,0x3C,0xA4,0x24,0xA4,0x25,0x30,
    0x27,0x4C,0xC5,0x86,0x41,0x02,0x00,0x00,0x20,0x00,0x2F,0xFE,0x30,0x20,0x22,0x20,
    0x3E,0xFC,0x00,0x84,0x7E,0xA4,0x08,0xA4,0x08,0xA4,0x7E,0xA4,0x1C,0xA4,0x2E,0x38,
    0xCA,0x4C,0x09,0x86,0x09,0x02,0x3E,0xFE,0x2A,0x10,0x3E,0x20,0x2A,0xFC,0x2A,0x84,
    0x3E,0x94,0x08,0x94,0x7F,0x94,0x18,0x94,0x1C,0xA4,0x2A,0x30,0x4B,0x6C,0x89,0x86,
    0x09,0x02,0x00,0x00,0x3E,0xFE,0x22,0x10,0x3E,0x20,0x22,0xFC,0x3E,0x84,0x00,0x94,
    0x7F,0x94,0x08,0x94,0x28,0xA4,0x2F,0x38,0x68,0xC6,0x59,0x04,0xCF,0xFE,0x00,0x00,
    0x00,0x00,0x08,0x00,0x08,0xFE,0x7F,0x10,0x12,0x10,0x14,0x7C,0x3F,0x44,0x22,0x54,
    0x2E,0x54,0x3A,0x54,0x26,0x54,0x78,0x74,0x53,0x38,0x46,0x6C,0x59,0x86,0xC1,0x02,
    0x00,0x00,0x08,0x00,0x7E,0xFE,0x42,0x10,0x52,0x30,0x3E,0xFC,0x22,0x84,0x5C,0x94,
    0x1C,0x94,0x33,0x94,0xC1,0x94,0x3E,0xA4,0x22,0x38,0x22,0x44,0x3F,0x82,0x00,0x00,
    0x00,0x00,0x08,0x00,0x08,0xFE,0x7F,0x10,0x1C,0x30,0x22,0x7C,0x3E,0x84,0x22,0x94,
    0x3E,0x94,0x22,0x94,0x3E,0x94,0x22,0x94,0x7F,0x38,0x16,0x6C,0x63,0xC6,0x41,0x02,
    0x08,0x00,0x7F,0x7E,0x00,0x10,0x7F,0x10,0x5D,0x7C,0x55,0x44,0x49,0x54,0x7F,0x54,
    0x3F,0x54,0x21,0x54,0x3F,0x54,0x3F,0x38,0x00,0x24,0x7F,0xC2,0x00,0x82,0x12,0x00,
    0x7F,0x7E,0x12,0x10,0x32,0x10,0x4D,0x7C,0x77,0x44,0x24,0x54,0x3F,0x54,0x64,0x54,
    0xFF,0x54,0x24,0x54,0x3F,0x38,0x24,0x2C,0x3F,0xC6,0x00,0x42,0x3F,0xF8,0x30,0x18,
    0x34,0x78,0x3C,0x58,0x36,0xD8,0x32,0x98,0x31,0x98,0x31,0x88,0x32,0x88,0x26,0x4A,
    0x2C,0x6A,0x68,0x2A,0x40,0x0C,0x00,0x00,0x00,0x00,0x7E,0xF8,0x14,0x84,0x7E,0xD4,
    0x56,0xD4,0x56,0xB4,0x7E,0xB4,0x00,0xA4,0x7E,0xB4,0x77,0xB4,0x08,0xD4,0x2C,0xD6,
    0x4B,0x4E,0xFB,0x06,0x01,0x00,0x00,0x00,0x7F,0x80,0x00,0x8C,0x00,0x98,0x00,0xB0,
    0x00,0xC0,0x00,0xB0,0x00,0x9C,0x00,0x84,0x00,0xC0,0x00,0x44,0x00,0x46,0x00,0x64,
    0x00,0x3C,0x00,0x00,0x01,0x80,0x02,0xC0,0x04,0x60,0x19,0x38,0xF1,0x8E,0x5F,0xF2,
    0x10,0x10,0x1F,0xF0,0x10,0x10,0x1F,0xF0,0x14,0x08,0x13,0xB0,0x11,0x70,0x3E,0x1C,
    0x10,0x04,0x08,0x00,0x2F,0xFC,0x3E,0x88,0x62,0x70,0x54,0x78,0x1B,0x84,0x65,0x60,
    0x19,0x38,0xF6,0xDE,0x1F,0xF0,0x1B,0xF0,0x14,0x08,0x13,0xF0,0x1E,0x1C,0x10,0x00,
    0x30,0x00,0x21,0xF0,0x3D,0xF0,0x3D,0x90,0x45,0x90,0x55,0x90,0x99,0x90,0x11,0x90,
    0x11,0x90,0x11,0x10,0x15,0x12,0x1D,0x12,0x1B,0x12,0x22,0x1E,0x06,0x00,0x10,0x00,
    0x10,0x7C,0x3F,0xC0,0x27,0x00,0x65,0x00,0x5D,0xFC,0xD1,0x44,0x11,0x4C,0x11,0x48,
    0x11,0x28,0x15,0x30,0x1E,0x30,0x1A,0x68,0x25,0x86,0x05,0x02,0x00,0x00,0x10,0x40,
    0x30,0x80,0x3C,0xFC,0x24,0xFC,0x65,0x04,0x5D,0x68,0xD6,0x68,0x10,0x60,0x10,0x60,
    0x10,0x60,0x14,0xD0,0x1C,0x98,0x19,0x0C,0x36,0x06,0x04,0x00,0x30,0xB0,0x20,0x90,
    0x3C,0x88,0x3C,0xFC,0x45,0xC0,0x5C,0x40,0xD0,0x7E,0x13,0xC0,0x10,0x4C,0x10,0x58,
    0x14,0x70,0x1C,0xE2,0x1B,0xB4,0x32,0x1C,0x00,0x00,0x10,0x80,0x30,0x80,0x3D,0xFE,
    0x25,0x00,0x67,0x20,0x5A,0x20,0xD1,0xFC,0x11,0x24,0x11,0x24,0x11,0x24,0x15,0x24,
    0x1D,0x24,0x19,0x3C,0x30,0x20,0x00,0x20,0x10,0x80,0x31,0x80,0x3D,0xFC,0x3D,0x04,
    0x4A,0x04,0x5F,0xE4,0xD2,0x24,0x12,0x24,0x12,0x24,0x13,0xEC,0x12,0x38,0x1E,0x02,
    0x1A,0x02,0x31,0xFC,0x00,0x00,0x10,0x00,0x11,0xFC,0x3C,0x04,0x3C,0x04,0x67,0xF4,
    0x58,0x04,0xD0,0x04,0x13,0xE4,0x13,0x24,0x13,0x24,0x13,0x24,0x17,0xE4,0x18,0x04,
    0x30,0x3C,0x00,0x00,0x00,0x00,0x10,0x00,0x13,0xFE,0x21,0x08,0x3D,0x08,0x65,0x08,
    0x59,0xF8,0xD9,0x08,0x11,0x08,0x11,0xF8,0x11,0x08,0x15,0x08,0x1F,0xFE,0x1B,0x08,
    0x30,0x08,0x00,0x08,0x31,0x80,0x20,0x84,0x3D,0xFC,0x27,0x8C,0x44,0x58,0x58,0x62,
    0x97,0xA4,0x14,0x1C,0x17,0xFC,0x17,0xFC,0x11,0xA0,0x1D,0x22,0x39,0x22,0x26,0x1E,
    0x04,0x00,0x00,0x00,0x10,0x40,0x10,0x60,0x21,0xFE,0x3D,0xFE,0x64,0x90,0x4D,0x98,
    0xD9,0x0C,0x17,0x9E,0x12,0x94,0x10,0xF0,0x10,0x60,0x14,0x70,0x19,0x98,0x37,0x0E,
    0x04,0x02,0x11,0x8C,0x10,0x88,0x3E,0x48,0x27,0xFE,0x64,0x88,0x5C,0x88,0xD0,0x88,
    0x10,0x88,0x13,0xFE,0x10,0x88,0x14,0x88,0x1D,0x88,0x19,0x08,0x33,0x08,0x06,0x08,
    0x10,0x20,0x11,0xE8,0x23,0x34,0x3D,0x34,0x29,0x10,0x5B,0xFE,0x51,0x14,0x11,0x36,
    0x11,0xD4,0x17,0x18,0x11,0x10,0x15,0x32,0x19,0x4A,0x37,0x0E,0x00,0x04,0x30,0x00,
    0x23,0xFC,0x3E,0x24,0x27,0x64,0x49,0x28,0x79,0x28,0xB0,0xC0,0x37,0xFE,0x31,0x88,
    0x31,0x08,0x31,0x90,0x3C,0x60,0x38,0xD8,0x27,0x86,0x00,0x00,0x30,0x40,0x20,0x80,
    0x3D,0xFC,0x25,0x08,0x46,0x10,0x58,0x40,0xD3,0xBC,0x12,0x04,0x12,0x04,0x13,0xDC,
    0x16,0x04,0x1E,0x04,0x33,0xFC,0x23,0xFC,0x00,0x00,0x00,0x00,0x10,0x40,0x20,0x20,
    0x23,0xFC,0x3E,0x04,0x48,0x00,0x49,0xF8,0xD1,0x08,0x11,0xF8,0x11,0x00,0x11,0x00,
    0x11,0xFC,0x1D,0x04,0x19,0x04,0x21,0xFC,0x01,0x04,0x30,0x40,0x23,0xFC,0x22,0x44,
    0x3E,0x44,0x4B,0xFC,0x48,0x40,0xEF,0xFE,0x20,0x00,0x23,0xF8,0x22,0x08,0x22,0x48,
    0x2E,0x48,0x38,0xF8,0x27,0x0E,0x04,0x02,0x10,0x80,0x31,0xF8,0x3F,0x10,0x26,0x20,
    0x4B,0xFC,0x5A,0x64,0x93,0xFC,0x10,0xE2,0x11,0xA2,0x16,0x1C,0x10,0xE0,0x14,0x18,
    0x1D,0xC0,0x30,0x38,0x00,0x08,0x00,0x00,0x30,0x40,0x23,0xBC,0x3A,0x14,0x3A,0x94,
    0x4A,0xE4,0x5B,0x64,0x92,0x48,0x10,0x00,0x13,0xFC,0x12,0x24,0x13,0xFC,0x1E,0x24,
    0x3A,0x24,0x23,0xFC,0x02,0x04,0x30,0x00,0x23,0xF8,0x23,0xF8,0x3E,0x08,0x4B,0xF8,
    0x58,0x00,0x93,0xFC,0x12,0x94,0x13,0xFC,0x10,0x00,0x13,0xFC,0x1C,0x98,0x18,0x60,
    0x27,0x9E,0x04,0x02,0x0C,0x30,0x04,0x20,0x7F,0xFE,0x01,0x00,0x01,0x00,0x1F,0xF8,
    0x10,0x08,0x1F,0xF8,0x10,0x08,0x10,0x08,0x1F,0xF8,0x10,0x08,0x10,0x08,0x1F,0xF8,
    0x10,0x08,0x00,0x00,0x3F,0xF8,0x01,0x00,0x01,0x00,0x7F,0xFC,0x07,0x40,0x09,0x30,
    0xF1,0x0C,0x5F,0xF2,0x10,0x10,0x1F,0xF0,0x10,0x10,0x10,0x10,0x1F,0xF0,0x10,0x10,
    0x00,0x00,0x3F,0xF0,0x00,0x10,0x08,0x30,0x08,0x30,0x18,0x20,0x18,0x20,0x1F,0xFC,
    0x00,0x04,0x00,0x0C,0x7F,0xEC,0x00,0x0C,0x00,0x08,0x00,0x78,0x00,0x00,0x7D,0xFC,
    0x04,0x84,0x24,0x84,0x24,0x8C,0x24,0x88,0x24,0xC8,0x3E,0x58,0x02,0x70,0x02,0x30,
    0xFE,0x30,0x06,0x58,0x04,0x8C,0x3F,0x06,0x02,0x02,0x00,0x20,0x7C,0x20,0x04,0x20,
    0x24,0x20,0x25,0xFE,0x24,0x20,0x24,0x20,0x3E,0x60,0x02,0x50,0x06,0x50,0x7E,0xD8,
    0x04,0x88,0x05,0x8C,0x1F,0x06,0x02,0x00,0x00,0x84,0x7C,0xA4,0x04,0xA4,0x24,0xA4,
    0x2C,0xA4,0x28,0xA4,0x28,0xA4,0x3C,0xA4,0x05,0xA4,0x05,0xA4,0x7D,0x24,0x05,0x24,
    0x05,0x24,0x3F,0x24,0x02,0x00,0x00,0x20,0x7C,0x20,0x05,0x20,0x25,0x2C,0x25,0x74,
    0x29,0xE4,0x2B,0x24,0x3D,0x24,0x05,0x24,0x05,0x38,0x7D,0x20,0x05,0x22,0x05,0x02,
    0x3C,0xFC,0x20,0x00,0x7D,0xFE,0x05,0x00,0x2D,0x44,0x29,0x6C,0x29,0x28,0x29,0x18,
    0x3D,0x10,0x45,0x38,0x05,0x2C,0x7D,0x44,0x05,0xC4,0x05,0x00,0x3D,0xFE,0x00,0x00,
    0x00,0x04,0x7D,0x8C,0x04,0x78,0x24,0x30,0x24,0x58,0x25,0x86,0x25,0x8C,0x3E,0x88,
    0x06,0x58,0x06,0x50,0x7E,0x30,0x04,0x70,0x04,0xC8,0x1D,0x86,0x02,0x02,0x00,0x20,
    0x7C,0x30,0x04,0xFC,0x24,0x84,0x24,0x84,0x24,0x84,0x24,0x84,0x3C,0xFC,0x04,0x80,
    0x04,0x80,0x7C,0x80,0x05,0x80,0x05,0x00,0x1F,0x00,0x02,0x00,0x00,0x20,0x7C,0x20,
    0x04,0x20,0x25,0xFC,0x25,0x24,0x2D,0x24,0x29,0x24,0x3D,0xFC,0x05,0x20,0x05,0xA0,
    0x7C,0xA0,0x04,0x40,0x04,0xF0,0x3F,0x0E,0x22,0x00,0x00,0x40,0x7C,0xC0,0x04,0xFC,
    0x25,0x84,0x25,0x04,0x27,0xE4,0x2D,0x24,0x3D,0x24,0x05,0x24,0x05,0x24,0x7D,0xE4,
    0x04,0x04,0x04,0x04,0x1C,0x3C,0x00,0x00,0x00,0x60,0x7C,0x20,0x04,0x20,0x25,0xFE,
    0x24,0x20,0x24,0x20,0x2C,0x20,0x3F,0xFC,0x05,0xFC,0x04,0x20,0xFC,0x20,0x04,0x20,
    0x04,0x20,0x3F,0xFE,0x00,0x00,0x00,0x20,0x7C,0x20,0x05,0xFE,0x25,0x02,0x25,0x02,
    0x25,0x82,0x24,0x8C,0x3E,0x98,0x06,0xE0,0x04,0xC0,0x7C,0x86,0x04,0x84,0x04,0x84,
    0x3C,0xFC,0x00,0x00,0x10,0x00,0x7C,0x7C,0x12,0x44,0x12,0x44,0x2A,0x7C,0xC4,0x00,
    0x3F,0xF0,0x00,0x10,0x08,0x20,0x1F,0xFC,0x00,0x04,0x7F,0xE8,0x00,0x08,0x00,0x78,
    0x00,0x00,0x3E,0x7C,0x22,0x44,0x3E,0x7C,0x00,0x00,0x3F,0xF0,0x3F,0xF0,0x08,0x10,
    0x18,0x10,0x1F,0xFC,0x00,0x04,0x7F,0xEC,0x00,0x0C,0x00,0x78,0x00,0x00,0x00,0x00,
    0x7D,0xFC,0x0C,0x20,0x28,0x20,0x28,0x60,0x2B,0xFE,0x28,0x50,0x7C,0x88,0x07,0x9E,
    0x06,0x9A,0x7C,0x98,0x04,0x98,0x04,0x98,0x3D,0x18,0x02,0x00,0x00,0x00,0x00,0x40,
    0x7C,0xFC,0x04,0xFC,0x25,0x88,0x27,0x58,0x28,0x70,0x28,0x78,0x7F,0x8E,0x06,0x00,
    0x0D,0xF8,0xF5,0x88,0x05,0x88,0x05,0xF8,0x3D,0xF8,0x00,0x00,0x00,0x00,0x00,0x20,
    0x7C,0x20,0x07,0xFE,0x24,0x40,0x28,0xC8,0x28,0x98,0x29,0xF0,0x7C,0x24,0x04,0x44,
    0x04,0x88,0x7F,0x10,0x44,0x30,0x04,0xCC,0x3D,0x86,0x22,0x02,0x00,0x20,0x7C,0x20,
    0x05,0xFC,0x25,0x24,0x29,0xFC,0x29,0x24,0x29,0xFC,0x3C,0x00,0x05,0xFE,0x04,0x80,
    0x7C,0xFC,0x04,0x08,0x04,0x08,0x3C,0x78,0x00,0x40,0x00,0x20,0x78,0x60,0x08,0xD0,
    0x28,0x88,0x2B,0x04,0x2F,0xFA,0x28,0x00,0x7D,0x44,0x05,0x68,0x0D,0x28,0xF4,0xA8,
    0x04,0xB8,0x04,0x10,0x3B,0xFE,0x00,0x00,0x00,0x20,0x7C,0x50,0x04,0x88,0x2B,0x7C,
    0x29,0x82,0x28,0xD8,0x29,0x8C,0x3E,0x42,0x04,0xFC,0x05,0x88,0x7F,0xD8,0x06,0x70,
    0x04,0xF8,0x3F,0x8E,0x02,0x00,0x00,0x00,0x00,0x20,0x7C,0x20,0x05,0xFC,0x28,0x60,
    0x28,0xD8,0x2B,0x04,0x2B,0xFE,0x3C,0x08,0x05,0xE8,0x05,0x28,0xF5,0x28,0x05,0xE8,
    0x04,0x08,0x38,0x38,0x00,0x00,0x00,0x60,0x78,0x20,0x09,0xFC,0x29,0x04,0x29,0xFC,
    0x29,0x00,0x29,0x00,0x7D,0xFC,0x05,0xB4,0x05,0xB4,0x76,0xFC,0x06,0xB4,0x0E,0xB4,
    0x3A,0xBC,0x00,0x00,0x7B,0xFC,0x09,0x48,0x28,0xB8,0x28,0x70,0x48,0xF8,0x4F,0x26,
    0x7C,0x20,0x05,0xFC,0x09,0x24,0xF9,0xFC,0x08,0x28,0x08,0x24,0x3B,0xFC,0x00,0x06,
    0x00,0x00,0x79,0xFC,0x29,0x24,0x29,0xFC,0x29,0x24,0x29,0xFC,0x28,0x48,0x3C,0x98,
    0x45,0x68,0x04,0xC4,0x77,0xFE,0x04,0xA8,0x09,0x2C,0x3E,0xE2,0x00,0x00,0x00,0x00,
    0x7B,0xFC,0x0A,0x44,0x2B,0xF4,0x2B,0xD8,0x2A,0x4C,0x2B,0xF6,0x3C,0x64,0x4B,0xF8,
    0x08,0xA4,0xF9,0x38,0x0E,0xF8,0x09,0xAC,0x3E,0x22,0x00,0x20,0x00,0x00,0x1F,0xF8,
    0x10,0x18,0x1F,0x98,0x10,0x98,0x7F,0xFE,0x60,0x06,0x7F,0xF6,0x18,0x10,0x1F,0xF0,
    0x18,0x10,0x1F,0xF0,0x18,0x10,0x18,0x30,0x18,0x60,0x00,0x00,0x00,0x20,0x3E,0x30,
    0x23,0xFE,0x3A,0x20,0x2A,0x44,0x7E,0x48,0x42,0xF8,0x7E,0x94,0x24,0x24,0x3C,0xC8,
    0x25,0x98,0x3D,0x30,0x24,0x6C,0x25,0x86,0x29,0x02,0x00,0x20,0x7A,0x20,0x45,0xFE,
    0x75,0x7C,0x54,0x90,0x7C,0xFE,0x47,0x00,0x39,0x7C,0x49,0x7C,0x39,0x44,0x49,0x7C,
    0x39,0x44,0x4A,0x88,0x5E,0xFE,0x00,0x00,0x01,0x00,0x01,0x80,0x7F,0xFE,0x00,0x00,
    0x1F,0xF0,0x18,0x10,0x1F,0xF0,0x00,0x00,0x3F,0xFC,0x20,0x04,0x27,0xE4,0x24,0x24,
    0x27,0xE4,0x20,0x1C,0x00,0x00,0x00,0x04,0x3F,0xB8,0x3F,0x44,0x3F,0x38,0x7F,0xC2,
    0x12,0x1C,0x7D,0x60,0x01,0x80,0x3E,0x7C,0x3F,0xF4,0x00,0x00,0x7F,0xFC,0x0D,0xB0,
    0x31,0x8C,0x42,0x02,0x01,0x00,0x03,0x00,0x3F,0xF8,0x21,0x08,0x3F,0xF8,0x3F,0xF8,
    0x21,0x08,0x3F,0xF8,0x3F,0xF8,0x03,0x28,0x07,0x78,0x0D,0x7E,0x19,0x02,0x71,0xFE,
    0x40,0x00,0x00,0x00,0x08,0x08,0x08,0x48,0x7E,0xE8,0x4A,0x28,0x7E,0x88,0x4A,0xC8,
    0x4A,0x68,0x7E,0x28,0x0A,0x7E,0x1B,0x88,0x1A,0x88,0x3F,0x8A,0x68,0x02,0xC7,0xFE,
    0x00,0x00,0x00,0x60,0x7C,0x40,0x03,0xFC,0x02,0x44,0x03,0xFC,0x7E,0x44,0x12,0x44,
    0x23,0xFC,0x28,0x50,0x28,0x68,0x64,0xB4,0x7D,0xBC,0x47,0x22,0x06,0x3E,0x04,0x00,
    0x00,0x00,0x10,0x60,0x10,0x40,0x7B,0xFC,0x6A,0x44,0x6B,0xFC,0x6A,0x44,0x6A,0x44,
    0x7B,0xFC,0x68,0x48,0x68,0x68,0x68,0xF4,0x68,0xBC,0x79,0x22,0x06,0x3E,0x04,0x00,
    0x00,0x00,0x00,0x20,0x7E,0x20,0x09,0xFC,0x6F,0x24,0x19,0x24,0x3D,0xFC,0xEB,0x24,
    0x59,0xFC,0x10,0x20,0x7E,0x28,0x24,0x6C,0x1C,0xFC,0x15,0xA2,0xE3,0x3E,0x02,0x00,
    0x00,0x00,0x01,0x80,0x3F,0xFE,0x20,0x00,0x2F,0xFC,0x26,0x30,0x2B,0xDC,0x32,0x92,
    0x2F,0xF8,0x28,0x88,0x2F,0xF8,0x2F,0xF8,0x60,0x98,0x43,0xFE,0xCC,0xEE,0x50,0x10,
    0x00,0x00,0x06,0x00,0x0F,0xF0,0x0F,0xF0,0x10,0x60,0x3F,0xF8,0x51,0x88,0x11,0x88,
    0x1F,0xF8,0x11,0x88,0x11,0x88,0x1F,0xF8,0x00,0x00,0x00,0x00,0x7F,0xFE,0x00,0x00,
    0x04,0x00,0x0F,0xF0,0x30,0x60,0x7F,0xF8,0x1F,0xF8,0x11,0x88,0x1F,0xF8,0x00,0x00,
    0x7F,0xFE,0x00,0x00,0x1F,0xF8,0x1F,0xF8,0x10,0x08,0x1F,0xF8,0x10,0x08,0x00,0x00,
    0x10,0x40,0x10,0x40,0x3C,0xFC,0x24,0x84,0x7F,0x04,0xAB,0xF4,0x2A,0x94,0x3E,0x94,
    0x2A,0x94,0x2A,0xF4,0x3E,0x9C,0x00,0x82,0x06,0x82,0xF8,0xFE,0x00,0x00,0x10,0x84,
    0x10,0x48,0x3C,0x48,0x64,0xFC,0xFE,0x20,0x6A,0x20,0x2A,0xFC,0x3E,0xFC,0x2A,0x20,
    0x2A,0x20,0x3F,0xFE,0x00,0x20,0x3F,0x20,0x60,0x20,0x00,0x20,0x10,0x00,0x10,0xFC,
    0x3C,0xA4,0x64,0xA4,0xFE,0xFC,0x6A,0xA4,0x2A,0xA4,0x3E,0xFC,0x2A,0x20,0x2A,0x20,
    0x3F,0xFC,0x00,0x20,0x3E,0x20,0x61,0xFE,0x00,0x00,0x10,0x20,0x10,0x30,0x3D,0xFE,
    0x6C,0x00,0xFE,0x00,0x2A,0xFC,0x2A,0x84,0x3E,0x84,0x2A,0xFC,0x2A,0x30,0x3E,0xFC,
    0x00,0xB4,0x7F,0x36,0x43,0x62,0x00,0x00,0x00,0x00,0x10,0x00,0x30,0xFC,0x3C,0xA4,
    0x48,0xA4,0xFC,0xFC,0x54,0xA4,0x54,0xA4,0x3C,0xFC,0x54,0x20,0x55,0x64,0x3D,0x54,
    0x01,0x5A,0x7F,0x4A,0x40,0x78,0x00,0x00,0x25,0x30,0x35,0x20,0x3F,0x5E,0x25,0x68,
    0x37,0x38,0x37,0x38,0x25,0x46,0x0F,0xF0,0x10,0x60,0x7F,0x98,0x1F,0xF8,0x1F,0xF8,
    0x00,0x00,0x7F,0xFE,0x00,0x00,0x11,0x24,0x31,0xA4,0x3C,0xA8,0x49,0xFE,0xFC,0x70,
    0xD4,0xAC,0x57,0x26,0x3D,0x88,0x55,0xDE,0x55,0x48,0x3F,0x68,0x00,0xBE,0x3D,0x88,
    0x63,0x08,0x02,0x08,0x00,0x00,0x03,0x00,0x02,0x08,0x1F,0xF0,0x16,0x10,0x13,0x10,
    0x11,0x90,0x10,0x70,0x10,0x00,0x1F,0xFC,0x00,0x04,0x00,0x04,0x7F,0xE4,0x00,0x0C,
    0x00,0x78,0x00,0x00,0x00,0x00,0x00,0x60,0x00,0x40,0x7D,0xF8,0x05,0x48,0x6D,0x28,
    0x29,0x28,0x39,0x38,0x19,0x00,0x19,0xFC,0x18,0x04,0x2F,0xF4,0x64,0x04,0x46,0x04,
    0xC0,0x3C,0x00,0x00,0x00,0x00,0x00,0x60,0x01,0xF8,0x3D,0x08,0x2D,0x48,0x2D,0x28,
    0x2D,0x08,0x2D,0x38,0x2D,0x00,0x2D,0xFC,0x2C,0x04,0x2F,0xF4,0x3C,0x04,0x00,0x04,
    0x00,0x3C,0x00,0x00,0x00,0x00,0x00,0x20,0x7E,0x20,0x60,0xFC,0x72,0xA4,0x72,0xB4,
    0x6C,0x98,0x6C,0xB8,0x6C,0x80,0x6C,0xFC,0x7A,0x04,0x73,0xF4,0x72,0x04,0x60,0x04,
    0x7F,0x3C,0x00,0x00,0x00,0x00,0x00,0x20,0x7E,0x60,0x04,0xFC,0x24,0xCC,0x24,0xB8,
    0x24,0x88,0x7E,0xB8,0x0C,0x80,0x14,0xFC,0x34,0x04,0x27,0xF4,0x44,0x04,0x84,0x04,
    0x1C,0x3C,0x00,0x00,0x00,0x00,0x00,0x20,0x7E,0x20,0x4A,0xFC,0x4A,0xA4,0x4A,0x94,
    0x7E,0x84,0x4A,0x98,0x4A,0x80,0x4A,0xFC,0x7E,0x04,0x09,0xF4,0x08,0x04,0x08,0x04,
    0x08,0x3C,0x08,0x00,0x00,0x00,0x01,0x00,0x01,0x00,0x1F,0xF8,0x11,0x08,0x7F,0xFE,
    0x06,0x60,0xB9,0x1C,0x5F,0xF6,0x16,0x10,0x11,0x70,0x1F,0xFC,0x00,0x04,0x7F,0xEC,
    0x00,0x18,0x00,0x60,0x08,0x00,0x1F,0xFC,0x22,0x88,0x56,0x9A,0x0C,0x82,0x3B,0x7C,
    0x7F,0xF0,0x10,0x10,0x13,0x70,0x11,0x00,0x1F,0xFC,0x00,0x04,0x7F,0xE4,0x00,0x38,
    0x00,0x00,0x00,0x00,0x08,0x20,0x10,0x10,0x3F,0xFE,0x33,0x02,0x2B,0x02,0x2A,0x40,
    0x2C,0x4C,0x20,0x58,0x3E,0x70,0x02,0x40,0x3E,0x40,0x62,0x42,0x02,0x44,0x1E,0x7C,
    0x00,0x00,0x08,0x20,0x18,0x60,0x34,0xFC,0x22,0xEC,0x42,0xB8,0xBE,0x88,0x00,0xB8,
    0x00,0x80,0x3C,0xFC,0x24,0x04,0x25,0xF4,0x24,0x04,0x24,0x04,0x3C,0x3C,0x00,0x00,
    0x00,0x00,0x00,0x20,0x60,0x20,0x1F,0xDC,0x16,0xA4,0x46,0x94,0x66,0x8C,0x36,0x98,
    0x16,0x80,0x16,0xFC,0x16,0x04,0x27,0xFC,0x28,0x04,0x20,0x04,0x40,0x3C,0x00,0x00,
    0x00,0x00,0x00,0x20,0x3C,0x20,0x24,0xFC,0x24,0xA4,0x3C,0x94,0x00,0x8C,0x7E,0x98,
    0x42,0x80,0x7E,0xFC,0x42,0x04,0x7F,0xF4,0x42,0x04,0x42,0x04,0x4E,0x3C,0x00,0x00,
    0x04,0x30,0x3E,0x20,0x65,0x7C,0x25,0x64,0x24,0x54,0x7F,0x54,0x24,0x58,0x25,0x40,
    0x3D,0x7C,0x66,0x04,0x24,0xFC,0x2E,0x04,0x3A,0x84,0x63,0x3C,0x00,0x00,0x00,0x00,
    0x34,0x30,0x34,0x20,0x7F,0x7C,0x34,0x64,0x34,0x54,0x7F,0x44,0x00,0x58,0x00,0x40,
    0x3E,0x7C,0x22,0x04,0x3E,0xF4,0x22,0xF4,0x22,0x04,0x3E,0x3C,0x00,0x00,0x00,0x10,
    0x3F,0xFC,0x2C,0xC4,0x2C,0xD4,0x2C,0xDC,0x3F,0xD4,0x2C,0xD8,0x2C,0xC0,0x2C,0xFC,
    0x3F,0x84,0x4C,0xFC,0x4C,0x84,0x4C,0x84,0xFF,0x1C,0x00,0x00,0x00,0x00,0x08,0x10,
    0x08,0x20,0x7F,0x7C,0x51,0x64,0x55,0x54,0x34,0x54,0x3F,0x5C,0x64,0x40,0xBF,0x7E,
    0x24,0x06,0x24,0x04,0x3F,0xFC,0x24,0x04,0x3F,0xBC,0x00,0x00,0x00,0x80,0x3F,0xFE,
    0x24,0xA0,0x25,0xFC,0x2F,0xFC,0x37,0x20,0x25,0xFC,0x25,0xFE,0x27,0xF8,0x25,0x28,
    0x24,0xD0,0x27,0xFC,0x5F,0xF4,0xC0,0x1C,0x00,0x00,0x00,0x00,0x01,0x80,0x00,0x80,
    0x3F,0xFE,0x22,0x40,0x3F,0xFC,0x22,0x44,0x22,0x44,0x3F,0xFC,0x20,0x00,0x24,0x44,
    0x27,0xF8,0x24,0x44,0x64,0xC2,0x4F,0x7C,0xC0,0x00,0x08,0x20,0x7F,0xFC,0x08,0x30,
    0x3E,0xE8,0x49,0xA6,0x3F,0xFC,0x22,0x40,0x3F,0xFC,0x22,0x44,0x3F,0xFC,0x24,0x40,
    0x27,0xFC,0x24,0x42,0x4F,0xFC,0xC0,0x00,0x01,0x00,0x01,0x00,0x3F,0xFC,0x01,0x00,
    0x3F,0xF8,0x01,0x00,0x7F,0xFE,0x06,0x00,0x0C,0x00,0x1F,0xF8,0x2C,0x30,0x43,0xC0,
    0x03,0xC0,0x7C,0x3E,0x40,0x00,0x00,0x80,0x00,0x80,0x3F,0xFE,0x22,0x10,0x22,0x10,
    0x2F,0xFC,0x22,0x10,0x26,0x30,0x27,0xB8,0x2E,0xD8,0x2A,0x54,0x32,0x92,0x63,0x92,
    0x42,0x10,0xC0,0x00,0x04,0x20,0x04,0x20,0x3F,0xFC,0x04,0x20,0x7F,0xFE,0x01,0x00,
    0x1F,0xF8,0x11,0x08,0x1F,0xF8,0x11,0x08,0x11,0x08,0x1F,0xF8,0x06,0x70,0x38,0x0C,
    0x40,0x02,0x3F,0xF8,0x01,0x00,0x7F,0xFC,0x03,0x00,0x0F,0xF0,0x39,0x1E,0x43,0xC2,
    0x0C,0x30,0xF9,0x9E,0x47,0xE2,0x03,0xE0,0x1D,0x9E,0x63,0x04,0x00,0x00,0x00,0x00,
    0x02,0x40,0x7C,0xC0,0x08,0xFC,0x7F,0x24,0x1C,0x24,0x2A,0xC4,0x49,0x18,0x0B,0xC0,
    0x0D,0xB0,0xF9,0x9E,0x45,0xE2,0x07,0xE0,0x1D,0x9E,0x63,0x84,0x00,0x00,0x3F,0xF8,
    0x29,0x38,0x25,0x28,0x25,0x48,0x3F,0xF8,0x01,0x00,0x01,0x00,0x3F,0xFC,0x01,0x00,
    0x7F,0xFE,0x30,0x00,0x26,0x4C,0x62,0x64,0x42,0x44,0x00,0x00,0x00,0x10,0x3F,0x30,
    0x2B,0x28,0x3B,0x68,0x3D,0x44,0x3F,0xB2,0x08,0x92,0x7F,0x10,0x08,0x7C,0x08,0x04,
    0x7F,0x08,0x35,0x08,0x55,0x10,0x54,0xB0,0x00,0x10,0x00,0x10,0x3F,0x1C,0x2B,0x14,
    0x3B,0x16,0x3D,0x10,0x3F,0xFE,0x08,0x30,0x08,0x30,0x7F,0x30,0x08,0x28,0x7F,0xA8,
    0x2D,0x4C,0x55,0x44,0x4A,0x82,0x40,0x82,0x27,0xE4,0x27,0xE4,0x24,0x24,0x27,0xE4,
    0x24,0x24,0x27,0xE4,0x20,0x04,0x3E,0x7C,0x02,0x40,0x7E,0x7C,0x7E,0x7C,0x12,0x44,
    0x22,0x44,0x42,0x44,0x00,0x00,0x08,0x10,0x08,0x10,0x7F,0x10,0x08,0xFE,0x7F,0x10,
    0x00,0x10,0x3E,0xFC,0x22,0x84,0x22,0x48,0x3E,0x48,0x22,0x30,0x14,0x30,0x1E,0x68,
    0x79,0x86,0x01,0x02,0x02,0x00,0x3C,0xF8,0x20,0x08,0x3E,0xF8,0x20,0x08,0x3F,0xF8,
    0x00,0x00,0x29,0x90,0x2D,0x70,0x21,0x30,0x2D,0xD0,0x25,0x2A,0x25,0x2A,0x3B,0xCE,
    0x00,0x00,0x01,0x00,0x1F,0xF8,0x1F,0xF8,0x10,0x08,0x1F,0xF8,0x1F,0xF8,0x00,0x00,
    0x3F,0xF8,0x3F,0xF8,0x3F,0xF8,0x00,0x00,0x7F,0xFE,0x04,0x20,0x18,0x20,0x20,0x20,
    0x01,0x00,0x01,0x80,0x7F,0xFC,0x0C,0x20,0x06,0x40,0x03,0x80,0x03,0xC0,0x3C,0x78,
    0xE0,0x0E,0x0C,0x20,0x0C,0x20,0x08,0x20,0x18,0x20,0x70,0x20,0x20,0x20,0x00,0x00,
    0x00,0x80,0x18,0x80,0x18,0xFC,0x18,0x80,0x18,0x80,0x7F,0xFE,0x01,0x80,0x11,0x08,
    0x11,0xC8,0x12,0x68,0x1C,0x38,0x18,0x18,0x10,0x08,0x1F,0xF8,0x00,0x08,0x08,0x30,
    0x28,0x30,0x2E,0x78,0x28,0x48,0x28,0xE4,0x7E,0x92,0x09,0x10,0x6A,0x00,0x6A,0xFC,
    0x7E,0x0C,0x76,0xC8,0x66,0x70,0x62,0x30,0x7E,0x08,0x00,0x08,0x08,0x00,0x29,0xFC,
    0x2E,0x20,0x28,0x78,0x28,0xA4,0x7E,0xA4,0x10,0xFC,0x52,0x20,0x53,0xFC,0x5B,0x24,
    0x5B,0x2C,0x6F,0x7C,0x43,0x0C,0x7F,0x0C,0x00,0x00,0x02,0x20,0x02,0x30,0x06,0x10,
    0x7F,0xFE,0x06,0x80,0x04,0x88,0x04,0x8C,0x04,0x98,0x08,0xB0,0x08,0xE0,0x19,0x82,
    0x33,0x82,0x6C,0x86,0xC0,0xFC,0x00,0x00,0x06,0x60,0x04,0x30,0x7F,0xFC,0x04,0x98,
    0x08,0xE4,0x37,0xFC,0x60,0x00,0x04,0x20,0x3F,0xFC,0x04,0x20,0x04,0x20,0x7F,0xFE,
    0x06,0x70,0x38,0x1C,0x40,0x04,0x00,0x00,0x06,0x00,0x0F,0xE0,0x08,0x20,0x10,0x40,
    0x7F,0xF8,0x61,0x08,0x21,0x08,0x3F,0xF8,0x21,0x08,0x21,0x08,0x3F,0xF8,0x01,0x02,
    0x01,0x02,0x01,0xFE,0x00,0x00,0x00,0x00,0x18,0x00,0x18,0x00,0x18,0x00,0x18,0x00,
    0x18,0x00,0x18,0x00,0x18,0x00,0x18,0x00,0x00,0x00,0x18,0x00,0x18,0x00,0x00,0x00,
    0x00,0x00,0x03,0x30,0x02,0x20,0x02,0x20,0x1F,0xF0,0x06,0x60,0x06,0x40,0x04,0x40,
    0x1F,0xF0,0x04,0x40,0x0C,0xC0,0x0C,0x80,0x00,0x00,0x1C,0x30,0x12,0x20,0x22,0x40,
    0x22,0x80,0x12,0x80,0x1D,0x38,0x01,0x48,0x02,0x48,0x02,0x48,0x04,0x48,0x0C,0x78,
    0x00,0x00,0x00,0x00,0x07,0x80,0x04,0xC0,0x04,0x40,0x04,0xC0,0x07,0x00,0x0F,0x10,
    0x09,0x90,0x18,0xB0,0x18,0x60,0x18,0xE0,0x0F,0xB8,0x00,0x00,0x00,0x00,0x00,0x18,
    0x00,0x30,0x00,0x20,0x00,0x20,0x00,0x60,0x00,0x60,0x00,0x40,0x00,0x60,0x00,0x60,
    0x00,0x60,0x00,0x20,0x00,0x20,0x00,0x10,0x00,0x18,0x00,0x00,0x18,0x00,0x08,0x00,
    0x0C,0x00,0x04,0x00,0x04,0x00,0x06,0x00,0x06,0x00,0x06,0x00,0x06,0x00,0x04,0x00,
    0x04,0x00,0x0C,0x00,0x08,0x00,0x10,0x00,0x00,0x00,0x01,0x80,0x01,0x80,0x01,0x80,
    0x01,0x80,0x0F,0xF0,0x01,0x80,0x01,0x80,0x01,0x80,0x00,0x00,0x08,0x00,0x18,0x00,
    0x10,0x00,0x30,0x00,0x00,0x00,0x00,0x00,0x03,0xC0,0x00,0x00,0x00,0x00,0x00,0x00,
    0x00,0x00,0x00,0x00,0x18,0x00,0x18,0x00,0x00,0x00,0x00,0x18,0x00,0x10,0x00,0x30,
    0x00,0x20,0x00,0x40,0x00,0xC0,0x00,0x80,0x01,0x80,0x01,0x00,0x03,0x00,0x02,0x00,
    0x04,0x00,0x0C,0x00,0x08,0x00,0x18,0x00,0x18,0x00,0x18,0x00,0x00,0x00,0x00,0x00,
    0x00,0x00,0x00,0x00,0x00,0x00,0x18,0x00,0x18,0x00,0x00,0x00,0x18,0x00,0x18,0x00,
    0x00,0x00,0x00,0x00,0x00,0x00,0x00,0x00,0x00,0x00,0x08,0x00,0x18,0x00,0x10,0x00,
    0x30,0x00,0x00,0x00,0x0F,0xF0,0x00,0x00,0x00,0x00,0x0F,0xF0,0x0F,0xF0,0x00,0x00,
    0x00,0x00,0x00,0x00,0x3E,0x00,0x02,0x00,0x03,0x00,0x03,0x00,0x06,0x00,0x0C,0x00,
    0x08,0x00,0x18,0x00,0x00,0x00,0x18,0x00,0x18,0x00,0x00,0x00,0x00,0x00,0x07,0xF0,
    0x0C,0x18,0x18,0x0C,0x33,0xE4,0x26,0x64,0x24,0x64,0x24,0x44,0x24,0x4C,0x27,0xF8,
    0x31,0x10,0x10,0x00,0x0E,0x30,0x03,0xE0,0x00,0x00,0x00,0x00,0x00,0x00,0x0F,0xF0,
    0x00,0x00,0x00,0x30,0x00,0x20,0x00,0x20,0x00,0x20,0x00,0x20,0x00,0x20,0x00,0x60,
    0x00,0x60,0x00,0x20,0x00,0x20,0x00,0x20,0x00,0x20,0x00,0x30,0x00,0x10,0x00,0x00,
    0x01,0x80,0x01,0x80,0x01,0x80,0x01,0x80,0x01,0x80,0x01,0x80,0x01,0x80,0x01,0x80,
    0x01,0x80,0x01,0x80,0x01,0x80,0x01,0x80,0x01,0x80,0x01,0x80,0x01,0x80,0x00,0x00,
    0x00,0x00,0x0C,0x00,0x04,0x00,0x04,0x00,0x04,0x00,0x04,0x00,0x04,0x00,0x06,0x00,
    0x04,0x00,0x04,0x00,0x04,0x00,0x04,0x00,0x04,0x00,0x0C,0x00,0x08,0x00,0x00,0x00,
    0x07,0x30,0x09,0xE0,0x00,0x40,0x00,0x00,0x00,0x00,0x00,0x00,0x00,0x00,0x0C,0x30,
    0x04,0x20,0x06,0x40,0x02,0x40,0x01,0x80,0x07,0xE0,0x01,0x80,0x07,0xE0,0x01,0x80,
    0x01,0x80,0x01,0x80,0x00,0x00,
};

static const uint32_t moui_font_cn_16_codepoints[] = {
    0x0020,0x0021,0x0022,0x0023,0x0024,0x0025,0x0026,0x0027,
    0x0028,0x0029,0x002A,0x002B,0x002C,0x002D,0x002E,0x002F,
    0x0030,0x0031,0x0032,0x0033,0x0034,0x0035,0x0036,0x0037,
    0x0038,0x0039,0x003A,0x003B,0x003C,0x003D,0x003E,0x003F,
    0x0040,0x0041,0x0042,0x0043,0x0044,0x0045,0x0046,0x0047,
    0x0048,0x0049,0x004A,0x004B,0x004C,0x004D,0x004E,0x004F,
    0x0050,0x0051,0x0052,0x0053,0x0054,0x0055,0x0056,0x0057,
    0x0058,0x0059,0x005A,0x005B,0x005D,0x005E,0x005F,0x0060,
    0x0061,0x0062,0x0063,0x0064,0x0065,0x0066,0x0067,0x0068,
    0x0069,0x006A,0x006B,0x006C,0x006D,0x006E,0x006F,0x0070,
    0x0071,0x0072,0x0073,0x0074,0x0075,0x0076,0x0077,0x0078,
    0x0079,0x007A,0x007B,0x007C,0x007D,0x007E,0x00A3,0x00A5,
    0x00B0,0x00B1,0x00B7,0x00D7,0x00F7,0x2014,0x2026,0x2030,
    0x20AC,0x2103,0x2122,0x2190,0x2191,0x2192,0x2193,0x221A,
    0x221E,0x2248,0x2260,0x2264,0x2265,0x2460,0x2474,0x25A0,
    0x25A1,0x25B2,0x25B3,0x25BD,0x25C6,0x25C7,0x25CB,0x25CF,
    0x2605,0x2606,0x3000,0x3001,0x3002,0x300A,0x300B,0x300C,
    0x300D,0x300E,0x300F,0x3010,0x3011,0x4E00,0x4E01,0x4E03,
    0x4E07,0x4E08,0x4E09,0x4E0A,0x4E0B,0x4E0D,0x4E0E,0x4E11,
    0x4E13,0x4E14,0x4E16,0x4E18,0x4E19,0x4E1A,0x4E1B,0x4E1C,
    0x4E1D,0x4E22,0x4E24,0x4E25,0x4E27,0x4E2A,0x4E2B,0x4E2D,
    0x4E30,0x4E32,0x4E34,0x4E38,0x4E39,0x4E3A,0x4E3B,0x4E3D,
    0x4E3E,0x4E43,0x4E45,0x4E48,0x4E49,0x4E4B,0x4E4C,0x4E4D,
    0x4E4E,0x4E4F,0x4E50,0x4E52,0x4E53,0x4E54,0x4E56,0x4E58,
    0x4E59,0x4E5D,0x4E5E,0x4E5F,0x4E60,0x4E61,0x4E66,0x4E70,
    0x4E71,0x4E73,0x4E7E,0x4E86,0x4E88,0x4E89,0x4E8B,0x4E8C,
    0x4E8E,0x4E8F,0x4E91,0x4E92,0x4E94,0x4E95,0x4E9A,0x4E9B,
    0x4EA1,0x4EA2,0x4EA4,0x4EA5,0x4EA6,0x4EA7,0x4EA8,0x4EA9,
    0x4EAB,0x4EAC,0x4EAD,0x4EAE,0x4EB2,0x4EBA,0x4EBF,0x4EC0,
    0x4EC1,0x4EC5,0x4EC6,0x4EC7,0x4ECA,0x4ECB,0x4ECD,0x4ECE,
    0x4ED1,0x4ED3,0x4ED4,0x4ED5,0x4ED6,0x4ED7,0x4ED8,0x4ED9,
    0x4EDF,0x4EE3,0x4EE4,0x4EE5,0x4EEA,0x4EEC,0x4EF0,0x4EF2,
    0x4EF6,0x4EF7,0x4EFB,0x4EFD,0x4EFF,0x4F01,0x4F0A,0x4F0D,
    0x4F0E,0x4F0F,0x4F10,0x4F11,0x4F17,0x4F18,0x4F19,0x4F1A,
    0x4F1E,0x4F1F,0x4F20,0x4F24,0x4F26,0x4F2A,0x4F2F,0x4F30,
    0x4F34,0x4F36,0x4F38,0x4F3A,0x4F3C,0x4F43,0x4F46,0x4F4D,
    0x4F4E,0x4F4F,0x4F50,0x4F51,0x4F53,0x4F55,0x4F59,0x4F5B,
    0x4F5C,0x4F60,0x4F63,0x4F69,0x4F6C,0x4F6F,0x4F70,0x4F73,
    0x4F7F,0x4F84,0x4F88,0x4F8B,0x4F8D,0x4F97,0x4F9B,0x4F9D,
    0x4FA0,0x4FA3,0x4FA5,0x4FA6,0x4FA7,0x4FA8,0x4FA9,0x4FAE,
    0x4FAF,0x4FB5,0x4FBF,0x4FC3,0x4FC4,0x4FCA,0x4FCF,0x4FD0,
    0x4FD7,0x4FD8,0x4FDD,0x4FDE,0x4FE1,0x4FE9,0x4FED,0x4FEE,
    0x4FEF,0x4FF1,0x4FFA,0x500D,0x5012,0x5014,0x5018,0x5019,
    0x501A,0x501F,0x5021,0x5026,0x502A,0x503A,0x503C,0x503E,
    0x5047,0x504F,0x505A,0x505C,0x5065,0x5076,0x5077,0x507F,
    0x5080,0x5085,0x5088,0x508D,0x50A3,0x50A8,0x50AC,0x50B2,
    0x50BB,0x50CF,0x50DA,0x50E7,0x50F3,0x50F5,0x50FB,0x5112,
    0x5121,0x513F,0x5141,0x5143,0x5144,0x5145,0x5146,0x5148,
    0x5149,0x514B,0x514D,0x5151,0x5154,0x515A,0x515C,0x5162,
    0x5165,0x5168,0x516B,0x516C,0x516D,0x5170,0x5171,0x5173,
    0x5174,0x5175,0x5176,0x5177,0x5178,0x5179,0x517B,0x517C,
    0x517D,0x5180,0x5185,0x5188,0x5189,0x518C,0x518D,0x5192,
    0x5195,0x5197,0x5199,0x519B,0x519C,0x51A0,0x51A4,0x51AC,
    0x51AF,0x51B0,0x51B2,0x51B3,0x51B5,0x51B6,0x51B7,0x51BB,
    0x51C0,0x51C4,0x51C6,0x51C9,0x51CB,0x51CC,0x51CF,0x51D1,
    0x51DB,0x51DD,0x51E0,0x51E1,0x51E4,0x51ED,0x51EF,0x51F0,
    0x51F3,0x51F6,0x51F8,0x51F9,0x51FA,0x51FB,0x51FD,0x51FF,
    0x5200,0x5201,0x5203,0x5206,0x5207,0x520A,0x5211,0x5212,
    0x5217,0x5218,0x5219,0x521A,0x521B,0x521D,0x5220,0x5224,
    0x5228,0x5229,0x522B,0x522E,0x5230,0x5236,0x5237,0x5238,
    0x5239,0x523A,0x523B,0x523D,0x5241,0x5242,0x5243,0x524A,
    0x524D,0x5250,0x5251,0x5254,0x5256,0x5265,0x5267,0x5269,
    0x526A,0x526F,0x5272,0x527F,0x5288,0x529B,0x529D,0x529E,
    0x529F,0x52A0,0x52A1,0x52A3,0x52A8,0x52A9,0x52AA,0x52AB,
    0x52B1,0x52B2,0x52B3,0x52BF,0x52C3,0x52C7,0x52C9,0x52CB,
    0x52D2,0x52D8,0x52DF,0x52E4,0x52FA,0x52FE,0x52FF,0x5300,
    0x5305,0x5306,0x5308,0x5316,0x5317,0x5319,0x531D,0x5320,
    0x5321,0x5323,0x532A,0x5339,0x533A,0x533B,0x533F,0x5341,
    0x5343,0x5347,0x5348,0x5349,0x534A,0x534E,0x534F,0x5351,
    0x5352,0x5353,0x5355,0x5356,0x5357,0x535A,0x535C,0x535E,
    0x5360,0x5361,0x5362,0x5364,0x5367,0x536B,0x536F,0x5370,
    0x5371,0x5373,0x5374,0x5375,0x5377,0x5378,0x537F,0x5382,
    0x5384,0x5385,0x5386,0x5389,0x538B,0x538C,0x5395,0x5398,
    0x539A,0x539F,0x53A2,0x53A6,0x53A8,0x53A9,0x53BB,0x53BF,
    0x53C1,0x53C2,0x53C8,0x53C9,0x53CA,0x53CB,0x53CC,0x53CD,
    0x53D1,0x53D4,0x53D6,0x53D7,0x53D8,0x53D9,0x53DB,0x53E0,
    0x53E3,0x53E4,0x53E5,0x53E6,0x53EA,0x53EB,0x53EC,0x53ED,
    0x53EE,0x53EF,0x53F0,0x53F2,0x53F3,0x53F6,0x53F7,0x53F8,
    0x53F9,0x53FC,0x5401,0x5403,0x5404,0x5408,0x5409,0x540A,
    0x540C,0x540D,0x540E,0x540F,0x5410,0x5411,0x5413,0x5415,
    0x5417,0x541B,0x541D,0x541E,0x541F,0x5420,0x5426,0x5427,
    0x5428,0x5429,0x542B,0x542C,0x542D,0x542E,0x542F,0x5431,
    0x5434,0x5435,0x5438,0x5439,0x543B,0x543C,0x543E,0x5440,
    0x5446,0x5448,0x544A,0x5450,0x5455,0x5458,0x545B,0x545C,
    0x5462,0x5468,0x5473,0x5475,0x5478,0x547B,0x547C,0x547D,
    0x5480,0x5486,0x548B,0x548C,0x548E,0x548F,0x5490,0x5492,
    0x5495,0x5496,0x5499,0x54A8,0x54AC,0x54AF,0x54B1,0x54B3,
    0x54B8,0x54BD,0x54C0,0x54C1,0x54C4,0x54C6,0x54C7,0x54C8,
    0x54C9,0x54CD,0x54CE,0x54D1,0x54D7,0x54DF,0x54E5,0x54E6,
    0x54E8,0x54E9,0x54EA,0x54ED,0x54EE,0x54F2,0x54FA,0x54FC,
    0x5501,0x5506,0x5507,0x5509,0x5510,0x5524,0x552C,0x552E,
    0x552F,0x5531,0x553E,0x5543,0x5544,0x5546,0x554A,0x5561,
    0x5564,0x5565,0x5566,0x556A,0x556E,0x5578,0x557C,0x5580,
    0x5582,0x5584,0x5587,0x5589,0x558A,0x5598,0x559C,0x559D,
    0x55A7,0x55B3,0x55B7,0x55BB,0x55C5,0x55D3,0x55DC,0x55E1,
    0x55E3,0x55FD,0x5609,0x560E,0x5618,0x561B,0x5631,0x5632,
    0x5634,0x5636,0x563B,0x563F,0x564E,0x5668,0x566A,0x566C,
    0x5676,0x568E,0x568F,0x56A3,0x56B7,0x56BC,0x56CA,0x56DA,
    0x56DB,0x56DE,0x56E0,0x56E2,0x56E4,0x56ED,0x56F0,0x56F1,
    0x56F4,0x56FA,0x56FD,0x56FE,0x5703,0x5706,0x5708,0x571F,
    0x5723,0x5728,0x572D,0x5730,0x5733,0x573A,0x573E,0x5740,
    0x5747,0x574A,0x574D,0x574E,0x574F,0x5750,0x5751,0x5757,
    0x575A,0x575B,0x575D,0x575E,0x575F,0x5760,0x5761,0x5764,
    0x5766,0x576A,0x576F,0x5777,0x5782,0x5783,0x5784,0x578B,
    0x5792,0x579B,0x57A2,0x57A3,0x57A6,0x57AB,0x57AE,0x57C2,
    0x57C3,0x57CB,0x57CE,0x57D4,0x57DF,0x57E0,0x57F9,0x57FA,
    0x5802,0x5806,0x5811,0x5815,0x5821,0x5824,0x582A,0x5830,
    0x5835,0x584C,0x5851,0x5854,0x5858,0x585E,0x586B,0x5883,
    0x5885,0x5892,0x5893,0x5899,0x589E,0x589F,0x58A8,0x58A9,
    0x58C1,0x58D5,0x58E4,0x58EB,0x58EC,0x58EE,0x58F0,0x58F3,
    0x58F6,0x58F9,0x5904,0x5907,0x590D,0x590F,0x5915,0x5916,
    0x591A,0x591C,0x591F,0x5927,0x5929,0x592A,0x592B,0x592E,
    0x592F,0x5931,0x5934,0x5937,0x5938,0x5939,0x593A,0x5944,
    0x5947,0x5948,0x5949,0x594B,0x594E,0x594F,0x5951,0x5954,
    0x5956,0x5957,0x5960,0x5962,0x5965,0x5973,0x5974,0x5976,
    0x5978,0x5979,0x597D,0x5982,0x5984,0x5986,0x5987,0x5988,
    0x598A,0x5992,0x5993,0x5996,0x5999,0x59A5,0x59A8,0x59AE,
    0x59B9,0x59BB,0x59C6,0x59CB,0x59D0,0x59D1,0x59D3,0x59D4,
    0x59DA,0x59DC,0x59E5,0x59E8,0x59EC,0x59FB,0x59FF,0x5A01,
    0x5A03,0x5A04,0x5A07,0x5A18,0x5A1C,0x5A1F,0x5A20,0x5A25,
    0x5A29,0x5A31,0x5A36,0x5A46,0x5A49,0x5A5A,0x5A6A,0x5A74,
    0x5A76,0x5A7F,0x5A92,0x5A9A,0x5AB3,0x5AC1,0x5AC2,0x5AC9,
    0x5ACC,0x5AE1,0x5AE9,0x5B50,0x5B54,0x5B55,0x5B57,0x5B58,
    0x5B59,0x5B5C,0x5B5D,0x5B5F,0x5B63,0x5B64,0x5B66,0x5B69,
    0x5B6A,0x5B70,0x5B75,0x5B7A,0x5B7D,0x5B81,0x5B83,0x5B85,
    0x5B87,0x5B88,0x5B89,0x5B8B,0x5B8C,0x5B8F,0x5B97,0x5B98,
    0x5B99,0x5B9A,0x5B9B,0x5B9C,0x5B9D,0x5B9E,0x5BA0,0x5BA1,
    0x5BA2,0x5BA3,0x5BA4,0x5BA6,0x5BAA,0x5BAB,0x5BB0,0x5BB3,
    0x5BB4,0x5BB5,0x5BB6,0x5BB9,0x5BBD,0x5BBE,0x5BBF,0x5BC2,
    0x5BC4,0x5BC5,0x5BC6,0x5BC7,0x5BCC,0x5BD0,0x5BD2,0x5BD3,
    0x5BDD,0x5BDE,0x5BDF,0x5BE1,0x5BE5,0x5BE8,0x5BF8,0x5BF9,
    0x5BFA,0x5BFB,0x5BFC,0x5BFF,0x5C01,0x5C04,0x5C06,0x5C09,
    0x5C0A,0x5C0F,0x5C11,0x5C14,0x5C16,0x5C18,0x5C1A,0x5C1D,
    0x5C24,0x5C27,0x5C31,0x5C38,0x5C39,0x5C3A,0x5C3C,0x5C3D,
    0x5C3E,0x5C3F,0x5C40,0x5C41,0x5C42,0x5C45,0x5C48,0x5C49,
    0x5C4A,0x5C4B,0x5C4E,0x5C4F,0x5C51,0x5C55,0x5C5E,0x5C60,
    0x5C61,0x5C65,0x5C6F,0x5C71,0x5C79,0x5C7F,0x5C81,0x5C82,
    0x5C94,0x5C97,0x5C9B,0x5CA9,0x5CAD,0x5CB3,0x5CB8,0x5CBF,
    0x5CD9,0x5CE1,0x5CE6,0x5CE8,0x5CEA,0x5CED,0x5CF0,0x5CFB,
    0x5D07,0x5D0E,0x5D14,0x5D16,0x5D29,0x5D2D,0x5D4C,0x5DCD,
    0x5DDD,0x5DDE,0x5DE1,0x5DE2,0x5DE5,0x5DE6,0x5DE7,0x5DE8,
    0x5DE9,0x5DEB,0x5DEE,0x5DF1,0x5DF2,0x5DF3,0x5DF4,0x5DF7,
    0x5DFE,0x5E01,0x5E02,0x5E03,0x5E05,0x5E06,0x5E08,0x5E0C,
    0x5E10,0x5E15,0x5E16,0x5E18,0x5E1A,0x5E1B,0x5E1C,0x5E1D,
    0x5E26,0x5E27,0x5E2D,0x5E2E,0x5E38,0x5E3D,0x5E42,0x5E45,
    0x5E4C,0x5E55,0x5E62,0x5E72,0x5E73,0x5E74,0x5E76,0x5E78,
    0x5E7B,0x5E7C,0x5E7D,0x5E7F,0x5E84,0x5E86,0x5E87,0x5E8A,
    0x5E8F,0x5E90,0x5E93,0x5E94,0x5E95,0x5E97,0x5E99,0x5E9A,
    0x5E9C,0x5E9E,0x5E9F,0x5EA6,0x5EA7,0x5EAD,0x5EB6,0x5EB7,
    0x5EB8,0x5EC9,0x5ECA,0x5ED3,0x5ED6,0x5EF6,0x5EF7,0x5EFA,
    0x5F00,0x5F02,0x5F03,0x5F04,0x5F0A,0x5F0F,0x5F13,0x5F15,
    0x5F17,0x5F18,0x5F1B,0x5F1F,0x5F20,0x5F25,0x5F26,0x5F27,
    0x5F2F,0x5F31,0x5F39,0x5F3A,0x5F52,0x5F53,0x5F55,0x5F5D,
    0x5F62,0x5F64,0x5F66,0x5F69,0x5F6A,0x5F6C,0x5F6D,0x5F70,
    0x5F71,0x5F79,0x5F7B,0x5F7C,0x5F80,0x5F81,0x5F84,0x5F85,
    0x5F88,0x5F8A,0x5F8B,0x5F90,0x5F92,0x5F97,0x5F98,0x5FA1,
    0x5FAA,0x5FAE,0x5FB7,0x5FBD,0x5FC3,0x5FC5,0x5FC6,0x5FCC,
    0x5FCD,0x5FD7,0x5FD8,0x5FD9,0x5FE0,0x5FE7,0x5FEB,0x5FF1,
    0x5FF5,0x5FFB,0x5FFD,0x5FFF,0x6000,0x6001,0x6002,0x600E,
    0x6012,0x6014,0x6015,0x6016,0x601C,0x601D,0x6020,0x6025,
    0x6027,0x6028,0x602A,0x602F,0x603B,0x6043,0x604B,0x604D,
    0x6050,0x6052,0x6055,0x6062,0x6064,0x6068,0x6069,0x606B,
    0x606C,0x606D,0x606F,0x6070,0x6073,0x6076,0x607C,0x607F,
    0x6084,0x6089,0x608D,0x6094,0x609F,0x60A0,0x60A3,0x60A6,
    0x60A8,0x60AC,0x60AF,0x60B2,0x60B8,0x60BC,0x60C5,0x60CA,
    0x60CB,0x60D1,0x60D5,0x60DC,0x60DF,0x60E0,0x60E6,0x60E7,
    0x60E8,0x60E9,0x60EB,0x60ED,0x60EE,0x60EF,0x60F0,0x60F3,
    0x60F6,0x60F9,0x60FA,0x6101,0x6108,0x6109,0x610F,0x611A,
    0x611F,0x6124,0x6127,0x613F,0x6148,0x614C,0x614E,0x6151,
    0x6155,0x6162,0x6167,0x6168,0x6170,0x6177,0x618B,0x618E,
    0x61A8,0x61BE,0x61C2,0x61C8,0x61CA,0x61D2,0x61E6,0x6208,
    0x620A,0x620C,0x620D,0x620E,0x620F,0x6210,0x6211,0x6212,
    0x6216,0x6218,0x621A,0x622A,0x622E,0x6233,0x6234,0x6237,
    0x623F,0x6240,0x6241,0x6247,0x624B,0x624D,0x624E,0x6251,
    0x6252,0x6253,0x6254,0x6258,0x625B,0x6263,0x6266,0x6267,
    0x6269,0x626B,0x626C,0x626D,0x626E,0x626F,0x6270,0x6273,
    0x6276,0x6279,0x627C,0x627E,0x627F,0x6280,0x6284,0x6289,
    0x628A,0x6291,0x6292,0x6293,0x6295,0x6296,0x6297,0x6298,
    0x629A,0x629B,0x62A0,0x62A1,0x62A2,0x62A4,0x62A5,0x62A8,
    0x62AB,0x62AC,0x62B1,0x62B5,0x62B9,0x62BC,0x62BD,0x62BF,
    0x62C2,0x62C4,0x62C5,0x62C6,0x62C7,0x62C8,0x62C9,0x62CC,
    0x62CD,0x62CE,0x62D0,0x62D2,0x62D3,0x62D4,0x62D6,0x62D8,
    0x62D9,0x62DB,0x62DC,0x62DF,0x62E2,0x62E3,0x62E5,0x62E6,
    0x62E7,0x62E8,0x62E9,0x62EC,0x62ED,0x62EF,0x62F1,0x62F3,
    0x62F4,0x62F7,0x62FC,0x62FD,0x62FE,0x62FF,0x6301,0x6302,
    0x6307,0x6309,0x630E,0x6311,0x6316,0x631A,0x631B,0x631D,
    0x631E,0x631F,0x6320,0x6321,0x6323,0x6324,0x6325,0x6328,
    0x632A,0x632B,0x632F,0x633A,0x633D,0x6342,0x6345,0x6346,
    0x6349,0x634C,0x634D,0x634E,0x634F,0x6350,0x6355,0x635E,
    0x635F,0x6361,0x6362,0x6363,0x6367,0x636E,0x6376,0x6377,
    0x637B,0x6380,0x6382,0x6387,0x6388,0x6389,0x638C,0x638F,
    0x6390,0x6392,0x6396,0x6398,0x63A0,0x63A2,0x63A3,0x63A5,
    0x63A7,0x63A8,0x63A9,0x63AA,0x63B3,0x63B7,0x63B8,0x63BA,
    0x63C9,0x63CD,0x63CF,0x63D0,0x63D2,0x63D6,0x63E1,0x63E3,
    0x63E9,0x63EA,0x63ED,0x63F4,0x63FD,0x6400,0x6401,0x6402,
    0x6405,0x640F,0x6410,0x6413,0x6414,0x641C,0x641E,0x642A,
    0x642C,0x642D,0x643A,0x643D,0x6444,0x6446,0x6447,0x6448,
    0x644A,0x6454,0x6458,0x6467,0x6469,0x6478,0x6479,0x6482,
    0x6485,0x6487,0x6491,0x6492,0x6495,0x649E,0x64A4,0x64A9,
    0x64AC,0x64AD,0x64AE,0x64B0,0x64B5,0x64BC,0x64C2,0x64C5,
    0x64CD,0x64CE,0x64D2,0x64DE,0x64E6,0x6500,0x6512,0x6518,
    0x652B,0x652F,0x6536,0x6539,0x653B,0x653E,0x653F,0x6545,
    0x6548,0x654C,0x654F,0x6551,0x6556,0x6559,0x655B,0x655D,
    0x655E,0x6562,0x6563,0x6566,0x656C,0x6570,0x6572,0x6574,
    0x6577,0x6587,0x658B,0x658C,0x6591,0x6597,0x6599,0x659C,
    0x659F,0x65A1,0x65A4,0x65A5,0x65A7,0x65A9,0x65AD,0x65AF,
    0x65B0,0x65B9,0x65BD,0x65C1,0x65C5,0x65CB,0x65CF,0x65D7,
    0x65E0,0x65E2,0x65E5,0x65E6,0x65E7,0x65E8,0x65E9,0x65EC,
    0x65ED,0x65F1,0x65F6,0x65F7,0x65FA,0x6602,0x6606,0x660C,
    0x660E,0x660F,0x6613,0x6614,0x661F,0x6620,0x6625,0x6627,
    0x6628,0x662D,0x662F,0x663C,0x663E,0x6643,0x664B,0x664C,
    0x6652,0x6653,0x6655,0x665A,0x6664,0x6666,0x6668,0x666E,
    0x666F,0x6670,0x6674,0x6676,0x667A,0x667E,0x6682,0x6687,
    0x6691,0x6696,0x6697,0x66AE,0x66B4,0x66D9,0x66DD,0x66F0,
    0x66F2,0x66F3,0x66F4,0x66F9,0x66FC,0x66FE,0x66FF,0x6700,
    0x6708,0x6709,0x670B,0x670D,0x6714,0x6717,0x671B,0x671D,
    0x671F,0x6728,0x672A,0x672B,0x672C,0x672D,0x672F,0x6731,
    0x6734,0x6735,0x673A,0x673D,0x6740,0x6742,0x6743,0x6746,
    0x6749,0x674E,0x674F,0x6750,0x6751,0x6756,0x675C,0x675F,
    0x6760,0x6761,0x6765,0x6768,0x676D,0x676F,0x6770,0x677E,
    0x677F,0x6781,0x6784,0x6789,0x6790,0x6795,0x6797,0x679A,
    0x679C,0x679D,0x67A2,0x67A3,0x67AA,0x67AB,0x67AF,0x67B6,
    0x67B7,0x67C4,0x67CF,0x67D0,0x67D1,0x67D2,0x67D3,0x67D4,
    0x67DC,0x67DE,0x67E0,0x67E5,0x67EC,0x67EF,0x67F1,0x67F3,
    0x67F4,0x67FF,0x6805,0x6807,0x6808,0x680B,0x680F,0x6811,
    0x6813,0x6816,0x6817,0x6821,0x682A,0x6837,0x6838,0x6839,
    0x683C,0x683D,0x6842,0x6843,0x6845,0x6846,0x6848,0x684C,
    0x6850,0x6851,0x6853,0x6854,0x6863,0x6865,0x6868,0x6869,
    0x6876,0x6881,0x6885,0x6886,0x6897,0x68A2,0x68A6,0x68A7,
    0x68A8,0x68AD,0x68AF,0x68B0,0x68B3,0x68C0,0x68C9,0x68CB,
    0x68CD,0x68D2,0x68D5,0x68D8,0x68DA,0x68E0,0x68EE,0x68F1,
    0x68F5,0x68FA,0x6905,0x690D,0x690E,0x6912,0x692D,0x6930,
    0x693D,0x693F,0x6954,0x695A,0x695E,0x6977,0x697C,0x6982,
    0x6986,0x6994,0x699C,0x69A8,0x69B4,0x69B7,0x69D0,0x69DB,
    0x69FD,0x6A0A,0x6A1F,0x6A21,0x6A2A,0x6A31,0x6A47,0x6A59,
    0x6A61,0x6A71,0x6A80,0x6A84,0x6AAC,0x6B20,0x6B21,0x6B22,
    0x6B23,0x6B27,0x6B32,0x6B3A,0x6B3E,0x6B47,0x6B49,0x6B4C,
    0x6B62,0x6B63,0x6B64,0x6B65,0x6B66,0x6B67,0x6B6A,0x6B79,
    0x6B7B,0x6B7C,0x6B83,0x6B86,0x6B89,0x6B8A,0x6B8B,0x6B96,
    0x6BB4,0x6BB5,0x6BB7,0x6BBF,0x6BC1,0x6BC5,0x6BCB,0x6BCD,
    0x6BCF,0x6BD2,0x6BD4,0x6BD5,0x6BD6,0x6BD7,0x6BD9,0x6BDB,
    0x6BE1,0x6BEB,0x6BEF,0x6C0F,0x6C11,0x6C13,0x6C14,0x6C16,
    0x6C1B,0x6C1F,0x6C22,0x6C26,0x6C27,0x6C28,0x6C2E,0x6C2F,
    0x6C30,0x6C34,0x6C38,0x6C40,0x6C41,0x6C42,0x6C47,0x6C49,
    0x6C50,0x6C55,0x6C57,0x6C5B,0x6C5D,0x6C5E,0x6C5F,0x6C60,
    0x6C61,0x6C64,0x6C6A,0x6C70,0x6C72,0x6C79,0x6C7D,0x6C7E,
    0x6C81,0x6C82,0x6C83,0x6C88,0x6C89,0x6C8F,0x6C99,0x6C9B,
    0x6C9F,0x6CA1,0x6CA4,0x6CA5,0x6CA6,0x6CA7,0x6CAA,0x6CAB,
    0x6CAE,0x6CB3,0x6CB8,0x6CB9,0x6CBB,0x6CBC,0x6CBD,0x6CBE,
    0x6CBF,0x6CC4,0x6CC5,0x6CC9,0x6CCA,0x6CCC,0x6CD5,0x6CDB,
    0x6CDE,0x6CE1,0x6CE2,0x6CE3,0x6CE5,0x6CE8,0x6CEA,0x6CF0,
    0x6CF3,0x6CF5,0x6CFB,0x6CFC,0x6CFD,0x6D01,0x6D0B,0x6D12,
    0x6D17,0x6D1B,0x6D1E,0x6D25,0x6D2A,0x6D31,0x6D32,0x6D3B,
    0x6D3C,0x6D3D,0x6D3E,0x6D41,0x6D45,0x6D46,0x6D47,0x6D4A,
    0x6D4B,0x6D4E,0x6D51,0x6D53,0x6D59,0x6D5A,0x6D66,0x6D69,
    0x6D6A,0x6D6E,0x6D74,0x6D77,0x6D78,0x6D82,0x6D85,0x6D88,
    0x6D89,0x6D8C,0x6D8E,0x6D95,0x6D9B,0x6D9D,0x6D9F,0x6DA1,
    0x6DA3,0x6DA4,0x6DA6,0x6DA7,0x6DA8,0x6DA9,0x6DAA,0x6DAF,
    0x6DB2,0x6DB5,0x6DB8,0x6DC0,0x6DC4,0x6DC6,0x6DCB,0x6DCC,
    0x6DD1,0x6DD6,0x6DD8,0x6DE1,0x6DE4,0x6DEB,0x6DEC,0x6DEE,
    0x6DF1,0x6DF3,0x6DF7,0x6DF9,0x6DFB,0x6E05,0x6E0A,0x6E0D,
    0x6E10,0x6E14,0x6E17,0x6E1D,0x6E20,0x6E21,0x6E23,0x6E24,
    0x6E29,0x6E2D,0x6E2F,0x6E34,0x6E38,0x6E3A,0x6E43,0x6E4D,
    0x6E56,0x6E58,0x6E5B,0x6E7E,0x6E7F,0x6E83,0x6E85,0x6E89,
    0x6E90,0x6E9C,0x6EA2,0x6EAA,0x6EAF,0x6EB6,0x6EBA,0x6EC1,
    0x6EC7,0x6ECB,0x6ED1,0x6ED3,0x6ED4,0x6EDA,0x6EDE,0x6EE1,
    0x6EE4,0x6EE5,0x6EE6,0x6EE8,0x6EE9,0x6EF4,0x6F02,0x6F06,
    0x6F0F,0x6F13,0x6F14,0x6F20,0x6F2B,0x6F31,0x6F33,0x6F3E,
    0x6F4D,0x6F58,0x6F5C,0x6F5E,0x6F66,0x6F6D,0x6F6E,0x6F84,
    0x6F88,0x6F8E,0x6F9C,0x6FA1,0x6FB3,0x6FC0,0x6FD2,0x7011,
    0x704C,0x706B,0x706D,0x706F,0x7070,0x7075,0x7076,0x7078,
    0x707C,0x707E,0x707F,0x7089,0x708A,0x708E,0x7092,0x7094,
    0x7095,0x7099,0x70AC,0x70AD,0x70AE,0x70AF,0x70B3,0x70B8,
    0x70B9,0x70BC,0x70BD,0x70C1,0x70C2,0x70C3,0x70C8,0x70D8,
    0x70D9,0x70DB,0x70DF,0x70E4,0x70E6,0x70E7,0x70E9,0x70EB,
    0x70EC,0x70ED,0x70EF,0x70F7,0x70F9,0x70FD,0x7109,0x710A,
    0x7115,0x7119,0x711A,0x7126,0x7130,0x7136,0x714C,0x714E,
    0x715E,0x7164,0x7167,0x716E,0x717D,0x7184,0x718A,0x718F,
    0x7194,0x7199,0x719F,0x71AC,0x71C3,0x71CE,0x71D5,0x71E5,
    0x7206,0x722A,0x722C,0x7231,0x7235,0x7236,0x7237,0x7238,
    0x7239,0x723D,0x7247,0x7248,0x724C,0x7259,0x725B,0x725F,
    0x7261,0x7262,0x7267,0x7269,0x7272,0x7275,0x7279,0x727A,
    0x7280,0x7281,0x728A,0x72AC,0x72AF,0x72B6,0x72B9,0x72C2,
    0x72C4,0x72C8,0x72D0,0x72D7,0x72D9,0x72DE,0x72E0,0x72E1,
    0x72EC,0x72ED,0x72EE,0x72F0,0x72F1,0x72F8,0x72FC,0x730E,
    0x7316,0x731B,0x731C,0x7329,0x732A,0x732B,0x732E,0x7334,
    0x733E,0x733F,0x736D,0x7384,0x7387,0x7389,0x738B,0x7396,
    0x739B,0x73A9,0x73AB,0x73AF,0x73B0,0x73B2,0x73BB,0x73CA,
    0x73CD,0x73D0,0x73E0,0x73ED,0x7403,0x7405,0x7406,0x7409,
    0x7410,0x7422,0x7433,0x7434,0x7435,0x7436,0x743C,0x745A,
    0x745E,0x745F,0x7470,0x7476,0x7483,0x74DC,0x74E2,0x74E3,
    0x74E4,0x74E6,0x74EE,0x74F6,0x74F7,0x7504,0x7518,0x751A,
    0x751C,0x751F,0x7525,0x7528,0x7529,0x752B,0x752D,0x7530,
    0x7531,0x7532,0x7533,0x7535,0x7537,0x7538,0x753B,0x7545,
    0x754C,0x754F,0x7554,0x7559,0x755C,0x7565,0x7566,0x756A,
    0x7574,0x7578,0x7586,0x758F,0x7591,0x7597,0x7599,0x759A,
    0x759F,0x75A1,0x75A4,0x75A5,0x75AB,0x75AE,0x75AF,0x75B2,
    0x75B5,0x75B9,0x75BC,0x75BD,0x75BE,0x75C5,0x75C7,0x75C8,
    0x75C9,0x75CA,0x75D2,0x75D4,0x75D5,0x75D8,0x75DB,0x75DE,
    0x75E2,0x75EA,0x75F0,0x75F4,0x75F9,0x7601,0x761F,0x7624,
    0x7626,0x7629,0x762A,0x762B,0x7634,0x7638,0x764C,0x7663,
    0x7678,0x767B,0x767D,0x767E,0x7682,0x7684,0x7686,0x7687,
    0x768B,0x7691,0x7696,0x76AE,0x76B1,0x76BF,0x76C2,0x76C5,
    0x76C6,0x76C8,0x76CA,0x76CE,0x76CF,0x76D0,0x76D1,0x76D2,
    0x76D4,0x76D6,0x76D7,0x76D8,0x76DB,0x76DF,0x76EE,0x76EF,
    0x76F2,0x76F4,0x76F8,0x76FC,0x76FE,0x7701,0x7709,0x770B,
    0x771F,0x7720,0x7728,0x7729,0x772F,0x7736,0x7737,0x773A,
    0x773C,0x7740,0x7741,0x775B,0x7761,0x7763,0x7766,0x776B,
    0x776C,0x7779,0x7784,0x7785,0x778E,0x7792,0x77A5,0x77A7,
    0x77A9,0x77AA,0x77AC,0x77B3,0x77BB,0x77D7,0x77DB,0x77E2,
    0x77E3,0x77E5,0x77E9,0x77EB,0x77ED,0x77EE,0x77F3,0x77FD,
    0x77FE,0x77FF,0x7801,0x7802,0x780C,0x780D,0x7812,0x7814,
    0x7816,0x781A,0x7827,0x7830,0x7834,0x7837,0x7838,0x783E,
    0x7840,0x7845,0x7852,0x7855,0x785D,0x786B,0x786C,0x786E,
    0x7877,0x787C,0x7889,0x788C,0x788D,0x788E,0x7891,0x7897,
    0x7898,0x789F,0x78A7,0x78B0,0x78B1,0x78B3,0x78B4,0x78BE,
    0x78C1,0x78C5,0x78CA,0x78CB,0x78D0,0x78D5,0x78E8,0x78F7,
    0x78FA,0x7901,0x793A,0x793C,0x793E,0x7941,0x7948,0x7956,
    0x795D,0x795E,0x795F,0x7965,0x7968,0x796D,0x7977,0x7978,
    0x7981,0x7984,0x798F,0x79B9,0x79BB,0x79BD,0x79BE,0x79C0,
    0x79C1,0x79C3,0x79C6,0x79C9,0x79CB,0x79CD,0x79D1,0x79D2,
    0x79D8,0x79DF,0x79E4,0x79E6,0x79E7,0x79E9,0x79EF,0x79F0,
    0x79F8,0x79FB,0x79FD,0x7A00,0x7A0B,0x7A0D,0x7A0E,0x7A17,
    0x7A1A,0x7A20,0x7A33,0x7A3B,0x7A3C,0x7A3D,0x7A3F,0x7A46,
    0x7A57,0x7A74,0x7A76,0x7A77,0x7A7A,0x7A7F,0x7A81,0x7A83,
    0x7A84,0x7A8D,0x7A91,0x7A92,0x7A96,0x7A97,0x7A98,0x7A9C,
    0x7A9D,0x7A9F,0x7AA5,0x7ABF,0x7ACB,0x7AD6,0x7AD9,0x7ADE,
    0x7ADF,0x7AE0,0x7AE3,0x7AE5,0x7AED,0x7AEF,0x7AF9,0x7AFF,
    0x7B06,0x7B0B,0x7B11,0x7B14,0x7B1B,0x7B26,0x7B28,0x7B2C,
    0x7B3A,0x7B3C,0x7B49,0x7B4B,0x7B4F,0x7B50,0x7B51,0x7B52,
    0x7B54,0x7B56,0x7B5B,0x7B77,0x7B79,0x7B7E,0x7B80,0x7B8D,
    0x7B94,0x7B95,0x7B97,0x7BA1,0x7BA9,0x7BAD,0x7BB1,0x7BC6,
    0x7BC7,0x7BD3,0x7BD9,0x7BE1,0x7BEE,0x7BF1,0x7BF7,0x7C07,
    0x7C27,0x7C3F,0x7C4D,0x7C73,0x7C7B,0x7C7D,0x7C89,0x7C92,
    0x7C95,0x7C97,0x7C98,0x7C9F,0x7CA4,0x7CA5,0x7CAA,0x7CAE,
    0x7CB1,0x7CB3,0x7CB9,0x7CBE,0x7CCA,0x7CD5,0x7CD6,0x7CD9,
    0x7CDC,0x7CDF,0x7CE0,0x7CEF,0x7CFB,0x7D0A,0x7D20,0x7D22,
    0x7D27,0x7D2B,0x7D2F,0x7D6E,0x7E41,0x7E82,0x7EA0,0x7EA2,
    0x7EA4,0x7EA6,0x7EA7,0x7EAA,0x7EAB,0x7EAC,0x7EAF,0x7EB1,
    0x7EB2,0x7EB3,0x7EB5,0x7EB6,0x7EB7,0x7EB8,0x7EB9,0x7EBA,
    0x7EBD,0x7EBF,0x7EC3,0x7EC4,0x7EC5,0x7EC6,0x7EC7,0x7EC8,
    0x7ECA,0x7ECD,0x7ECE,0x7ECF,0x7ED1,0x7ED2,0x7ED3,0x7ED5,
    0x7ED8,0x7ED9,0x7EDA,0x7EDC,0x7EDD,0x7EDE,0x7EDF,0x7EE2,
    0x7EE3,0x7EE5,0x7EE6,0x7EE7,0x7EE9,0x7EEA,0x7EED,0x7EF0,
    0x7EF3,0x7EF4,0x7EF5,0x7EF7,0x7EF8,0x7EFC,0x7EFD,0x7EFF,
    0x7F00,0x7F04,0x7F05,0x7F06,0x7F09,0x7F0E,0x7F13,0x7F14,
    0x7F15,0x7F16,0x7F18,0x7F1A,0x7F1D,0x7F20,0x7F28,0x7F29,
    0x7F2E,0x7F34,0x7F38,0x7F3A,0x7F50,0x7F51,0x7F55,0x7F57,
    0x7F5A,0x7F62,0x7F69,0x7F6A,0x7F6E,0x7F72,0x7F8A,0x7F8C,
    0x7F8E,0x7F94,0x7F9A,0x7F9E,0x7FA1,0x7FA4,0x7FB9,0x7FBD,
    0x7FC1,0x7FC5,0x7FCC,0x7FD4,0x7FD8,0x7FDF,0x7FE0,0x7FF0,
    0x7FF1,0x7FFB,0x7FFC,0x8000,0x8001,0x8003,0x8005,0x800C,
    0x800D,0x8010,0x8015,0x8017,0x8018,0x8019,0x802A,0x8033,
    0x8036,0x8038,0x803B,0x803D,0x803F,0x8042,0x804A,0x804B,
    0x804C,0x8054,0x8058,0x805A,0x806A,0x8083,0x8084,0x8086,
    0x8087,0x8089,0x808B,0x808C,0x8096,0x8098,0x809A,0x809B,
    0x809D,0x80A0,0x80A1,0x80A2,0x80A4,0x80A5,0x80A9,0x80AA,
    0x80AE,0x80AF,0x80B2,0x80BA,0x80BE,0x80BF,0x80C0,0x80C1,
    0x80C3,0x80C6,0x80CC,0x80CE,0x80D6,0x80DA,0x80DC,0x80DE,
    0x80E1,0x80EF,0x80F0,0x80F3,0x80F6,0x80F8,0x80FA,0x80FD,
    0x8102,0x8106,0x8109,0x810A,0x810F,0x8110,0x8111,0x8113,
    0x8116,0x811A,0x812F,0x8131,0x8138,0x813E,0x8146,0x814A,
    0x814B,0x8150,0x8151,0x8154,0x8155,0x8165,0x816E,0x8170,
    0x8179,0x817A,0x817B,0x817E,0x817F,0x8180,0x818A,0x818F,
    0x8198,0x819B,0x819C,0x819D,0x81A8,0x81B3,0x81C0,0x81C2,
    0x81C3,0x81C6,0x81E3,0x81EA,0x81ED,0x81F3,0x81F4,0x81FB,
    0x81FC,0x8200,0x8205,0x8206,0x820C,0x820D,0x8212,0x8214,
    0x821C,0x821E,0x821F,0x822A,0x822C,0x8230,0x8231,0x8235,
    0x8236,0x8237,0x8239,0x8247,0x8258,0x826F,0x8270,0x8272,
    0x8273,0x827A,0x827E,0x8282,0x828B,0x828D,0x8292,0x829C,
    0x829D,0x82A5,0x82A6,0x82AC,0x82AD,0x82AF,0x82B1,0x82B3,
    0x82B9,0x82BD,0x82C7,0x82CD,0x82CF,0x82D1,0x82D4,0x82D7,
    0x82DB,0x82DE,0x82DF,0x82E5,0x82E6,0x82EB,0x82EF,0x82F1,
    0x82F9,0x8301,0x8302,0x8303,0x8304,0x8305,0x830E,0x8327,
    0x8328,0x832B,0x832C,0x8335,0x8336,0x8338,0x8339,0x8346,
    0x8349,0x8350,0x8352,0x8354,0x835A,0x8361,0x8363,0x8364,
    0x8367,0x836B,0x836F,0x8377,0x8386,0x8389,0x838E,0x83AB,
    0x83B1,0x83B2,0x83B7,0x83B9,0x83BD,0x83C7,0x83CA,0x83CC,
    0x83CF,0x83DC,0x83E0,0x83E9,0x83F1,0x83F2,0x8404,0x840C,
    0x840D,0x840E,0x841D,0x8424,0x8425,0x8427,0x8428,0x843D,
    0x8457,0x845B,0x8461,0x8463,0x846B,0x846C,0x8471,0x8475,
    0x8482,0x848B,0x8499,0x849C,0x84B2,0x84B8,0x84C4,0x84C9,
    0x84D1,0x84D6,0x84DD,0x84DF,0x84EC,0x8511,0x8513,0x8517,
    0x851A,0x8521,0x852B,0x852C,0x8537,0x853C,0x853D,0x8549,
    0x854A,0x8574,0x857E,0x8584,0x859B,0x85AA,0x85AF,0x85C9,
    0x85CF,0x85D0,0x85D5,0x85E4,0x85E9,0x85FB,0x8611,0x8638,
    0x864E,0x864F,0x8650,0x8651,0x865A,0x865E,0x866B,0x8671,
    0x8679,0x867D,0x867E,0x8680,0x8681,0x8682,0x868A,0x868C,
    0x8695,0x869C,0x86A4,0x86C0,0x86C6,0x86C7,0x86CA,0x86CB,
    0x86D4,0x86D9,0x86DB,0x86E4,0x86EE,0x86F0,0x86F9,0x86FE,
    0x8700,0x8702,0x8712,0x8715,0x8717,0x8718,0x871C,0x8721,
    0x8747,0x8749,0x874E,0x8757,0x8774,0x8776,0x878D,0x879F,
    0x87BA,0x87F9,0x8815,0x8822,0x8840,0x8845,0x884C,0x884D,
    0x8854,0x8857,0x8859,0x8861,0x8863,0x8865,0x8868,0x886B,
    0x886C,0x8870,0x8877,0x8881,0x8884,0x888B,0x888D,0x8892,
    0x8896,0x889C,0x88AB,0x88AD,0x88B1,0x88C1,0x88C2,0x88C5,
    0x88D4,0x88D5,0x88D9,0x88E4,0x88F3,0x88F4,0x88F8,0x88F9,
    0x8902,0x8910,0x8912,0x8925,0x892A,0x8944,0x895F,0x897F,
    0x8981,0x8986,0x89C1,0x89C2,0x89C4,0x89C5,0x89C6,0x89C8,
    0x89C9,0x89D2,0x89E3,0x89E6,0x8A00,0x8A79,0x8A89,0x8A8A,
    0x8A93,0x8B66,0x8B6C,0x8BA1,0x8BA2,0x8BA3,0x8BA4,0x8BA5,
    0x8BA8,0x8BA9,0x8BAB,0x8BAD,0x8BAE,0x8BAF,0x8BB0,0x8BB2,
    0x8BB3,0x8BB6,0x8BB8,0x8BB9,0x8BBA,0x8BBC,0x8BBD,0x8BBE,
    0x8BBF,0x8BC0,0x8BC1,0x8BC4,0x8BC5,0x8BC6,0x8BC8,0x8BC9,
    0x8BCA,0x8BCC,0x8BCD,0x8BD1,0x8BD5,0x8BD7,0x8BDA,0x8BDB,
    0x8BDD,0x8BDE,0x8BE1,0x8BE2,0x8BE3,0x8BE5,0x8BE6,0x8BE7,
    0x8BEB,0x8BEC,0x8BED,0x8BEF,0x8BF1,0x8BF2,0x8BF4,0x8BF5,
    0x8BF7,0x8BF8,0x8BFA,0x8BFB,0x8BFD,0x8BFE,0x8C01,0x8C03,
    0x8C05,0x8C06,0x8C08,0x8C0A,0x8C0B,0x8C0D,0x8C0E,0x8C10,
    0x8C13,0x8C17,0x8C1A,0x8C1C,0x8C22,0x8C23,0x8C24,0x8C26,
    0x8C28,0x8C29,0x8C2C,0x8C2D,0x8C30,0x8C31,0x8C34,0x8C37,
    0x8C41,0x8C46,0x8C4C,0x8C61,0x8C62,0x8C6A,0x8C6B,0x8C79,
    0x8C7A,0x8C89,0x8C8C,0x8D1D,0x8D1E,0x8D1F,0x8D21,0x8D22,
    0x8D23,0x8D24,0x8D25,0x8D26,0x8D27,0x8D28,0x8D29,0x8D2A,
    0x8D2B,0x8D2C,0x8D2D,0x8D2E,0x8D2F,0x8D30,0x8D31,0x8D34,
    0x8D35,0x8D37,0x8D38,0x8D39,0x8D3A,0x8D3C,0x8D3E,0x8D3F,
    0x8D41,0x8D42,0x8D43,0x8D44,0x8D4A,0x8D4B,0x8D4C,0x8D4E,
    0x8D4F,0x8D50,0x8D54,0x8D56,0x8D58,0x8D5A,0x8D5B,0x8D5E,
    0x8D60,0x8D61,0x8D62,0x8D63,0x8D64,0x8D66,0x8D6B,0x8D70,
    0x8D74,0x8D75,0x8D76,0x8D77,0x8D81,0x8D85,0x8D8A,0x8D8B,
    0x8D9F,0x8DA3,0x8DB3,0x8DB4,0x8DBE,0x8DC3,0x8DCB,0x8DCC,
    0x8DD1,0x8DDD,0x8DDF,0x8DE8,0x8DEA,0x8DEF,0x8DF3,0x8DF5,
    0x8DFA,0x8E0A,0x8E0C,0x8E0F,0x8E1E,0x8E22,0x8E29,0x8E2A,
    0x8E44,0x8E48,0x8E4B,0x8E66,0x8E6C,0x8E6D,0x8E72,0x8E7F,
    0x8E81,0x8E87,0x8EAB,0x8EAC,0x8EAF,0x8EB2,0x8EBA,0x8F66,
    0x8F67,0x8F68,0x8F69,0x8F6C,0x8F6E,0x8F6F,0x8F70,0x8F74,
    0x8F7B,0x8F7D,0x8F7F,0x8F83,0x8F85,0x8F86,0x8F88,0x8F89,
    0x8F8A,0x8F90,0x8F91,0x8F93,0x8F95,0x8F96,0x8F97,0x8F99,
    0x8F9B,0x8F9C,0x8F9E,0x8F9F,0x8FA3,0x8FA8,0x8FA9,0x8FAB,
    0x8FB0,0x8FB1,0x8FB9,0x8FBD,0x8FBE,0x8FC1,0x8FC2,0x8FC4,
    0x8FC5,0x8FC7,0x8FC8,0x8FCE,0x8FD0,0x8FD1,0x8FD4,0x8FD8,
    0x8FD9,0x8FDB,0x8FDC,0x8FDD,0x8FDE,0x8FDF,0x8FE2,0x8FEA,
    0x8FEB,0x8FED,0x8FF0,0x8FF7,0x8FF8,0x8FF9,0x8FFD,0x9000,
    0x9001,0x9002,0x9003,0x9006,0x9009,0x900A,0x900F,0x9010,
    0x9012,0x9014,0x9017,0x901A,0x901B,0x901D,0x901E,0x901F,
    0x9020,0x9022,0x902E,0x9038,0x903B,0x903C,0x903E,0x9041,
    0x9042,0x9047,0x904D,0x904F,0x9053,0x9057,0x9063,0x9065,
    0x906D,0x906E,0x9075,0x907F,0x9080,0x9091,0x9093,0x90A2,
    0x90A3,0x90A6,0x90AA,0x90AE,0x90AF,0x90B1,0x90B5,0x90B9,
    0x90BB,0x90C1,0x90CA,0x90CE,0x90D1,0x90DD,0x90E1,0x90E7,
    0x90E8,0x90ED,0x90F4,0x90F8,0x90FD,0x9102,0x9119,0x9149,
    0x914B,0x914C,0x914D,0x9152,0x9157,0x915A,0x915D,0x915E,
    0x9163,0x9165,0x916A,0x916C,0x916E,0x9171,0x9175,0x9176,
    0x9177,0x9178,0x917F,0x9187,0x9189,0x918B,0x9192,0x919A,
    0x919B,0x91C7,0x91C9,0x91CA,0x91CC,0x91CD,0x91CE,0x91CF,
    0x91D1,0x91DC,0x9274,0x9488,0x9489,0x948E,0x9492,0x9493,
    0x9499,0x949D,0x949E,0x949F,0x94A0,0x94A1,0x94A2,0x94A5,
    0x94A6,0x94A7,0x94A8,0x94A9,0x94AE,0x94B1,0x94B3,0x94B5,
    0x94BB,0x94BE,0x94C0,0x94C1,0x94C2,0x94C3,0x94C5,0x94C6,
    0x94DC,0x94DD,0x94E1,0x94E3,0x94EC,0x94ED,0x94F0,0x94F1,
    0x94F2,0x94F6,0x94F8,0x94FA,0x94FE,0x9500,0x9501,0x9504,
    0x9505,0x9508,0x950B,0x950C,0x9510,0x9511,0x9517,0x9519,
    0x951A,0x9521,0x9523,0x9524,0x9525,0x9526,0x9528,0x952D,
    0x952E,0x952F,0x9530,0x9539,0x953B,0x9540,0x9541,0x9547,
    0x954A,0x954D,0x9550,0x9551,0x955C,0x9563,0x956D,0x9570,
    0x9576,0x957F,0x95E8,0x95EA,0x95ED,0x95EE,0x95EF,0x95F0,
    0x95F2,0x95F4,0x95F7,0x95F8,0x95F9,0x95FA,0x95FB,0x95FD,
    0x9600,0x9601,0x9602,0x9605,0x9609,0x960E,0x9610,0x9611,
    0x9614,0x961C,0x961F,0x962E,0x9632,0x9633,0x9634,0x9635,
    0x9636,0x963B,0x963F,0x9640,0x9644,0x9645,0x9646,0x9647,
    0x9648,0x964B,0x964C,0x964D,0x9650,0x9655,0x965B,0x9661,
    0x9662,0x9664,0x9668,0x9669,0x966A,0x9675,0x9676,0x9677,
    0x9685,0x9686,0x968B,0x968F,0x9690,0x9694,0x9698,0x9699,
    0x969C,0x96A7,0x96B6,0x96BE,0x96C0,0x96C1,0x96C4,0x96C5,
    0x96C6,0x96C7,0x96CC,0x96CD,0x96CF,0x96D5,0x96E8,0x96EA,
    0x96F6,0x96F7,0x96F9,0x96FE,0x9700,0x9704,0x9707,0x9709,
    0x970D,0x9713,0x9716,0x971C,0x971E,0x9732,0x9738,0x9739,
    0x9752,0x9756,0x9759,0x975B,0x975E,0x9760,0x9761,0x9762,
    0x9769,0x9773,0x9774,0x9776,0x978B,0x978D,0x9798,0x97A0,
    0x97AD,0x97E6,0x97E7,0x97E9,0x97ED,0x97F3,0x97F5,0x97F6,
    0x9875,0x9876,0x9877,0x9879,0x987A,0x987B,0x987D,0x987E,
    0x987F,0x9881,0x9882,0x9884,0x9885,0x9886,0x9887,0x9888,
    0x988A,0x9890,0x9891,0x9893,0x9896,0x9897,0x9898,0x989C,
    0x989D,0x98A0,0x98A4,0x98A7,0x98CE,0x98D8,0x98DE,0x98DF,
    0x9910,0x9965,0x996D,0x996E,0x996F,0x9970,0x9971,0x9972,
    0x9975,0x9976,0x997A,0x997C,0x997F,0x9981,0x9985,0x9986,
    0x9988,0x998B,0x998F,0x9992,0x9996,0x9999,0x9A6C,0x9A6D,
    0x9A6E,0x9A6F,0x9A70,0x9A71,0x9A73,0x9A74,0x9A76,0x9A79,
    0x9A7B,0x9A7C,0x9A7E,0x9A82,0x9A84,0x9A86,0x9A87,0x9A8B,
    0x9A8C,0x9A8F,0x9A91,0x9A97,0x9A9A,0x9AA1,0x9AA4,0x9AA8,
    0x9AB8,0x9AD3,0x9AD8,0x9B03,0x9B3C,0x9B41,0x9B42,0x9B44,
    0x9B4F,0x9B54,0x9C7C,0x9C81,0x9C8D,0x9C9C,0x9CA4,0x9CB8,
    0x9CC3,0x9CD6,0x9CDE,0x9E1F,0x9E21,0x9E23,0x9E25,0x9E26,
    0x9E2D,0x9E2F,0x9E33,0x9E35,0x9E3D,0x9E3F,0x9E43,0x9E45,
    0x9E4A,0x9E4F,0x9E64,0x9E70,0x9E7F,0x9E93,0x9EA6,0x9EBB,
    0x9EC4,0x9ECD,0x9ECE,0x9ED1,0x9ED4,0x9ED8,0x9F0E,0x9F13,
    0x9F20,0x9F3B,0x9F50,0x9F7F,0x9F84,0x9F8B,0x9F99,0x9F9A,
    0x9F9F,0xFF01,0xFF03,0xFF05,0xFF06,0xFF08,0xFF09,0xFF0B,
    0xFF0C,0xFF0D,0xFF0E,0xFF0F,0xFF1A,0xFF1B,0xFF1D,0xFF1F,
    0xFF20,0xFF3F,0xFF5B,0xFF5C,0xFF5D,0xFF5E,0xFFE5,
};

static const moui_glyph_t moui_font_cn_16_glyphs[] = {
    { 0, 0, 0, 0, 4, 0 },
    { 6, 13, 0, 5, 6, 0 },
    { 6, 13, 0, 4, 6, 13 },
    { 10, 12, 0, 5, 10, 26 },
    { 9, 16, 0, 4, 9, 50 },
    { 13, 13, 0, 5, 13, 82 },
    { 11, 13, 0, 5, 11, 108 },
    { 4, 13, 0, 4, 4, 134 },
    { 6, 17, 0, 4, 6, 147 },
    { 6, 17, 0, 4, 6, 164 },
    { 7, 13, 0, 4, 7, 181 },
    { 9, 9, 0, 8, 9, 194 },
    { 5, 6, 0, 14, 5, 212 },
    { 7, 6, 0, 11, 7, 218 },
    { 5, 3, 0, 15, 5, 224 },
    { 8, 13, 0, 5, 8, 227 },
    { 9, 13, 0, 5, 9, 240 },
    { 9, 12, 0, 5, 9, 266 },
    { 9, 12, 0, 5, 9, 290 },
    { 9, 13, 0, 5, 9, 314 },
    { 9, 12, 0, 5, 9, 340 },
    { 9, 13, 0, 5, 9, 364 },
    { 9, 13, 0, 5, 9, 390 },
    { 9, 12, 0, 5, 9, 416 },
    { 9, 13, 0, 5, 9, 440 },
    { 9, 13, 0, 5, 9, 466 },
    { 6, 10, 0, 8, 6, 492 },
    { 6, 12, 0, 8, 6, 502 },
    { 9, 9, 0, 8, 9, 514 },
    { 9, 8, 0, 9, 9, 532 },
    { 9, 9, 0, 8, 9, 548 },
    { 7, 13, 0, 5, 7, 566 },
    { 14, 14, 0, 5, 14, 579 },
    { 11, 12, 0, 5, 11, 607 },
    { 10, 12, 0, 5, 10, 631 },
    { 10, 13, 0, 5, 10, 655 },
    { 11, 12, 0, 5, 11, 681 },
    { 9, 12, 0, 5, 9, 705 },
    { 8, 12, 0, 5, 8, 729 },
    { 11, 13, 0, 5, 11, 741 },
    { 11, 12, 0, 5, 11, 767 },
    { 4, 12, 0, 5, 4, 791 },
    { 6, 15, -2, 5, 4, 803 },
    { 10, 12, 0, 5, 10, 818 },
    { 8, 12, 0, 5, 8, 842 },
    { 13, 12, 0, 5, 13, 854 },
    { 12, 12, 0, 5, 12, 878 },
    { 12, 13, 0, 5, 12, 902 },
    { 10, 12, 0, 5, 10, 928 },
    { 12, 15, 0, 5, 12, 952 },
    { 10, 12, 0, 5, 10, 982 },
    { 9, 13, 0, 5, 9, 1006 },
    { 9, 12, 0, 5, 9, 1032 },
    { 11, 13, 0, 5, 11, 1056 },
    { 10, 12, 0, 5, 10, 1082 },
    { 14, 12, 0, 5, 14, 1106 },
    { 10, 12, 0, 5, 10, 1130 },
    { 10, 12, 0, 5, 10, 1154 },
    { 10, 12, 0, 5, 10, 1178 },
    { 5, 17, 0, 4, 5, 1202 },
    { 5, 17, 0, 4, 5, 1219 },
    { 9, 12, 0, 5, 9, 1236 },
    { 8, 4, 0, 12, 8, 1260 },
    { 6, 13, 0, 4, 6, 1264 },
    { 10, 10, 0, 8, 10, 1277 },
    { 10, 14, 0, 4, 10, 1297 },
    { 8, 10, 0, 8, 8, 1325 },
    { 10, 14, 0, 4, 10, 1335 },
    { 9, 10, 0, 8, 9, 1363 },
    { 6, 13, 0, 4, 6, 1383 },
    { 10, 13, 0, 8, 10, 1396 },
    { 10, 13, 0, 4, 10, 1422 },
    { 4, 12, 0, 5, 4, 1448 },
    { 6, 16, -2, 5, 4, 1460 },
    { 9, 13, 0, 4, 9, 1476 },
    { 5, 14, 0, 4, 5, 1502 },
    { 15, 9, 0, 8, 15, 1516 },
    { 10, 9, 0, 8, 10, 1534 },
    { 10, 10, 0, 8, 10, 1552 },
    { 10, 13, 0, 8, 10, 1572 },
    { 10, 13, 0, 8, 10, 1598 },
    { 6, 9, 0, 8, 6, 1624 },
    { 8, 10, 0, 8, 8, 1633 },
    { 6, 12, 0, 6, 6, 1643 },
    { 10, 10, 0, 8, 10, 1655 },
    { 9, 9, 0, 8, 9, 1675 },
    { 13, 9, 0, 8, 13, 1693 },
    { 9, 9, 0, 8, 9, 1711 },
    { 9, 13, 0, 8, 9, 1729 },
    { 8, 9, 0, 8, 8, 1755 },
    { 5, 17, 0, 4, 5, 1764 },
    { 3, 17, 0, 4, 3, 1781 },
    { 5, 17, 0, 4, 5, 1798 },
    { 9, 7, 0, 10, 9, 1815 },
    { 9, 12, 0, 5, 9, 1829 },
    { 9, 12, 0, 5, 9, 1853 },
    { 6, 12, 0, 5, 6, 1877 },
    { 9, 9, 0, 8, 9, 1889 },
    { 6, 7, 0, 10, 6, 1907 },
    { 9, 9, 0, 8, 9, 1914 },
    { 9, 10, 0, 7, 9, 1932 },
    { 11, 6, 0, 11, 11, 1952 },
    { 17, 3, 0, 15, 17, 1964 },
    { 19, 13, 0, 5, 19, 1973 },
    { 9, 13, 0, 5, 9, 2012 },
    { 15, 13, 0, 5, 15, 2038 },
    { 14, 12, 0, 5, 14, 2064 },
    { 16, 10, 0, 7, 16, 2088 },
    { 16, 14, 0, 4, 16, 2108 },
    { 16, 10, 0, 7, 16, 2136 },
    { 16, 14, 0, 4, 16, 2156 },
    { 10, 16, 0, 5, 10, 2184 },
    { 11, 8, 0, 9, 11, 2216 },
    { 10, 9, 0, 8, 10, 2232 },
    { 9, 9, 0, 8, 9, 2250 },
    { 9, 11, 0, 7, 9, 2268 },
    { 9, 11, 0, 7, 9, 2290 },
    { 16, 16, 0, 4, 16, 2312 },
    { 16, 15, 0, 4, 16, 2344 },
    { 16, 12, 0, 5, 16, 2374 },
    { 16, 12, 0, 5, 16, 2398 },
    { 16, 11, 0, 6, 16, 2422 },
    { 16, 11, 0, 6, 16, 2444 },
    { 16, 11, 0, 6, 16, 2466 },
    { 16, 13, 0, 5, 16, 2488 },
    { 16, 13, 0, 5, 16, 2514 },
    { 16, 13, 0, 5, 16, 2540 },
    { 16, 13, 0, 5, 16, 2566 },
    { 16, 12, 0, 5, 16, 2592 },
    { 16, 12, 0, 5, 16, 2616 },
    { 0, 0, 0, 0, 16, 2640 },
    { 16, 5, 0, 14, 16, 2640 },
    { 16, 5, 0, 14, 16, 2650 },
    { 16, 15, 0, 4, 16, 2660 },
    { 16, 15, 0, 4, 16, 2690 },
    { 16, 13, 0, 4, 16, 2720 },
    { 16, 9, 0, 10, 16, 2746 },
    { 16, 13, 0, 4, 16, 2764 },
    { 16, 10, 0, 9, 16, 2790 },
    { 16, 15, 0, 4, 16, 2810 },
    { 16, 15, 0, 4, 16, 2840 },
    { 16, 7, 0, 10, 16, 2870 },
    { 16, 14, 0, 5, 16, 2884 },
    { 16, 14, 0, 4, 16, 2912 },
    { 16, 14, 0, 5, 16, 2940 },
    { 16, 15, 0, 4, 16, 2968 },
    { 16, 13, 0, 5, 16, 2998 },
    { 16, 14, 0, 4, 16, 3024 },
    { 16, 14, 0, 5, 16, 3052 },
    { 16, 14, 0, 5, 16, 3080 },
    { 16, 15, 0, 4, 16, 3108 },
    { 16, 13, 0, 5, 16, 3138 },
    { 16, 16, 0, 3, 16, 3164 },
    { 16, 14, 0, 4, 16, 3196 },
    { 16, 14, 0, 4, 16, 3224 },
    { 16, 14, 0, 4, 16, 3252 },
    { 16, 14, 0, 5, 16, 3280 },
    { 16, 14, 0, 4, 16, 3308 },
    { 16, 14, 0, 4, 16, 3336 },
    { 16, 16, 0, 3, 16, 3364 },
    { 16, 14, 0, 4, 16, 3396 },
    { 16, 15, 0, 4, 16, 3424 },
    { 16, 15, 0, 4, 16, 3454 },
    { 16, 14, 0, 5, 16, 3484 },
    { 16, 15, 0, 4, 16, 3512 },
    { 16, 15, 0, 4, 16, 3542 },
    { 16, 15, 0, 4, 16, 3572 },
    { 16, 15, 0, 4, 16, 3602 },
    { 16, 15, 0, 4, 16, 3632 },
    { 16, 15, 0, 4, 16, 3662 },
    { 16, 16, 0, 3, 16, 3692 },
    { 16, 15, 0, 4, 16, 3724 },
    { 16, 15, 0, 4, 16, 3754 },
    { 16, 15, 0, 4, 16, 3784 },
    { 16, 14, 0, 4, 16, 3814 },
    { 16, 14, 0, 5, 16, 3842 },
    { 16, 16, 0, 3, 16, 3870 },
    { 16, 14, 0, 5, 16, 3902 },
    { 16, 16, 0, 3, 16, 3930 },
    { 16, 15, 0, 4, 16, 3962 },
    { 16, 15, 0, 4, 16, 3992 },
    { 16, 14, 0, 4, 16, 4022 },
    { 16, 16, 0, 3, 16, 4050 },
    { 16, 16, 0, 3, 16, 4082 },
    { 16, 15, 0, 4, 16, 4114 },
    { 16, 15, 0, 4, 16, 4144 },
    { 16, 15, 0, 4, 16, 4174 },
    { 16, 15, 0, 4, 16, 4204 },
    { 16, 15, 0, 4, 16, 4234 },
    { 16, 15, 0, 4, 16, 4264 },
    { 16, 15, 0, 4, 16, 4294 },
    { 16, 15, 0, 4, 16, 4324 },
    { 16, 13, 0, 5, 16, 4354 },
    { 16, 15, 0, 4, 16, 4380 },
    { 16, 16, 0, 3, 16, 4410 },
    { 16, 15, 0, 4, 16, 4442 },
    { 16, 14, 0, 5, 16, 4472 },
    { 16, 16, 0, 3, 16, 4500 },
    { 16, 15, 0, 4, 16, 4532 },
    { 16, 14, 0, 5, 16, 4562 },
    { 16, 15, 0, 4, 16, 4590 },
    { 16, 15, 0, 4, 16, 4620 },
    { 16, 16, 0, 3, 16, 4650 },
    { 16, 14, 0, 5, 16, 4682 },
    { 16, 15, 0, 4, 16, 4710 },
    { 16, 16, 0, 3, 16, 4740 },
    { 16, 15, 0, 4, 16, 4772 },
    { 16, 12, 0, 6, 16, 4802 },
    { 16, 14, 0, 5, 16, 4826 },
    { 16, 14, 0, 5, 16, 4854 },
    { 16, 14, 0, 5, 16, 4882 },
    { 16, 14, 0, 5, 16, 4910 },
    { 16, 13, 0, 5, 16, 4938 },
    { 16, 15, 0, 4, 16, 4964 },
    { 16, 14, 0, 4, 16, 4994 },
    { 16, 14, 0, 4, 16, 5022 },
    { 16, 14, 0, 4, 16, 5050 },
    { 16, 15, 0, 4, 16, 5078 },
    { 16, 16, 0, 3, 16, 5108 },
    { 16, 15, 0, 4, 16, 5140 },
    { 16, 15, 0, 4, 16, 5170 },
    { 16, 15, 0, 4, 16, 5200 },
    { 16, 15, 0, 4, 16, 5230 },
    { 16, 15, 0, 4, 16, 5260 },
    { 16, 15, 0, 4, 16, 5290 },
    { 16, 15, 0, 4, 16, 5320 },
    { 16, 15, 0, 4, 16, 5350 },
    { 16, 15, 0, 4, 16, 5380 },
    { 16, 15, 0, 4, 16, 5410 },
    { 16, 15, 0, 4, 16, 5440 },
    { 16, 15, 0, 4, 16, 5470 },
    { 16, 16, 0, 3, 16, 5500 },
    { 16, 16, 0, 3, 16, 5532 },
    { 16, 15, 0, 4, 16, 5564 },
    { 16, 15, 0, 4, 16, 5594 },
    { 16, 15, 0, 4, 16, 5624 },
    { 16, 15, 0, 4, 16, 5654 },
    { 16, 15, 0, 4, 16, 5684 },
    { 16, 15, 0, 4, 16, 5714 },
    { 16, 15, 0, 4, 16, 5744 },
    { 16, 15, 0, 4, 16, 5774 },
    { 16, 15, 0, 4, 16, 5804 },
    { 16, 15, 0, 4, 16, 5834 },
    { 16, 15, 0, 4, 16, 5864 },
    { 16, 15, 0, 4, 16, 5894 },
    { 16, 15, 0, 4, 16, 5924 },
    { 16, 15, 0, 4, 16, 5954 },
    { 16, 15, 0, 4, 16, 5984 },
    { 16, 15, 0, 4, 16, 6014 },
    { 16, 15, 0, 4, 16, 6044 },
    { 16, 15, 0, 4, 16, 6074 },
    { 16, 15, 0, 4, 16, 6104 },
    { 16, 15, 0, 4, 16, 6134 },
    { 16, 15, 0, 4, 16, 6164 },
    { 16, 15, 0, 4, 16, 6194 },
    { 16, 15, 0, 4, 16, 6224 },
    { 16, 15, 0, 4, 16, 6254 },
    { 16, 15, 0, 4, 16, 6284 },
    { 16, 15, 0, 4, 16, 6314 },
    { 16, 15, 0, 4, 16, 6344 },
    { 16, 15, 0, 4, 16, 6374 },
    { 16, 14, 0, 4, 16, 6404 },
    { 16, 15, 0, 4, 16, 6432 },
    { 16, 15, 0, 4, 16, 6462 },
    { 16, 15, 0, 4, 16, 6492 },
    { 16, 15, 0, 4, 16, 6522 },
    { 16, 15, 0, 4, 16, 6552 },
    { 16, 15, 0, 4, 16, 6582 },
    { 16, 15, 0, 4, 16, 6612 },
    { 16, 15, 0, 4, 16, 6642 },
    { 16, 15, 0, 4, 16, 6672 },
    { 16, 15, 0, 4, 16, 6702 },
    { 16, 15, 0, 4, 16, 6732 },
    { 16, 15, 0, 4, 16, 6762 },
    { 16, 15, 0, 4, 16, 6792 },
    { 16, 15, 0, 4, 16, 6822 },
    { 16, 15, 0, 4, 16, 6852 },
    { 16, 15, 0, 4, 16, 6882 },
    { 16, 15, 0, 4, 16, 6912 },
    { 16, 15, 0, 4, 16, 6942 },
    { 16, 15, 0, 4, 16, 6972 },
    { 16, 15, 0, 4, 16, 7002 },
    { 16, 15, 0, 4, 16, 7032 },
    { 16, 15, 0, 4, 16, 7062 },
    { 16, 15, 0, 4, 16, 7092 },
    { 16, 15, 0, 4, 16, 7122 },
    { 16, 15, 0, 4, 16, 7152 },
    { 16, 15, 0, 4, 16, 7182 },
    { 16, 15, 0, 4, 16, 7212 },
    { 16, 15, 0, 4, 16, 7242 },
    { 16, 15, 0, 4, 16, 7272 },
    { 16, 15, 0, 4, 16, 7302 },
    { 16, 15, 0, 4, 16, 7332 },
    { 16, 15, 0, 4, 16, 7362 },
    { 16, 15, 0, 4, 16, 7392 },
    { 16, 15, 0, 4, 16, 7422 },
    { 16, 15, 0, 4, 16, 7452 },
    { 16, 15, 0, 4, 16, 7482 },
    { 16, 15, 0, 4, 16, 7512 },
    { 16, 15, 0, 4, 16, 7542 },
    { 16, 15, 0, 4, 16, 7572 },
    { 16, 16, 0, 3, 16, 7602 },
    { 16, 15, 0, 4, 16, 7634 },
    { 16, 15, 0, 4, 16, 7664 },
    { 16, 15, 0, 4, 16, 7694 },
    { 16, 15, 0, 4, 16, 7724 },
    { 16, 15, 0, 4, 16, 7754 },
    { 16, 15, 0, 4, 16, 7784 },
    { 16, 15, 0, 4, 16, 7814 },
    { 16, 15, 0, 4, 16, 7844 },
    { 16, 15, 0, 4, 16, 7874 },
    { 16, 15, 0, 4, 16, 7904 },
    { 16, 15, 0, 4, 16, 7934 },
    { 16, 16, 0, 3, 16, 7964 },
    { 16, 15, 0, 4, 16, 7996 },
    { 16, 16, 0, 3, 16, 8026 },
    { 16, 15, 0, 4, 16, 8058 },
    { 16, 15, 0, 4, 16, 8088 },
    { 16, 15, 0, 4, 16, 8118 },
    { 16, 16, 0, 3, 16, 8148 },
    { 16, 15, 0, 4, 16, 8180 },
    { 16, 15, 0, 4, 16, 8210 },
    { 16, 15, 0, 4, 16, 8240 },
    { 16, 15, 0, 4, 16, 8270 },
    { 16, 15, 0, 4, 16, 8300 },
    { 16, 16, 0, 3, 16, 8330 },
    { 16, 15, 0, 4, 16, 8362 },
    { 16, 15, 0, 4, 16, 8392 },
    { 16, 15, 0, 4, 16, 8422 },
    { 16, 15, 0, 4, 16, 8452 },
    { 16, 15, 0, 4, 16, 8482 },
    { 16, 15, 0, 4, 16, 8512 },
    { 16, 15, 0, 4, 16, 8542 },
    { 16, 15, 0, 4, 16, 8572 },
    { 16, 15, 0, 4, 16, 8602 },
    { 16, 16, 0, 3, 16, 8632 },
    { 16, 15, 0, 4, 16, 8664 },
    { 16, 15, 0, 4, 16, 8694 },
    { 16, 15, 0, 4, 16, 8724 },
    { 16, 15, 0, 4, 16, 8754 },
    { 16, 15, 0, 4, 16, 8784 },
    { 16, 15, 0, 4, 16, 8814 },
    { 16, 15, 0, 4, 16, 8844 },
    { 16, 15, 0, 4, 16, 8874 },
    { 16, 15, 0, 4, 16, 8904 },
    { 16, 15, 0, 4, 16, 8934 },
    { 16, 15, 0, 4, 16, 8964 },
    { 16, 15, 0, 4, 16, 8994 },
    { 16, 15, 0, 4, 16, 9024 },
    { 16, 15, 0, 4, 16, 9054 },
    { 16, 15, 0, 4, 16, 9084 },
    { 16, 15, 0, 4, 16, 9114 },
    { 16, 15, 0, 4, 16, 9144 },
    { 16, 16, 0, 3, 16, 9174 },
    { 16, 15, 0, 4, 16, 9206 },
    { 16, 16, 0, 3, 16, 9236 },
    { 16, 15, 0, 4, 16, 9268 },
    { 16, 15, 0, 4, 16, 9298 },
    { 16, 15, 0, 4, 16, 9328 },
    { 16, 15, 0, 4, 16, 9358 },
    { 16, 16, 0, 3, 16, 9388 },
    { 16, 16, 0, 3, 16, 9420 },
    { 16, 15, 0, 4, 16, 9452 },
    { 16, 15, 0, 4, 16, 9482 },
    { 16, 15, 0, 4, 16, 9512 },
    { 16, 15, 0, 4, 16, 9542 },
    { 16, 15, 0, 4, 16, 9572 },
    { 16, 15, 0, 4, 16, 9602 },
    { 16, 16, 0, 3, 16, 9632 },
    { 16, 16, 0, 3, 16, 9664 },
    { 16, 15, 0, 4, 16, 9696 },
    { 16, 16, 0, 3, 16, 9726 },
    { 16, 15, 0, 4, 16, 9758 },
    { 16, 15, 0, 4, 16, 9788 },
    { 16, 15, 0, 4, 16, 9818 },
    { 16, 15, 0, 4, 16, 9848 },
    { 16, 15, 0, 4, 16, 9878 },
    { 16, 15, 0, 4, 16, 9908 },
    { 16, 16, 0, 3, 16, 9938 },
    { 16, 14, 0, 5, 16, 9970 },
    { 16, 14, 0, 5, 16, 9998 },
    { 16, 16, 0, 3, 16, 10026 },
    { 16, 15, 0, 4, 16, 10058 },
    { 16, 15, 0, 4, 16, 10088 },
    { 16, 15, 0, 4, 16, 10118 },
    { 16, 15, 0, 4, 16, 10148 },
    { 16, 15, 0, 4, 16, 10178 },
    { 16, 15, 0, 4, 16, 10208 },
    { 16, 16, 0, 3, 16, 10238 },
    { 16, 15, 0, 4, 16, 10270 },
    { 16, 15, 0, 4, 16, 10300 },
    { 16, 15, 0, 4, 16, 10330 },
    { 16, 15, 0, 4, 16, 10360 },
    { 16, 14, 0, 4, 16, 10390 },
    { 16, 15, 0, 4, 16, 10418 },
    { 16, 15, 0, 4, 16, 10448 },
    { 16, 15, 0, 4, 16, 10478 },
    { 16, 14, 0, 4, 16, 10508 },
    { 16, 15, 0, 4, 16, 10536 },
    { 16, 15, 0, 4, 16, 10566 },
    { 16, 15, 0, 4, 16, 10596 },
    { 16, 15, 0, 4, 16, 10626 },
    { 16, 15, 0, 4, 16, 10656 },
    { 16, 15, 0, 4, 16, 10686 },
    { 16, 15, 0, 4, 16, 10716 },
    { 16, 15, 0, 4, 16, 10746 },
    { 16, 16, 0, 3, 16, 10776 },
    { 16, 16, 0, 3, 16, 10808 },
    { 16, 16, 0, 3, 16, 10840 },
    { 16, 15, 0, 4, 16, 10872 },
    { 16, 15, 0, 4, 16, 10902 },
    { 16, 14, 0, 5, 16, 10932 },
    { 16, 15, 0, 4, 16, 10960 },
    { 16, 14, 0, 5, 16, 10990 },
    { 16, 14, 0, 5, 16, 11018 },
    { 16, 15, 0, 4, 16, 11046 },
    { 16, 15, 0, 4, 16, 11076 },
    { 16, 14, 0, 5, 16, 11106 },
    { 16, 14, 0, 5, 16, 11134 },
    { 16, 14, 0, 5, 16, 11162 },
    { 16, 15, 0, 4, 16, 11190 },
    { 16, 14, 0, 5, 16, 11220 },
    { 16, 15, 0, 4, 16, 11248 },
    { 16, 16, 0, 3, 16, 11278 },
    { 16, 15, 0, 4, 16, 11310 },
    { 16, 15, 0, 4, 16, 11340 },
    { 16, 15, 0, 4, 16, 11370 },
    { 16, 15, 0, 4, 16, 11400 },
    { 16, 15, 0, 4, 16, 11430 },
    { 16, 16, 0, 3, 16, 11460 },
    { 16, 15, 0, 4, 16, 11492 },
    { 16, 15, 0, 4, 16, 11522 },
    { 16, 16, 0, 3, 16, 11552 },
    { 16, 15, 0, 4, 16, 11584 },
    { 16, 16, 0, 3, 16, 11614 },
    { 16, 16, 0, 3, 16, 11646 },
    { 16, 15, 0, 4, 16, 11678 },
    { 16, 15, 0, 4, 16, 11708 },
    { 16, 15, 0, 4, 16, 11738 },
    { 16, 15, 0, 4, 16, 11768 },
    { 16, 16, 0, 3, 16, 11798 },
    { 16, 15, 0, 4, 16, 11830 },
    { 16, 14, 0, 5, 16, 11860 },
    { 16, 14, 0, 5, 16, 11888 },
    { 16, 15, 0, 4, 16, 11916 },
    { 16, 15, 0, 4, 16, 11946 },
    { 16, 15, 0, 4, 16, 11976 },
    { 16, 15, 0, 4, 16, 12006 },
    { 16, 15, 0, 4, 16, 12036 },
    { 16, 15, 0, 4, 16, 12066 },
    { 16, 15, 0, 4, 16, 12096 },
    { 16, 14, 0, 5, 16, 12126 },
    { 16, 15, 0, 4, 16, 12154 },
    { 16, 15, 0, 4, 16, 12184 },
    { 16, 14, 0, 5, 16, 12214 },
    { 16, 15, 0, 4, 16, 12242 },
    { 16, 14, 0, 5, 16, 12272 },
    { 16, 14, 0, 5, 16, 12300 },
    { 16, 14, 0, 5, 16, 12328 },
    { 16, 15, 0, 4, 16, 12356 },
    { 16, 15, 0, 4, 16, 12386 },
    { 16, 15, 0, 4, 16, 12416 },
    { 16, 15, 0, 4, 16, 12446 },
    { 16, 15, 0, 4, 16, 12476 },
    { 16, 15, 0, 4, 16, 12506 },
    { 16, 15, 0, 4, 16, 12536 },
    { 16, 15, 0, 4, 16, 12566 },
    { 16, 15, 0, 4, 16, 12596 },
    { 16, 16, 0, 3, 16, 12626 },
    { 16, 16, 0, 3, 16, 12658 },
    { 16, 15, 0, 4, 16, 12690 },
    { 16, 15, 0, 4, 16, 12720 },
    { 16, 15, 0, 4, 16, 12750 },
    { 16, 15, 0, 4, 16, 12780 },
    { 16, 15, 0, 4, 16, 12810 },
    { 16, 15, 0, 4, 16, 12840 },
    { 16, 15, 0, 4, 16, 12870 },
    { 16, 15, 0, 4, 16, 12900 },
    { 16, 15, 0, 4, 16, 12930 },
    { 16, 15, 0, 4, 16, 12960 },
    { 16, 15, 0, 4, 16, 12990 },
    { 16, 15, 0, 4, 16, 13020 },
    { 16, 15, 0, 4, 16, 13050 },
    { 16, 16, 0, 3, 16, 13080 },
    { 16, 15, 0, 4, 16, 13112 },
    { 16, 16, 0, 3, 16, 13142 },
    { 16, 16, 0, 3, 16, 13174 },
    { 16, 15, 0, 4, 16, 13206 },
    { 16, 16, 0, 3, 16, 13236 },
    { 16, 15, 0, 4, 16, 13268 },
    { 16, 16, 0, 3, 16, 13298 },
    { 16, 15, 0, 4, 16, 13330 },
    { 16, 15, 0, 4, 16, 13360 },
    { 16, 15, 0, 4, 16, 13390 },
    { 16, 15, 0, 4, 16, 13420 },
    { 16, 15, 0, 4, 16, 13450 },
    { 16, 16, 0, 3, 16, 13480 },
    { 16, 15, 0, 4, 16, 13512 },
    { 16, 15, 0, 4, 16, 13542 },
    { 16, 15, 0, 4, 16, 13572 },
    { 16, 16, 0, 3, 16, 13602 },
    { 16, 15, 0, 4, 16, 13634 },
    { 16, 15, 0, 4, 16, 13664 },
    { 16, 15, 0, 4, 16, 13694 },
    { 16, 15, 0, 4, 16, 13724 },
    { 16, 15, 0, 4, 16, 13754 },
    { 16, 16, 0, 3, 16, 13784 },
    { 16, 15, 0, 4, 16, 13816 },
    { 16, 15, 0, 4, 16, 13846 },
    { 16, 15, 0, 4, 16, 13876 },
    { 16, 15, 0, 4, 16, 13906 },
    { 16, 15, 0, 4, 16, 13936 },
    { 16, 15, 0, 4, 16, 13966 },
    { 16, 15, 0, 4, 16, 13996 },
    { 16, 15, 0, 4, 16, 14026 },
    { 16, 15, 0, 4, 16, 14056 },
    { 16, 15, 0, 4, 16, 14086 },
    { 16, 15, 0, 4, 16, 14116 },
    { 16, 16, 0, 3, 16, 14146 },
    { 16, 15, 0, 4, 16, 14178 },
    { 16, 15, 0, 4, 16, 14208 },
    { 16, 15, 0, 4, 16, 14238 },
    { 16, 15, 0, 4, 16, 14268 },
    { 16, 15, 0, 4, 16, 14298 },
    { 16, 16, 0, 3, 16, 14328 },
    { 16, 15, 0, 4, 16, 14360 },
    { 16, 15, 0, 4, 16, 14390 },
    { 16, 16, 0, 3, 16, 14420 },
    { 16, 15, 0, 4, 16, 14452 },
    { 16, 15, 0, 4, 16, 14482 },
    { 16, 15, 0, 4, 16, 14512 },
    { 16, 15, 0, 4, 16, 14542 },
    { 16, 15, 0, 4, 16, 14572 },
    { 16, 15, 0, 4, 16, 14602 },
    { 16, 14, 0, 4, 16, 14632 },
    { 16, 14, 0, 4, 16, 14660 },
    { 16, 14, 0, 4, 16, 14688 },
    { 16, 14, 0, 4, 16, 14716 },
    { 16, 14, 0, 5, 16, 14744 },
    { 16, 13, 0, 5, 16, 14772 },
    { 16, 13, 0, 5, 16, 14798 },
    { 16, 14, 0, 4, 16, 14824 },
    { 16, 14, 0, 4, 16, 14852 },
    { 16, 15, 0, 4, 16, 14880 },
    { 16, 15, 0, 4, 16, 14910 },
    { 16, 15, 0, 4, 16, 14940 },
    { 16, 16, 0, 3, 16, 14970 },
    { 16, 15, 0, 4, 16, 15002 },
    { 16, 15, 0, 4, 16, 15032 },
    { 16, 15, 0, 4, 16, 15062 },
    { 16, 15, 0, 4, 16, 15092 },
    { 16, 15, 0, 4, 16, 15122 },
    { 16, 16, 0, 3, 16, 15152 },
    { 16, 15, 0, 4, 16, 15184 },
    { 16, 16, 0, 3, 16, 15214 },
    { 16, 15, 0, 4, 16, 15246 },
    { 16, 15, 0, 4, 16, 15276 },
    { 16, 16, 0, 3, 16, 15306 },
    { 16, 15, 0, 4, 16, 15338 },
    { 16, 15, 0, 4, 16, 15368 },
    { 16, 15, 0, 4, 16, 15398 },
    { 16, 15, 0, 4, 16, 15428 },
    { 16, 15, 0, 4, 16, 15458 },
    { 16, 15, 0, 4, 16, 15488 },
    { 16, 15, 0, 4, 16, 15518 },
    { 16, 13, 0, 5, 16, 15548 },
    { 16, 15, 0, 4, 16, 15574 },
    { 16, 15, 0, 4, 16, 15604 },
    { 16, 16, 0, 3, 16, 15634 },
    { 16, 15, 0, 4, 16, 15666 },
    { 16, 15, 0, 4, 16, 15696 },
    { 16, 15, 0, 4, 16, 15726 },
    { 16, 15, 0, 4, 16, 15756 },
    { 16, 16, 0, 3, 16, 15786 },
    { 16, 15, 0, 4, 16, 15818 },
    { 16, 14, 0, 5, 16, 15848 },
    { 16, 14, 0, 5, 16, 15876 },
    { 16, 14, 0, 5, 16, 15904 },
    { 16, 14, 0, 5, 16, 15932 },
    { 16, 14, 0, 5, 16, 15960 },
    { 16, 14, 0, 5, 16, 15988 },
    { 16, 14, 0, 5, 16, 16016 },
    { 16, 15, 0, 4, 16, 16044 },
    { 16, 14, 0, 5, 16, 16074 },
    { 16, 15, 0, 4, 16, 16102 },
    { 16, 15, 0, 4, 16, 16132 },
    { 16, 14, 0, 5, 16, 16162 },
    { 16, 15, 0, 4, 16, 16190 },
    { 16, 14, 0, 5, 16, 16220 },
    { 16, 15, 0, 4, 16, 16248 },
    { 16, 15, 0, 4, 16, 16278 },
    { 16, 15, 0, 4, 16, 16308 },
    { 16, 15, 0, 3, 16, 16338 },
    { 16, 16, 0, 3, 16, 16368 },
    { 16, 14, 0, 5, 16, 16400 },
    { 16, 14, 0, 5, 16, 16428 },
    { 16, 14, 0, 5, 16, 16456 },
    { 16, 15, 0, 4, 16, 16484 },
    { 16, 14, 0, 5, 16, 16514 },
    { 16, 15, 0, 4, 16, 16542 },
    { 16, 15, 0, 4, 16, 16572 },
    { 16, 15, 0, 4, 16, 16602 },
    { 16, 15, 0, 4, 16, 16632 },
    { 16, 15, 0, 4, 16, 16662 },
    { 16, 15, 0, 4, 16, 16692 },
    { 16, 16, 0, 3, 16, 16722 },
    { 16, 15, 0, 4, 16, 16754 },
    { 16, 15, 0, 4, 16, 16784 },
    { 16, 14, 0, 5, 16, 16814 },
    { 16, 15, 0, 4, 16, 16842 },
    { 16, 15, 0, 4, 16, 16872 },
    { 16, 15, 0, 4, 16, 16902 },
    { 16, 14, 0, 5, 16, 16932 },
    { 16, 15, 0, 4, 16, 16960 },
    { 16, 14, 0, 5, 16, 16990 },
    { 16, 15, 0, 4, 16, 17018 },
    { 16, 14, 0, 5, 16, 17048 },
    { 16, 14, 0, 5, 16, 17076 },
    { 16, 16, 0, 3, 16, 17104 },
    { 16, 15, 0, 4, 16, 17136 },
    { 16, 15, 0, 4, 16, 17166 },
    { 16, 15, 0, 4, 16, 17196 },
    { 16, 15, 0, 4, 16, 17226 },
    { 16, 14, 0, 5, 16, 17256 },
    { 16, 14, 0, 5, 16, 17284 },
    { 16, 14, 0, 5, 16, 17312 },
    { 16, 14, 0, 5, 16, 17340 },
    { 16, 15, 0, 4, 16, 17368 },
    { 16, 16, 0, 3, 16, 17398 },
    { 16, 15, 0, 4, 16, 17430 },
    { 16, 15, 0, 4, 16, 17460 },
    { 16, 15, 0, 4, 16, 17490 },
    { 16, 14, 0, 5, 16, 17520 },
    { 16, 16, 0, 3, 16, 17548 },
    { 16, 15, 0, 4, 16, 17580 },
    { 16, 15, 0, 4, 16, 17610 },
    { 16, 14, 0, 4, 16, 17640 },
    { 16, 16, 0, 3, 16, 17668 },
    { 16, 14, 0, 5, 16, 17700 },
    { 16, 15, 0, 4, 16, 17728 },
    { 16, 14, 0, 5, 16, 17758 },
    { 16, 15, 0, 4, 16, 17786 },
    { 16, 16, 0, 3, 16, 17816 },
    { 16, 14, 0, 5, 16, 17848 },
    { 16, 15, 0, 4, 16, 17876 },
    { 16, 15, 0, 4, 16, 17906 },
    { 16, 14, 0, 5, 16, 17936 },
    { 16, 14, 0, 5, 16, 17964 },
    { 16, 15, 0, 4, 16, 17992 },
    { 16, 15, 0, 4, 16, 18022 },
    { 16, 15, 0, 4, 16, 18052 },
    { 16, 15, 0, 4, 16, 18082 },
    { 16, 15, 0, 4, 16, 18112 },
    { 16, 16, 0, 3, 16, 18142 },
    { 16, 16, 0, 3, 16, 18174 },
    { 16, 15, 0, 4, 16, 18206 },
    { 16, 15, 0, 4, 16, 18236 },
    { 16, 15, 0, 4, 16, 18266 },
    { 16, 15, 0, 4, 16, 18296 },
    { 16, 15, 0, 4, 16, 18326 },
    { 16, 15, 0, 4, 16, 18356 },
    { 16, 15, 0, 4, 16, 18386 },
    { 16, 14, 0, 5, 16, 18416 },
    { 16, 14, 0, 5, 16, 18444 },
    { 16, 15, 0, 4, 16, 18472 },
    { 16, 13, 0, 5, 16, 18502 },
    { 16, 15, 0, 4, 16, 18528 },
    { 16, 15, 0, 4, 16, 18558 },
    { 16, 13, 0, 5, 16, 18588 },
    { 16, 15, 0, 4, 16, 18614 },
    { 16, 15, 0, 4, 16, 18644 },
    { 16, 16, 0, 3, 16, 18674 },
    { 16, 14, 0, 5, 16, 18706 },
    { 16, 15, 0, 4, 16, 18734 },
    { 16, 15, 0, 4, 16, 18764 },
    { 16, 14, 0, 5, 16, 18794 },
    { 16, 13, 0, 5, 16, 18822 },
    { 16, 16, 0, 3, 16, 18848 },
    { 16, 15, 0, 4, 16, 18880 },
    { 16, 15, 0, 4, 16, 18910 },
    { 16, 14, 0, 4, 16, 18940 },
    { 16, 15, 0, 4, 16, 18968 },
    { 16, 15, 0, 4, 16, 18998 },
    { 16, 15, 0, 4, 16, 19028 },
    { 16, 16, 0, 3, 16, 19058 },
    { 16, 16, 0, 3, 16, 19090 },
    { 16, 15, 0, 4, 16, 19122 },
    { 16, 15, 0, 4, 16, 19152 },
    { 16, 15, 0, 4, 16, 19182 },
    { 16, 15, 0, 4, 16, 19212 },
    { 16, 15, 0, 4, 16, 19242 },
    { 16, 15, 0, 4, 16, 19272 },
    { 16, 15, 0, 4, 16, 19302 },
    { 16, 16, 0, 3, 16, 19332 },
    { 16, 16, 0, 3, 16, 19364 },
    { 16, 15, 0, 4, 16, 19396 },
    { 16, 15, 0, 4, 16, 19426 },
    { 16, 14, 0, 5, 16, 19456 },
    { 16, 15, 0, 4, 16, 19484 },
    { 16, 15, 0, 4, 16, 19514 },
    { 16, 15, 0, 4, 16, 19544 },
    { 16, 15, 0, 4, 16, 19574 },
    { 16, 14, 0, 4, 16, 19604 },
    { 16, 15, 0, 4, 16, 19632 },
    { 16, 15, 0, 4, 16, 19662 },
    { 16, 16, 0, 3, 16, 19692 },
    { 16, 15, 0, 4, 16, 19724 },
    { 16, 13, 0, 5, 16, 19754 },
    { 16, 15, 0, 4, 16, 19780 },
    { 16, 15, 0, 4, 16, 19810 },
    { 16, 15, 0, 4, 16, 19840 },
    { 16, 15, 0, 4, 16, 19870 },
    { 16, 16, 0, 3, 16, 19900 },
    { 16, 13, 0, 5, 16, 19932 },
    { 16, 15, 0, 4, 16, 19958 },
    { 16, 15, 0, 4, 16, 19988 },
    { 16, 15, 0, 4, 16, 20018 },
    { 16, 15, 0, 4, 16, 20048 },
    { 16, 15, 0, 4, 16, 20078 },
    { 16, 15, 0, 4, 16, 20108 },
    { 16, 15, 0, 4, 16, 20138 },
    { 16, 16, 0, 3, 16, 20168 },
    { 16, 15, 0, 4, 16, 20200 },
    { 16, 16, 0, 3, 16, 20230 },
    { 16, 15, 0, 4, 16, 20262 },
    { 16, 15, 0, 4, 16, 20292 },
    { 16, 15, 0, 4, 16, 20322 },
    { 16, 15, 0, 4, 16, 20352 },
    { 16, 15, 0, 4, 16, 20382 },
    { 16, 14, 0, 5, 16, 20412 },
    { 16, 14, 0, 4, 16, 20440 },
    { 16, 15, 0, 4, 16, 20468 },
    { 16, 14, 0, 5, 16, 20498 },
    { 16, 15, 0, 4, 16, 20526 },
    { 16, 15, 0, 4, 16, 20556 },
    { 16, 15, 0, 4, 16, 20586 },
    { 16, 16, 0, 3, 16, 20616 },
    { 16, 15, 0, 4, 16, 20648 },
    { 16, 15, 0, 4, 16, 20678 },
    { 16, 15, 0, 4, 16, 20708 },
    { 16, 15, 0, 4, 16, 20738 },
    { 16, 15, 0, 4, 16, 20768 },
    { 16, 15, 0, 4, 16, 20798 },
    { 16, 16, 0, 3, 16, 20828 },
    { 16, 15, 0, 4, 16, 20860 },
    { 16, 16, 0, 3, 16, 20890 },
    { 16, 15, 0, 4, 16, 20922 },
    { 16, 15, 0, 4, 16, 20952 },
    { 16, 15, 0, 4, 16, 20982 },
    { 16, 15, 0, 4, 16, 21012 },
    { 16, 15, 0, 4, 16, 21042 },
    { 16, 15, 0, 4, 16, 21072 },
    { 16, 14, 0, 4, 16, 21102 },
    { 16, 14, 0, 4, 16, 21130 },
    { 16, 15, 0, 4, 16, 21158 },
    { 16, 15, 0, 4, 16, 21188 },
    { 16, 15, 0, 4, 16, 21218 },
    { 16, 15, 0, 4, 16, 21248 },
    { 16, 15, 0, 4, 16, 21278 },
    { 16, 15, 0, 4, 16, 21308 },
    { 16, 14, 0, 5, 16, 21338 },
    { 16, 15, 0, 4, 16, 21366 },
    { 16, 15, 0, 4, 16, 21396 },
    { 16, 15, 0, 4, 16, 21426 },
    { 16, 15, 0, 4, 16, 21456 },
    { 16, 15, 0, 4, 16, 21486 },
    { 16, 15, 0, 4, 16, 21516 },
    { 16, 15, 0, 4, 16, 21546 },
    { 16, 15, 0, 4, 16, 21576 },
    { 16, 15, 0, 4, 16, 21606 },
    { 16, 15, 0, 4, 16, 21636 },
    { 16, 15, 0, 4, 16, 21666 },
    { 16, 15, 0, 4, 16, 21696 },
    { 16, 15, 0, 4, 16, 21726 },
    { 16, 15, 0, 4, 16, 21756 },
    { 16, 14, 0, 4, 16, 21786 },
    { 16, 15, 0, 4, 16, 21814 },
    { 16, 16, 0, 3, 16, 21844 },
    { 16, 16, 0, 3, 16, 21876 },
    { 16, 15, 0, 4, 16, 21908 },
    { 16, 16, 0, 3, 16, 21938 },
    { 16, 15, 0, 4, 16, 21970 },
    { 16, 16, 0, 3, 16, 22000 },
    { 16, 14, 0, 5, 16, 22032 },
    { 16, 14, 0, 5, 16, 22060 },
    { 16, 15, 0, 4, 16, 22088 },
    { 16, 15, 0, 4, 16, 22118 },
    { 16, 15, 0, 4, 16, 22148 },
    { 16, 15, 0, 4, 16, 22178 },
    { 16, 15, 0, 4, 16, 22208 },
    { 16, 14, 0, 5, 16, 22238 },
    { 16, 16, 0, 3, 16, 22266 },
    { 16, 15, 0, 4, 16, 22298 },
    { 16, 15, 0, 4, 16, 22328 },
    { 16, 15, 0, 4, 16, 22358 },
    { 16, 15, 0, 4, 16, 22388 },
    { 16, 15, 0, 4, 16, 22418 },
    { 16, 15, 0, 4, 16, 22448 },
    { 16, 15, 0, 4, 16, 22478 },
    { 16, 14, 0, 4, 16, 22508 },
    { 16, 14, 0, 4, 16, 22536 },
    { 16, 16, 0, 3, 16, 22564 },
    { 16, 14, 0, 4, 16, 22596 },
    { 16, 15, 0, 4, 16, 22624 },
    { 16, 15, 0, 4, 16, 22654 },
    { 16, 15, 0, 4, 16, 22684 },
    { 16, 15, 0, 4, 16, 22714 },
    { 16, 14, 0, 4, 16, 22744 },
    { 16, 15, 0, 4, 16, 22772 },
    { 16, 16, 0, 3, 16, 22802 },
    { 16, 15, 0, 4, 16, 22834 },
    { 16, 15, 0, 4, 16, 22864 },
    { 16, 15, 0, 4, 16, 22894 },
    { 16, 14, 0, 4, 16, 22924 },
    { 16, 15, 0, 4, 16, 22952 },
    { 16, 15, 0, 4, 16, 22982 },
    { 16, 14, 0, 4, 16, 23012 },
    { 16, 15, 0, 4, 16, 23040 },
    { 16, 15, 0, 4, 16, 23070 },
    { 16, 16, 0, 3, 16, 23100 },
    { 16, 16, 0, 3, 16, 23132 },
    { 16, 15, 0, 4, 16, 23164 },
    { 16, 15, 0, 4, 16, 23194 },
    { 16, 15, 0, 4, 16, 23224 },
    { 16, 14, 0, 4, 16, 23254 },
    { 16, 15, 0, 4, 16, 23282 },
    { 16, 14, 0, 4, 16, 23312 },
    { 16, 15, 0, 4, 16, 23340 },
    { 16, 15, 0, 4, 16, 23370 },
    { 16, 14, 0, 4, 16, 23400 },
    { 16, 14, 0, 4, 16, 23428 },
    { 16, 15, 0, 4, 16, 23456 },
    { 16, 15, 0, 3, 16, 23486 },
    { 16, 15, 0, 4, 16, 23516 },
    { 16, 15, 0, 4, 16, 23546 },
    { 16, 14, 0, 4, 16, 23576 },
    { 16, 14, 0, 4, 16, 23604 },
    { 16, 15, 0, 4, 16, 23632 },
    { 16, 15, 0, 4, 16, 23662 },
    { 16, 15, 0, 4, 16, 23692 },
    { 16, 16, 0, 3, 16, 23722 },
    { 16, 14, 0, 4, 16, 23754 },
    { 16, 15, 0, 4, 16, 23782 },
    { 16, 15, 0, 4, 16, 23812 },
    { 16, 15, 0, 4, 16, 23842 },
    { 16, 16, 0, 3, 16, 23872 },
    { 16, 15, 0, 4, 16, 23904 },
    { 16, 15, 0, 4, 16, 23934 },
    { 16, 15, 0, 4, 16, 23964 },
    { 16, 15, 0, 4, 16, 23994 },
    { 16, 15, 0, 4, 16, 24024 },
    { 16, 15, 0, 4, 16, 24054 },
    { 16, 16, 0, 3, 16, 24084 },
    { 16, 15, 0, 4, 16, 24116 },
    { 16, 15, 0, 4, 16, 24146 },
    { 16, 14, 0, 4, 16, 24176 },
    { 16, 15, 0, 4, 16, 24204 },
    { 16, 15, 0, 4, 16, 24234 },
    { 16, 15, 0, 4, 16, 24264 },
    { 16, 15, 0, 4, 16, 24294 },
    { 16, 16, 0, 3, 16, 24324 },
    { 16, 16, 0, 3, 16, 24356 },
    { 16, 15, 0, 4, 16, 24388 },
    { 16, 16, 0, 3, 16, 24418 },
    { 16, 15, 0, 4, 16, 24450 },
    { 16, 15, 0, 4, 16, 24480 },
    { 16, 15, 0, 4, 16, 24510 },
    { 16, 15, 0, 4, 16, 24540 },
    { 16, 16, 0, 3, 16, 24570 },
    { 16, 15, 0, 4, 16, 24602 },
    { 16, 15, 0, 4, 16, 24632 },
    { 16, 15, 0, 4, 16, 24662 },
    { 16, 16, 0, 3, 16, 24692 },
    { 16, 15, 0, 4, 16, 24724 },
    { 16, 15, 0, 4, 16, 24754 },
    { 16, 14, 0, 4, 16, 24784 },
    { 16, 14, 0, 4, 16, 24812 },
    { 16, 15, 0, 4, 16, 24840 },
    { 16, 15, 0, 4, 16, 24870 },
    { 16, 15, 0, 4, 16, 24900 },
    { 16, 14, 0, 4, 16, 24930 },
    { 16, 15, 0, 4, 16, 24958 },
    { 16, 15, 0, 4, 16, 24988 },
    { 16, 16, 0, 3, 16, 25018 },
    { 16, 15, 0, 4, 16, 25050 },
    { 16, 15, 0, 4, 16, 25080 },
    { 16, 16, 0, 3, 16, 25110 },
    { 16, 15, 0, 4, 16, 25142 },
    { 16, 16, 0, 3, 16, 25172 },
    { 16, 16, 0, 3, 16, 25204 },
    { 16, 15, 0, 4, 16, 25236 },
    { 16, 15, 0, 4, 16, 25266 },
    { 16, 14, 0, 5, 16, 25296 },
    { 16, 15, 0, 4, 16, 25324 },
    { 16, 15, 0, 4, 16, 25354 },
    { 16, 15, 0, 4, 16, 25384 },
    { 16, 16, 0, 3, 16, 25414 },
    { 16, 15, 0, 4, 16, 25446 },
    { 16, 15, 0, 4, 16, 25476 },
    { 16, 15, 0, 4, 16, 25506 },
    { 16, 16, 0, 3, 16, 25536 },
    { 16, 15, 0, 4, 16, 25568 },
    { 16, 15, 0, 4, 16, 25598 },
    { 16, 16, 0, 3, 16, 25628 },
    { 16, 15, 0, 4, 16, 25660 },
    { 16, 15, 0, 4, 16, 25690 },
    { 16, 15, 0, 4, 16, 25720 },
    { 16, 16, 0, 3, 16, 25750 },
    { 16, 14, 0, 4, 16, 25782 },
    { 16, 15, 0, 4, 16, 25810 },
    { 16, 15, 0, 4, 16, 25840 },
    { 16, 15, 0, 4, 16, 25870 },
    { 16, 15, 0, 4, 16, 25900 },
    { 16, 16, 0, 3, 16, 25930 },
    { 16, 16, 0, 3, 16, 25962 },
    { 16, 16, 0, 3, 16, 25994 },
    { 16, 16, 0, 3, 16, 26026 },
    { 16, 16, 0, 3, 16, 26058 },
    { 16, 15, 0, 4, 16, 26090 },
    { 16, 15, 0, 4, 16, 26120 },
    { 16, 15, 0, 4, 16, 26150 },
    { 16, 15, 0, 4, 16, 26180 },
    { 16, 15, 0, 4, 16, 26210 },
    { 16, 15, 0, 4, 16, 26240 },
    { 16, 15, 0, 4, 16, 26270 },
    { 16, 15, 0, 4, 16, 26300 },
    { 16, 15, 0, 4, 16, 26330 },
    { 16, 15, 0, 4, 16, 26360 },
    { 16, 15, 0, 4, 16, 26390 },
    { 16, 15, 0, 4, 16, 26420 },
    { 16, 15, 0, 4, 16, 26450 },
    { 16, 15, 0, 4, 16, 26480 },
    { 16, 15, 0, 4, 16, 26510 },
    { 16, 15, 0, 4, 16, 26540 },
    { 16, 15, 0, 4, 16, 26570 },
    { 16, 15, 0, 4, 16, 26600 },
    { 16, 15, 0, 4, 16, 26630 },
    { 16, 15, 0, 4, 16, 26660 },
    { 16, 15, 0, 4, 16, 26690 },
    { 16, 15, 0, 4, 16, 26720 },
    { 16, 15, 0, 4, 16, 26750 },
    { 16, 15, 0, 4, 16, 26780 },
    { 16, 15, 0, 4, 16, 26810 },
    { 16, 15, 0, 4, 16, 26840 },
    { 16, 15, 0, 4, 16, 26870 },
    { 16, 16, 0, 3, 16, 26900 },
    { 16, 15, 0, 4, 16, 26932 },
    { 16, 15, 0, 4, 16, 26962 },
    { 16, 15, 0, 4, 16, 26992 },
    { 16, 15, 0, 4, 16, 27022 },
    { 16, 16, 0, 3, 16, 27052 },
    { 16, 15, 0, 4, 16, 27084 },
    { 16, 15, 0, 4, 16, 27114 },
    { 16, 15, 0, 4, 16, 27144 },
    { 16, 15, 0, 4, 16, 27174 },
    { 16, 15, 0, 4, 16, 27204 },
    { 16, 15, 0, 4, 16, 27234 },
    { 16, 15, 0, 4, 16, 27264 },
    { 16, 15, 0, 4, 16, 27294 },
    { 16, 15, 0, 4, 16, 27324 },
    { 16, 16, 0, 3, 16, 27354 },
    { 16, 15, 0, 4, 16, 27386 },
    { 16, 15, 0, 4, 16, 27416 },
    { 16, 15, 0, 4, 16, 27446 },
    { 16, 15, 0, 4, 16, 27476 },
    { 16, 15, 0, 4, 16, 27506 },
    { 16, 15, 0, 4, 16, 27536 },
    { 16, 15, 0, 4, 16, 27566 },
    { 16, 15, 0, 4, 16, 27596 },
    { 16, 15, 0, 4, 16, 27626 },
    { 16, 15, 0, 4, 16, 27656 },
    { 16, 15, 0, 4, 16, 27686 },
    { 16, 15, 0, 4, 16, 27716 },
    { 16, 15, 0, 4, 16, 27746 },
    { 16, 15, 0, 4, 16, 27776 },
    { 16, 15, 0, 4, 16, 27806 },
    { 16, 16, 0, 3, 16, 27836 },
    { 16, 15, 0, 4, 16, 27868 },
    { 16, 15, 0, 4, 16, 27898 },
    { 16, 14, 0, 5, 16, 27928 },
    { 16, 15, 0, 4, 16, 27956 },
    { 16, 15, 0, 4, 16, 27986 },
    { 16, 15, 0, 4, 16, 28016 },
    { 16, 15, 0, 4, 16, 28046 },
    { 16, 15, 0, 4, 16, 28076 },
    { 16, 15, 0, 4, 16, 28106 },
    { 16, 15, 0, 4, 16, 28136 },
    { 16, 14, 0, 4, 16, 28166 },
    { 16, 15, 0, 4, 16, 28194 },
    { 16, 15, 0, 4, 16, 28224 },
    { 16, 15, 0, 4, 16, 28254 },
    { 16, 15, 0, 4, 16, 28284 },
    { 16, 15, 0, 4, 16, 28314 },
    { 16, 15, 0, 4, 16, 28344 },
    { 16, 15, 0, 4, 16, 28374 },
    { 16, 15, 0, 4, 16, 28404 },
    { 16, 15, 0, 4, 16, 28434 },
    { 16, 15, 0, 4, 16, 28464 },
    { 16, 15, 0, 4, 16, 28494 },
    { 16, 15, 0, 4, 16, 28524 },
    { 16, 15, 0, 4, 16, 28554 },
    { 16, 15, 0, 4, 16, 28584 },
    { 16, 15, 0, 4, 16, 28614 },
    { 16, 15, 0, 4, 16, 28644 },
    { 16, 15, 0, 4, 16, 28674 },
    { 16, 15, 0, 4, 16, 28704 },
    { 16, 15, 0, 4, 16, 28734 },
    { 16, 16, 0, 3, 16, 28764 },
    { 16, 16, 0, 3, 16, 28796 },
    { 16, 16, 0, 3, 16, 28828 },
    { 16, 15, 0, 4, 16, 28860 },
    { 16, 14, 0, 4, 16, 28890 },
    { 16, 15, 0, 3, 16, 28918 },
    { 16, 16, 0, 3, 16, 28948 },
    { 16, 15, 0, 4, 16, 28980 },
    { 16, 15, 0, 4, 16, 29010 },
    { 16, 16, 0, 3, 16, 29040 },
    { 16, 14, 0, 4, 16, 29072 },
    { 16, 15, 0, 4, 16, 29100 },
    { 16, 16, 0, 3, 16, 29130 },
    { 16, 15, 0, 4, 16, 29162 },
    { 16, 16, 0, 3, 16, 29192 },
    { 16, 15, 0, 4, 16, 29224 },
    { 16, 15, 0, 4, 16, 29254 },
    { 16, 16, 0, 3, 16, 29284 },
    { 16, 16, 0, 3, 16, 29316 },
    { 16, 16, 0, 3, 16, 29348 },
    { 16, 15, 0, 4, 16, 29380 },
    { 16, 15, 0, 4, 16, 29410 },
    { 16, 15, 0, 4, 16, 29440 },
    { 16, 15, 0, 4, 16, 29470 },
    { 16, 15, 0, 4, 16, 29500 },
    { 16, 16, 0, 3, 16, 29530 },
    { 16, 15, 0, 4, 16, 29562 },
    { 16, 16, 0, 3, 16, 29592 },
    { 16, 15, 0, 4, 16, 29624 },
    { 16, 16, 0, 3, 16, 29654 },
    { 16, 15, 0, 4, 16, 29686 },
    { 16, 16, 0, 3, 16, 29716 },
    { 16, 16, 0, 3, 16, 29748 },
    { 16, 16, 0, 3, 16, 29780 },
    { 16, 16, 0, 3, 16, 29812 },
    { 16, 15, 0, 4, 16, 29844 },
    { 16, 16, 0, 3, 16, 29874 },
    { 16, 15, 0, 4, 16, 29906 },
    { 16, 16, 0, 3, 16, 29936 },
    { 16, 15, 0, 4, 16, 29968 },
    { 16, 15, 0, 4, 16, 29998 },
    { 16, 15, 0, 4, 16, 30028 },
    { 16, 15, 0, 4, 16, 30058 },
    { 16, 15, 0, 4, 16, 30088 },
    { 16, 15, 0, 4, 16, 30118 },
    { 16, 15, 0, 4, 16, 30148 },
    { 16, 15, 0, 4, 16, 30178 },
    { 16, 16, 0, 3, 16, 30208 },
    { 16, 15, 0, 4, 16, 30240 },
    { 16, 16, 0, 3, 16, 30270 },
    { 16, 15, 0, 4, 16, 30302 },
    { 16, 15, 0, 4, 16, 30332 },
    { 16, 15, 0, 4, 16, 30362 },
    { 16, 15, 0, 4, 16, 30392 },
    { 16, 15, 0, 4, 16, 30422 },
    { 16, 15, 0, 4, 16, 30452 },
    { 16, 15, 0, 4, 16, 30482 },
    { 16, 15, 0, 4, 16, 30512 },
    { 16, 15, 0, 4, 16, 30542 },
    { 16, 16, 0, 3, 16, 30572 },
    { 16, 14, 0, 5, 16, 30604 },
    { 16, 15, 0, 4, 16, 30632 },
    { 16, 15, 0, 4, 16, 30662 },
    { 16, 15, 0, 4, 16, 30692 },
    { 16, 15, 0, 4, 16, 30722 },
    { 16, 15, 0, 4, 16, 30752 },
    { 16, 14, 0, 5, 16, 30782 },
    { 16, 15, 0, 4, 16, 30810 },
    { 16, 15, 0, 4, 16, 30840 },
    { 16, 14, 0, 5, 16, 30870 },
    { 16, 14, 0, 5, 16, 30898 },
    { 16, 15, 0, 4, 16, 30926 },
    { 16, 15, 0, 4, 16, 30956 },
    { 16, 15, 0, 4, 16, 30986 },
    { 16, 14, 0, 5, 16, 31016 },
    { 16, 14, 0, 5, 16, 31044 },
    { 16, 15, 0, 4, 16, 31072 },
    { 16, 15, 0, 4, 16, 31102 },
    { 16, 15, 0, 4, 16, 31132 },
    { 16, 15, 0, 4, 16, 31162 },
    { 16, 15, 0, 4, 16, 31192 },
    { 16, 15, 0, 4, 16, 31222 },
    { 16, 15, 0, 4, 16, 31252 },
    { 16, 15, 0, 4, 16, 31282 },
    { 16, 15, 0, 4, 16, 31312 },
    { 16, 15, 0, 4, 16, 31342 },
    { 16, 15, 0, 4, 16, 31372 },
    { 16, 15, 0, 4, 16, 31402 },
    { 16, 15, 0, 4, 16, 31432 },
    { 16, 15, 0, 4, 16, 31462 },
    { 16, 15, 0, 4, 16, 31492 },
    { 16, 16, 0, 3, 16, 31522 },
    { 16, 15, 0, 4, 16, 31554 },
    { 16, 15, 0, 4, 16, 31584 },
    { 16, 15, 0, 4, 16, 31614 },
    { 16, 15, 0, 4, 16, 31644 },
    { 16, 15, 0, 4, 16, 31674 },
    { 16, 15, 0, 4, 16, 31704 },
    { 16, 15, 0, 4, 16, 31734 },
    { 16, 15, 0, 4, 16, 31764 },
    { 16, 15, 0, 4, 16, 31794 },
    { 16, 15, 0, 4, 16, 31824 },
    { 16, 16, 0, 3, 16, 31854 },
    { 16, 16, 0, 3, 16, 31886 },
    { 16, 15, 0, 4, 16, 31918 },
    { 16, 15, 0, 4, 16, 31948 },
    { 16, 15, 0, 4, 16, 31978 },
    { 16, 15, 0, 4, 16, 32008 },
    { 16, 15, 0, 4, 16, 32038 },
    { 16, 15, 0, 4, 16, 32068 },
    { 16, 15, 0, 4, 16, 32098 },
    { 16, 15, 0, 4, 16, 32128 },
    { 16, 15, 0, 4, 16, 32158 },
    { 16, 15, 0, 4, 16, 32188 },
    { 16, 15, 0, 4, 16, 32218 },
    { 16, 15, 0, 4, 16, 32248 },
    { 16, 16, 0, 3, 16, 32278 },
    { 16, 13, 0, 5, 16, 32310 },
    { 16, 14, 0, 4, 16, 32336 },
    { 16, 14, 0, 5, 16, 32364 },
    { 16, 13, 0, 5, 16, 32392 },
    { 16, 14, 0, 5, 16, 32418 },
    { 16, 13, 0, 5, 16, 32446 },
    { 16, 16, 0, 3, 16, 32472 },
    { 16, 14, 0, 5, 16, 32504 },
    { 16, 14, 0, 5, 16, 32532 },
    { 16, 14, 0, 5, 16, 32560 },
    { 16, 14, 0, 5, 16, 32588 },
    { 16, 15, 0, 4, 16, 32616 },
    { 16, 15, 0, 4, 16, 32646 },
    { 16, 15, 0, 4, 16, 32676 },
    { 16, 15, 0, 4, 16, 32706 },
    { 16, 15, 0, 4, 16, 32736 },
    { 16, 15, 0, 4, 16, 32766 },
    { 16, 15, 0, 4, 16, 32796 },
    { 16, 15, 0, 4, 16, 32826 },
    { 16, 15, 0, 4, 16, 32856 },
    { 16, 15, 0, 4, 16, 32886 },
    { 16, 15, 0, 4, 16, 32916 },
    { 16, 15, 0, 4, 16, 32946 },
    { 16, 15, 0, 4, 16, 32976 },
    { 16, 15, 0, 4, 16, 33006 },
    { 16, 15, 0, 4, 16, 33036 },
    { 16, 15, 0, 4, 16, 33066 },
    { 16, 15, 0, 4, 16, 33096 },
    { 16, 15, 0, 4, 16, 33126 },
    { 16, 15, 0, 4, 16, 33156 },
    { 16, 16, 0, 3, 16, 33186 },
    { 16, 15, 0, 4, 16, 33218 },
    { 16, 15, 0, 4, 16, 33248 },
    { 16, 15, 0, 4, 16, 33278 },
    { 16, 15, 0, 4, 16, 33308 },
    { 16, 15, 0, 4, 16, 33338 },
    { 16, 15, 0, 4, 16, 33368 },
    { 16, 15, 0, 4, 16, 33398 },
    { 16, 15, 0, 4, 16, 33428 },
    { 16, 14, 0, 5, 16, 33458 },
    { 16, 14, 0, 5, 16, 33486 },
    { 16, 15, 0, 4, 16, 33514 },
    { 16, 16, 0, 3, 16, 33544 },
    { 16, 15, 0, 4, 16, 33576 },
    { 16, 15, 0, 4, 16, 33606 },
    { 16, 15, 0, 4, 16, 33636 },
    { 16, 15, 0, 4, 16, 33666 },
    { 16, 15, 0, 4, 16, 33696 },
    { 16, 15, 0, 4, 16, 33726 },
    { 16, 15, 0, 4, 16, 33756 },
    { 16, 15, 0, 4, 16, 33786 },
    { 16, 15, 0, 4, 16, 33816 },
    { 16, 16, 0, 3, 16, 33846 },
    { 16, 15, 0, 4, 16, 33878 },
    { 16, 16, 0, 3, 16, 33908 },
    { 16, 16, 0, 3, 16, 33940 },
    { 16, 15, 0, 4, 16, 33972 },
    { 16, 15, 0, 4, 16, 34002 },
    { 16, 16, 0, 3, 16, 34032 },
    { 16, 15, 0, 4, 16, 34064 },
    { 16, 15, 0, 4, 16, 34094 },
    { 16, 15, 0, 4, 16, 34124 },
    { 16, 15, 0, 4, 16, 34154 },
    { 16, 15, 0, 4, 16, 34184 },
    { 16, 16, 0, 3, 16, 34214 },
    { 16, 15, 0, 4, 16, 34246 },
    { 16, 15, 0, 4, 16, 34276 },
    { 16, 16, 0, 3, 16, 34306 },
    { 16, 15, 0, 4, 16, 34338 },
    { 16, 16, 0, 3, 16, 34368 },
    { 16, 16, 0, 3, 16, 34400 },
    { 16, 16, 0, 3, 16, 34432 },
    { 16, 15, 0, 4, 16, 34464 },
    { 16, 15, 0, 4, 16, 34494 },
    { 16, 15, 0, 4, 16, 34524 },
    { 16, 15, 0, 4, 16, 34554 },
    { 16, 14, 0, 5, 16, 34584 },
    { 16, 15, 0, 4, 16, 34612 },
    { 16, 15, 0, 4, 16, 34642 },
    { 16, 14, 0, 5, 16, 34672 },
    { 16, 15, 0, 4, 16, 34700 },
    { 16, 15, 0, 4, 16, 34730 },
    { 16, 14, 0, 5, 16, 34760 },
    { 16, 15, 0, 4, 16, 34788 },
    { 16, 15, 0, 4, 16, 34818 },
    { 16, 15, 0, 4, 16, 34848 },
    { 16, 15, 0, 4, 16, 34878 },
    { 16, 16, 0, 3, 16, 34908 },
    { 16, 15, 0, 4, 16, 34940 },
    { 16, 15, 0, 4, 16, 34970 },
    { 16, 15, 0, 4, 16, 35000 },
    { 16, 15, 0, 4, 16, 35030 },
    { 16, 15, 0, 4, 16, 35060 },
    { 16, 15, 0, 4, 16, 35090 },
    { 16, 15, 0, 4, 16, 35120 },
    { 16, 14, 0, 5, 16, 35150 },
    { 16, 15, 0, 4, 16, 35178 },
    { 16, 15, 0, 4, 16, 35208 },
    { 16, 15, 0, 4, 16, 35238 },
    { 16, 15, 0, 4, 16, 35268 },
    { 16, 15, 0, 4, 16, 35298 },
    { 16, 15, 0, 4, 16, 35328 },
    { 16, 15, 0, 4, 16, 35358 },
    { 16, 15, 0, 4, 16, 35388 },
    { 16, 15, 0, 4, 16, 35418 },
    { 16, 15, 0, 4, 16, 35448 },
    { 16, 15, 0, 4, 16, 35478 },
    { 16, 15, 0, 4, 16, 35508 },
    { 16, 15, 0, 4, 16, 35538 },
    { 16, 15, 0, 4, 16, 35568 },
    { 16, 15, 0, 4, 16, 35598 },
    { 16, 15, 0, 4, 16, 35628 },
    { 16, 15, 0, 4, 16, 35658 },
    { 16, 15, 0, 4, 16, 35688 },
    { 16, 15, 0, 4, 16, 35718 },
    { 16, 15, 0, 4, 16, 35748 },
    { 16, 15, 0, 4, 16, 35778 },
    { 16, 15, 0, 4, 16, 35808 },
    { 16, 15, 0, 4, 16, 35838 },
    { 16, 15, 0, 4, 16, 35868 },
    { 16, 15, 0, 4, 16, 35898 },
    { 16, 15, 0, 4, 16, 35928 },
    { 16, 15, 0, 4, 16, 35958 },
    { 16, 15, 0, 4, 16, 35988 },
    { 16, 15, 0, 4, 16, 36018 },
    { 16, 15, 0, 4, 16, 36048 },
    { 16, 15, 0, 4, 16, 36078 },
    { 16, 15, 0, 4, 16, 36108 },
    { 16, 15, 0, 4, 16, 36138 },
    { 16, 15, 0, 4, 16, 36168 },
    { 16, 15, 0, 4, 16, 36198 },
    { 16, 15, 0, 4, 16, 36228 },
    { 16, 14, 0, 5, 16, 36258 },
    { 16, 15, 0, 4, 16, 36286 },
    { 16, 15, 0, 4, 16, 36316 },
    { 16, 15, 0, 4, 16, 36346 },
    { 16, 15, 0, 4, 16, 36376 },
    { 16, 15, 0, 4, 16, 36406 },
    { 16, 15, 0, 4, 16, 36436 },
    { 16, 15, 0, 4, 16, 36466 },
    { 16, 15, 0, 4, 16, 36496 },
    { 16, 15, 0, 4, 16, 36526 },
    { 16, 16, 0, 3, 16, 36556 },
    { 16, 15, 0, 4, 16, 36588 },
    { 16, 15, 0, 4, 16, 36618 },
    { 16, 15, 0, 4, 16, 36648 },
    { 16, 15, 0, 4, 16, 36678 },
    { 16, 15, 0, 4, 16, 36708 },
    { 16, 16, 0, 3, 16, 36738 },
    { 16, 15, 0, 4, 16, 36770 },
    { 16, 16, 0, 3, 16, 36800 },
    { 16, 15, 0, 4, 16, 36832 },
    { 16, 15, 0, 4, 16, 36862 },
    { 16, 15, 0, 4, 16, 36892 },
    { 16, 16, 0, 3, 16, 36922 },
    { 16, 16, 0, 3, 16, 36954 },
    { 16, 15, 0, 4, 16, 36986 },
    { 16, 16, 0, 3, 16, 37016 },
    { 16, 15, 0, 4, 16, 37048 },
    { 16, 15, 0, 4, 16, 37078 },
    { 16, 16, 0, 3, 16, 37108 },
    { 16, 15, 0, 4, 16, 37140 },
    { 16, 15, 0, 4, 16, 37170 },
    { 16, 15, 0, 4, 16, 37200 },
    { 16, 14, 0, 5, 16, 37230 },
    { 16, 15, 0, 4, 16, 37258 },
    { 16, 15, 0, 4, 16, 37288 },
    { 16, 15, 0, 4, 16, 37318 },
    { 16, 15, 0, 4, 16, 37348 },
    { 16, 15, 0, 4, 16, 37378 },
    { 16, 15, 0, 4, 16, 37408 },
    { 16, 15, 0, 4, 16, 37438 },
    { 16, 15, 0, 4, 16, 37468 },
    { 16, 15, 0, 4, 16, 37498 },
    { 16, 15, 0, 4, 16, 37528 },
    { 16, 15, 0, 4, 16, 37558 },
    { 16, 15, 0, 4, 16, 37588 },
    { 16, 15, 0, 4, 16, 37618 },
    { 16, 15, 0, 4, 16, 37648 },
    { 16, 15, 0, 4, 16, 37678 },
    { 16, 15, 0, 4, 16, 37708 },
    { 16, 15, 0, 4, 16, 37738 },
    { 16, 15, 0, 4, 16, 37768 },
    { 16, 15, 0, 4, 16, 37798 },
    { 16, 15, 0, 4, 16, 37828 },
    { 16, 16, 0, 3, 16, 37858 },
    { 16, 15, 0, 4, 16, 37890 },
    { 16, 15, 0, 4, 16, 37920 },
    { 16, 16, 0, 3, 16, 37950 },
    { 16, 15, 0, 4, 16, 37982 },
    { 16, 15, 0, 4, 16, 38012 },
    { 16, 15, 0, 4, 16, 38042 },
    { 16, 15, 0, 4, 16, 38072 },
    { 16, 15, 0, 4, 16, 38102 },
    { 16, 15, 0, 4, 16, 38132 },
    { 16, 16, 0, 3, 16, 38162 },
    { 16, 16, 0, 3, 16, 38194 },
    { 16, 16, 0, 3, 16, 38226 },
    { 16, 15, 0, 4, 16, 38258 },
    { 16, 15, 0, 4, 16, 38288 },
    { 16, 15, 0, 4, 16, 38318 },
    { 16, 15, 0, 4, 16, 38348 },
    { 16, 15, 0, 4, 16, 38378 },
    { 16, 15, 0, 4, 16, 38408 },
    { 16, 15, 0, 4, 16, 38438 },
    { 16, 15, 0, 4, 16, 38468 },
    { 16, 16, 0, 3, 16, 38498 },
    { 16, 15, 0, 4, 16, 38530 },
    { 16, 15, 0, 4, 16, 38560 },
    { 16, 15, 0, 4, 16, 38590 },
    { 16, 15, 0, 4, 16, 38620 },
    { 16, 15, 0, 4, 16, 38650 },
    { 16, 16, 0, 3, 16, 38680 },
    { 16, 15, 0, 4, 16, 38712 },
    { 16, 15, 0, 4, 16, 38742 },
    { 16, 15, 0, 4, 16, 38772 },
    { 16, 15, 0, 4, 16, 38802 },
    { 16, 15, 0, 4, 16, 38832 },
    { 16, 16, 0, 3, 16, 38862 },
    { 16, 15, 0, 4, 16, 38894 },
    { 16, 15, 0, 4, 16, 38924 },
    { 16, 15, 0, 4, 16, 38954 },
    { 16, 16, 0, 3, 16, 38984 },
    { 16, 15, 0, 4, 16, 39016 },
    { 16, 16, 0, 3, 16, 39046 },
    { 16, 15, 0, 4, 16, 39078 },
    { 16, 15, 0, 4, 16, 39108 },
    { 16, 15, 0, 4, 16, 39138 },
    { 16, 15, 0, 4, 16, 39168 },
    { 16, 15, 0, 4, 16, 39198 },
    { 16, 15, 0, 4, 16, 39228 },
    { 16, 15, 0, 4, 16, 39258 },
    { 16, 15, 0, 4, 16, 39288 },
    { 16, 15, 0, 4, 16, 39318 },
    { 16, 15, 0, 4, 16, 39348 },
    { 16, 16, 0, 3, 16, 39378 },
    { 16, 15, 0, 4, 16, 39410 },
    { 16, 16, 0, 3, 16, 39440 },
    { 16, 15, 0, 4, 16, 39472 },
    { 16, 15, 0, 4, 16, 39502 },
    { 16, 16, 0, 3, 16, 39532 },
    { 16, 16, 0, 3, 16, 39564 },
    { 16, 15, 0, 4, 16, 39596 },
    { 16, 15, 0, 4, 16, 39626 },
    { 16, 16, 0, 3, 16, 39656 },
    { 16, 16, 0, 3, 16, 39688 },
    { 16, 16, 0, 3, 16, 39720 },
    { 16, 16, 0, 3, 16, 39752 },
    { 16, 15, 0, 4, 16, 39784 },
    { 16, 15, 0, 4, 16, 39814 },
    { 16, 15, 0, 4, 16, 39844 },
    { 16, 16, 0, 3, 16, 39874 },
    { 16, 15, 0, 4, 16, 39906 },
    { 16, 15, 0, 4, 16, 39936 },
    { 16, 15, 0, 4, 16, 39966 },
    { 16, 15, 0, 4, 16, 39996 },
    { 16, 15, 0, 4, 16, 40026 },
    { 16, 15, 0, 4, 16, 40056 },
    { 16, 15, 0, 4, 16, 40086 },
    { 16, 15, 0, 4, 16, 40116 },
    { 16, 15, 0, 4, 16, 40146 },
    { 16, 15, 0, 4, 16, 40176 },
    { 16, 16, 0, 3, 16, 40206 },
    { 16, 16, 0, 3, 16, 40238 },
    { 16, 15, 0, 4, 16, 40270 },
    { 16, 15, 0, 4, 16, 40300 },
    { 16, 15, 0, 4, 16, 40330 },
    { 16, 15, 0, 4, 16, 40360 },
    { 16, 15, 0, 4, 16, 40390 },
    { 16, 15, 0, 4, 16, 40420 },
    { 16, 15, 0, 4, 16, 40450 },
    { 16, 15, 0, 4, 16, 40480 },
    { 16, 15, 0, 4, 16, 40510 },
    { 16, 15, 0, 4, 16, 40540 },
    { 16, 15, 0, 4, 16, 40570 },
    { 16, 15, 0, 4, 16, 40600 },
    { 16, 15, 0, 4, 16, 40630 },
    { 16, 15, 0, 4, 16, 40660 },
    { 16, 15, 0, 4, 16, 40690 },
    { 16, 15, 0, 4, 16, 40720 },
    { 16, 15, 0, 4, 16, 40750 },
    { 16, 15, 0, 4, 16, 40780 },
    { 16, 15, 0, 4, 16, 40810 },
    { 16, 15, 0, 4, 16, 40840 },
    { 16, 15, 0, 4, 16, 40870 },
    { 16, 15, 0, 4, 16, 40900 },
    { 16, 15, 0, 4, 16, 40930 },
    { 16, 15, 0, 4, 16, 40960 },
    { 16, 14, 0, 5, 16, 40990 },
    { 16, 15, 0, 4, 16, 41018 },
    { 16, 15, 0, 4, 16, 41048 },
    { 16, 15, 0, 4, 16, 41078 },
    { 16, 15, 0, 4, 16, 41108 },
    { 16, 15, 0, 4, 16, 41138 },
    { 16, 15, 0, 4, 16, 41168 },
    { 16, 15, 0, 4, 16, 41198 },
    { 16, 15, 0, 4, 16, 41228 },
    { 16, 15, 0, 4, 16, 41258 },
    { 16, 15, 0, 4, 16, 41288 },
    { 16, 15, 0, 4, 16, 41318 },
    { 16, 15, 0, 4, 16, 41348 },
    { 16, 15, 0, 4, 16, 41378 },
    { 16, 15, 0, 4, 16, 41408 },
    { 16, 15, 0, 4, 16, 41438 },
    { 16, 15, 0, 4, 16, 41468 },
    { 16, 15, 0, 4, 16, 41498 },
    { 16, 15, 0, 4, 16, 41528 },
    { 16, 15, 0, 4, 16, 41558 },
    { 16, 15, 0, 4, 16, 41588 },
    { 16, 15, 0, 4, 16, 41618 },
    { 16, 15, 0, 4, 16, 41648 },
    { 16, 15, 0, 4, 16, 41678 },
    { 16, 15, 0, 4, 16, 41708 },
    { 16, 15, 0, 4, 16, 41738 },
    { 16, 15, 0, 4, 16, 41768 },
    { 16, 15, 0, 4, 16, 41798 },
    { 16, 15, 0, 4, 16, 41828 },
    { 16, 15, 0, 4, 16, 41858 },
    { 16, 15, 0, 4, 16, 41888 },
    { 16, 15, 0, 4, 16, 41918 },
    { 16, 15, 0, 4, 16, 41948 },
    { 16, 15, 0, 4, 16, 41978 },
    { 16, 15, 0, 4, 16, 42008 },
    { 16, 15, 0, 4, 16, 42038 },
    { 16, 16, 0, 3, 16, 42068 },
    { 16, 15, 0, 4, 16, 42100 },
    { 16, 15, 0, 4, 16, 42130 },
    { 16, 15, 0, 4, 16, 42160 },
    { 16, 15, 0, 4, 16, 42190 },
    { 16, 15, 0, 4, 16, 42220 },
    { 16, 16, 0, 3, 16, 42250 },
    { 16, 15, 0, 4, 16, 42282 },
    { 16, 15, 0, 4, 16, 42312 },
    { 16, 15, 0, 4, 16, 42342 },
    { 16, 15, 0, 4, 16, 42372 },
    { 16, 15, 0, 4, 16, 42402 },
    { 16, 15, 0, 4, 16, 42432 },
    { 16, 15, 0, 4, 16, 42462 },
    { 16, 15, 0, 4, 16, 42492 },
    { 16, 15, 0, 4, 16, 42522 },
    { 16, 15, 0, 4, 16, 42552 },
    { 16, 15, 0, 4, 16, 42582 },
    { 16, 15, 0, 4, 16, 42612 },
    { 16, 15, 0, 4, 16, 42642 },
    { 16, 15, 0, 4, 16, 42672 },
    { 16, 15, 0, 4, 16, 42702 },
    { 16, 15, 0, 4, 16, 42732 },
    { 16, 16, 0, 3, 16, 42762 },
    { 16, 15, 0, 4, 16, 42794 },
    { 16, 15, 0, 4, 16, 42824 },
    { 16, 15, 0, 4, 16, 42854 },
    { 16, 15, 0, 4, 16, 42884 },
    { 16, 15, 0, 4, 16, 42914 },
    { 16, 15, 0, 4, 16, 42944 },
    { 16, 15, 0, 4, 16, 42974 },
    { 16, 15, 0, 4, 16, 43004 },
    { 16, 15, 0, 4, 16, 43034 },
    { 16, 15, 0, 4, 16, 43064 },
    { 16, 15, 0, 4, 16, 43094 },
    { 16, 15, 0, 4, 16, 43124 },
    { 16, 15, 0, 4, 16, 43154 },
    { 16, 15, 0, 4, 16, 43184 },
    { 16, 16, 0, 3, 16, 43214 },
    { 16, 15, 0, 4, 16, 43246 },
    { 16, 15, 0, 4, 16, 43276 },
    { 16, 15, 0, 4, 16, 43306 },
    { 16, 15, 0, 4, 16, 43336 },
    { 16, 15, 0, 4, 16, 43366 },
    { 16, 16, 0, 3, 16, 43396 },
    { 16, 16, 0, 3, 16, 43428 },
    { 16, 15, 0, 4, 16, 43460 },
    { 16, 16, 0, 3, 16, 43490 },
    { 16, 15, 0, 4, 16, 43522 },
    { 16, 15, 0, 4, 16, 43552 },
    { 16, 15, 0, 4, 16, 43582 },
    { 16, 15, 0, 4, 16, 43612 },
    { 16, 16, 0, 3, 16, 43642 },
    { 16, 15, 0, 4, 16, 43674 },
    { 16, 15, 0, 4, 16, 43704 },
    { 16, 15, 0, 4, 16, 43734 },
    { 16, 15, 0, 4, 16, 43764 },
    { 16, 15, 0, 4, 16, 43794 },
    { 16, 15, 0, 4, 16, 43824 },
    { 16, 15, 0, 4, 16, 43854 },
    { 16, 15, 0, 4, 16, 43884 },
    { 16, 15, 0, 4, 16, 43914 },
    { 16, 15, 0, 4, 16, 43944 },
    { 16, 15, 0, 4, 16, 43974 },
    { 16, 15, 0, 4, 16, 44004 },
    { 16, 15, 0, 4, 16, 44034 },
    { 16, 15, 0, 4, 16, 44064 },
    { 16, 15, 0, 4, 16, 44094 },
    { 16, 15, 0, 4, 16, 44124 },
    { 16, 15, 0, 4, 16, 44154 },
    { 16, 15, 0, 4, 16, 44184 },
    { 16, 15, 0, 4, 16, 44214 },
    { 16, 15, 0, 4, 16, 44244 },
    { 16, 15, 0, 4, 16, 44274 },
    { 16, 15, 0, 4, 16, 44304 },
    { 16, 15, 0, 4, 16, 44334 },
    { 16, 15, 0, 4, 16, 44364 },
    { 16, 15, 0, 4, 16, 44394 },
    { 16, 16, 0, 3, 16, 44424 },
    { 16, 16, 0, 3, 16, 44456 },
    { 16, 16, 0, 3, 16, 44488 },
    { 16, 15, 0, 4, 16, 44520 },
    { 16, 15, 0, 4, 16, 44550 },
    { 16, 15, 0, 4, 16, 44580 },
    { 16, 15, 0, 4, 16, 44610 },
    { 16, 15, 0, 4, 16, 44640 },
    { 16, 15, 0, 4, 16, 44670 },
    { 16, 15, 0, 4, 16, 44700 },
    { 16, 15, 0, 4, 16, 44730 },
    { 16, 15, 0, 4, 16, 44760 },
    { 16, 15, 0, 4, 16, 44790 },
    { 16, 15, 0, 4, 16, 44820 },
    { 16, 15, 0, 4, 16, 44850 },
    { 16, 15, 0, 4, 16, 44880 },
    { 16, 15, 0, 4, 16, 44910 },
    { 16, 15, 0, 4, 16, 44940 },
    { 16, 15, 0, 4, 16, 44970 },
    { 16, 15, 0, 4, 16, 45000 },
    { 16, 15, 0, 4, 16, 45030 },
    { 16, 15, 0, 4, 16, 45060 },
    { 16, 15, 0, 4, 16, 45090 },
    { 16, 15, 0, 4, 16, 45120 },
    { 16, 15, 0, 4, 16, 45150 },
    { 16, 15, 0, 4, 16, 45180 },
    { 16, 15, 0, 4, 16, 45210 },
    { 16, 15, 0, 4, 16, 45240 },
    { 16, 15, 0, 4, 16, 45270 },
    { 16, 15, 0, 4, 16, 45300 },
    { 16, 15, 0, 4, 16, 45330 },
    { 16, 16, 0, 3, 16, 45360 },
    { 16, 15, 0, 4, 16, 45392 },
    { 16, 15, 0, 4, 16, 45422 },
    { 16, 15, 0, 4, 16, 45452 },
    { 16, 16, 0, 3, 16, 45482 },
    { 16, 15, 0, 4, 16, 45514 },
    { 16, 16, 0, 3, 16, 45544 },
    { 16, 15, 0, 4, 16, 45576 },
    { 16, 15, 0, 4, 16, 45606 },
    { 16, 15, 0, 4, 16, 45636 },
    { 16, 15, 0, 4, 16, 45666 },
    { 16, 15, 0, 4, 16, 45696 },
    { 16, 15, 0, 4, 16, 45726 },
    { 16, 15, 0, 4, 16, 45756 },
    { 16, 15, 0, 4, 16, 45786 },
    { 16, 15, 0, 4, 16, 45816 },
    { 16, 15, 0, 4, 16, 45846 },
    { 16, 15, 0, 4, 16, 45876 },
    { 16, 16, 0, 3, 16, 45906 },
    { 16, 15, 0, 4, 16, 45938 },
    { 16, 15, 0, 4, 16, 45968 },
    { 16, 15, 0, 4, 16, 45998 },
    { 16, 15, 0, 4, 16, 46028 },
    { 16, 15, 0, 4, 16, 46058 },
    { 16, 15, 0, 4, 16, 46088 },
    { 16, 15, 0, 4, 16, 46118 },
    { 16, 15, 0, 4, 16, 46148 },
    { 16, 15, 0, 4, 16, 46178 },
    { 16, 15, 0, 4, 16, 46208 },
    { 16, 15, 0, 4, 16, 46238 },
    { 16, 15, 0, 4, 16, 46268 },
    { 16, 15, 0, 4, 16, 46298 },
    { 16, 15, 0, 4, 16, 46328 },
    { 16, 15, 0, 4, 16, 46358 },
    { 16, 15, 0, 4, 16, 46388 },
    { 16, 15, 0, 4, 16, 46418 },
    { 16, 15, 0, 4, 16, 46448 },
    { 16, 15, 0, 4, 16, 46478 },
    { 16, 15, 0, 4, 16, 46508 },
    { 16, 15, 0, 4, 16, 46538 },
    { 16, 16, 0, 3, 16, 46568 },
    { 16, 15, 0, 4, 16, 46600 },
    { 16, 16, 0, 3, 16, 46630 },
    { 16, 15, 0, 4, 16, 46662 },
    { 16, 15, 0, 4, 16, 46692 },
    { 16, 15, 0, 4, 16, 46722 },
    { 16, 15, 0, 4, 16, 46752 },
    { 16, 16, 0, 3, 16, 46782 },
    { 16, 15, 0, 4, 16, 46814 },
    { 16, 16, 0, 3, 16, 46844 },
    { 16, 16, 0, 3, 16, 46876 },
    { 16, 15, 0, 4, 16, 46908 },
    { 16, 15, 0, 4, 16, 46938 },
    { 16, 15, 0, 4, 16, 46968 },
    { 16, 15, 0, 4, 16, 46998 },
    { 16, 15, 0, 4, 16, 47028 },
    { 16, 15, 0, 4, 16, 47058 },
    { 16, 15, 0, 4, 16, 47088 },
    { 16, 15, 0, 4, 16, 47118 },
    { 16, 15, 0, 4, 16, 47148 },
    { 16, 15, 0, 4, 16, 47178 },
    { 16, 15, 0, 4, 16, 47208 },
    { 16, 15, 0, 4, 16, 47238 },
    { 16, 15, 0, 4, 16, 47268 },
    { 16, 15, 0, 4, 16, 47298 },
    { 16, 16, 0, 3, 16, 47328 },
    { 16, 15, 0, 4, 16, 47360 },
    { 16, 15, 0, 4, 16, 47390 },
    { 16, 15, 0, 4, 16, 47420 },
    { 16, 15, 0, 4, 16, 47450 },
    { 16, 15, 0, 4, 16, 47480 },
    { 16, 15, 0, 4, 16, 47510 },
    { 16, 15, 0, 4, 16, 47540 },
    { 16, 15, 0, 4, 16, 47570 },
    { 16, 16, 0, 3, 16, 47600 },
    { 16, 15, 0, 4, 16, 47632 },
    { 16, 15, 0, 4, 16, 47662 },
    { 16, 16, 0, 3, 16, 47692 },
    { 16, 15, 0, 4, 16, 47724 },
    { 16, 15, 0, 4, 16, 47754 },
    { 16, 15, 0, 4, 16, 47784 },
    { 16, 15, 0, 4, 16, 47814 },
    { 16, 16, 0, 3, 16, 47844 },
    { 16, 15, 0, 4, 16, 47876 },
    { 16, 15, 0, 4, 16, 47906 },
    { 16, 15, 0, 4, 16, 47936 },
    { 16, 15, 0, 4, 16, 47966 },
    { 16, 15, 0, 4, 16, 47996 },
    { 16, 16, 0, 3, 16, 48026 },
    { 16, 15, 0, 4, 16, 48058 },
    { 16, 15, 0, 4, 16, 48088 },
    { 16, 15, 0, 4, 16, 48118 },
    { 16, 16, 0, 3, 16, 48148 },
    { 16, 16, 0, 3, 16, 48180 },
    { 16, 15, 0, 4, 16, 48212 },
    { 16, 16, 0, 3, 16, 48242 },
    { 16, 15, 0, 4, 16, 48274 },
    { 16, 16, 0, 3, 16, 48304 },
    { 16, 16, 0, 3, 16, 48336 },
    { 16, 14, 0, 5, 16, 48368 },
    { 16, 14, 0, 5, 16, 48396 },
    { 16, 14, 0, 5, 16, 48424 },
    { 16, 14, 0, 5, 16, 48452 },
    { 16, 15, 0, 4, 16, 48480 },
    { 16, 15, 0, 4, 16, 48510 },
    { 16, 15, 0, 4, 16, 48540 },
    { 16, 16, 0, 3, 16, 48570 },
    { 16, 15, 0, 4, 16, 48602 },
    { 16, 15, 0, 4, 16, 48632 },
    { 16, 15, 0, 4, 16, 48662 },
    { 16, 15, 0, 4, 16, 48692 },
    { 16, 13, 0, 5, 16, 48722 },
    { 16, 15, 0, 4, 16, 48748 },
    { 16, 15, 0, 4, 16, 48778 },
    { 16, 15, 0, 4, 16, 48808 },
    { 16, 14, 0, 5, 16, 48838 },
    { 16, 15, 0, 4, 16, 48866 },
    { 16, 15, 0, 4, 16, 48896 },
    { 16, 15, 0, 4, 16, 48926 },
    { 16, 14, 0, 4, 16, 48956 },
    { 16, 15, 0, 4, 16, 48984 },
    { 16, 15, 0, 4, 16, 49014 },
    { 16, 15, 0, 4, 16, 49044 },
    { 16, 15, 0, 4, 16, 49074 },
    { 16, 14, 0, 5, 16, 49104 },
    { 16, 15, 0, 4, 16, 49132 },
    { 16, 14, 0, 4, 16, 49162 },
    { 16, 14, 0, 4, 16, 49190 },
    { 16, 15, 0, 4, 16, 49218 },
    { 16, 15, 0, 4, 16, 49248 },
    { 16, 16, 0, 3, 16, 49278 },
    { 16, 15, 0, 4, 16, 49310 },
    { 16, 15, 0, 4, 16, 49340 },
    { 16, 15, 0, 4, 16, 49370 },
    { 16, 16, 0, 3, 16, 49400 },
    { 16, 15, 0, 4, 16, 49432 },
    { 16, 16, 0, 3, 16, 49462 },
    { 16, 15, 0, 4, 16, 49494 },
    { 16, 16, 0, 3, 16, 49524 },
    { 16, 15, 0, 4, 16, 49556 },
    { 16, 15, 0, 4, 16, 49586 },
    { 16, 15, 0, 4, 16, 49616 },
    { 16, 15, 0, 4, 16, 49646 },
    { 16, 16, 0, 3, 16, 49676 },
    { 16, 15, 0, 4, 16, 49708 },
    { 16, 16, 0, 3, 16, 49738 },
    { 16, 15, 0, 4, 16, 49770 },
    { 16, 15, 0, 4, 16, 49800 },
    { 16, 15, 0, 4, 16, 49830 },
    { 16, 15, 0, 4, 16, 49860 },
    { 16, 15, 0, 4, 16, 49890 },
    { 16, 15, 0, 4, 16, 49920 },
    { 16, 15, 0, 4, 16, 49950 },
    { 16, 15, 0, 4, 16, 49980 },
    { 16, 14, 0, 5, 16, 50010 },
    { 16, 15, 0, 4, 16, 50038 },
    { 16, 15, 0, 4, 16, 50068 },
    { 16, 15, 0, 4, 16, 50098 },
    { 16, 15, 0, 4, 16, 50128 },
    { 16, 15, 0, 4, 16, 50158 },
    { 16, 16, 0, 3, 16, 50188 },
    { 16, 15, 0, 4, 16, 50220 },
    { 16, 15, 0, 4, 16, 50250 },
    { 16, 15, 0, 4, 16, 50280 },
    { 16, 15, 0, 4, 16, 50310 },
    { 16, 14, 0, 5, 16, 50340 },
    { 16, 15, 0, 4, 16, 50368 },
    { 16, 15, 0, 4, 16, 50398 },
    { 16, 15, 0, 4, 16, 50428 },
    { 16, 14, 0, 4, 16, 50458 },
    { 16, 15, 0, 4, 16, 50486 },
    { 16, 15, 0, 4, 16, 50516 },
    { 16, 15, 0, 4, 16, 50546 },
    { 16, 15, 0, 4, 16, 50576 },
    { 16, 15, 0, 4, 16, 50606 },
    { 16, 15, 0, 4, 16, 50636 },
    { 16, 15, 0, 4, 16, 50666 },
    { 16, 15, 0, 4, 16, 50696 },
    { 16, 15, 0, 4, 16, 50726 },
    { 16, 15, 0, 4, 16, 50756 },
    { 16, 15, 0, 4, 16, 50786 },
    { 16, 15, 0, 4, 16, 50816 },
    { 16, 15, 0, 4, 16, 50846 },
    { 16, 15, 0, 4, 16, 50876 },
    { 16, 15, 0, 4, 16, 50906 },
    { 16, 15, 0, 4, 16, 50936 },
    { 16, 15, 0, 4, 16, 50966 },
    { 16, 15, 0, 4, 16, 50996 },
    { 16, 15, 0, 4, 16, 51026 },
    { 16, 15, 0, 4, 16, 51056 },
    { 16, 15, 0, 4, 16, 51086 },
    { 16, 15, 0, 4, 16, 51116 },
    { 16, 15, 0, 4, 16, 51146 },
    { 16, 15, 0, 4, 16, 51176 },
    { 16, 15, 0, 4, 16, 51206 },
    { 16, 15, 0, 4, 16, 51236 },
    { 16, 15, 0, 4, 16, 51266 },
    { 16, 15, 0, 4, 16, 51296 },
    { 16, 15, 0, 4, 16, 51326 },
    { 16, 15, 0, 4, 16, 51356 },
    { 16, 15, 0, 4, 16, 51386 },
    { 16, 15, 0, 4, 16, 51416 },
    { 16, 15, 0, 4, 16, 51446 },
    { 16, 15, 0, 4, 16, 51476 },
    { 16, 15, 0, 4, 16, 51506 },
    { 16, 15, 0, 4, 16, 51536 },
    { 16, 16, 0, 3, 16, 51566 },
    { 16, 15, 0, 4, 16, 51598 },
    { 16, 15, 0, 4, 16, 51628 },
    { 16, 15, 0, 4, 16, 51658 },
    { 16, 15, 0, 4, 16, 51688 },
    { 16, 14, 0, 5, 16, 51718 },
    { 16, 15, 0, 4, 16, 51746 },
    { 16, 15, 0, 4, 16, 51776 },
    { 16, 15, 0, 4, 16, 51806 },
    { 16, 15, 0, 4, 16, 51836 },
    { 16, 15, 0, 4, 16, 51866 },
    { 16, 15, 0, 4, 16, 51896 },
    { 16, 15, 0, 4, 16, 51926 },
    { 16, 15, 0, 4, 16, 51956 },
    { 16, 15, 0, 4, 16, 51986 },
    { 16, 15, 0, 4, 16, 52016 },
    { 16, 15, 0, 4, 16, 52046 },
    { 16, 15, 0, 4, 16, 52076 },
    { 16, 15, 0, 4, 16, 52106 },
    { 16, 15, 0, 4, 16, 52136 },
    { 16, 15, 0, 4, 16, 52166 },
    { 16, 15, 0, 4, 16, 52196 },
    { 16, 15, 0, 4, 16, 52226 },
    { 16, 15, 0, 4, 16, 52256 },
    { 16, 15, 0, 4, 16, 52286 },
    { 16, 15, 0, 4, 16, 52316 },
    { 16, 15, 0, 4, 16, 52346 },
    { 16, 15, 0, 4, 16, 52376 },
    { 16, 15, 0, 4, 16, 52406 },
    { 16, 15, 0, 4, 16, 52436 },
    { 16, 15, 0, 4, 16, 52466 },
    { 16, 15, 0, 4, 16, 52496 },
    { 16, 15, 0, 4, 16, 52526 },
    { 16, 15, 0, 4, 16, 52556 },
    { 16, 15, 0, 4, 16, 52586 },
    { 16, 15, 0, 4, 16, 52616 },
    { 16, 15, 0, 4, 16, 52646 },
    { 16, 15, 0, 4, 16, 52676 },
    { 16, 15, 0, 4, 16, 52706 },
    { 16, 15, 0, 4, 16, 52736 },
    { 16, 15, 0, 4, 16, 52766 },
    { 16, 15, 0, 4, 16, 52796 },
    { 16, 15, 0, 4, 16, 52826 },
    { 16, 15, 0, 4, 16, 52856 },
    { 16, 15, 0, 4, 16, 52886 },
    { 16, 16, 0, 3, 16, 52916 },
    { 16, 15, 0, 4, 16, 52948 },
    { 16, 15, 0, 4, 16, 52978 },
    { 16, 15, 0, 4, 16, 53008 },
    { 16, 16, 0, 3, 16, 53038 },
    { 16, 15, 0, 4, 16, 53070 },
    { 16, 16, 0, 3, 16, 53100 },
    { 16, 15, 0, 4, 16, 53132 },
    { 16, 15, 0, 4, 16, 53162 },
    { 16, 15, 0, 4, 16, 53192 },
    { 16, 15, 0, 4, 16, 53222 },
    { 16, 15, 0, 4, 16, 53252 },
    { 16, 15, 0, 4, 16, 53282 },
    { 16, 15, 0, 4, 16, 53312 },
    { 16, 15, 0, 4, 16, 53342 },
    { 16, 15, 0, 4, 16, 53372 },
    { 16, 15, 0, 4, 16, 53402 },
    { 16, 15, 0, 4, 16, 53432 },
    { 16, 15, 0, 4, 16, 53462 },
    { 16, 15, 0, 4, 16, 53492 },
    { 16, 15, 0, 4, 16, 53522 },
    { 16, 15, 0, 4, 16, 53552 },
    { 16, 15, 0, 4, 16, 53582 },
    { 16, 15, 0, 4, 16, 53612 },
    { 16, 15, 0, 4, 16, 53642 },
    { 16, 16, 0, 3, 16, 53672 },
    { 16, 16, 0, 3, 16, 53704 },
    { 16, 15, 0, 4, 16, 53736 },
    { 16, 15, 0, 4, 16, 53766 },
    { 16, 15, 0, 4, 16, 53796 },
    { 16, 15, 0, 4, 16, 53826 },
    { 16, 15, 0, 4, 16, 53856 },
    { 16, 15, 0, 4, 16, 53886 },
    { 16, 15, 0, 4, 16, 53916 },
    { 16, 15, 0, 4, 16, 53946 },
    { 16, 15, 0, 4, 16, 53976 },
    { 16, 15, 0, 4, 16, 54006 },
    { 16, 15, 0, 4, 16, 54036 },
    { 16, 15, 0, 4, 16, 54066 },
    { 16, 15, 0, 4, 16, 54096 },
    { 16, 15, 0, 4, 16, 54126 },
    { 16, 15, 0, 4, 16, 54156 },
    { 16, 15, 0, 4, 16, 54186 },
    { 16, 15, 0, 4, 16, 54216 },
    { 16, 15, 0, 4, 16, 54246 },
    { 16, 15, 0, 4, 16, 54276 },
    { 16, 15, 0, 4, 16, 54306 },
    { 16, 15, 0, 4, 16, 54336 },
    { 16, 15, 0, 4, 16, 54366 },
    { 16, 15, 0, 4, 16, 54396 },
    { 16, 15, 0, 4, 16, 54426 },
    { 16, 15, 0, 4, 16, 54456 },
    { 16, 15, 0, 4, 16, 54486 },
    { 16, 15, 0, 4, 16, 54516 },
    { 16, 15, 0, 4, 16, 54546 },
    { 16, 15, 0, 4, 16, 54576 },
    { 16, 15, 0, 4, 16, 54606 },
    { 16, 16, 0, 3, 16, 54636 },
    { 16, 15, 0, 4, 16, 54668 },
    { 16, 15, 0, 4, 16, 54698 },
    { 16, 15, 0, 4, 16, 54728 },
    { 16, 15, 0, 4, 16, 54758 },
    { 16, 16, 0, 3, 16, 54788 },
    { 16, 15, 0, 4, 16, 54820 },
    { 16, 15, 0, 4, 16, 54850 },
    { 16, 15, 0, 4, 16, 54880 },
    { 16, 15, 0, 4, 16, 54910 },
    { 16, 15, 0, 4, 16, 54940 },
    { 16, 15, 0, 4, 16, 54970 },
    { 16, 15, 0, 4, 16, 55000 },
    { 16, 15, 0, 4, 16, 55030 },
    { 16, 15, 0, 4, 16, 55060 },
    { 16, 16, 0, 3, 16, 55090 },
    { 16, 15, 0, 4, 16, 55122 },
    { 16, 15, 0, 4, 16, 55152 },
    { 16, 15, 0, 4, 16, 55182 },
    { 16, 15, 0, 4, 16, 55212 },
    { 16, 15, 0, 4, 16, 55242 },
    { 16, 15, 0, 4, 16, 55272 },
    { 16, 15, 0, 4, 16, 55302 },
    { 16, 16, 0, 3, 16, 55332 },
    { 16, 16, 0, 3, 16, 55364 },
    { 16, 15, 0, 4, 16, 55396 },
    { 16, 15, 0, 4, 16, 55426 },
    { 16, 15, 0, 4, 16, 55456 },
    { 16, 15, 0, 4, 16, 55486 },
    { 16, 16, 0, 3, 16, 55516 },
    { 16, 16, 0, 3, 16, 55548 },
    { 16, 14, 0, 4, 16, 55580 },
    { 16, 13, 0, 5, 16, 55608 },
    { 16, 15, 0, 4, 16, 55634 },
    { 16, 15, 0, 4, 16, 55664 },
    { 16, 15, 0, 4, 16, 55694 },
    { 16, 15, 0, 4, 16, 55724 },
    { 16, 13, 0, 5, 16, 55754 },
    { 16, 14, 0, 5, 16, 55780 },
    { 16, 14, 0, 5, 16, 55808 },
    { 16, 15, 0, 4, 16, 55836 },
    { 16, 15, 0, 4, 16, 55866 },
    { 16, 15, 0, 4, 16, 55896 },
    { 16, 15, 0, 4, 16, 55926 },
    { 16, 15, 0, 4, 16, 55956 },
    { 16, 15, 0, 4, 16, 55986 },
    { 16, 15, 0, 4, 16, 56016 },
    { 16, 15, 0, 4, 16, 56046 },
    { 16, 15, 0, 4, 16, 56076 },
    { 16, 15, 0, 4, 16, 56106 },
    { 16, 15, 0, 4, 16, 56136 },
    { 16, 15, 0, 4, 16, 56166 },
    { 16, 16, 0, 3, 16, 56196 },
    { 16, 14, 0, 5, 16, 56228 },
    { 16, 14, 0, 5, 16, 56256 },
    { 16, 16, 0, 3, 16, 56284 },
    { 16, 15, 0, 4, 16, 56316 },
    { 16, 15, 0, 4, 16, 56346 },
    { 16, 15, 0, 4, 16, 56376 },
    { 16, 15, 0, 4, 16, 56406 },
    { 16, 15, 0, 4, 16, 56436 },
    { 16, 15, 0, 4, 16, 56466 },
    { 16, 15, 0, 4, 16, 56496 },
    { 16, 15, 0, 4, 16, 56526 },
    { 16, 16, 0, 3, 16, 56556 },
    { 16, 15, 0, 4, 16, 56588 },
    { 16, 15, 0, 4, 16, 56618 },
    { 16, 15, 0, 4, 16, 56648 },
    { 16, 15, 0, 4, 16, 56678 },
    { 16, 15, 0, 4, 16, 56708 },
    { 16, 16, 0, 3, 16, 56738 },
    { 16, 15, 0, 4, 16, 56770 },
    { 16, 16, 0, 3, 16, 56800 },
    { 16, 16, 0, 3, 16, 56832 },
    { 16, 15, 0, 4, 16, 56864 },
    { 16, 16, 0, 3, 16, 56894 },
    { 16, 16, 0, 3, 16, 56926 },
    { 16, 16, 0, 3, 16, 56958 },
    { 16, 16, 0, 3, 16, 56990 },
    { 16, 16, 0, 3, 16, 57022 },
    { 16, 15, 0, 4, 16, 57054 },
    { 16, 16, 0, 3, 16, 57084 },
    { 16, 15, 0, 4, 16, 57116 },
    { 16, 15, 0, 4, 16, 57146 },
    { 16, 15, 0, 4, 16, 57176 },
    { 16, 15, 0, 4, 16, 57206 },
    { 16, 15, 0, 4, 16, 57236 },
    { 16, 15, 0, 4, 16, 57266 },
    { 16, 15, 0, 4, 16, 57296 },
    { 16, 15, 0, 4, 16, 57326 },
    { 16, 15, 0, 4, 16, 57356 },
    { 16, 15, 0, 4, 16, 57386 },
    { 16, 14, 0, 5, 16, 57416 },
    { 16, 15, 0, 4, 16, 57444 },
    { 16, 15, 0, 4, 16, 57474 },
    { 16, 15, 0, 4, 16, 57504 },
    { 16, 15, 0, 4, 16, 57534 },
    { 16, 15, 0, 4, 16, 57564 },
    { 16, 15, 0, 4, 16, 57594 },
    { 16, 15, 0, 4, 16, 57624 },
    { 16, 15, 0, 4, 16, 57654 },
    { 16, 15, 0, 4, 16, 57684 },
    { 16, 15, 0, 4, 16, 57714 },
    { 16, 15, 0, 4, 16, 57744 },
    { 16, 15, 0, 4, 16, 57774 },
    { 16, 15, 0, 4, 16, 57804 },
    { 16, 15, 0, 4, 16, 57834 },
    { 16, 15, 0, 4, 16, 57864 },
    { 16, 15, 0, 4, 16, 57894 },
    { 16, 15, 0, 4, 16, 57924 },
    { 16, 15, 0, 4, 16, 57954 },
    { 16, 15, 0, 4, 16, 57984 },
    { 16, 15, 0, 4, 16, 58014 },
    { 16, 15, 0, 4, 16, 58044 },
    { 16, 15, 0, 4, 16, 58074 },
    { 16, 15, 0, 4, 16, 58104 },
    { 16, 15, 0, 4, 16, 58134 },
    { 16, 15, 0, 4, 16, 58164 },
    { 16, 15, 0, 4, 16, 58194 },
    { 16, 15, 0, 4, 16, 58224 },
    { 16, 15, 0, 4, 16, 58254 },
    { 16, 15, 0, 4, 16, 58284 },
    { 16, 15, 0, 4, 16, 58314 },
    { 16, 15, 0, 4, 16, 58344 },
    { 16, 15, 0, 4, 16, 58374 },
    { 16, 15, 0, 4, 16, 58404 },
    { 16, 15, 0, 4, 16, 58434 },
    { 16, 15, 0, 4, 16, 58464 },
    { 16, 15, 0, 4, 16, 58494 },
    { 16, 15, 0, 4, 16, 58524 },
    { 16, 16, 0, 3, 16, 58554 },
    { 16, 15, 0, 4, 16, 58586 },
    { 16, 15, 0, 4, 16, 58616 },
    { 16, 15, 0, 4, 16, 58646 },
    { 16, 15, 0, 4, 16, 58676 },
    { 16, 15, 0, 4, 16, 58706 },
    { 16, 15, 0, 4, 16, 58736 },
    { 16, 15, 0, 4, 16, 58766 },
    { 16, 15, 0, 4, 16, 58796 },
    { 16, 15, 0, 4, 16, 58826 },
    { 16, 15, 0, 4, 16, 58856 },
    { 16, 15, 0, 4, 16, 58886 },
    { 16, 15, 0, 4, 16, 58916 },
    { 16, 16, 0, 3, 16, 58946 },
    { 16, 14, 0, 5, 16, 58978 },
    { 16, 15, 0, 4, 16, 59006 },
    { 16, 15, 0, 4, 16, 59036 },
    { 16, 15, 0, 4, 16, 59066 },
    { 16, 15, 0, 4, 16, 59096 },
    { 16, 16, 0, 3, 16, 59126 },
    { 16, 15, 0, 4, 16, 59158 },
    { 16, 15, 0, 4, 16, 59188 },
    { 16, 16, 0, 3, 16, 59218 },
    { 16, 15, 0, 4, 16, 59250 },
    { 16, 15, 0, 4, 16, 59280 },
    { 16, 15, 0, 4, 16, 59310 },
    { 16, 15, 0, 4, 16, 59340 },
    { 16, 15, 0, 4, 16, 59370 },
    { 16, 15, 0, 4, 16, 59400 },
    { 16, 15, 0, 4, 16, 59430 },
    { 16, 15, 0, 4, 16, 59460 },
    { 16, 15, 0, 4, 16, 59490 },
    { 16, 16, 0, 3, 16, 59520 },
    { 16, 15, 0, 4, 16, 59552 },
    { 16, 16, 0, 3, 16, 59582 },
    { 16, 15, 0, 4, 16, 59614 },
    { 16, 16, 0, 3, 16, 59644 },
    { 16, 15, 0, 4, 16, 59676 },
    { 16, 16, 0, 3, 16, 59706 },
    { 16, 15, 0, 4, 16, 59738 },
    { 16, 15, 0, 4, 16, 59768 },
    { 16, 15, 0, 4, 16, 59798 },
    { 16, 16, 0, 3, 16, 59828 },
    { 16, 16, 0, 3, 16, 59860 },
    { 16, 15, 0, 4, 16, 59892 },
    { 16, 16, 0, 3, 16, 59922 },
    { 16, 15, 0, 4, 16, 59954 },
    { 16, 15, 0, 4, 16, 59984 },
    { 16, 16, 0, 3, 16, 60014 },
    { 16, 15, 0, 4, 16, 60046 },
    { 16, 15, 0, 4, 16, 60076 },
    { 16, 15, 0, 4, 16, 60106 },
    { 16, 15, 0, 4, 16, 60136 },
    { 16, 15, 0, 4, 16, 60166 },
    { 16, 15, 0, 4, 16, 60196 },
    { 16, 15, 0, 4, 16, 60226 },
    { 16, 16, 0, 3, 16, 60256 },
    { 16, 15, 0, 4, 16, 60288 },
    { 16, 15, 0, 4, 16, 60318 },
    { 16, 15, 0, 4, 16, 60348 },
    { 16, 15, 0, 4, 16, 60378 },
    { 16, 15, 0, 4, 16, 60408 },
    { 16, 15, 0, 4, 16, 60438 },
    { 16, 15, 0, 4, 16, 60468 },
    { 16, 15, 0, 4, 16, 60498 },
    { 16, 15, 0, 4, 16, 60528 },
    { 16, 15, 0, 4, 16, 60558 },
    { 16, 15, 0, 4, 16, 60588 },
    { 16, 15, 0, 4, 16, 60618 },
    { 16, 15, 0, 4, 16, 60648 },
    { 16, 15, 0, 4, 16, 60678 },
    { 16, 15, 0, 4, 16, 60708 },
    { 16, 15, 0, 4, 16, 60738 },
    { 16, 15, 0, 4, 16, 60768 },
    { 16, 15, 0, 4, 16, 60798 },
    { 16, 15, 0, 4, 16, 60828 },
    { 16, 15, 0, 4, 16, 60858 },
    { 16, 15, 0, 4, 16, 60888 },
    { 16, 15, 0, 4, 16, 60918 },
    { 16, 16, 0, 3, 16, 60948 },
    { 16, 15, 0, 4, 16, 60980 },
    { 16, 15, 0, 4, 16, 61010 },
    { 16, 15, 0, 4, 16, 61040 },
    { 16, 15, 0, 4, 16, 61070 },
    { 16, 16, 0, 3, 16, 61100 },
    { 16, 15, 0, 4, 16, 61132 },
    { 16, 15, 0, 4, 16, 61162 },
    { 16, 15, 0, 4, 16, 61192 },
    { 16, 15, 0, 4, 16, 61222 },
    { 16, 15, 0, 4, 16, 61252 },
    { 16, 15, 0, 4, 16, 61282 },
    { 16, 15, 0, 4, 16, 61312 },
    { 16, 15, 0, 4, 16, 61342 },
    { 16, 15, 0, 4, 16, 61372 },
    { 16, 16, 0, 3, 16, 61402 },
    { 16, 16, 0, 3, 16, 61434 },
    { 16, 15, 0, 4, 16, 61466 },
    { 16, 15, 0, 4, 16, 61496 },
    { 16, 15, 0, 4, 16, 61526 },
    { 16, 15, 0, 4, 16, 61556 },
    { 16, 15, 0, 4, 16, 61586 },
    { 16, 15, 0, 4, 16, 61616 },
    { 16, 15, 0, 4, 16, 61646 },
    { 16, 15, 0, 4, 16, 61676 },
    { 16, 15, 0, 4, 16, 61706 },
    { 16, 15, 0, 4, 16, 61736 },
    { 16, 15, 0, 4, 16, 61766 },
    { 16, 15, 0, 4, 16, 61796 },
    { 16, 15, 0, 4, 16, 61826 },
    { 16, 15, 0, 4, 16, 61856 },
    { 16, 15, 0, 4, 16, 61886 },
    { 16, 15, 0, 4, 16, 61916 },
    { 16, 15, 0, 4, 16, 61946 },
    { 16, 15, 0, 4, 16, 61976 },
    { 16, 15, 0, 4, 16, 62006 },
    { 16, 15, 0, 4, 16, 62036 },
    { 16, 15, 0, 4, 16, 62066 },
    { 16, 15, 0, 4, 16, 62096 },
    { 16, 15, 0, 4, 16, 62126 },
    { 16, 15, 0, 4, 16, 62156 },
    { 16, 15, 0, 4, 16, 62186 },
    { 16, 15, 0, 4, 16, 62216 },
    { 16, 15, 0, 4, 16, 62246 },
    { 16, 15, 0, 4, 16, 62276 },
    { 16, 15, 0, 4, 16, 62306 },
    { 16, 15, 0, 4, 16, 62336 },
    { 16, 16, 0, 3, 16, 62366 },
    { 16, 15, 0, 4, 16, 62398 },
    { 16, 15, 0, 4, 16, 62428 },
    { 16, 15, 0, 4, 16, 62458 },
    { 16, 16, 0, 3, 16, 62488 },
    { 16, 15, 0, 4, 16, 62520 },
    { 16, 15, 0, 4, 16, 62550 },
    { 16, 15, 0, 4, 16, 62580 },
    { 16, 15, 0, 4, 16, 62610 },
    { 16, 15, 0, 4, 16, 62640 },
    { 16, 16, 0, 3, 16, 62670 },
    { 16, 15, 0, 4, 16, 62702 },
    { 16, 15, 0, 4, 16, 62732 },
    { 16, 15, 0, 4, 16, 62762 },
    { 16, 15, 0, 4, 16, 62792 },
    { 16, 15, 0, 4, 16, 62822 },
    { 16, 16, 0, 3, 16, 62852 },
    { 16, 15, 0, 4, 16, 62884 },
    { 16, 15, 0, 4, 16, 62914 },
    { 16, 15, 0, 4, 16, 62944 },
    { 16, 15, 0, 4, 16, 62974 },
    { 16, 15, 0, 4, 16, 63004 },
    { 16, 16, 0, 3, 16, 63034 },
    { 16, 15, 0, 4, 16, 63066 },
    { 16, 15, 0, 4, 16, 63096 },
    { 16, 15, 0, 4, 16, 63126 },
    { 16, 15, 0, 4, 16, 63156 },
    { 16, 15, 0, 4, 16, 63186 },
    { 16, 15, 0, 4, 16, 63216 },
    { 16, 15, 0, 4, 16, 63246 },
    { 16, 15, 0, 4, 16, 63276 },
    { 16, 15, 0, 4, 16, 63306 },
    { 16, 15, 0, 4, 16, 63336 },
    { 16, 15, 0, 4, 16, 63366 },
    { 16, 15, 0, 4, 16, 63396 },
    { 16, 16, 0, 3, 16, 63426 },
    { 16, 15, 0, 4, 16, 63458 },
    { 16, 15, 0, 4, 16, 63488 },
    { 16, 15, 0, 4, 16, 63518 },
    { 16, 15, 0, 4, 16, 63548 },
    { 16, 15, 0, 4, 16, 63578 },
    { 16, 14, 0, 5, 16, 63608 },
    { 16, 15, 0, 4, 16, 63636 },
    { 16, 15, 0, 4, 16, 63666 },
    { 16, 14, 0, 5, 16, 63696 },
    { 16, 15, 0, 4, 16, 63724 },
    { 16, 16, 0, 3, 16, 63754 },
    { 16, 15, 0, 4, 16, 63786 },
    { 16, 15, 0, 4, 16, 63816 },
    { 16, 15, 0, 4, 16, 63846 },
    { 16, 15, 0, 4, 16, 63876 },
    { 16, 15, 0, 4, 16, 63906 },
    { 16, 15, 0, 4, 16, 63936 },
    { 16, 15, 0, 4, 16, 63966 },
    { 16, 15, 0, 4, 16, 63996 },
    { 16, 15, 0, 4, 16, 64026 },
    { 16, 16, 0, 3, 16, 64056 },
    { 16, 15, 0, 4, 16, 64088 },
    { 16, 15, 0, 4, 16, 64118 },
    { 16, 15, 0, 4, 16, 64148 },
    { 16, 15, 0, 4, 16, 64178 },
    { 16, 15, 0, 4, 16, 64208 },
    { 16, 15, 0, 4, 16, 64238 },
    { 16, 15, 0, 4, 16, 64268 },
    { 16, 15, 0, 4, 16, 64298 },
    { 16, 15, 0, 4, 16, 64328 },
    { 16, 15, 0, 4, 16, 64358 },
    { 16, 15, 0, 4, 16, 64388 },
    { 16, 15, 0, 4, 16, 64418 },
    { 16, 15, 0, 4, 16, 64448 },
    { 16, 15, 0, 4, 16, 64478 },
    { 16, 16, 0, 3, 16, 64508 },
    { 16, 16, 0, 3, 16, 64540 },
    { 16, 15, 0, 4, 16, 64572 },
    { 16, 15, 0, 4, 16, 64602 },
    { 16, 15, 0, 4, 16, 64632 },
    { 16, 15, 0, 4, 16, 64662 },
    { 16, 15, 0, 4, 16, 64692 },
    { 16, 15, 0, 4, 16, 64722 },
    { 16, 15, 0, 4, 16, 64752 },
    { 16, 15, 0, 4, 16, 64782 },
    { 16, 15, 0, 4, 16, 64812 },
    { 16, 15, 0, 4, 16, 64842 },
    { 16, 16, 0, 3, 16, 64872 },
    { 16, 15, 0, 4, 16, 64904 },
    { 16, 15, 0, 4, 16, 64934 },
    { 16, 15, 0, 4, 16, 64964 },
    { 16, 15, 0, 4, 16, 64994 },
    { 16, 15, 0, 4, 16, 65024 },
    { 16, 15, 0, 4, 16, 65054 },
    { 16, 16, 0, 3, 16, 65084 },
    { 16, 16, 0, 3, 16, 65116 },
    { 16, 15, 0, 4, 16, 65148 },
    { 16, 16, 0, 3, 16, 65178 },
    { 16, 16, 0, 3, 16, 65210 },
    { 16, 15, 0, 4, 16, 65242 },
    { 16, 15, 0, 4, 16, 65272 },
    { 16, 15, 0, 4, 16, 65302 },
    { 16, 15, 0, 4, 16, 65332 },
    { 16, 15, 0, 4, 16, 65362 },
    { 16, 15, 0, 4, 16, 65392 },
    { 16, 16, 0, 3, 16, 65422 },
    { 16, 15, 0, 4, 16, 65454 },
    { 16, 15, 0, 4, 16, 65484 },
    { 16, 15, 0, 4, 16, 65514 },
    { 16, 15, 0, 4, 16, 65544 },
    { 16, 15, 0, 4, 16, 65574 },
    { 16, 15, 0, 4, 16, 65604 },
    { 16, 15, 0, 4, 16, 65634 },
    { 16, 15, 0, 4, 16, 65664 },
    { 16, 15, 0, 4, 16, 65694 },
    { 16, 15, 0, 4, 16, 65724 },
    { 16, 15, 0, 4, 16, 65754 },
    { 16, 15, 0, 4, 16, 65784 },
    { 16, 15, 0, 4, 16, 65814 },
    { 16, 15, 0, 4, 16, 65844 },
    { 16, 15, 0, 4, 16, 65874 },
    { 16, 15, 0, 4, 16, 65904 },
    { 16, 15, 0, 4, 16, 65934 },
    { 16, 15, 0, 4, 16, 65964 },
    { 16, 15, 0, 4, 16, 65994 },
    { 16, 15, 0, 4, 16, 66024 },
    { 16, 15, 0, 4, 16, 66054 },
    { 16, 15, 0, 4, 16, 66084 },
    { 16, 14, 0, 5, 16, 66114 },
    { 16, 15, 0, 4, 16, 66142 },
    { 16, 16, 0, 3, 16, 66172 },
    { 16, 15, 0, 4, 16, 66204 },
    { 16, 15, 0, 4, 16, 66234 },
    { 16, 15, 0, 4, 16, 66264 },
    { 16, 15, 0, 4, 16, 66294 },
    { 16, 15, 0, 4, 16, 66324 },
    { 16, 15, 0, 4, 16, 66354 },
    { 16, 15, 0, 4, 16, 66384 },
    { 16, 15, 0, 4, 16, 66414 },
    { 16, 15, 0, 4, 16, 66444 },
    { 16, 15, 0, 4, 16, 66474 },
    { 16, 15, 0, 4, 16, 66504 },
    { 16, 15, 0, 4, 16, 66534 },
    { 16, 15, 0, 4, 16, 66564 },
    { 16, 15, 0, 4, 16, 66594 },
    { 16, 15, 0, 4, 16, 66624 },
    { 16, 15, 0, 4, 16, 66654 },
    { 16, 15, 0, 4, 16, 66684 },
    { 16, 15, 0, 4, 16, 66714 },
    { 16, 15, 0, 4, 16, 66744 },
    { 16, 15, 0, 4, 16, 66774 },
    { 16, 15, 0, 4, 16, 66804 },
    { 16, 15, 0, 4, 16, 66834 },
    { 16, 15, 0, 4, 16, 66864 },
    { 16, 15, 0, 4, 16, 66894 },
    { 16, 15, 0, 4, 16, 66924 },
    { 16, 15, 0, 4, 16, 66954 },
    { 16, 15, 0, 4, 16, 66984 },
    { 16, 16, 0, 3, 16, 67014 },
    { 16, 15, 0, 4, 16, 67046 },
    { 16, 15, 0, 4, 16, 67076 },
    { 16, 16, 0, 3, 16, 67106 },
    { 16, 15, 0, 4, 16, 67138 },
    { 16, 15, 0, 4, 16, 67168 },
    { 16, 15, 0, 4, 16, 67198 },
    { 16, 15, 0, 4, 16, 67228 },
    { 16, 15, 0, 4, 16, 67258 },
    { 16, 15, 0, 4, 16, 67288 },
    { 16, 15, 0, 4, 16, 67318 },
    { 16, 15, 0, 4, 16, 67348 },
    { 16, 15, 0, 4, 16, 67378 },
    { 16, 15, 0, 4, 16, 67408 },
    { 16, 15, 0, 4, 16, 67438 },
    { 16, 16, 0, 3, 16, 67468 },
    { 16, 16, 0, 3, 16, 67500 },
    { 16, 15, 0, 4, 16, 67532 },
    { 16, 13, 0, 5, 16, 67562 },
    { 16, 13, 0, 5, 16, 67588 },
    { 16, 15, 0, 4, 16, 67614 },
    { 16, 14, 0, 5, 16, 67644 },
    { 16, 14, 0, 5, 16, 67672 },
    { 16, 15, 0, 4, 16, 67700 },
    { 16, 14, 0, 5, 16, 67730 },
    { 16, 15, 0, 4, 16, 67758 },
    { 16, 15, 0, 4, 16, 67788 },
    { 16, 15, 0, 4, 16, 67818 },
    { 16, 15, 0, 4, 16, 67848 },
    { 16, 15, 0, 4, 16, 67878 },
    { 16, 15, 0, 4, 16, 67908 },
    { 16, 15, 0, 4, 16, 67938 },
    { 16, 15, 0, 4, 16, 67968 },
    { 16, 15, 0, 4, 16, 67998 },
    { 16, 16, 0, 3, 16, 68028 },
    { 16, 14, 0, 5, 16, 68060 },
    { 16, 16, 0, 3, 16, 68088 },
    { 16, 15, 0, 4, 16, 68120 },
    { 16, 14, 0, 5, 16, 68150 },
    { 16, 15, 0, 4, 16, 68178 },
    { 16, 15, 0, 4, 16, 68208 },
    { 16, 15, 0, 4, 16, 68238 },
    { 16, 15, 0, 4, 16, 68268 },
    { 16, 15, 0, 4, 16, 68298 },
    { 16, 15, 0, 4, 16, 68328 },
    { 16, 15, 0, 4, 16, 68358 },
    { 16, 14, 0, 5, 16, 68388 },
    { 16, 16, 0, 3, 16, 68416 },
    { 16, 15, 0, 4, 16, 68448 },
    { 16, 16, 0, 3, 16, 68478 },
    { 16, 15, 0, 4, 16, 68510 },
    { 16, 15, 0, 4, 16, 68540 },
    { 16, 15, 0, 4, 16, 68570 },
    { 16, 16, 0, 3, 16, 68600 },
    { 16, 14, 0, 5, 16, 68632 },
    { 16, 15, 0, 4, 16, 68660 },
    { 16, 15, 0, 4, 16, 68690 },
    { 16, 15, 0, 4, 16, 68720 },
    { 16, 14, 0, 5, 16, 68750 },
    { 16, 15, 0, 4, 16, 68778 },
    { 16, 15, 0, 4, 16, 68808 },
    { 16, 15, 0, 4, 16, 68838 },
    { 16, 14, 0, 4, 16, 68868 },
    { 16, 15, 0, 4, 16, 68896 },
    { 16, 14, 0, 5, 16, 68926 },
    { 16, 14, 0, 5, 16, 68954 },
    { 16, 15, 0, 4, 16, 68982 },
    { 16, 14, 0, 5, 16, 69012 },
    { 16, 14, 0, 5, 16, 69040 },
    { 16, 15, 0, 4, 16, 69068 },
    { 16, 14, 0, 5, 16, 69098 },
    { 16, 15, 0, 4, 16, 69126 },
    { 16, 15, 0, 4, 16, 69156 },
    { 16, 15, 0, 4, 16, 69186 },
    { 16, 16, 0, 3, 16, 69216 },
    { 16, 14, 0, 5, 16, 69248 },
    { 16, 15, 0, 4, 16, 69276 },
    { 16, 15, 0, 4, 16, 69306 },
    { 16, 15, 0, 4, 16, 69336 },
    { 16, 15, 0, 4, 16, 69366 },
    { 16, 15, 0, 4, 16, 69396 },
    { 16, 16, 0, 3, 16, 69426 },
    { 16, 16, 0, 3, 16, 69458 },
    { 16, 15, 0, 4, 16, 69490 },
    { 16, 15, 0, 4, 16, 69520 },
    { 16, 15, 0, 4, 16, 69550 },
    { 16, 15, 0, 4, 16, 69580 },
    { 16, 15, 0, 4, 16, 69610 },
    { 16, 16, 0, 3, 16, 69640 },
    { 16, 15, 0, 4, 16, 69672 },
    { 16, 15, 0, 4, 16, 69702 },
    { 16, 15, 0, 4, 16, 69732 },
    { 16, 15, 0, 4, 16, 69762 },
    { 16, 15, 0, 4, 16, 69792 },
    { 16, 15, 0, 4, 16, 69822 },
    { 16, 15, 0, 4, 16, 69852 },
    { 16, 15, 0, 4, 16, 69882 },
    { 16, 16, 0, 3, 16, 69912 },
    { 16, 15, 0, 4, 16, 69944 },
    { 16, 15, 0, 4, 16, 69974 },
    { 16, 15, 0, 4, 16, 70004 },
    { 16, 15, 0, 4, 16, 70034 },
    { 16, 15, 0, 4, 16, 70064 },
    { 16, 15, 0, 4, 16, 70094 },
    { 16, 15, 0, 4, 16, 70124 },
    { 16, 15, 0, 4, 16, 70154 },
    { 16, 15, 0, 4, 16, 70184 },
    { 16, 15, 0, 4, 16, 70214 },
    { 16, 15, 0, 4, 16, 70244 },
    { 16, 15, 0, 4, 16, 70274 },
    { 16, 15, 0, 4, 16, 70304 },
    { 16, 15, 0, 4, 16, 70334 },
    { 16, 15, 0, 4, 16, 70364 },
    { 16, 16, 0, 3, 16, 70394 },
    { 16, 15, 0, 4, 16, 70426 },
    { 16, 15, 0, 4, 16, 70456 },
    { 16, 15, 0, 4, 16, 70486 },
    { 16, 15, 0, 4, 16, 70516 },
    { 16, 15, 0, 4, 16, 70546 },
    { 16, 15, 0, 4, 16, 70576 },
    { 16, 15, 0, 4, 16, 70606 },
    { 16, 15, 0, 4, 16, 70636 },
    { 16, 16, 0, 3, 16, 70666 },
    { 16, 15, 0, 4, 16, 70698 },
    { 16, 16, 0, 3, 16, 70728 },
    { 16, 15, 0, 4, 16, 70760 },
    { 16, 15, 0, 4, 16, 70790 },
    { 16, 15, 0, 4, 16, 70820 },
    { 16, 16, 0, 3, 16, 70850 },
    { 16, 15, 0, 4, 16, 70882 },
    { 16, 15, 0, 4, 16, 70912 },
    { 16, 16, 0, 3, 16, 70942 },
    { 16, 16, 0, 3, 16, 70974 },
    { 16, 15, 0, 4, 16, 71006 },
    { 16, 15, 0, 4, 16, 71036 },
    { 16, 16, 0, 3, 16, 71066 },
    { 16, 14, 0, 5, 16, 71098 },
    { 16, 16, 0, 3, 16, 71126 },
    { 16, 16, 0, 3, 16, 71158 },
    { 16, 15, 0, 4, 16, 71190 },
    { 16, 16, 0, 3, 16, 71220 },
    { 16, 16, 0, 3, 16, 71252 },
    { 16, 15, 0, 4, 16, 71284 },
    { 16, 15, 0, 4, 16, 71314 },
    { 16, 15, 0, 4, 16, 71344 },
    { 16, 15, 0, 4, 16, 71374 },
    { 16, 13, 0, 5, 16, 71404 },
    { 16, 14, 0, 5, 16, 71430 },
    { 16, 15, 0, 4, 16, 71458 },
    { 16, 15, 0, 4, 16, 71488 },
    { 16, 15, 0, 4, 16, 71518 },
    { 16, 15, 0, 3, 16, 71548 },
    { 16, 15, 0, 4, 16, 71578 },
    { 16, 16, 0, 3, 16, 71608 },
    { 16, 15, 0, 4, 16, 71640 },
    { 16, 14, 0, 4, 16, 71670 },
    { 16, 15, 0, 4, 16, 71698 },
    { 16, 15, 0, 4, 16, 71728 },
    { 16, 16, 0, 3, 16, 71758 },
    { 16, 14, 0, 4, 16, 71790 },
    { 16, 15, 0, 4, 16, 71818 },
    { 16, 16, 0, 3, 16, 71848 },
    { 16, 14, 0, 4, 16, 71880 },
    { 16, 14, 0, 5, 16, 71908 },
    { 16, 14, 0, 5, 16, 71936 },
    { 16, 16, 0, 3, 16, 71964 },
    { 16, 15, 0, 4, 16, 71996 },
    { 16, 15, 0, 4, 16, 72026 },
    { 16, 15, 0, 4, 16, 72056 },
    { 16, 15, 0, 4, 16, 72086 },
    { 16, 15, 0, 4, 16, 72116 },
    { 16, 15, 0, 4, 16, 72146 },
    { 16, 15, 0, 4, 16, 72176 },
    { 16, 15, 0, 4, 16, 72206 },
    { 16, 15, 0, 4, 16, 72236 },
    { 16, 15, 0, 4, 16, 72266 },
    { 16, 15, 0, 4, 16, 72296 },
    { 16, 15, 0, 4, 16, 72326 },
    { 16, 14, 0, 5, 16, 72356 },
    { 16, 15, 0, 4, 16, 72384 },
    { 16, 15, 0, 4, 16, 72414 },
    { 16, 15, 0, 4, 16, 72444 },
    { 16, 16, 0, 3, 16, 72474 },
    { 16, 16, 0, 3, 16, 72506 },
    { 16, 15, 0, 4, 16, 72538 },
    { 16, 14, 0, 4, 16, 72568 },
    { 16, 15, 0, 4, 16, 72596 },
    { 16, 14, 0, 4, 16, 72626 },
    { 16, 15, 0, 4, 16, 72654 },
    { 16, 15, 0, 4, 16, 72684 },
    { 16, 15, 0, 4, 16, 72714 },
    { 16, 15, 0, 4, 16, 72744 },
    { 16, 15, 0, 4, 16, 72774 },
    { 16, 15, 0, 4, 16, 72804 },
    { 16, 15, 0, 4, 16, 72834 },
    { 16, 15, 0, 4, 16, 72864 },
    { 16, 15, 0, 4, 16, 72894 },
    { 16, 15, 0, 4, 16, 72924 },
    { 16, 15, 0, 4, 16, 72954 },
    { 16, 15, 0, 4, 16, 72984 },
    { 16, 14, 0, 4, 16, 73014 },
    { 16, 16, 0, 3, 16, 73042 },
    { 16, 15, 0, 4, 16, 73074 },
    { 16, 15, 0, 4, 16, 73104 },
    { 16, 15, 0, 4, 16, 73134 },
    { 16, 16, 0, 3, 16, 73164 },
    { 16, 15, 0, 4, 16, 73196 },
    { 16, 15, 0, 4, 16, 73226 },
    { 16, 15, 0, 4, 16, 73256 },
    { 16, 15, 0, 4, 16, 73286 },
    { 16, 15, 0, 4, 16, 73316 },
    { 16, 14, 0, 5, 16, 73346 },
    { 16, 15, 0, 4, 16, 73374 },
    { 16, 14, 0, 5, 16, 73404 },
    { 16, 15, 0, 4, 16, 73432 },
    { 16, 14, 0, 5, 16, 73462 },
    { 16, 15, 0, 4, 16, 73490 },
    { 16, 15, 0, 4, 16, 73520 },
    { 16, 15, 0, 4, 16, 73550 },
    { 16, 15, 0, 4, 16, 73580 },
    { 16, 14, 0, 5, 16, 73610 },
    { 16, 16, 0, 3, 16, 73638 },
    { 16, 15, 0, 4, 16, 73670 },
    { 16, 15, 0, 4, 16, 73700 },
    { 16, 14, 0, 5, 16, 73730 },
    { 16, 15, 0, 4, 16, 73758 },
    { 16, 15, 0, 4, 16, 73788 },
    { 16, 14, 0, 4, 16, 73818 },
    { 16, 15, 0, 4, 16, 73846 },
    { 16, 15, 0, 4, 16, 73876 },
    { 16, 14, 0, 4, 16, 73906 },
    { 16, 15, 0, 4, 16, 73934 },
    { 16, 14, 0, 5, 16, 73964 },
    { 16, 15, 0, 4, 16, 73992 },
    { 16, 16, 0, 3, 16, 74022 },
    { 16, 15, 0, 4, 16, 74054 },
    { 16, 16, 0, 3, 16, 74084 },
    { 16, 14, 0, 4, 16, 74116 },
    { 16, 15, 0, 4, 16, 74144 },
    { 16, 14, 0, 5, 16, 74174 },
    { 16, 15, 0, 4, 16, 74202 },
    { 16, 15, 0, 4, 16, 74232 },
    { 16, 15, 0, 4, 16, 74262 },
    { 16, 16, 0, 3, 16, 74292 },
    { 16, 15, 0, 4, 16, 74324 },
    { 16, 15, 0, 4, 16, 74354 },
    { 16, 15, 0, 4, 16, 74384 },
    { 16, 15, 0, 4, 16, 74414 },
    { 16, 16, 0, 3, 16, 74444 },
    { 16, 15, 0, 4, 16, 74476 },
    { 16, 15, 0, 4, 16, 74506 },
    { 16, 14, 0, 4, 16, 74536 },
    { 16, 14, 0, 5, 16, 74564 },
    { 16, 15, 0, 4, 16, 74592 },
    { 16, 15, 0, 4, 16, 74622 },
    { 16, 15, 0, 4, 16, 74652 },
    { 16, 15, 0, 4, 16, 74682 },
    { 16, 15, 0, 4, 16, 74712 },
    { 16, 15, 0, 4, 16, 74742 },
    { 16, 15, 0, 4, 16, 74772 },
    { 16, 15, 0, 4, 16, 74802 },
    { 16, 15, 0, 4, 16, 74832 },
    { 16, 15, 0, 4, 16, 74862 },
    { 16, 14, 0, 5, 16, 74892 },
    { 16, 15, 0, 4, 16, 74920 },
    { 16, 15, 0, 4, 16, 74950 },
    { 16, 15, 0, 4, 16, 74980 },
    { 16, 15, 0, 4, 16, 75010 },
    { 16, 15, 0, 4, 16, 75040 },
    { 16, 15, 0, 4, 16, 75070 },
    { 16, 15, 0, 4, 16, 75100 },
    { 16, 15, 0, 4, 16, 75130 },
    { 16, 15, 0, 4, 16, 75160 },
    { 16, 15, 0, 4, 16, 75190 },
    { 16, 15, 0, 4, 16, 75220 },
    { 16, 15, 0, 4, 16, 75250 },
    { 16, 15, 0, 4, 16, 75280 },
    { 16, 15, 0, 4, 16, 75310 },
    { 16, 15, 0, 4, 16, 75340 },
    { 16, 15, 0, 4, 16, 75370 },
    { 16, 15, 0, 4, 16, 75400 },
    { 16, 16, 0, 3, 16, 75430 },
    { 16, 15, 0, 4, 16, 75462 },
    { 16, 15, 0, 4, 16, 75492 },
    { 16, 15, 0, 4, 16, 75522 },
    { 16, 15, 0, 4, 16, 75552 },
    { 16, 15, 0, 4, 16, 75582 },
    { 16, 15, 0, 4, 16, 75612 },
    { 16, 15, 0, 4, 16, 75642 },
    { 16, 15, 0, 4, 16, 75672 },
    { 16, 15, 0, 4, 16, 75702 },
    { 16, 15, 0, 4, 16, 75732 },
    { 16, 15, 0, 4, 16, 75762 },
    { 16, 15, 0, 4, 16, 75792 },
    { 16, 15, 0, 4, 16, 75822 },
    { 16, 15, 0, 4, 16, 75852 },
    { 16, 15, 0, 4, 16, 75882 },
    { 16, 15, 0, 4, 16, 75912 },
    { 16, 15, 0, 4, 16, 75942 },
    { 16, 15, 0, 4, 16, 75972 },
    { 16, 15, 0, 4, 16, 76002 },
    { 16, 15, 0, 4, 16, 76032 },
    { 16, 15, 0, 4, 16, 76062 },
    { 16, 15, 0, 4, 16, 76092 },
    { 16, 15, 0, 4, 16, 76122 },
    { 16, 15, 0, 4, 16, 76152 },
    { 16, 15, 0, 4, 16, 76182 },
    { 16, 15, 0, 4, 16, 76212 },
    { 16, 16, 0, 3, 16, 76242 },
    { 16, 15, 0, 4, 16, 76274 },
    { 16, 15, 0, 4, 16, 76304 },
    { 16, 16, 0, 3, 16, 76334 },
    { 16, 15, 0, 4, 16, 76366 },
    { 16, 16, 0, 3, 16, 76396 },
    { 16, 15, 0, 4, 16, 76428 },
    { 16, 15, 0, 4, 16, 76458 },
    { 16, 15, 0, 4, 16, 76488 },
    { 16, 15, 0, 4, 16, 76518 },
    { 16, 16, 0, 3, 16, 76548 },
    { 16, 15, 0, 4, 16, 76580 },
    { 16, 15, 0, 4, 16, 76610 },
    { 16, 15, 0, 3, 16, 76640 },
    { 16, 15, 0, 4, 16, 76670 },
    { 16, 15, 0, 4, 16, 76700 },
    { 16, 15, 0, 4, 16, 76730 },
    { 16, 16, 0, 3, 16, 76760 },
    { 16, 16, 0, 3, 16, 76792 },
    { 16, 16, 0, 3, 16, 76824 },
    { 16, 15, 0, 4, 16, 76856 },
    { 16, 15, 0, 4, 16, 76886 },
    { 16, 15, 0, 4, 16, 76916 },
    { 16, 15, 0, 4, 16, 76946 },
    { 16, 15, 0, 4, 16, 76976 },
    { 16, 15, 0, 4, 16, 77006 },
    { 16, 15, 0, 4, 16, 77036 },
    { 16, 15, 0, 4, 16, 77066 },
    { 16, 15, 0, 4, 16, 77096 },
    { 16, 15, 0, 3, 16, 77126 },
    { 16, 15, 0, 4, 16, 77156 },
    { 16, 15, 0, 4, 16, 77186 },
    { 16, 16, 0, 3, 16, 77216 },
    { 16, 16, 0, 3, 16, 77248 },
    { 16, 15, 0, 4, 16, 77280 },
    { 16, 15, 0, 4, 16, 77310 },
    { 16, 15, 0, 4, 16, 77340 },
    { 16, 15, 0, 4, 16, 77370 },
    { 16, 15, 0, 4, 16, 77400 },
    { 16, 15, 0, 4, 16, 77430 },
    { 16, 15, 0, 4, 16, 77460 },
    { 16, 15, 0, 4, 16, 77490 },
    { 16, 16, 0, 3, 16, 77520 },
    { 16, 16, 0, 3, 16, 77552 },
    { 16, 16, 0, 3, 16, 77584 },
    { 16, 16, 0, 3, 16, 77616 },
    { 16, 15, 0, 4, 16, 77648 },
    { 16, 16, 0, 3, 16, 77678 },
    { 16, 16, 0, 3, 16, 77710 },
    { 16, 16, 0, 3, 16, 77742 },
    { 16, 16, 0, 3, 16, 77774 },
    { 16, 16, 0, 3, 16, 77806 },
    { 16, 16, 0, 3, 16, 77838 },
    { 16, 15, 0, 4, 16, 77870 },
    { 16, 15, 0, 3, 16, 77900 },
    { 16, 16, 0, 3, 16, 77930 },
    { 16, 16, 0, 3, 16, 77962 },
    { 16, 16, 0, 3, 16, 77994 },
    { 16, 15, 0, 4, 16, 78026 },
    { 16, 16, 0, 3, 16, 78056 },
    { 16, 15, 0, 4, 16, 78088 },
    { 16, 16, 0, 3, 16, 78118 },
    { 16, 15, 0, 4, 16, 78150 },
    { 16, 16, 0, 3, 16, 78180 },
    { 16, 15, 0, 4, 16, 78212 },
    { 16, 16, 0, 3, 16, 78242 },
    { 16, 16, 0, 3, 16, 78274 },
    { 16, 16, 0, 3, 16, 78306 },
    { 16, 15, 0, 4, 16, 78338 },
    { 16, 15, 0, 4, 16, 78368 },
    { 16, 15, 0, 4, 16, 78398 },
    { 16, 15, 0, 4, 16, 78428 },
    { 16, 16, 0, 3, 16, 78458 },
    { 16, 15, 0, 4, 16, 78490 },
    { 16, 16, 0, 3, 16, 78520 },
    { 16, 16, 0, 3, 16, 78552 },
    { 16, 16, 0, 3, 16, 78584 },
    { 16, 15, 0, 3, 16, 78616 },
    { 16, 16, 0, 3, 16, 78646 },
    { 16, 16, 0, 3, 16, 78678 },
    { 16, 16, 0, 3, 16, 78710 },
    { 16, 16, 0, 3, 16, 78742 },
    { 16, 15, 0, 4, 16, 78774 },
    { 16, 16, 0, 3, 16, 78804 },
    { 16, 15, 0, 4, 16, 78836 },
    { 16, 15, 0, 4, 16, 78866 },
    { 16, 15, 0, 4, 16, 78896 },
    { 16, 15, 0, 4, 16, 78926 },
    { 16, 15, 0, 4, 16, 78956 },
    { 16, 16, 0, 3, 16, 78986 },
    { 16, 15, 0, 4, 16, 79018 },
    { 16, 15, 0, 4, 16, 79048 },
    { 16, 15, 0, 4, 16, 79078 },
    { 16, 16, 0, 3, 16, 79108 },
    { 16, 15, 0, 4, 16, 79140 },
    { 16, 15, 0, 4, 16, 79170 },
    { 16, 15, 0, 4, 16, 79200 },
    { 16, 15, 0, 4, 16, 79230 },
    { 16, 15, 0, 4, 16, 79260 },
    { 16, 15, 0, 4, 16, 79290 },
    { 16, 15, 0, 4, 16, 79320 },
    { 16, 15, 0, 4, 16, 79350 },
    { 16, 15, 0, 4, 16, 79380 },
    { 16, 15, 0, 4, 16, 79410 },
    { 16, 15, 0, 4, 16, 79440 },
    { 16, 15, 0, 4, 16, 79470 },
    { 16, 15, 0, 4, 16, 79500 },
    { 16, 15, 0, 4, 16, 79530 },
    { 16, 15, 0, 4, 16, 79560 },
    { 16, 15, 0, 4, 16, 79590 },
    { 16, 15, 0, 4, 16, 79620 },
    { 16, 15, 0, 4, 16, 79650 },
    { 16, 15, 0, 4, 16, 79680 },
    { 16, 15, 0, 4, 16, 79710 },
    { 16, 15, 0, 4, 16, 79740 },
    { 16, 15, 0, 4, 16, 79770 },
    { 16, 15, 0, 4, 16, 79800 },
    { 16, 16, 0, 3, 16, 79830 },
    { 16, 16, 0, 3, 16, 79862 },
    { 16, 15, 0, 4, 16, 79894 },
    { 16, 15, 0, 4, 16, 79924 },
    { 16, 15, 0, 4, 16, 79954 },
    { 16, 15, 0, 4, 16, 79984 },
    { 16, 15, 0, 4, 16, 80014 },
    { 16, 15, 0, 4, 16, 80044 },
    { 16, 15, 0, 4, 16, 80074 },
    { 16, 15, 0, 4, 16, 80104 },
    { 16, 15, 0, 4, 16, 80134 },
    { 16, 15, 0, 4, 16, 80164 },
    { 16, 15, 0, 4, 16, 80194 },
    { 16, 15, 0, 4, 16, 80224 },
    { 16, 15, 0, 4, 16, 80254 },
    { 16, 15, 0, 4, 16, 80284 },
    { 16, 15, 0, 4, 16, 80314 },
    { 16, 15, 0, 4, 16, 80344 },
    { 16, 15, 0, 4, 16, 80374 },
    { 16, 15, 0, 4, 16, 80404 },
    { 16, 14, 0, 4, 16, 80434 },
    { 16, 15, 0, 4, 16, 80462 },
    { 16, 15, 0, 4, 16, 80492 },
    { 16, 15, 0, 4, 16, 80522 },
    { 16, 15, 0, 4, 16, 80552 },
    { 16, 15, 0, 4, 16, 80582 },
    { 16, 15, 0, 4, 16, 80612 },
    { 16, 15, 0, 4, 16, 80642 },
    { 16, 15, 0, 4, 16, 80672 },
    { 16, 15, 0, 4, 16, 80702 },
    { 16, 15, 0, 4, 16, 80732 },
    { 16, 14, 0, 4, 16, 80762 },
    { 16, 15, 0, 4, 16, 80790 },
    { 16, 15, 0, 4, 16, 80820 },
    { 16, 15, 0, 4, 16, 80850 },
    { 16, 15, 0, 4, 16, 80880 },
    { 16, 15, 0, 4, 16, 80910 },
    { 16, 15, 0, 4, 16, 80940 },
    { 16, 15, 0, 4, 16, 80970 },
    { 16, 15, 0, 4, 16, 81000 },
    { 16, 16, 0, 3, 16, 81030 },
    { 16, 15, 0, 4, 16, 81062 },
    { 16, 16, 0, 3, 16, 81092 },
    { 16, 15, 0, 4, 16, 81124 },
    { 16, 15, 0, 4, 16, 81154 },
    { 16, 15, 0, 4, 16, 81184 },
    { 16, 15, 0, 4, 16, 81214 },
    { 16, 14, 0, 4, 16, 81244 },
    { 16, 15, 0, 4, 16, 81272 },
    { 16, 15, 0, 4, 16, 81302 },
    { 16, 15, 0, 4, 16, 81332 },
    { 16, 15, 0, 4, 16, 81362 },
    { 16, 15, 0, 4, 16, 81392 },
    { 16, 15, 0, 4, 16, 81422 },
    { 16, 15, 0, 4, 16, 81452 },
    { 16, 15, 0, 4, 16, 81482 },
    { 16, 15, 0, 4, 16, 81512 },
    { 16, 15, 0, 4, 16, 81542 },
    { 16, 15, 0, 4, 16, 81572 },
    { 16, 15, 0, 4, 16, 81602 },
    { 16, 15, 0, 4, 16, 81632 },
    { 16, 15, 0, 4, 16, 81662 },
    { 16, 15, 0, 4, 16, 81692 },
    { 16, 15, 0, 4, 16, 81722 },
    { 16, 15, 0, 4, 16, 81752 },
    { 16, 15, 0, 4, 16, 81782 },
    { 16, 15, 0, 4, 16, 81812 },
    { 16, 15, 0, 4, 16, 81842 },
    { 16, 15, 0, 4, 16, 81872 },
    { 16, 16, 0, 3, 16, 81902 },
    { 16, 15, 0, 4, 16, 81934 },
    { 16, 16, 0, 3, 16, 81964 },
    { 16, 16, 0, 3, 16, 81996 },
    { 16, 15, 0, 4, 16, 82028 },
    { 16, 15, 0, 4, 16, 82058 },
    { 16, 15, 0, 4, 16, 82088 },
    { 16, 15, 0, 4, 16, 82118 },
    { 16, 15, 0, 4, 16, 82148 },
    { 16, 15, 0, 4, 16, 82178 },
    { 16, 15, 0, 4, 16, 82208 },
    { 16, 15, 0, 4, 16, 82238 },
    { 16, 15, 0, 4, 16, 82268 },
    { 16, 14, 0, 5, 16, 82298 },
    { 16, 15, 0, 4, 16, 82326 },
    { 16, 15, 0, 4, 16, 82356 },
    { 16, 15, 0, 4, 16, 82386 },
    { 16, 15, 0, 4, 16, 82416 },
    { 16, 15, 0, 4, 16, 82446 },
    { 16, 14, 0, 5, 16, 82476 },
    { 16, 15, 0, 4, 16, 82504 },
    { 16, 16, 0, 3, 16, 82534 },
    { 16, 16, 0, 3, 16, 82566 },
    { 16, 16, 0, 3, 16, 82598 },
    { 16, 16, 0, 3, 16, 82630 },
    { 16, 16, 0, 3, 16, 82662 },
    { 16, 16, 0, 3, 16, 82694 },
    { 16, 16, 0, 3, 16, 82726 },
    { 16, 16, 0, 3, 16, 82758 },
    { 16, 16, 0, 3, 16, 82790 },
    { 16, 14, 0, 5, 16, 82822 },
    { 16, 16, 0, 3, 16, 82850 },
    { 16, 15, 0, 4, 16, 82882 },
    { 16, 14, 0, 4, 16, 82912 },
    { 16, 15, 0, 4, 16, 82940 },
    { 16, 15, 0, 4, 16, 82970 },
    { 16, 15, 0, 4, 16, 83000 },
    { 16, 15, 0, 4, 16, 83030 },
    { 16, 15, 0, 4, 16, 83060 },
    { 16, 16, 0, 3, 16, 83090 },
    { 16, 15, 0, 4, 16, 83122 },
    { 16, 15, 0, 4, 16, 83152 },
    { 16, 15, 0, 4, 16, 83182 },
    { 16, 15, 0, 4, 16, 83212 },
    { 16, 15, 0, 4, 16, 83242 },
    { 16, 15, 0, 4, 16, 83272 },
    { 16, 14, 0, 5, 16, 83302 },
    { 16, 15, 0, 4, 16, 83330 },
    { 16, 15, 0, 4, 16, 83360 },
    { 16, 15, 0, 4, 16, 83390 },
    { 16, 15, 0, 4, 16, 83420 },
    { 16, 15, 0, 4, 16, 83450 },
    { 16, 15, 0, 4, 16, 83480 },
    { 16, 15, 0, 4, 16, 83510 },
    { 16, 14, 0, 5, 16, 83540 },
    { 16, 15, 0, 4, 16, 83568 },
    { 16, 16, 0, 3, 16, 83598 },
    { 16, 15, 0, 4, 16, 83630 },
    { 16, 15, 0, 4, 16, 83660 },
    { 16, 15, 0, 4, 16, 83690 },
    { 16, 15, 0, 4, 16, 83720 },
    { 16, 15, 0, 4, 16, 83750 },
    { 16, 16, 0, 3, 16, 83780 },
    { 16, 14, 0, 5, 16, 83812 },
    { 16, 15, 0, 4, 16, 83840 },
    { 16, 15, 0, 4, 16, 83870 },
    { 16, 15, 0, 4, 16, 83900 },
    { 16, 15, 0, 4, 16, 83930 },
    { 16, 16, 0, 3, 16, 83960 },
    { 16, 15, 0, 4, 16, 83992 },
    { 16, 15, 0, 4, 16, 84022 },
    { 16, 16, 0, 3, 16, 84052 },
    { 16, 15, 0, 4, 16, 84084 },
    { 16, 15, 0, 4, 16, 84114 },
    { 16, 14, 0, 5, 16, 84144 },
    { 16, 15, 0, 4, 16, 84172 },
    { 16, 15, 0, 4, 16, 84202 },
    { 16, 15, 0, 4, 16, 84232 },
    { 16, 14, 0, 5, 16, 84262 },
    { 16, 14, 0, 5, 16, 84290 },
    { 16, 15, 0, 4, 16, 84318 },
    { 16, 14, 0, 5, 16, 84348 },
    { 16, 15, 0, 4, 16, 84376 },
    { 16, 15, 0, 4, 16, 84406 },
    { 16, 14, 0, 5, 16, 84436 },
    { 16, 15, 0, 4, 16, 84464 },
    { 16, 15, 0, 4, 16, 84494 },
    { 16, 15, 0, 4, 16, 84524 },
    { 16, 15, 0, 4, 16, 84554 },
    { 16, 16, 0, 3, 16, 84584 },
    { 16, 15, 0, 4, 16, 84616 },
    { 16, 15, 0, 4, 16, 84646 },
    { 16, 15, 0, 4, 16, 84676 },
    { 16, 15, 0, 4, 16, 84706 },
    { 16, 15, 0, 4, 16, 84736 },
    { 16, 15, 0, 4, 16, 84766 },
    { 16, 14, 0, 5, 16, 84796 },
    { 16, 15, 0, 4, 16, 84824 },
    { 16, 15, 0, 4, 16, 84854 },
    { 16, 15, 0, 4, 16, 84884 },
    { 16, 15, 0, 4, 16, 84914 },
    { 16, 15, 0, 4, 16, 84944 },
    { 16, 16, 0, 3, 16, 84974 },
    { 16, 15, 0, 4, 16, 85006 },
    { 16, 15, 0, 4, 16, 85036 },
    { 16, 15, 0, 4, 16, 85066 },
    { 16, 16, 0, 3, 16, 85096 },
    { 16, 15, 0, 4, 16, 85128 },
    { 16, 15, 0, 4, 16, 85158 },
    { 16, 15, 0, 4, 16, 85188 },
    { 16, 15, 0, 4, 16, 85218 },
    { 16, 15, 0, 4, 16, 85248 },
    { 16, 15, 0, 4, 16, 85278 },
    { 16, 16, 0, 3, 16, 85308 },
    { 16, 15, 0, 4, 16, 85340 },
    { 16, 15, 0, 4, 16, 85370 },
    { 16, 15, 0, 4, 16, 85400 },
    { 16, 15, 0, 4, 16, 85430 },
    { 16, 15, 0, 4, 16, 85460 },
    { 16, 15, 0, 4, 16, 85490 },
    { 16, 15, 0, 4, 16, 85520 },
    { 16, 15, 0, 4, 16, 85550 },
    { 16, 15, 0, 4, 16, 85580 },
    { 16, 15, 0, 4, 16, 85610 },
    { 16, 16, 0, 3, 16, 85640 },
    { 16, 15, 0, 4, 16, 85672 },
    { 16, 15, 0, 4, 16, 85702 },
    { 16, 15, 0, 4, 16, 85732 },
    { 16, 15, 0, 4, 16, 85762 },
    { 16, 15, 0, 4, 16, 85792 },
    { 16, 15, 0, 4, 16, 85822 },
    { 16, 15, 0, 4, 16, 85852 },
    { 16, 15, 0, 4, 16, 85882 },
    { 16, 15, 0, 4, 16, 85912 },
    { 16, 14, 0, 5, 16, 85942 },
    { 16, 15, 0, 4, 16, 85970 },
    { 16, 16, 0, 3, 16, 86000 },
    { 16, 15, 0, 4, 16, 86032 },
    { 16, 15, 0, 4, 16, 86062 },
    { 16, 15, 0, 4, 16, 86092 },
    { 16, 15, 0, 4, 16, 86122 },
    { 16, 15, 0, 4, 16, 86152 },
    { 16, 15, 0, 4, 16, 86182 },
    { 16, 15, 0, 4, 16, 86212 },
    { 16, 15, 0, 4, 16, 86242 },
    { 16, 15, 0, 4, 16, 86272 },
    { 16, 15, 0, 4, 16, 86302 },
    { 16, 15, 0, 4, 16, 86332 },
    { 16, 15, 0, 4, 16, 86362 },
    { 16, 15, 0, 4, 16, 86392 },
    { 16, 16, 0, 3, 16, 86422 },
    { 16, 15, 0, 4, 16, 86454 },
    { 16, 15, 0, 4, 16, 86484 },
    { 16, 14, 0, 4, 16, 86514 },
    { 16, 16, 0, 3, 16, 86542 },
    { 16, 15, 0, 4, 16, 86574 },
    { 16, 13, 0, 5, 16, 86604 },
    { 16, 15, 0, 4, 16, 86630 },
    { 16, 15, 0, 4, 16, 86660 },
    { 16, 15, 0, 4, 16, 86690 },
    { 16, 15, 0, 4, 16, 86720 },
    { 16, 15, 0, 4, 16, 86750 },
    { 16, 16, 0, 3, 16, 86780 },
    { 16, 15, 0, 4, 16, 86812 },
    { 16, 15, 0, 4, 16, 86842 },
    { 16, 15, 0, 4, 16, 86872 },
    { 16, 15, 0, 4, 16, 86902 },
    { 16, 15, 0, 4, 16, 86932 },
    { 16, 16, 0, 3, 16, 86962 },
    { 16, 15, 0, 4, 16, 86994 },
    { 16, 15, 0, 4, 16, 87024 },
    { 16, 15, 0, 4, 16, 87054 },
    { 16, 15, 0, 4, 16, 87084 },
    { 16, 15, 0, 4, 16, 87114 },
    { 16, 15, 0, 4, 16, 87144 },
    { 16, 15, 0, 4, 16, 87174 },
    { 16, 16, 0, 3, 16, 87204 },
    { 16, 16, 0, 3, 16, 87236 },
    { 16, 16, 0, 3, 16, 87268 },
    { 16, 15, 0, 4, 16, 87300 },
    { 16, 16, 0, 3, 16, 87330 },
    { 16, 15, 0, 4, 16, 87362 },
    { 16, 16, 0, 3, 16, 87392 },
    { 16, 16, 0, 3, 16, 87424 },
    { 16, 15, 0, 4, 16, 87456 },
    { 16, 15, 0, 4, 16, 87486 },
    { 16, 15, 0, 4, 16, 87516 },
    { 16, 15, 0, 4, 16, 87546 },
    { 16, 15, 0, 4, 16, 87576 },
    { 16, 15, 0, 4, 16, 87606 },
    { 16, 15, 0, 4, 16, 87636 },
    { 16, 15, 0, 4, 16, 87666 },
    { 16, 15, 0, 4, 16, 87696 },
    { 16, 15, 0, 4, 16, 87726 },
    { 16, 15, 0, 4, 16, 87756 },
    { 16, 15, 0, 4, 16, 87786 },
    { 16, 15, 0, 4, 16, 87816 },
    { 16, 15, 0, 4, 16, 87846 },
    { 16, 15, 0, 4, 16, 87876 },
    { 16, 15, 0, 4, 16, 87906 },
    { 16, 15, 0, 4, 16, 87936 },
    { 16, 15, 0, 4, 16, 87966 },
    { 16, 15, 0, 4, 16, 87996 },
    { 16, 15, 0, 4, 16, 88026 },
    { 16, 15, 0, 4, 16, 88056 },
    { 16, 15, 0, 4, 16, 88086 },
    { 16, 15, 0, 4, 16, 88116 },
    { 16, 15, 0, 4, 16, 88146 },
    { 16, 15, 0, 4, 16, 88176 },
    { 16, 15, 0, 4, 16, 88206 },
    { 16, 15, 0, 4, 16, 88236 },
    { 16, 15, 0, 4, 16, 88266 },
    { 16, 15, 0, 4, 16, 88296 },
    { 16, 15, 0, 4, 16, 88326 },
    { 16, 15, 0, 4, 16, 88356 },
    { 16, 15, 0, 4, 16, 88386 },
    { 16, 15, 0, 4, 16, 88416 },
    { 16, 15, 0, 4, 16, 88446 },
    { 16, 15, 0, 4, 16, 88476 },
    { 16, 15, 0, 4, 16, 88506 },
    { 16, 15, 0, 4, 16, 88536 },
    { 16, 14, 0, 4, 16, 88566 },
    { 16, 16, 0, 3, 16, 88594 },
    { 16, 15, 0, 4, 16, 88626 },
    { 16, 15, 0, 4, 16, 88656 },
    { 16, 15, 0, 4, 16, 88686 },
    { 16, 15, 0, 4, 16, 88716 },
    { 16, 15, 0, 4, 16, 88746 },
    { 16, 15, 0, 4, 16, 88776 },
    { 16, 15, 0, 4, 16, 88806 },
    { 16, 15, 0, 4, 16, 88836 },
    { 16, 15, 0, 4, 16, 88866 },
    { 16, 15, 0, 4, 16, 88896 },
    { 16, 15, 0, 4, 16, 88926 },
    { 16, 15, 0, 4, 16, 88956 },
    { 16, 15, 0, 4, 16, 88986 },
    { 16, 15, 0, 4, 16, 89016 },
    { 16, 15, 0, 4, 16, 89046 },
    { 16, 15, 0, 4, 16, 89076 },
    { 16, 15, 0, 4, 16, 89106 },
    { 16, 15, 0, 4, 16, 89136 },
    { 16, 15, 0, 4, 16, 89166 },
    { 16, 15, 0, 4, 16, 89196 },
    { 16, 15, 0, 4, 16, 89226 },
    { 16, 15, 0, 4, 16, 89256 },
    { 16, 15, 0, 4, 16, 89286 },
    { 16, 15, 0, 4, 16, 89316 },
    { 16, 15, 0, 4, 16, 89346 },
    { 16, 15, 0, 4, 16, 89376 },
    { 16, 15, 0, 4, 16, 89406 },
    { 16, 14, 0, 4, 16, 89436 },
    { 16, 15, 0, 4, 16, 89464 },
    { 16, 15, 0, 4, 16, 89494 },
    { 16, 16, 0, 3, 16, 89524 },
    { 16, 15, 0, 4, 16, 89556 },
    { 16, 15, 0, 4, 16, 89586 },
    { 16, 15, 0, 4, 16, 89616 },
    { 16, 15, 0, 4, 16, 89646 },
    { 16, 15, 0, 4, 16, 89676 },
    { 16, 15, 0, 4, 16, 89706 },
    { 16, 15, 0, 4, 16, 89736 },
    { 16, 16, 0, 3, 16, 89766 },
    { 16, 15, 0, 4, 16, 89798 },
    { 16, 15, 0, 4, 16, 89828 },
    { 16, 15, 0, 4, 16, 89858 },
    { 16, 15, 0, 4, 16, 89888 },
    { 16, 15, 0, 4, 16, 89918 },
    { 16, 16, 0, 3, 16, 89948 },
    { 16, 15, 0, 4, 16, 89980 },
    { 16, 15, 0, 4, 16, 90010 },
    { 16, 15, 0, 4, 16, 90040 },
    { 16, 15, 0, 4, 16, 90070 },
    { 16, 15, 0, 4, 16, 90100 },
    { 16, 15, 0, 4, 16, 90130 },
    { 16, 15, 0, 4, 16, 90160 },
    { 16, 15, 0, 4, 16, 90190 },
    { 16, 16, 0, 3, 16, 90220 },
    { 16, 15, 0, 4, 16, 90252 },
    { 16, 15, 0, 4, 16, 90282 },
    { 16, 15, 0, 4, 16, 90312 },
    { 16, 15, 0, 4, 16, 90342 },
    { 16, 15, 0, 4, 16, 90372 },
    { 16, 15, 0, 4, 16, 90402 },
    { 16, 15, 0, 4, 16, 90432 },
    { 16, 15, 0, 4, 16, 90462 },
    { 16, 15, 0, 4, 16, 90492 },
    { 16, 15, 0, 4, 16, 90522 },
    { 16, 15, 0, 4, 16, 90552 },
    { 16, 15, 0, 4, 16, 90582 },
    { 16, 15, 0, 4, 16, 90612 },
    { 16, 15, 0, 4, 16, 90642 },
    { 16, 15, 0, 4, 16, 90672 },
    { 16, 15, 0, 4, 16, 90702 },
    { 16, 15, 0, 4, 16, 90732 },
    { 16, 15, 0, 4, 16, 90762 },
    { 16, 15, 0, 4, 16, 90792 },
    { 16, 15, 0, 4, 16, 90822 },
    { 16, 15, 0, 4, 16, 90852 },
    { 16, 15, 0, 4, 16, 90882 },
    { 16, 15, 0, 4, 16, 90912 },
    { 16, 15, 0, 4, 16, 90942 },
    { 16, 15, 0, 4, 16, 90972 },
    { 16, 15, 0, 4, 16, 91002 },
    { 16, 15, 0, 4, 16, 91032 },
    { 16, 15, 0, 4, 16, 91062 },
    { 16, 15, 0, 4, 16, 91092 },
    { 16, 15, 0, 4, 16, 91122 },
    { 16, 16, 0, 3, 16, 91152 },
    { 16, 15, 0, 4, 16, 91184 },
    { 16, 15, 0, 4, 16, 91214 },
    { 16, 15, 0, 4, 16, 91244 },
    { 16, 15, 0, 4, 16, 91274 },
    { 16, 15, 0, 4, 16, 91304 },
    { 16, 15, 0, 4, 16, 91334 },
    { 16, 15, 0, 4, 16, 91364 },
    { 16, 15, 0, 4, 16, 91394 },
    { 16, 15, 0, 4, 16, 91424 },
    { 16, 15, 0, 4, 16, 91454 },
    { 16, 15, 0, 4, 16, 91484 },
    { 16, 15, 0, 4, 16, 91514 },
    { 16, 15, 0, 4, 16, 91544 },
    { 16, 16, 0, 3, 16, 91574 },
    { 16, 15, 0, 4, 16, 91606 },
    { 16, 15, 0, 4, 16, 91636 },
    { 16, 15, 0, 4, 16, 91666 },
    { 16, 15, 0, 4, 16, 91696 },
    { 16, 15, 0, 4, 16, 91726 },
    { 16, 14, 0, 4, 16, 91756 },
    { 16, 15, 0, 4, 16, 91784 },
    { 16, 15, 0, 4, 16, 91814 },
    { 16, 15, 0, 4, 16, 91844 },
    { 16, 15, 0, 4, 16, 91874 },
    { 16, 15, 0, 4, 16, 91904 },
    { 16, 15, 0, 4, 16, 91934 },
    { 16, 15, 0, 4, 16, 91964 },
    { 16, 14, 0, 5, 16, 91994 },
    { 16, 15, 0, 4, 16, 92022 },
    { 16, 15, 0, 4, 16, 92052 },
    { 16, 14, 0, 4, 16, 92082 },
    { 16, 15, 0, 4, 16, 92110 },
    { 16, 15, 0, 4, 16, 92140 },
    { 16, 14, 0, 4, 16, 92170 },
    { 16, 15, 0, 4, 16, 92198 },
    { 16, 15, 0, 4, 16, 92228 },
    { 16, 15, 0, 4, 16, 92258 },
    { 16, 15, 0, 4, 16, 92288 },
    { 16, 15, 0, 4, 16, 92318 },
    { 16, 15, 0, 4, 16, 92348 },
    { 16, 15, 0, 4, 16, 92378 },
    { 16, 15, 0, 4, 16, 92408 },
    { 16, 15, 0, 4, 16, 92438 },
    { 16, 15, 0, 4, 16, 92468 },
    { 16, 16, 0, 3, 16, 92498 },
    { 16, 15, 0, 4, 16, 92530 },
    { 16, 15, 0, 4, 16, 92560 },
    { 16, 15, 0, 4, 16, 92590 },
    { 16, 15, 0, 4, 16, 92620 },
    { 16, 15, 0, 4, 16, 92650 },
    { 16, 15, 0, 4, 16, 92680 },
    { 16, 15, 0, 4, 16, 92710 },
    { 16, 16, 0, 3, 16, 92740 },
    { 16, 15, 0, 4, 16, 92772 },
    { 16, 16, 0, 3, 16, 92802 },
    { 16, 15, 0, 4, 16, 92834 },
    { 16, 15, 0, 4, 16, 92864 },
    { 16, 15, 0, 4, 16, 92894 },
    { 16, 15, 0, 4, 16, 92924 },
    { 16, 15, 0, 4, 16, 92954 },
    { 16, 16, 0, 3, 16, 92984 },
    { 16, 15, 0, 4, 16, 93016 },
    { 16, 15, 0, 4, 16, 93046 },
    { 16, 14, 0, 4, 16, 93076 },
    { 16, 16, 0, 3, 16, 93104 },
    { 16, 15, 0, 4, 16, 93136 },
    { 16, 15, 0, 4, 16, 93166 },
    { 16, 16, 0, 3, 16, 93196 },
    { 16, 15, 0, 4, 16, 93228 },
    { 16, 15, 0, 4, 16, 93258 },
    { 16, 15, 0, 4, 16, 93288 },
    { 16, 15, 0, 4, 16, 93318 },
    { 16, 15, 0, 4, 16, 93348 },
    { 16, 15, 0, 4, 16, 93378 },
    { 16, 15, 0, 4, 16, 93408 },
    { 16, 15, 0, 4, 16, 93438 },
    { 16, 16, 0, 3, 16, 93468 },
    { 16, 16, 0, 3, 16, 93500 },
    { 16, 15, 0, 4, 16, 93532 },
    { 16, 15, 0, 4, 16, 93562 },
    { 16, 15, 0, 4, 16, 93592 },
    { 16, 15, 0, 4, 16, 93622 },
    { 16, 15, 0, 4, 16, 93652 },
    { 16, 15, 0, 4, 16, 93682 },
    { 16, 15, 0, 4, 16, 93712 },
    { 16, 15, 0, 4, 16, 93742 },
    { 16, 16, 0, 3, 16, 93772 },
    { 16, 15, 0, 4, 16, 93804 },
    { 16, 16, 0, 3, 16, 93834 },
    { 16, 15, 0, 4, 16, 93866 },
    { 16, 15, 0, 4, 16, 93896 },
    { 16, 15, 0, 4, 16, 93926 },
    { 16, 15, 0, 4, 16, 93956 },
    { 16, 15, 0, 4, 16, 93986 },
    { 16, 16, 0, 3, 16, 94016 },
    { 16, 16, 0, 3, 16, 94048 },
    { 16, 15, 0, 4, 16, 94080 },
    { 16, 15, 0, 4, 16, 94110 },
    { 16, 16, 0, 3, 16, 94140 },
    { 16, 15, 0, 4, 16, 94172 },
    { 16, 15, 0, 4, 16, 94202 },
    { 16, 16, 0, 3, 16, 94232 },
    { 16, 15, 0, 4, 16, 94264 },
    { 16, 15, 0, 4, 16, 94294 },
    { 16, 16, 0, 3, 16, 94324 },
    { 16, 15, 0, 4, 16, 94356 },
    { 16, 15, 0, 4, 16, 94386 },
    { 16, 15, 0, 4, 16, 94416 },
    { 16, 15, 0, 4, 16, 94446 },
    { 16, 15, 0, 4, 16, 94476 },
    { 16, 15, 0, 4, 16, 94506 },
    { 16, 15, 0, 4, 16, 94536 },
    { 16, 15, 0, 4, 16, 94566 },
    { 16, 15, 0, 4, 16, 94596 },
    { 16, 15, 0, 4, 16, 94626 },
    { 16, 15, 0, 4, 16, 94656 },
    { 16, 16, 0, 3, 16, 94686 },
    { 16, 15, 0, 4, 16, 94718 },
    { 16, 16, 0, 3, 16, 94748 },
    { 16, 15, 0, 4, 16, 94780 },
    { 16, 16, 0, 3, 16, 94810 },
    { 16, 16, 0, 3, 16, 94842 },
    { 16, 16, 0, 3, 16, 94874 },
    { 16, 15, 0, 4, 16, 94906 },
    { 16, 15, 0, 4, 16, 94936 },
    { 16, 15, 0, 4, 16, 94966 },
    { 16, 15, 0, 4, 16, 94996 },
    { 16, 15, 0, 4, 16, 95026 },
    { 16, 15, 0, 4, 16, 95056 },
    { 16, 15, 0, 4, 16, 95086 },
    { 16, 15, 0, 4, 16, 95116 },
    { 16, 15, 0, 4, 16, 95146 },
    { 16, 15, 0, 4, 16, 95176 },
    { 16, 16, 0, 3, 16, 95206 },
    { 16, 15, 0, 4, 16, 95238 },
    { 16, 15, 0, 4, 16, 95268 },
    { 16, 15, 0, 4, 16, 95298 },
    { 16, 15, 0, 4, 16, 95328 },
    { 16, 15, 0, 4, 16, 95358 },
    { 16, 15, 0, 4, 16, 95388 },
    { 16, 15, 0, 4, 16, 95418 },
    { 16, 16, 0, 3, 16, 95448 },
    { 16, 15, 0, 4, 16, 95480 },
    { 16, 15, 0, 4, 16, 95510 },
    { 16, 15, 0, 4, 16, 95540 },
    { 16, 15, 0, 4, 16, 95570 },
    { 16, 15, 0, 4, 16, 95600 },
    { 16, 15, 0, 4, 16, 95630 },
    { 16, 15, 0, 4, 16, 95660 },
    { 16, 14, 0, 4, 16, 95690 },
    { 16, 15, 0, 4, 16, 95718 },
    { 16, 14, 0, 4, 16, 95748 },
    { 16, 15, 0, 4, 16, 95776 },
    { 16, 15, 0, 4, 16, 95806 },
    { 16, 15, 0, 4, 16, 95836 },
    { 16, 15, 0, 4, 16, 95866 },
    { 16, 16, 0, 3, 16, 95896 },
    { 16, 15, 0, 4, 16, 95928 },
    { 16, 15, 0, 4, 16, 95958 },
    { 16, 15, 0, 4, 16, 95988 },
    { 16, 15, 0, 4, 16, 96018 },
    { 16, 15, 0, 4, 16, 96048 },
    { 16, 15, 0, 4, 16, 96078 },
    { 16, 15, 0, 4, 16, 96108 },
    { 16, 15, 0, 4, 16, 96138 },
    { 16, 16, 0, 3, 16, 96168 },
    { 16, 15, 0, 4, 16, 96200 },
    { 16, 15, 0, 4, 16, 96230 },
    { 16, 15, 0, 4, 16, 96260 },
    { 16, 16, 0, 3, 16, 96290 },
    { 16, 15, 0, 4, 16, 96322 },
    { 16, 15, 0, 4, 16, 96352 },
    { 16, 15, 0, 4, 16, 96382 },
    { 16, 15, 0, 4, 16, 96412 },
    { 16, 15, 0, 4, 16, 96442 },
    { 16, 15, 0, 4, 16, 96472 },
    { 16, 16, 0, 3, 16, 96502 },
    { 16, 15, 0, 4, 16, 96534 },
    { 16, 15, 0, 4, 16, 96564 },
    { 16, 15, 0, 4, 16, 96594 },
    { 16, 15, 0, 4, 16, 96624 },
    { 16, 15, 0, 4, 16, 96654 },
    { 16, 15, 0, 4, 16, 96684 },
    { 16, 15, 0, 4, 16, 96714 },
    { 16, 15, 0, 4, 16, 96744 },
    { 16, 15, 0, 4, 16, 96774 },
    { 16, 15, 0, 4, 16, 96804 },
    { 16, 15, 0, 4, 16, 96834 },
    { 16, 15, 0, 4, 16, 96864 },
    { 16, 15, 0, 4, 16, 96894 },
    { 16, 14, 0, 4, 16, 96924 },
    { 16, 15, 0, 4, 16, 96952 },
    { 16, 15, 0, 4, 16, 96982 },
    { 16, 15, 0, 4, 16, 97012 },
    { 16, 15, 0, 4, 16, 97042 },
    { 16, 15, 0, 4, 16, 97072 },
    { 16, 16, 0, 3, 16, 97102 },
    { 16, 16, 0, 3, 16, 97134 },
    { 16, 15, 0, 4, 16, 97166 },
    { 16, 15, 0, 4, 16, 97196 },
    { 16, 15, 0, 4, 16, 97226 },
    { 16, 15, 0, 4, 16, 97256 },
    { 16, 16, 0, 3, 16, 97286 },
    { 16, 14, 0, 4, 16, 97318 },
    { 16, 15, 0, 4, 16, 97346 },
    { 16, 15, 0, 4, 16, 97376 },
    { 16, 15, 0, 4, 16, 97406 },
    { 16, 15, 0, 4, 16, 97436 },
    { 16, 16, 0, 3, 16, 97466 },
    { 16, 15, 0, 4, 16, 97498 },
    { 16, 15, 0, 4, 16, 97528 },
    { 16, 15, 0, 4, 16, 97558 },
    { 16, 13, 0, 5, 16, 97588 },
    { 16, 15, 0, 4, 16, 97614 },
    { 16, 16, 0, 3, 16, 97644 },
    { 16, 15, 0, 4, 16, 97676 },
    { 16, 15, 0, 4, 16, 97706 },
    { 16, 16, 0, 3, 16, 97736 },
    { 16, 15, 0, 4, 16, 97768 },
    { 16, 15, 0, 4, 16, 97798 },
    { 16, 16, 0, 3, 16, 97828 },
    { 16, 16, 0, 3, 16, 97860 },
    { 16, 14, 0, 5, 16, 97892 },
    { 16, 15, 0, 4, 16, 97920 },
    { 16, 16, 0, 3, 16, 97950 },
    { 16, 14, 0, 5, 16, 97982 },
    { 16, 15, 0, 4, 16, 98010 },
    { 16, 15, 0, 4, 16, 98040 },
    { 16, 15, 0, 4, 16, 98070 },
    { 16, 15, 0, 4, 16, 98100 },
    { 16, 15, 0, 4, 16, 98130 },
    { 16, 15, 0, 4, 16, 98160 },
    { 16, 15, 0, 4, 16, 98190 },
    { 16, 15, 0, 4, 16, 98220 },
    { 16, 15, 0, 4, 16, 98250 },
    { 16, 16, 0, 3, 16, 98280 },
    { 16, 15, 0, 4, 16, 98312 },
    { 16, 15, 0, 4, 16, 98342 },
    { 16, 15, 0, 4, 16, 98372 },
    { 16, 15, 0, 4, 16, 98402 },
    { 16, 15, 0, 4, 16, 98432 },
    { 16, 15, 0, 4, 16, 98462 },
    { 16, 15, 0, 4, 16, 98492 },
    { 16, 15, 0, 4, 16, 98522 },
    { 16, 16, 0, 3, 16, 98552 },
    { 16, 15, 0, 4, 16, 98584 },
    { 16, 15, 0, 4, 16, 98614 },
    { 16, 16, 0, 4, 16, 98644 },
    { 16, 15, 0, 4, 16, 98676 },
    { 16, 14, 0, 5, 16, 98706 },
    { 16, 15, 0, 4, 16, 98734 },
    { 16, 16, 0, 3, 16, 98764 },
    { 16, 16, 0, 3, 16, 98796 },
    { 16, 15, 0, 4, 16, 98828 },
    { 16, 15, 0, 4, 16, 98858 },
    { 16, 15, 0, 4, 16, 98888 },
    { 16, 15, 0, 4, 16, 98918 },
    { 16, 15, 0, 4, 16, 98948 },
    { 16, 15, 0, 4, 16, 98978 },
    { 16, 15, 0, 4, 16, 99008 },
    { 16, 15, 0, 4, 16, 99038 },
    { 16, 15, 0, 4, 16, 99068 },
    { 16, 16, 0, 3, 16, 99098 },
    { 16, 16, 0, 3, 16, 99130 },
    { 16, 16, 0, 3, 16, 99162 },
    { 16, 15, 0, 4, 16, 99194 },
    { 16, 15, 0, 4, 16, 99224 },
    { 16, 15, 0, 4, 16, 99254 },
    { 16, 16, 0, 3, 16, 99284 },
    { 16, 16, 0, 3, 16, 99316 },
    { 16, 16, 0, 3, 16, 99348 },
    { 16, 16, 0, 4, 16, 99380 },
    { 16, 15, 0, 4, 16, 99412 },
    { 16, 15, 0, 4, 16, 99442 },
    { 16, 15, 0, 4, 16, 99472 },
    { 16, 15, 0, 4, 16, 99502 },
    { 16, 15, 0, 4, 16, 99532 },
    { 16, 15, 0, 4, 16, 99562 },
    { 16, 15, 0, 4, 16, 99592 },
    { 16, 15, 0, 4, 16, 99622 },
    { 16, 15, 0, 4, 16, 99652 },
    { 16, 15, 0, 4, 16, 99682 },
    { 16, 15, 0, 4, 16, 99712 },
    { 16, 15, 0, 4, 16, 99742 },
    { 16, 15, 0, 4, 16, 99772 },
    { 16, 15, 0, 4, 16, 99802 },
    { 16, 15, 0, 4, 16, 99832 },
    { 16, 14, 0, 4, 16, 99862 },
    { 16, 15, 0, 4, 16, 99890 },
    { 16, 15, 0, 4, 16, 99920 },
    { 16, 15, 0, 4, 16, 99950 },
    { 16, 15, 0, 4, 16, 99980 },
    { 16, 14, 0, 4, 16, 100010 },
    { 16, 14, 0, 5, 16, 100038 },
    { 16, 15, 0, 4, 16, 100066 },
    { 16, 16, 0, 3, 16, 100096 },
    { 16, 16, 0, 3, 16, 100128 },
    { 16, 15, 0, 4, 16, 100160 },
    { 16, 15, 0, 4, 16, 100190 },
    { 16, 14, 0, 5, 16, 100220 },
    { 16, 15, 0, 4, 16, 100248 },
    { 16, 16, 0, 3, 16, 100278 },
    { 16, 15, 0, 4, 16, 100310 },
    { 16, 14, 0, 5, 16, 100340 },
    { 16, 15, 0, 4, 16, 100368 },
    { 16, 15, 0, 4, 16, 100398 },
    { 16, 15, 0, 4, 16, 100428 },
    { 16, 15, 0, 4, 16, 100458 },
    { 16, 15, 0, 4, 16, 100488 },
    { 16, 15, 0, 4, 16, 100518 },
    { 16, 15, 0, 4, 16, 100548 },
    { 16, 15, 0, 4, 16, 100578 },
    { 16, 16, 0, 3, 16, 100608 },
    { 16, 16, 0, 3, 16, 100640 },
    { 16, 15, 0, 4, 16, 100672 },
    { 16, 15, 0, 4, 16, 100702 },
    { 16, 15, 0, 4, 16, 100732 },
    { 16, 16, 0, 3, 16, 100762 },
    { 16, 15, 0, 4, 16, 100794 },
    { 16, 15, 0, 4, 16, 100824 },
    { 16, 15, 0, 4, 16, 100854 },
    { 16, 15, 0, 4, 16, 100884 },
    { 16, 16, 0, 3, 16, 100914 },
    { 16, 16, 0, 3, 16, 100946 },
    { 16, 15, 0, 4, 16, 100978 },
    { 16, 16, 0, 3, 16, 101008 },
    { 16, 16, 0, 3, 16, 101040 },
    { 16, 16, 0, 3, 16, 101072 },
    { 16, 15, 0, 4, 16, 101104 },
    { 16, 16, 0, 3, 16, 101134 },
    { 16, 16, 0, 3, 16, 101166 },
    { 16, 15, 0, 4, 16, 101198 },
    { 16, 16, 0, 3, 16, 101228 },
    { 16, 16, 0, 3, 16, 101260 },
    { 16, 15, 0, 4, 16, 101292 },
    { 16, 15, 0, 4, 16, 101322 },
    { 16, 15, 0, 4, 16, 101352 },
    { 16, 15, 0, 4, 16, 101382 },
    { 16, 15, 0, 4, 16, 101412 },
    { 16, 16, 0, 3, 16, 101442 },
    { 16, 15, 0, 4, 16, 101474 },
    { 16, 15, 0, 4, 16, 101504 },
    { 16, 15, 0, 4, 16, 101534 },
    { 16, 15, 0, 4, 16, 101564 },
    { 16, 15, 0, 4, 16, 101594 },
    { 16, 15, 0, 4, 16, 101624 },
    { 16, 15, 0, 4, 16, 101654 },
    { 16, 15, 0, 4, 16, 101684 },
    { 16, 15, 0, 4, 16, 101714 },
    { 16, 15, 0, 4, 16, 101744 },
    { 16, 15, 0, 4, 16, 101774 },
    { 16, 15, 0, 4, 16, 101804 },
    { 16, 15, 0, 4, 16, 101834 },
    { 16, 15, 0, 4, 16, 101864 },
    { 16, 16, 0, 4, 16, 101894 },
    { 16, 14, 0, 5, 16, 101926 },
    { 16, 15, 0, 4, 16, 101954 },
    { 16, 15, 0, 4, 16, 101984 },
    { 16, 15, 0, 4, 16, 102014 },
    { 16, 15, 0, 4, 16, 102044 },
    { 16, 15, 0, 4, 16, 102074 },
    { 16, 15, 0, 4, 16, 102104 },
    { 16, 16, 0, 3, 16, 102134 },
    { 16, 15, 0, 4, 16, 102166 },
    { 16, 15, 0, 4, 16, 102196 },
    { 16, 15, 0, 4, 16, 102226 },
    { 16, 15, 0, 4, 16, 102256 },
    { 16, 15, 0, 4, 16, 102286 },
    { 16, 15, 0, 4, 16, 102316 },
    { 16, 15, 0, 4, 16, 102346 },
    { 16, 15, 0, 4, 16, 102376 },
    { 16, 15, 0, 4, 16, 102406 },
    { 16, 15, 0, 4, 16, 102436 },
    { 16, 15, 0, 4, 16, 102466 },
    { 16, 15, 0, 4, 16, 102496 },
    { 16, 15, 0, 4, 16, 102526 },
    { 16, 15, 0, 4, 16, 102556 },
    { 16, 15, 0, 4, 16, 102586 },
    { 16, 15, 0, 4, 16, 102616 },
    { 16, 16, 0, 3, 16, 102646 },
    { 16, 15, 0, 4, 16, 102678 },
    { 16, 15, 0, 4, 16, 102708 },
    { 16, 15, 0, 4, 16, 102738 },
    { 16, 15, 0, 4, 16, 102768 },
    { 16, 15, 0, 4, 16, 102798 },
    { 16, 15, 0, 4, 16, 102828 },
    { 16, 15, 0, 4, 16, 102858 },
    { 16, 15, 0, 4, 16, 102888 },
    { 16, 15, 0, 4, 16, 102918 },
    { 16, 15, 0, 4, 16, 102948 },
    { 16, 16, 0, 3, 16, 102978 },
    { 16, 15, 0, 4, 16, 103010 },
    { 16, 15, 0, 4, 16, 103040 },
    { 16, 15, 0, 4, 16, 103070 },
    { 16, 15, 0, 4, 16, 103100 },
    { 16, 16, 0, 3, 16, 103130 },
    { 16, 15, 0, 4, 16, 103162 },
    { 16, 15, 0, 4, 16, 103192 },
    { 16, 15, 0, 4, 16, 103222 },
    { 16, 15, 0, 4, 16, 103252 },
    { 16, 15, 0, 4, 16, 103282 },
    { 16, 15, 0, 4, 16, 103312 },
    { 16, 15, 0, 4, 16, 103342 },
    { 16, 15, 0, 4, 16, 103372 },
    { 16, 16, 0, 3, 16, 103402 },
    { 16, 15, 0, 4, 16, 103434 },
    { 16, 16, 0, 3, 16, 103464 },
    { 16, 15, 0, 4, 16, 103496 },
    { 16, 15, 0, 4, 16, 103526 },
    { 16, 15, 0, 4, 16, 103556 },
    { 16, 15, 0, 4, 16, 103586 },
    { 16, 16, 0, 3, 16, 103616 },
    { 16, 15, 0, 4, 16, 103648 },
    { 16, 16, 0, 3, 16, 103678 },
    { 16, 15, 0, 4, 16, 103710 },
    { 16, 16, 0, 3, 16, 103740 },
    { 16, 15, 0, 4, 16, 103772 },
    { 16, 15, 0, 4, 16, 103802 },
    { 16, 15, 0, 4, 16, 103832 },
    { 16, 15, 0, 4, 16, 103862 },
    { 16, 15, 0, 4, 16, 103892 },
    { 16, 16, 0, 3, 16, 103922 },
    { 16, 15, 0, 4, 16, 103954 },
    { 16, 15, 0, 4, 16, 103984 },
    { 16, 15, 0, 4, 16, 104014 },
    { 16, 14, 0, 5, 16, 104044 },
    { 16, 14, 0, 5, 16, 104072 },
    { 16, 15, 0, 4, 16, 104100 },
    { 16, 15, 0, 4, 16, 104130 },
    { 16, 14, 0, 5, 16, 104160 },
    { 16, 15, 0, 4, 16, 104188 },
    { 16, 15, 0, 4, 16, 104218 },
    { 16, 15, 0, 4, 16, 104248 },
    { 16, 14, 0, 5, 16, 104278 },
    { 16, 15, 0, 4, 16, 104306 },
    { 16, 16, 0, 3, 16, 104336 },
    { 16, 15, 0, 4, 16, 104368 },
    { 16, 15, 0, 4, 16, 104398 },
    { 16, 15, 0, 4, 16, 104428 },
    { 16, 15, 0, 4, 16, 104458 },
    { 16, 16, 0, 4, 16, 104488 },
    { 16, 14, 0, 5, 16, 104520 },
    { 16, 15, 0, 4, 16, 104548 },
    { 16, 15, 0, 4, 16, 104578 },
    { 16, 15, 0, 4, 16, 104608 },
    { 16, 15, 0, 4, 16, 104638 },
    { 16, 15, 0, 4, 16, 104668 },
    { 16, 15, 0, 4, 16, 104698 },
    { 16, 15, 0, 4, 16, 104728 },
    { 16, 15, 0, 4, 16, 104758 },
    { 16, 15, 0, 4, 16, 104788 },
    { 16, 16, 0, 3, 16, 104818 },
    { 16, 15, 0, 4, 16, 104850 },
    { 16, 14, 0, 5, 16, 104880 },
    { 16, 15, 0, 4, 16, 104908 },
    { 16, 15, 0, 4, 16, 104938 },
    { 16, 15, 0, 4, 16, 104968 },
    { 16, 14, 0, 5, 16, 104998 },
    { 16, 15, 0, 4, 16, 105026 },
    { 16, 15, 0, 4, 16, 105056 },
    { 16, 15, 0, 4, 16, 105086 },
    { 16, 16, 0, 3, 16, 105116 },
    { 16, 15, 0, 4, 16, 105148 },
    { 16, 14, 0, 5, 16, 105178 },
    { 16, 16, 0, 3, 16, 105206 },
    { 16, 15, 0, 4, 16, 105238 },
    { 16, 15, 0, 4, 16, 105268 },
    { 16, 15, 0, 4, 16, 105298 },
    { 16, 15, 0, 4, 16, 105328 },
    { 16, 16, 0, 3, 16, 105358 },
    { 16, 15, 0, 4, 16, 105390 },
    { 16, 15, 0, 4, 16, 105420 },
    { 16, 15, 0, 4, 16, 105450 },
    { 16, 15, 0, 4, 16, 105480 },
    { 16, 15, 0, 4, 16, 105510 },
    { 16, 15, 0, 4, 16, 105540 },
    { 16, 15, 0, 4, 16, 105570 },
    { 16, 15, 0, 4, 16, 105600 },
    { 16, 15, 0, 4, 16, 105630 },
    { 16, 14, 0, 4, 16, 105660 },
    { 16, 15, 0, 4, 16, 105688 },
    { 16, 15, 0, 4, 16, 105718 },
    { 16, 15, 0, 4, 16, 105748 },
    { 16, 14, 0, 4, 16, 105778 },
    { 16, 14, 0, 4, 16, 105806 },
    { 16, 15, 0, 4, 16, 105834 },
    { 16, 16, 0, 3, 16, 105864 },
    { 16, 15, 0, 4, 16, 105896 },
    { 16, 16, 0, 3, 16, 105926 },
    { 16, 16, 0, 3, 16, 105958 },
    { 16, 15, 0, 4, 16, 105990 },
    { 16, 15, 0, 4, 16, 106020 },
    { 16, 15, 0, 4, 16, 106050 },
    { 16, 16, 0, 3, 16, 106080 },
    { 16, 15, 0, 4, 16, 106112 },
    { 16, 15, 0, 4, 16, 106142 },
    { 16, 15, 0, 4, 16, 106172 },
    { 16, 16, 0, 3, 16, 106202 },
    { 16, 15, 0, 4, 16, 106234 },
    { 16, 16, 0, 3, 16, 106264 },
    { 16, 15, 0, 4, 16, 106296 },
    { 16, 16, 0, 3, 16, 106326 },
    { 16, 15, 0, 4, 16, 106358 },
    { 16, 15, 0, 4, 16, 106388 },
    { 16, 16, 0, 3, 16, 106418 },
    { 16, 16, 0, 3, 16, 106450 },
    { 16, 16, 0, 3, 16, 106482 },
    { 16, 15, 0, 4, 16, 106514 },
    { 16, 16, 0, 3, 16, 106544 },
    { 16, 16, 0, 3, 16, 106576 },
    { 16, 15, 0, 4, 16, 106608 },
    { 16, 15, 0, 4, 16, 106638 },
    { 16, 16, 0, 3, 16, 106668 },
    { 16, 16, 0, 3, 16, 106700 },
    { 16, 16, 0, 3, 16, 106732 },
    { 16, 15, 0, 4, 16, 106764 },
    { 16, 16, 0, 3, 16, 106794 },
    { 16, 15, 0, 4, 16, 106826 },
    { 16, 16, 0, 3, 16, 106856 },
    { 16, 16, 0, 3, 16, 106888 },
    { 16, 16, 0, 3, 16, 106920 },
    { 16, 15, 0, 4, 16, 106952 },
    { 16, 15, 0, 4, 16, 106982 },
    { 16, 15, 0, 4, 16, 107012 },
    { 16, 15, 0, 4, 16, 107042 },
    { 16, 15, 0, 4, 16, 107072 },
    { 16, 16, 0, 3, 16, 107102 },
    { 16, 15, 0, 4, 16, 107134 },
    { 16, 15, 0, 4, 16, 107164 },
    { 16, 15, 0, 4, 16, 107194 },
    { 16, 15, 0, 4, 16, 107224 },
    { 16, 15, 0, 4, 16, 107254 },
    { 16, 15, 0, 4, 16, 107284 },
    { 16, 16, 0, 3, 16, 107314 },
    { 16, 15, 0, 4, 16, 107346 },
    { 16, 16, 0, 3, 16, 107376 },
    { 16, 16, 0, 3, 16, 107408 },
    { 16, 15, 0, 4, 16, 107440 },
    { 16, 15, 0, 4, 16, 107470 },
    { 16, 15, 0, 4, 16, 107500 },
    { 16, 15, 0, 4, 16, 107530 },
    { 16, 15, 0, 4, 16, 107560 },
    { 16, 15, 0, 4, 16, 107590 },
    { 16, 15, 0, 4, 16, 107620 },
    { 16, 15, 0, 4, 16, 107650 },
    { 16, 16, 0, 3, 16, 107680 },
    { 16, 15, 0, 4, 16, 107712 },
    { 16, 15, 0, 4, 16, 107742 },
    { 16, 15, 0, 4, 16, 107772 },
    { 16, 15, 0, 4, 16, 107802 },
    { 16, 15, 0, 4, 16, 107832 },
    { 16, 15, 0, 4, 16, 107862 },
    { 16, 15, 0, 4, 16, 107892 },
    { 16, 16, 0, 3, 16, 107922 },
    { 16, 15, 0, 4, 16, 107954 },
    { 16, 15, 0, 4, 16, 107984 },
    { 16, 15, 0, 4, 16, 108014 },
    { 16, 16, 0, 3, 16, 108044 },
    { 16, 16, 0, 3, 16, 108076 },
    { 16, 16, 0, 3, 16, 108108 },
    { 16, 15, 0, 4, 16, 108140 },
    { 16, 15, 0, 4, 16, 108170 },
    { 16, 16, 0, 3, 16, 108200 },
    { 16, 16, 0, 3, 16, 108232 },
    { 16, 15, 0, 4, 16, 108264 },
    { 16, 15, 0, 4, 16, 108294 },
    { 16, 15, 0, 4, 16, 108324 },
    { 16, 15, 0, 4, 16, 108354 },
    { 16, 15, 0, 4, 16, 108384 },
    { 16, 15, 0, 4, 16, 108414 },
    { 16, 15, 0, 4, 16, 108444 },
    { 16, 15, 0, 4, 16, 108474 },
    { 16, 15, 0, 4, 16, 108504 },
    { 16, 15, 0, 4, 16, 108534 },
    { 16, 15, 0, 4, 16, 108564 },
    { 16, 15, 0, 4, 16, 108594 },
    { 16, 15, 0, 4, 16, 108624 },
    { 16, 15, 0, 4, 16, 108654 },
    { 16, 15, 0, 4, 16, 108684 },
    { 16, 15, 0, 4, 16, 108714 },
    { 16, 15, 0, 4, 16, 108744 },
    { 16, 15, 0, 4, 16, 108774 },
    { 16, 15, 0, 4, 16, 108804 },
    { 16, 15, 0, 4, 16, 108834 },
    { 16, 15, 0, 4, 16, 108864 },
    { 16, 15, 0, 4, 16, 108894 },
    { 16, 15, 0, 4, 16, 108924 },
    { 16, 15, 0, 4, 16, 108954 },
    { 16, 15, 0, 4, 16, 108984 },
    { 16, 15, 0, 4, 16, 109014 },
    { 16, 14, 0, 5, 16, 109044 },
    { 16, 15, 0, 4, 16, 109072 },
    { 16, 15, 0, 4, 16, 109102 },
    { 16, 15, 0, 4, 16, 109132 },
    { 16, 16, 0, 3, 16, 109162 },
    { 16, 15, 0, 4, 16, 109194 },
    { 16, 15, 0, 4, 16, 109224 },
    { 16, 15, 0, 4, 16, 109254 },
    { 16, 15, 0, 4, 16, 109284 },
    { 16, 15, 0, 4, 16, 109314 },
    { 16, 14, 0, 5, 16, 109344 },
    { 16, 15, 0, 4, 16, 109372 },
    { 16, 15, 0, 4, 16, 109402 },
    { 16, 15, 0, 4, 16, 109432 },
    { 16, 15, 0, 4, 16, 109462 },
    { 16, 15, 0, 4, 16, 109492 },
    { 16, 16, 0, 3, 16, 109522 },
    { 16, 15, 0, 4, 16, 109554 },
    { 16, 15, 0, 4, 16, 109584 },
    { 16, 15, 0, 4, 16, 109614 },
    { 16, 15, 0, 4, 16, 109644 },
    { 16, 16, 0, 3, 16, 109674 },
    { 16, 15, 0, 4, 16, 109706 },
    { 16, 15, 0, 4, 16, 109736 },
    { 16, 15, 0, 4, 16, 109766 },
    { 16, 15, 0, 4, 16, 109796 },
    { 16, 15, 0, 4, 16, 109826 },
    { 16, 16, 0, 3, 16, 109856 },
    { 16, 16, 0, 3, 16, 109888 },
    { 16, 15, 0, 4, 16, 109920 },
    { 16, 16, 0, 3, 16, 109950 },
    { 16, 15, 0, 4, 16, 109982 },
    { 16, 15, 0, 4, 16, 110012 },
    { 16, 16, 0, 3, 16, 110042 },
    { 16, 15, 0, 4, 16, 110074 },
    { 16, 15, 0, 4, 16, 110104 },
    { 16, 15, 0, 4, 16, 110134 },
    { 16, 15, 0, 4, 16, 110164 },
    { 16, 15, 0, 4, 16, 110194 },
    { 16, 15, 0, 4, 16, 110224 },
    { 16, 15, 0, 4, 16, 110254 },
    { 16, 15, 0, 4, 16, 110284 },
    { 16, 15, 0, 4, 16, 110314 },
    { 16, 15, 0, 4, 16, 110344 },
    { 16, 15, 0, 4, 16, 110374 },
    { 16, 15, 0, 4, 16, 110404 },
    { 16, 16, 0, 3, 16, 110434 },
    { 16, 15, 0, 4, 16, 110466 },
    { 16, 15, 0, 4, 16, 110496 },
    { 16, 15, 0, 4, 16, 110526 },
    { 16, 15, 0, 4, 16, 110556 },
    { 16, 14, 0, 5, 16, 110586 },
    { 16, 15, 0, 4, 16, 110614 },
    { 16, 15, 0, 4, 16, 110644 },
    { 16, 15, 0, 4, 16, 110674 },
    { 16, 15, 0, 4, 16, 110704 },
    { 16, 15, 0, 4, 16, 110734 },
    { 16, 15, 0, 4, 16, 110764 },
    { 16, 15, 0, 4, 16, 110794 },
    { 16, 15, 0, 4, 16, 110824 },
    { 16, 15, 0, 4, 16, 110854 },
    { 16, 15, 0, 4, 16, 110884 },
    { 16, 15, 0, 4, 16, 110914 },
    { 16, 15, 0, 4, 16, 110944 },
    { 16, 15, 0, 4, 16, 110974 },
    { 16, 15, 0, 4, 16, 111004 },
    { 16, 15, 0, 4, 16, 111034 },
    { 16, 15, 0, 4, 16, 111064 },
    { 16, 15, 0, 4, 16, 111094 },
    { 16, 15, 0, 4, 16, 111124 },
    { 16, 15, 0, 4, 16, 111154 },
    { 16, 16, 0, 3, 16, 111184 },
    { 16, 15, 0, 4, 16, 111216 },
    { 16, 15, 0, 4, 16, 111246 },
    { 16, 15, 0, 4, 16, 111276 },
    { 16, 15, 0, 4, 16, 111306 },
    { 16, 15, 0, 4, 16, 111336 },
    { 16, 15, 0, 4, 16, 111366 },
    { 16, 15, 0, 4, 16, 111396 },
    { 16, 15, 0, 4, 16, 111426 },
    { 16, 15, 0, 4, 16, 111456 },
    { 16, 15, 0, 4, 16, 111486 },
    { 16, 15, 0, 4, 16, 111516 },
    { 16, 15, 0, 4, 16, 111546 },
    { 16, 16, 0, 3, 16, 111576 },
    { 16, 15, 0, 4, 16, 111608 },
    { 16, 15, 0, 4, 16, 111638 },
    { 16, 15, 0, 4, 16, 111668 },
    { 16, 15, 0, 4, 16, 111698 },
    { 16, 14, 0, 4, 16, 111728 },
    { 16, 16, 0, 3, 16, 111756 },
    { 16, 16, 0, 3, 16, 111788 },
    { 16, 15, 0, 4, 16, 111820 },
    { 16, 15, 0, 4, 16, 111850 },
    { 16, 14, 0, 5, 16, 111880 },
    { 16, 15, 0, 4, 16, 111908 },
    { 16, 14, 0, 5, 16, 111938 },
    { 16, 15, 0, 4, 16, 111966 },
    { 16, 15, 0, 4, 16, 111996 },
    { 16, 14, 0, 5, 16, 112026 },
    { 16, 14, 0, 5, 16, 112054 },
    { 16, 15, 0, 4, 16, 112082 },
    { 16, 15, 0, 4, 16, 112112 },
    { 16, 15, 0, 4, 16, 112142 },
    { 16, 15, 0, 4, 16, 112172 },
    { 16, 15, 0, 4, 16, 112202 },
    { 16, 15, 0, 4, 16, 112232 },
    { 16, 15, 0, 4, 16, 112262 },
    { 16, 14, 0, 5, 16, 112292 },
    { 16, 15, 0, 4, 16, 112320 },
    { 16, 15, 0, 4, 16, 112350 },
    { 16, 15, 0, 4, 16, 112380 },
    { 16, 15, 0, 4, 16, 112410 },
    { 16, 15, 0, 4, 16, 112440 },
    { 16, 15, 0, 4, 16, 112470 },
    { 16, 15, 0, 4, 16, 112500 },
    { 16, 16, 0, 3, 16, 112530 },
    { 16, 16, 0, 3, 16, 112562 },
    { 16, 15, 0, 4, 16, 112594 },
    { 16, 15, 0, 4, 16, 112624 },
    { 16, 15, 0, 4, 16, 112654 },
    { 16, 15, 0, 4, 16, 112684 },
    { 16, 15, 0, 4, 16, 112714 },
    { 16, 14, 0, 5, 16, 112744 },
    { 16, 15, 0, 4, 16, 112772 },
    { 16, 15, 0, 4, 16, 112802 },
    { 16, 15, 0, 4, 16, 112832 },
    { 16, 16, 0, 3, 16, 112862 },
    { 16, 15, 0, 4, 16, 112894 },
    { 16, 15, 0, 4, 16, 112924 },
    { 16, 15, 0, 4, 16, 112954 },
    { 16, 15, 0, 4, 16, 112984 },
    { 16, 16, 0, 3, 16, 113014 },
    { 16, 15, 0, 4, 16, 113046 },
    { 16, 16, 0, 3, 16, 113076 },
    { 16, 15, 0, 4, 16, 113108 },
    { 16, 15, 0, 4, 16, 113138 },
    { 16, 15, 0, 4, 16, 113168 },
    { 16, 15, 0, 4, 16, 113198 },
    { 16, 16, 0, 3, 16, 113228 },
    { 16, 15, 0, 4, 16, 113260 },
    { 16, 15, 0, 4, 16, 113290 },
    { 16, 16, 0, 3, 16, 113320 },
    { 16, 15, 0, 4, 16, 113352 },
    { 16, 15, 0, 4, 16, 113382 },
    { 16, 16, 0, 3, 16, 113412 },
    { 16, 15, 0, 4, 16, 113444 },
    { 16, 14, 0, 5, 16, 113474 },
    { 16, 14, 0, 5, 16, 113502 },
    { 16, 15, 0, 4, 16, 113530 },
    { 16, 15, 0, 4, 16, 113560 },
    { 16, 15, 0, 4, 16, 113590 },
    { 16, 14, 0, 5, 16, 113620 },
    { 16, 15, 0, 4, 16, 113648 },
    { 16, 15, 0, 4, 16, 113678 },
    { 16, 15, 0, 4, 16, 113708 },
    { 16, 15, 0, 4, 16, 113738 },
    { 16, 15, 0, 4, 16, 113768 },
    { 16, 15, 0, 4, 16, 113798 },
    { 16, 15, 0, 4, 16, 113828 },
    { 16, 15, 0, 4, 16, 113858 },
    { 16, 15, 0, 4, 16, 113888 },
    { 16, 16, 0, 3, 16, 113918 },
    { 16, 15, 0, 4, 16, 113950 },
    { 16, 15, 0, 4, 16, 113980 },
    { 16, 15, 0, 4, 16, 114010 },
    { 16, 16, 0, 3, 16, 114040 },
    { 16, 15, 0, 4, 16, 114072 },
    { 16, 15, 0, 4, 16, 114102 },
    { 16, 15, 0, 4, 16, 114132 },
    { 16, 15, 0, 4, 16, 114162 },
    { 16, 15, 0, 4, 16, 114192 },
    { 16, 15, 0, 4, 16, 114222 },
    { 16, 15, 0, 4, 16, 114252 },
    { 16, 15, 0, 4, 16, 114282 },
    { 16, 15, 0, 4, 16, 114312 },
    { 16, 15, 0, 4, 16, 114342 },
    { 16, 16, 0, 3, 16, 114372 },
    { 16, 15, 0, 4, 16, 114404 },
    { 16, 16, 0, 3, 16, 114434 },
    { 16, 16, 0, 3, 16, 114466 },
    { 16, 16, 0, 3, 16, 114498 },
    { 16, 16, 0, 3, 16, 114530 },
    { 16, 15, 0, 3, 16, 114562 },
    { 16, 16, 0, 3, 16, 114592 },
    { 16, 15, 0, 4, 16, 114624 },
    { 16, 15, 0, 4, 16, 114654 },
    { 16, 15, 0, 4, 16, 114684 },
    { 16, 16, 0, 3, 16, 114714 },
    { 16, 15, 0, 4, 16, 114746 },
    { 16, 15, 0, 4, 16, 114776 },
    { 16, 16, 0, 3, 16, 114806 },
    { 16, 16, 0, 3, 16, 114838 },
    { 16, 16, 0, 3, 16, 114870 },
    { 16, 16, 0, 3, 16, 114902 },
    { 16, 16, 0, 3, 16, 114934 },
    { 16, 16, 0, 3, 16, 114966 },
    { 16, 16, 0, 3, 16, 114998 },
    { 16, 15, 0, 4, 16, 115030 },
    { 16, 16, 0, 3, 16, 115060 },
    { 16, 15, 0, 4, 16, 115092 },
    { 16, 16, 0, 3, 16, 115122 },
    { 16, 16, 0, 3, 16, 115154 },
    { 16, 15, 0, 4, 16, 115186 },
    { 16, 16, 0, 3, 16, 115216 },
    { 16, 15, 0, 4, 16, 115248 },
    { 16, 16, 0, 3, 16, 115278 },
    { 16, 15, 0, 4, 16, 115310 },
    { 16, 16, 0, 3, 16, 115340 },
    { 16, 15, 0, 4, 16, 115372 },
    { 16, 15, 0, 4, 16, 115402 },
    { 16, 15, 0, 4, 16, 115432 },
    { 16, 15, 0, 4, 16, 115462 },
    { 16, 15, 0, 4, 16, 115492 },
    { 16, 15, 0, 4, 16, 115522 },
    { 16, 15, 0, 4, 16, 115552 },
    { 16, 15, 0, 4, 16, 115582 },
    { 16, 15, 0, 4, 16, 115612 },
    { 16, 15, 0, 4, 16, 115642 },
    { 16, 15, 0, 4, 16, 115672 },
    { 16, 15, 0, 4, 16, 115702 },
    { 16, 15, 0, 4, 16, 115732 },
    { 16, 15, 0, 4, 16, 115762 },
    { 16, 16, 0, 3, 16, 115792 },
    { 16, 15, 0, 4, 16, 115824 },
    { 16, 15, 0, 4, 16, 115854 },
    { 16, 15, 0, 4, 16, 115884 },
    { 16, 15, 0, 4, 16, 115914 },
    { 16, 16, 0, 3, 16, 115944 },
    { 16, 16, 0, 3, 16, 115976 },
    { 16, 13, 0, 5, 16, 116008 },
    { 16, 12, 0, 5, 16, 116034 },
    { 16, 13, 0, 5, 16, 116058 },
    { 16, 13, 0, 5, 16, 116084 },
    { 16, 15, 0, 4, 16, 116110 },
    { 16, 15, 0, 4, 16, 116140 },
    { 16, 9, 0, 8, 16, 116170 },
    { 16, 6, 0, 14, 16, 116188 },
    { 16, 6, 0, 11, 16, 116200 },
    { 16, 3, 0, 15, 16, 116212 },
    { 16, 15, 0, 4, 16, 116218 },
    { 16, 10, 0, 8, 16, 116248 },
    { 16, 12, 0, 8, 16, 116268 },
    { 16, 8, 0, 9, 16, 116292 },
    { 16, 13, 0, 5, 16, 116308 },
    { 16, 14, 0, 5, 16, 116334 },
    { 16, 4, 0, 17, 16, 116362 },
    { 16, 15, 0, 4, 16, 116370 },
    { 16, 17, 0, 3, 16, 116400 },
    { 16, 15, 0, 4, 16, 116434 },
    { 16, 7, 0, 10, 16, 116464 },
    { 16, 12, 0, 5, 16, 116478 },
};

const moui_font_t moui_font_cn_16 = {
    .px_size       = 16,
    .line_height   = 18,
    .ascii_width   = 0,
    .bpp           = 1,
    .ascii_glyphs  = NULL,
    .cn_count      = 3919,
    .cn_codepoints = moui_font_cn_16_codepoints,
    .cn_glyphs     = moui_font_cn_16_glyphs,
    .bitmap_data   = moui_font_cn_16_bitmaps,
};
